date,ticker,industry,close,return_1d,forward_return_5d,turnover,momentum_20,turnover_shock_5_20,earnings_yield,book_yield,size_inv,pe_ttm,pb,total_mv
2025-07-29,000001.SZ,银行,12.34,-0.009630818619582704,-0.0016012810248198228,0.5219,0.003252032520325132,-0.10774327979603182,0.182368603421235,1.7921146953405016,-16.991349564746116,5.4834,0.558,23946903.0563
2025-07-30,000001.SZ,银行,12.49,0.012155591572123203,0.018806214227309992,0.8839,0.01379870129870131,-0.07760819915132933,0.1801801801801802,1.7705382436260624,-17.003431870407617,5.55,0.5648,24237991.8293
2025-07-31,000001.SZ,银行,12.23,-0.02081665332265814,0.01547231270358318,0.8709,-0.009716599190283337,-0.1382413290153519,0.18400956849756187,1.807991321641656,-16.982395495971232,5.4345,0.5531,23733437.9562
2025-08-01,000001.SZ,银行,12.28,0.004088307440719419,0.008130081300812941,0.5216,-0.025396825396825418,-0.12931444027085404,0.18326094525995565,1.8008283810552854,-16.98647546898736,5.4567,0.5553,23830467.5471
2025-08-04,000001.SZ,银行,12.3,0.0016286644951140072,-0.013632718524458687,0.5322,-0.037558685446009266,-0.14320811386160925,0.18296252927400466,1.7979144192736425,-16.988102808646907,5.4656,0.5562,23869279.3835
2025-08-05,000001.SZ,银行,12.47,0.0138211382113822,-0.010433386837881309,0.5834,-0.01733648542159172,-0.12857500690434753,0.18046958185197884,1.7733640716439085,-17.00182930596191,5.5411,0.5639,24199179.9929
2025-08-06,000001.SZ,银行,12.46,-0.000801924619085792,-0.016840417000801966,0.3558,-0.029595015576323935,-0.25147345173220415,0.1806130005237777,1.774622892635315,-17.001027059629187,5.5367,0.5635,24179774.0747
2025-08-07,000001.SZ,银行,12.47,0.0008025682182986049,-0.016129032258064613,0.3721,-0.0538694992412746,-0.34291826415513704,0.18046958185197884,1.7733640716439085,-17.00182930596191,5.5411,0.5639,24199179.9929
2025-08-08,000001.SZ,银行,12.4,-0.005613472333600655,-0.01788617886178867,0.4276,-0.039504260263361735,-0.33035036377977145,0.18148820326678766,1.7834849295523454,-16.996200018880373,5.51,0.5607,24063338.5655
2025-08-11,000001.SZ,银行,12.3,-0.008064516129032251,-0.020275750202757514,0.4815,-0.05238828967642528,-0.3210979720691315,0.18296252927400466,1.7979144192736425,-16.988102808646907,5.4656,0.5562,23869279.3835
2025-08-12,000001.SZ,银行,12.33,0.0024390243902439046,-0.01631321370309946,0.3504,-0.03142183817753341,-0.36401673640167376,0.1825183887276643,1.793400286944046,-16.990538863445042,5.4789,0.5576,23927497.1381
2025-08-13,000001.SZ,银行,12.26,-0.005677210056772131,-0.0106557377049179,0.5771,-0.030063291139240556,-0.268842120943782,0.18356033628253607,1.8037518037518037,-16.98484547677626,5.4478,0.5544,23791655.7107
2025-08-14,000001.SZ,银行,12.2,-0.004893964110929905,0.005794701986755024,0.6395,-0.030976965845909477,-0.1905524681268389,0.184464407592555,1.8125793003443902,-16.979939498011113,5.4211,0.5517,23675220.2016
2025-08-15,000001.SZ,银行,12.08,-0.00983606557377048,-0.0016556291390728006,1.0041,-0.04881889763779523,-0.030959088925042844,0.18629606170125565,1.8304960644334614,-16.970054738777563,5.3678,0.5463,23442349.1832
2025-08-18,000001.SZ,银行,12.08,0.0,0.03233830845771135,0.6385,-0.04203013481363993,0.012252621619490478,0.18629606170125565,1.8304960644334614,-16.970054738777563,5.3678,0.5463,23442349.1832
2025-08-19,000001.SZ,银行,12.06,-0.0016556291390728006,0.024026512013255896,0.4601,-0.03442754203362686,0.09315154209685628,0.18660546007576181,1.8335166850018336,-16.968397737569763,5.3589,0.5454,23403537.3468
2025-08-20,000001.SZ,银行,12.07,0.0008291873963515162,-0.007407407407407418,0.5404,-0.036711891460494694,0.09603586006560993,0.18644889435805645,1.832172957127153,-16.96922658138025,5.3634,0.5458,23422943.265
2025-08-21,000001.SZ,银行,12.15,0.006628003314001596,0.0016583747927030323,0.6274,-0.0161943319838056,0.12799199834448527,0.18522291577914018,1.8201674554058973,-16.975832716058044,5.3989,0.5494,23578190.6106
2025-08-22,000001.SZ,银行,12.06,-0.007407407407407418,-0.032128514056224744,0.8473,-0.02348178137651813,0.04893126042210594,0.18660546007576181,1.8335166850018336,-16.968397737569763,5.3589,0.5454,23403537.3468
2025-08-25,000001.SZ,银行,12.45,0.03233830845771135,-0.03802588996763745,1.5692,-0.0008025682182987159,0.2633913579957672,0.18004393071909547,1.8214936247723132,-17.000224169180516,5.5542,0.549,24160368.1565
2025-08-26,000001.SZ,银行,12.36,-0.0072289156626506035,-0.0066334991708125735,0.713,0.0016207455429497752,0.3226531240381658,0.18135325801128016,1.8348623853211008,-16.99296899829859,5.5141,0.545,23985714.8927
2025-08-27,000001.SZ,银行,12.06,-0.024271844660194053,-0.027317880794701987,0.9585,-0.03442754203362686,0.4430554067908128,0.1858666964053381,1.88040616773223,-16.968397737569763,5.3802,0.5318,23403537.3468
2025-08-28,000001.SZ,银行,12.08,0.0016583747927030323,-0.025726141078838194,0.8521,-0.0122649223221587,0.51399806923183,0.1855562977807467,1.877581674802854,-16.970054738777563,5.3892,0.5326,23442349.1832
2025-08-29,000001.SZ,银行,12.05,-0.002483443708609201,-0.014297729184188368,0.9302,-0.018729641693810972,0.49267480906956695,0.18601882510510065,1.8821757952192735,-16.967568206207304,5.3758,0.5313,23384131.4286
2025-09-01,000001.SZ,银行,11.89,-0.01327800829875525,-0.0233722871452422,0.9577,-0.033333333333333326,0.2707854730337971,0.18852273584194254,1.9073049780659928,-16.95420125697195,5.3044,0.5243,23073636.7374
2025-09-02,000001.SZ,银行,11.98,0.007569386038688064,0.0,0.7692,-0.039294306335204476,0.26998159426366386,0.1871047412341429,1.8932222642938281,-16.961742138957344,5.3446,0.5282,23248290.0012
2025-09-03,000001.SZ,银行,11.75,-0.019198664440734592,0.0025553662691650825,0.7046,-0.05698234349919751,0.16883603203772402,0.1907705221389191,1.9301293186643504,-16.94235678686257,5.2419,0.5181,22801953.8827
2025-09-04,000001.SZ,银行,11.74,-0.0008510638297871687,0.011092150170648463,0.6675,-0.05854049719326382,0.09519635224485068,0.1909307875894988,1.9316206297083252,-16.94150536067227,5.2375,0.5177,22782547.9645
2025-09-05,000001.SZ,银行,11.72,-0.0017035775127768327,0.0017094017094019254,0.4224,-0.05483870967741933,-0.04249287933273049,0.191255785487511,1.934984520123839,-16.939800330421015,5.2286,0.5168,22743736.1281
2025-09-08,000001.SZ,银行,11.7,-0.0017064846416383617,-0.008510638297872353,0.4764,-0.0487804878048782,-0.17307692307692302,0.19158556211203925,1.938360147315371,-16.938092388075685,5.2196,0.5159,22704924.2917
2025-09-09,000001.SZ,银行,11.75,0.004273504273504258,-0.011045029736618472,0.4434,-0.047039740470397384,-0.26633600475720676,0.1907705221389191,1.9301293186643504,-16.94235678686257,5.2419,0.5181,22801953.8827
2025-09-10,000001.SZ,银行,11.77,0.0017021276595743373,-0.017721518987341645,0.4085,-0.039967373572593834,-0.33883800410116194,0.1904435430116742,1.9267822736030829,-16.944057467540382,5.2509,0.519,22840765.719
2025-09-11,000001.SZ,银行,11.85,0.00679694137638065,-0.026450511945392496,0.4967,-0.02868852459016391,-0.3794798166657464,0.18915749252827904,1.9138755980861246,-16.950831413850047,5.2866,0.5225,22996013.0646
2025-09-12,000001.SZ,银行,11.72,-0.010970464135021007,-0.017167381974249052,0.4846,-0.02980132450331119,-0.3385883144683808,0.191255785487511,1.934984520123839,-16.939800330421015,5.2286,0.5168,22743736.1281
2025-09-15,000001.SZ,银行,11.65,-0.005972696245733822,-0.022336769759450203,0.4331,-0.03559602649006621,-0.3413019626079944,0.19240759625190001,1.9466614755693983,-16.93380972628325,5.1973,0.5137,22607894.7007
2025-09-16,000001.SZ,银行,11.64,-0.0008583690987123971,-0.010309278350515538,0.3649,-0.03482587064676612,-0.35968859523966323,0.19257062527682028,1.9485580670303975,-16.932950988574742,5.1929,0.5132,22588488.7825
2025-09-17,000001.SZ,银行,11.64,0.0,0.004382120946538226,0.3974,-0.03562551781275891,-0.35620115201750957,0.19257062527682028,1.9485580670303975,-16.932950988574742,5.1929,0.5132,22588488.7825
2025-09-18,000001.SZ,银行,11.41,-0.019759450171821347,-0.004366812227074135,0.7143,-0.06090534979423867,-0.29636323561824995,0.19645207551617783,1.9876764062810575,-16.912993710143382,5.0903,0.5031,22142152.6639
2025-09-19,000001.SZ,银行,11.45,0.0035056967572304476,0.0017574692442881013,0.4301,-0.05058043117744615,-0.2906365110885416,0.19576750650926958,1.9805902158843334,-16.91649327627001,5.1081,0.5049,22219776.3367
2025-09-22,000001.SZ,银行,11.38,-0.006113537117903856,-0.01302083333333337,0.3073,-0.08594377510040152,-0.2577879465969376,0.196970592290571,1.9928258270227182,-16.91036097496731,5.0769,0.5018,22083934.9093
2025-09-23,000001.SZ,银行,11.52,0.012302284710017375,-0.010471204188481797,0.6913,-0.06796116504854366,-0.14681533475508401,0.19457902827233278,1.968503937007874,-16.922588201538137,5.1393,0.508,22355617.7641
2025-09-24,000001.SZ,银行,11.46,-0.005208333333333259,0.0,0.5872,-0.04975124378109452,-0.05356663113468352,0.1955951961819818,1.9790223629527015,-16.917366257556445,5.1126,0.5053,22239182.2549
2025-09-25,000001.SZ,银行,11.4,-0.005235602094240899,0.002631578947368318,0.3985,-0.056291390728476776,-0.12879218424399874,0.1966258995634905,1.989258006763477,-16.91211690166976,5.0858,0.5027,22122746.7457
2025-09-26,000001.SZ,银行,11.4,0.0,0.0026385224274407815,0.3882,-0.053941908713692976,-0.09990230762664432,0.1966258995634905,1.989258006763477,-16.91211690166976,5.0858,0.5027,22122746.7457
2025-09-29,000001.SZ,银行,11.37,-0.0026315789473685403,0.020282186948853642,0.606,-0.043734230445752864,0.048392794065701183,0.1971453355413611,1.9948134849391583,-16.90948185403148,5.0724,0.5013,22064528.9911
2025-09-30,000001.SZ,银行,11.34,-0.0026385224274405594,0.0,0.429,-0.05342237061769617,-0.021905515967273748,0.19766752322593398,2.0,-16.906839844568363,5.059,0.5,22006311.2365
2025-10-09,000001.SZ,银行,11.4,0.005291005291005346,0.00962379702537186,0.5398,-0.029787234042553123,-0.024838436603142555,0.1966258995634905,1.989258006763477,-16.91211690166976,5.0858,0.5027,22122746.7457
2025-10-10,000001.SZ,银行,11.43,0.002631578947368318,0.0,0.5606,-0.026405451448040962,0.053728196081296975,0.19610919359899592,1.9841269841269842,-16.9147450240763,5.0992,0.504,22180964.5003
2025-10-13,000001.SZ,银行,11.4,-0.002624671916010457,-0.012964563526361328,0.6023,-0.027303754266211677,0.1220541825484649,0.1966258995634905,1.989258006763477,-16.91211690166976,5.0858,0.5027,22122746.7457
2025-10-14,000001.SZ,银行,11.57,0.014912280701754321,0.002631578947368318,0.9499,-0.011111111111111072,0.20456166752987825,0.19373837569745817,1.9600156801254411,-16.92691908747642,5.1616,0.5102,22452647.3551
2025-10-15,000001.SZ,银行,11.4,-0.014693171996542742,-0.0017331022530329143,0.655,-0.029787234042553123,0.2667094315777381,0.1966258995634905,1.968503937007874,-16.91211690166976,5.0858,0.508,22122746.7457
2025-10-16,000001.SZ,银行,11.54,0.012280701754385781,0.02017543859649118,0.6503,-0.01954120645709434,0.2794085996350535,0.1942388749684362,1.9447685725398678,-16.924322807350524,5.1483,0.5142,22394429.6005
2025-10-17,000001.SZ,银行,11.4,-0.0121317157712304,0.012259194395796813,0.5358,-0.03797468354430378,0.26549563660774234,0.1966258995634905,1.968503937007874,-16.91211690166976,5.0858,0.508,22122746.7457
2025-10-20,000001.SZ,银行,11.42,0.0017543859649122862,0.007874015748031482,0.4909,-0.025597269624573427,0.22323167379494802,0.19628241113313838,1.9654088050314464,-16.913869750497355,5.0947,0.5088,22161558.5821
2025-10-21,000001.SZ,银行,11.43,0.0008756567425569628,-0.004340277777777679,0.3922,-0.018884120171673846,0.019249836310915702,0.19610919359899592,1.9634792852935403,-16.9147450240763,5.0992,0.5093,22180964.5003
2025-10-22,000001.SZ,银行,11.52,0.007874015748031482,-0.020636285468615623,0.4296,-0.010309278350515538,-0.07070669505471505,0.19457902827233278,1.9481784531463082,-16.922588201538137,5.1393,0.5133,22355617.7641
2025-10-23,000001.SZ,银行,11.63,0.00954861111111116,-0.01557093425605538,0.7076,-0.0008591065292096189,-0.07604442476436613,0.19273764551692238,1.9297568506368197,-16.932091512801936,5.1884,0.5182,22569082.8643
2025-10-24,000001.SZ,银行,11.56,-0.006018916595012969,-0.01736111111111105,0.5053,0.013146362839614456,-0.06949497554550566,0.19390366865741102,1.9413706076490003,-16.92605440951498,5.1572,0.5151,22433241.4369
2025-10-27,000001.SZ,银行,11.52,-0.0034602076124568004,-0.0034873583260680574,0.6387,0.006113537117903967,-0.0336089648005059,0.19287147045209072,1.9833399444664817,-16.922588201538137,5.1848,0.5042,22355617.7641
2025-10-28,000001.SZ,银行,11.47,-0.004340277777777679,0.017559262510974394,0.4234,0.00790861159929701,-0.032481934606854,0.19371585758010149,1.9920318725099602,-16.918238477411222,5.1622,0.502,22258588.1731
2025-10-29,000001.SZ,银行,11.39,-0.006974716652136004,0.012302284710017375,0.4979,-0.011284722222222099,0.009410094464971541,0.19507627482345596,2.0060180541624875,-16.911239323728307,5.1262,0.4985,22103340.8275
2025-10-30,000001.SZ,银行,11.38,-0.0008779631255486642,0.016784452296819685,0.4863,-0.006980802792321161,-0.0625407584984341,0.19524767167151533,2.007628990162618,-16.91036097496731,5.1217,0.4981,22083934.9093
2025-10-31,000001.SZ,银行,11.32,-0.005272407732864748,0.01049868766404205,0.5,-0.007017543859649145,-0.07312900407687806,0.19628241113313838,2.0185708518368997,-16.90507461904361,5.0947,0.4954,21967499.4001
2025-11-03,000001.SZ,银行,11.43,0.009717314487632356,0.003451251078516071,0.4907,0.002631578947368318,-0.135069829506009,0.1943936860930757,1.998800719568259,-16.9147450240763,5.1442,0.5003,22180964.5003
2025-11-04,000001.SZ,银行,11.59,0.013998250218722585,0.01302083333333326,0.7745,0.019349164467898028,-0.023286381640881593,0.19170676533174855,1.9712201852946976,-16.928646203622673,5.2163,0.5073,22491459.1915
2025-11-05,000001.SZ,银行,11.52,-0.006039689387402958,0.01476976542137276,0.4096,0.015873015873015817,-0.05302302409166926,0.19287147045209072,1.9833399444664817,-16.922588201538137,5.1848,0.5042,22355617.7641
2025-11-06,000001.SZ,银行,11.51,-0.0008680555555555802,0.01298701298701288,0.395,0.009649122807017463,-0.07357871588737874,0.1930390131845646,1.984914648670107,-16.921719769004092,5.1803,0.5038,22336211.8459
2025-11-07,000001.SZ,银行,11.55,0.0034752389226759828,0.010318142734307756,0.3787,0.01049868766404205,-0.10259581993274525,0.19237058269049498,1.9782393669634029,-16.92518898323846,5.1983,0.5055,22413835.5187
2025-11-10,000001.SZ,银行,11.63,0.006926406926407003,0.0,0.4263,0.02017543859649118,-0.11187684513443297,0.19104751351661156,1.9646365422396856,-16.932091512801936,5.2343,0.509,22569082.8643
2025-11-11,000001.SZ,银行,11.67,0.0034393809114359186,-0.0077054794520547976,0.4568,0.008643042350907404,-0.1931749409444975,0.1903927803057708,1.9577133907595927,-16.93552499257018,5.2523,0.5108,22646706.5371
2025-11-12,000001.SZ,银行,11.68,0.0008568980291345785,0.008547008547008739,0.5881,0.024561403508771784,-0.11771814850113493,0.19022979759549535,1.9561815336463224,-16.93638152367188,5.2568,0.5112,22666112.4553
2025-11-13,000001.SZ,银行,11.7,0.001712328767123239,0.008510638297872353,0.5045,0.013864818024263537,-0.061234661430038195,0.18990466785673593,1.9527436047646944,-16.938092388075685,5.2658,0.5121,22704924.2917
2025-11-14,000001.SZ,银行,11.75,0.004273504273504258,0.0017137960582689349,0.6787,0.030701754385964897,0.04351928293430829,0.1890966851351096,1.9443904335990667,-16.94235678686257,5.2883,0.5143,22801953.8827
2025-11-17,000001.SZ,银行,11.67,-0.006808510638297904,0.0008628127696290733,0.5129,0.02189141856392296,0.07523929075788471,0.1903927803057708,1.9577133907595927,-16.93552499257018,5.2523,0.5108,22646706.5371
2025-11-18,000001.SZ,银行,11.59,-0.006855184233076295,0.0,0.3453,0.013998250218722585,0.03626636715632636,0.19170676533174855,1.9712201852946976,-16.928646203622673,5.2163,0.5073,22491459.1915
2025-11-19,000001.SZ,银行,11.8,0.018119068162208984,-0.013502109704641385,0.6879,0.02430555555555558,0.04890374896716043,0.18829554869322887,1.9364833462432225,-16.946603077740086,5.3108,0.5164,22898983.4736
2025-11-20,000001.SZ,银行,11.85,0.004237288135593209,0.0017108639863132602,0.8436,0.018916595012897552,0.16401433963695689,0.18750117188232426,1.928268414963363,-16.950831413850047,5.3333,0.5186,22996013.0646
2025-11-21,000001.SZ,银行,11.69,-0.013502109704641385,0.0008620689655172153,0.7551,0.011245674740484324,0.16538817861775046,0.19006709368407046,1.954652071931196,-16.937237321755866,5.2613,0.5116,22685518.3735
2025-11-24,000001.SZ,银行,11.6,-0.007698887938408894,-0.009322033898305215,0.5757,0.00694444444444442,0.19563880346659213,0.19154152620288079,1.9696671262556626,-16.92950864438342,5.2208,0.5077,22510865.1097
2025-11-25,000001.SZ,银行,11.8,0.017241379310344973,-0.004277159965782595,0.5298,0.028770706190061057,0.25199771162825035,0.18829554869322887,1.9364833462432225,-16.946603077740086,5.3108,0.5164,22898983.4736
2025-11-26,000001.SZ,银行,11.69,-0.009322033898305215,-0.013663535439795038,0.4232,0.026338893766461702,0.16231057262582804,0.19006709368407046,1.954652071931196,-16.937237321755866,5.2613,0.5116,22685518.3735
2025-11-27,000001.SZ,银行,11.71,0.0017108639863132602,-0.01033591731266148,0.5214,0.02899824253075578,0.039174646687288206,0.18974251940117262,1.9512195121951221,-16.938946723881685,5.2703,0.5125,22724330.2099
2025-11-28,000001.SZ,银行,11.61,-0.008539709649872052,-0.01368691189050475,0.4557,0.025618374558303847,-0.06791277258566997,0.19137657168009492,1.96811651249754,-16.93037034198099,5.2253,0.5081,22530271.0279
2025-12-01,000001.SZ,银行,11.69,0.006890611541774394,-0.010309278350515538,0.5345,0.022747156605424257,-0.08695692441628933,0.19006709368407046,1.954652071931196,-16.937237321755866,5.2613,0.5116,22685518.3735
2025-12-02,000001.SZ,银行,11.64,-0.004277159965782595,-0.010389610389610504,0.3958,0.004314063848144922,-0.10521567197128223,0.19088340841414064,1.9630938358853554,-16.932950988574742,5.2388,0.5094,22588488.7825
2025-12-03,000001.SZ,银行,11.55,-0.0077319587628865705,-0.013925152306353383,0.4868,0.0026041666666667407,-0.0875588330570326,0.19237058269049498,1.9782393669634029,-16.92518898323846,5.1983,0.5055,22413835.5187
2025-12-04,000001.SZ,银行,11.49,-0.0051948051948051965,-0.013876843018213347,0.4566,-0.0017376194613378804,-0.11743421675791377,0.19337497341094118,1.9884668920262476,-16.919980638130788,5.1713,0.5029,22297400.0095
2025-12-05,000001.SZ,银行,11.53,0.003481288076588207,-0.01475694444444442,0.459,-0.0017316017316018062,-0.12285550447935167,0.1927042182953385,1.9817677368212443,-16.923455880551447,5.1893,0.5046,22375023.6823
2025-12-08,000001.SZ,银行,11.52,-0.0008673026886383273,0.006999125109361293,0.4411,-0.009458297506448887,-0.1591457404365172,0.19287147045209072,1.9833399444664817,-16.922588201538137,5.1848,0.5042,22355617.7641
2025-12-09,000001.SZ,银行,11.43,-0.0078125,0.013239187996469504,0.3782,-0.020565552699228773,-0.1595532395804764,0.1943936860930757,1.998800719568259,-16.9147450240763,5.1442,0.5003,22180964.5003
2025-12-10,000001.SZ,银行,11.33,-0.008748906386701671,0.014072119613016687,0.538,-0.02996575342465746,-0.13609152587468398,0.19610919359899592,2.016535591853196,-16.90595762130858,5.0992,0.4959,21986905.3183
2025-12-11,000001.SZ,银行,11.37,0.003530450132391838,0.02555066079295165,0.4768,-0.028205128205128216,-0.12611350882708816,0.1954193699679512,2.009646302250804,-16.90948185403148,5.1172,0.4976,22064528.9911
2025-12-12,000001.SZ,银行,11.35,-0.0017590149516270026,0.009556907037358675,0.6142,-0.03404255319148941,-0.06119866559300591,0.19576367409263537,2.01328769881216,-16.90772129019626,5.1082,0.4967,22025717.1547
2025-12-15,000001.SZ,银行,11.51,0.014096916299559448,0.0034843205574912606,0.4848,-0.01371036846615259,-0.0418609121930118,0.1930390131845646,1.984914648670107,-16.921719769004092,5.1803,0.5038,22336211.8459
2025-12-16,000001.SZ,银行,11.48,-0.0026064291920069316,0.002601908065915204,0.3336,-0.009490940465918807,-0.05794953713504869,0.19354339242858248,1.9904458598726116,-16.91910993716145,5.1668,0.5024,22277994.0913
2025-12-17,000001.SZ,银行,11.53,0.00435540069686402,-0.0085910652920963,0.3615,-0.02288135593220353,-0.09754207483060773,0.1927042182953385,1.9817677368212443,-16.923455880551447,5.1893,0.5046,22375023.6823
2025-12-18,000001.SZ,银行,11.64,0.009540329575021822,-0.005163511187607495,0.4073,-0.017721518987341645,-0.08552201140293503,0.19088340841414064,1.9630938358853554,-16.932950988574742,5.2388,0.5094,22588488.7825
2025-12-19,000001.SZ,银行,11.62,-0.001718213058419349,0.0017361111111111605,0.3349,-0.005988023952095856,-0.16511201120655017,0.19121190102872002,1.966181675186787,-16.931231297695042,5.2298,0.5086,22549676.9461
2025-12-22,000001.SZ,银行,11.52,-0.008605851979345935,0.0,0.3826,-0.006896551724137945,-0.19257303844362117,0.19287147045209072,1.9833399444664817,-16.922588201538137,5.1848,0.5042,22355617.7641
2025-12-23,000001.SZ,银行,11.56,0.003472222222222321,-0.005199306759098632,0.3433,-0.02033898305084747,-0.17112341861755753,0.19220419773967864,1.9766752322593397,-16.92605440951498,5.2028,0.5059,22433241.4369
2025-12-24,000001.SZ,银行,11.54,-0.0017301038062285112,-0.012975778546712835,0.2604,-0.01283147989734823,-0.20221542721975416,0.19253725595902807,1.9798059790140567,-16.924322807350524,5.1938,0.5051,22394429.6005
2025-12-25,000001.SZ,银行,11.56,0.0017331022530331364,-0.0034662045060658286,0.2821,-0.012809564474807855,-0.2389880387317258,0.19220419773967864,1.9766752322593397,-16.92605440951498,5.2028,0.5059,22433241.4369
2025-12-26,000001.SZ,银行,11.54,-0.0017301038062285112,0.009515570934256035,0.2249,-0.006029285099052539,-0.27124103264847976,0.19253725595902807,1.9798059790140567,-16.924322807350524,5.1938,0.5051,22394429.6005
2025-12-29,000001.SZ,银行,11.56,0.0017331022530331364,0.013937282229965264,0.3341,-0.01112061591103497,-0.27723861930965477,0.19220419773967864,1.9766752322593397,-16.92605440951498,5.2028,0.5059,22433241.4369
2025-12-30,000001.SZ,银行,11.48,-0.00692041522491349,0.00876424189307623,0.3002,-0.013745704467354014,-0.29031441446002737,0.19354339242858248,1.9904458598726116,-16.91910993716145,5.1668,0.5024,22277994.0913
2025-12-31,000001.SZ,银行,11.41,-0.0060975609756097615,-0.003478260869565153,0.3044,-0.0121212121212122,-0.25073853329878193,0.19473438230253934,2.002402883460152,-16.912993710143382,5.1352,0.4994,22142152.6639
2026-01-05,000001.SZ,银行,11.5,0.007887817703768674,-0.016281062553556103,0.4512,0.0008703220191470518,-0.16251328994113523,0.19320684725066659,1.986886548778065,-16.920850581639417,5.1758,0.5033,22316805.9277
2026-01-06,000001.SZ,银行,11.67,0.014782608695652177,-0.014604810996563522,0.6723,0.012142237640936804,0.040739852887369254,0.1903927803057708,1.9577133907595927,-16.93552499257018,5.2523,0.5108,22646706.5371
2026-01-07,000001.SZ,银行,11.64,-0.0025706940874035134,-0.013032145960034769,0.4979,0.01041666666666674,0.1154120786200159,0.19088340841414064,1.9630938358853554,-16.932950988574742,5.2388,0.5094,22588488.7825
2026-01-08,000001.SZ,银行,11.51,-0.011168384879725157,-0.01308900523560208,0.5669,0.006999125109361293,0.2202070636610618,0.1930390131845646,1.984914648670107,-16.921719769004092,5.1803,0.5038,22336211.8459
2026-01-09,000001.SZ,银行,11.46,-0.004344048653344812,-0.025261324041811917,0.5068,0.011473962930273585,0.3243409252843912,0.19388487116350311,1.993620414673046,-16.917366257556445,5.1577,0.5016,22239182.2549
2026-01-12,000001.SZ,银行,11.48,0.0017452006980802626,-0.03051438535309514,0.4407,0.009674582233949014,0.32505768684986647,0.19354339242858248,1.9904458598726116,-16.91910993716145,5.1668,0.5024,22277994.0913
2026-01-13,000001.SZ,银行,11.47,-0.0008710801393727596,-0.017605633802816878,0.547,0.010572687224669641,0.27377471413107046,0.19371585758010149,1.9920318725099602,-16.918238477411222,5.1622,0.502,22258588.1731
2026-01-14,000001.SZ,银行,11.36,-0.00959023539668713,-0.021220159151193685,0.6569,-0.013032145960034769,0.32454622974783764,0.19559137050873315,2.011263073209976,-16.90860195956195,5.1127,0.4972,22045123.0729
2026-01-15,000001.SZ,银行,11.31,-0.004401408450704136,-0.010723860589812229,0.456,-0.014808362369338024,0.25184242744316676,0.19645593493379435,2.0202020202020203,-16.90419083639651,5.0902,0.495,21948093.4819
2026-01-16,000001.SZ,银行,11.19,-0.010610079575596898,-0.011690647482014316,0.5769,-0.02948829141370335,0.2531005756540463,0.1985624081648862,2.0420665713702264,-16.893524068595795,5.0362,0.4897,21715222.4636
2026-01-19,000001.SZ,银行,11.12,-0.006255585344057235,-0.017921146953404965,0.4147,-0.04467353951890041,0.23985878282013529,0.1998121765540392,2.054653790836244,-16.88724883509376,5.0047,0.4867,21579381.0362
2026-01-20,000001.SZ,银行,11.16,0.003597122302158251,-0.011743450767841113,0.398,-0.03958691910499135,0.16161674770519752,0.1990961036892508,2.0475020475020473,-16.890839503224854,5.0227,0.4884,21657004.709
2026-01-21,000001.SZ,银行,11.07,-0.008064516129032251,-0.020776874435411097,0.4638,-0.03906249999999989,0.06197620279358529,0.200714543775842,2.063983488132095,-16.88274229299141,4.9822,0.4845,21482351.4452
2026-01-22,000001.SZ,银行,11.07,0.0,-0.0027297543221109777,0.4064,-0.042387543252595195,0.03168371073776477,0.200714543775842,2.063983488132095,-16.88274229299141,4.9822,0.4845,21482351.4452
2026-01-23,000001.SZ,银行,10.99,-0.0072267389340560095,-0.011861313868613221,0.572,-0.04766031195840548,-0.005907507825243519,0.20217540738344586,2.079002079002079,-16.875489314685648,4.9462,0.481,21327104.0996
2026-01-26,000001.SZ,银行,10.96,-0.0027297543221109777,-0.007312614259597838,0.5701,-0.05190311418685123,0.02991069521001566,0.2027287286881424,2.0846362309776945,-16.872755827789707,4.9327,0.4797,21268886.345
2026-01-27,000001.SZ,银行,10.94,-0.0018248175182482562,0.0,0.4607,-0.051993067590987874,0.030738772533083214,0.20309929524544548,2.0885547201336676,-16.870929343263484,4.9237,0.4788,21230074.5086
2026-01-28,000001.SZ,银行,10.84,-0.009140767824497242,0.0009124087591241281,0.7414,-0.06228373702422152,0.09976710014693646,0.20497263615307357,2.1079258010118043,-16.86174654228019,4.8787,0.4744,21036015.3266
2026-01-29,000001.SZ,银行,10.96,0.011070110701107083,0.024007386888273308,0.9549,-0.04529616724738672,0.2380523501266536,0.2027287286881424,2.0846362309776945,-16.872755827789707,4.9327,0.4797,21268886.345
2026-01-30,000001.SZ,银行,10.83,-0.011861313868613221,0.017495395948434744,0.5626,-0.05083260297984227,0.20532737331916606,0.20516187271757416,2.109704641350211,-16.860823607281493,4.8742,0.474,21016609.4084
2026-02-02,000001.SZ,银行,10.86,0.0027700831024930483,0.02121771217712176,0.6303,-0.05565217391304356,0.20757369573641649,0.20459520838021975,2.103934357248054,-16.863589860774674,4.8877,0.4753,21074827.163
2026-02-03,000001.SZ,银行,10.84,-0.0018416206261510082,0.008204193254329972,0.4157,-0.07112253641816624,0.21955404669870937,0.20497263615307357,2.1079258010118043,-16.86174654228019,4.8787,0.4744,21036015.3266
2026-02-04,000001.SZ,银行,10.97,0.011992619926199266,-0.0018034265103696878,0.3584,-0.05756013745704469,0.09227864899721516,0.20254395203759218,2.082899395959175,-16.87366782055707,4.9372,0.4801,21288292.2632
2026-02-05,000001.SZ,银行,11.09,0.010938924339106482,-0.008144796380090469,0.6068,-0.036490008688097264,-0.041424195305444056,0.2003526206122776,2.0601565718994643,-16.884547347633323,4.9912,0.4854,21521163.2816
2026-02-06,000001.SZ,银行,11.05,-0.0036068530207393756,-0.014453477868112019,0.375,-0.035776614310645716,-0.10025168971465737,0.20107777688409875,2.0678246484698097,-16.88093397423444,4.9732,0.4836,21443539.6088
2026-02-09,000001.SZ,银行,11.07,0.0018099547511312153,-0.013562386980108476,0.3193,-0.0357142857142857,-0.20846007876493533,0.200714543775842,2.063983488132095,-16.88274229299141,4.9822,0.4845,21482351.4452
2026-02-10,000001.SZ,银行,11.06,-0.0009033423667569318,-0.018970189701897122,0.3094,-0.03574542284219706,-0.2315963041378435,0.20089599614279688,2.065688907250568,-16.88183854236496,4.9777,0.4841,21462945.527
2026-02-11,000001.SZ,银行,11.07,0.0009041591320071429,-0.008211678832116931,0.2221,-0.02552816901408439,-0.25310509959753424,0.200714543775842,2.063983488132095,-16.88274229299141,4.9822,0.4845,21482351.4452
2026-02-12,000001.SZ,银行,10.96,-0.009936766034326916,-0.0009165902841429263,0.3511,-0.030946065428824054,-0.35037488671006023,0.2027287286881424,2.0846362309776945,-16.872755827789707,4.9327,0.4797,21268886.345
2026-02-13,000001.SZ,银行,10.91,-0.0045620437956205295,-0.005499541704858002,0.286,-0.02502234137622872,-0.368108125325151,0.20365769215103255,2.094240837696335,-16.868183346114343,4.9102,0.4775,21171856.754
2026-02-24,000001.SZ,银行,10.91,0.0,0.0018416206261511192,0.3105,-0.018884892086330818,-0.3648182940576521,0.20365769215103255,2.094240837696335,-16.868183346114343,4.9102,0.4775,21171856.754
2026-02-25,000001.SZ,银行,10.86,-0.004582951420714965,-0.014719411223550916,0.5478,-0.026881720430107614,-0.2741143032236931,0.20459520838021975,2.103934357248054,-16.863589860774674,4.8877,0.4753,21074827.163
2026-02-26,000001.SZ,银行,10.87,0.0009208103130755596,-0.008256880733944927,0.3673,-0.01806684733514008,-0.20463716133990906,0.20440701524876334,2.102165230187093,-16.864510247402098,4.8922,0.4757,21094233.0812
2026-02-27,000001.SZ,银行,10.9,0.002759889604415866,-0.0027649769585252892,0.3155,-0.015356820234869062,-0.21219372850844564,0.20384450740974783,2.0959966464053656,-16.867266335504365,4.9057,0.4771,21152450.8358
2026-03-02,000001.SZ,银行,10.85,-0.004587155963302836,-0.011029411764705954,0.4323,-0.01273885350318471,-0.13610296370879482,0.20478374836173,2.105706464518846,-16.862668626255257,4.8832,0.4749,21055421.2448
2026-03-03,000001.SZ,银行,10.88,0.0027649769585254003,0.00933706816059754,0.5301,-0.007299270072992692,-0.03574726289407726,0.2042191680111095,2.099958000839983,-16.865429787696872,4.8967,0.4762,21113638.9994
2026-03-04,000001.SZ,银行,10.71,-0.015625,0.007400555041628065,0.5615,-0.02102376599634359,-0.04035659926070889,0.20746027135803494,2.1335609131640707,-16.84968143073189,4.8202,0.4687,20783738.3901
2026-03-05,000001.SZ,银行,10.81,0.00933706816059754,0.01109057301293892,0.3672,-0.0027675276752766598,0.0002946576304994064,0.2055413960371619,2.113718030014796,-16.85897517791952,4.8652,0.4731,20977797.572
2026-03-06,000001.SZ,银行,10.82,0.0009250693802034249,0.01579925650557623,0.2456,-0.012773722627737238,0.05327500154045217,0.20535145902211635,2.1114864864864864,-16.859899819686834,4.8697,0.4736,20997203.4902
2026-03-09,000001.SZ,银行,10.76,-0.005545286506469571,0.010175763182238562,0.4307,-0.006463527239150557,0.06987698243679996,0.2064963759886014,2.1235931195582927,-16.854339101001553,4.8427,0.4709,20880767.981
2026-03-10,000001.SZ,银行,10.81,0.004646840148698983,0.012855831037649201,0.4072,-0.004604051565377465,0.03728333011147633,0.2055413960371619,2.113718030014796,-16.85897517791952,4.8652,0.4731,20977797.572
2026-03-11,000001.SZ,银行,10.89,0.007400555041628065,0.001828153564899626,0.3713,0.004612546125461359,-0.05535897136783696,0.2040316657145189,2.09819555182543,-16.86634848321404,4.9012,0.4766,21133044.9176
2025-07-29,000007.SZ,其他商业,7.19,-0.012362637362637319,0.012569832402234526,1.5511,-0.04768211920529797,0.22219622913287917,0.023104826598276382,0.07267336230578045,-12.425594219797636,43.281,13.7602,249096.1436
2025-07-30,000007.SZ,其他商业,7.16,-0.00417246175243402,0.008462623413258097,1.4039,-0.051655629139072845,0.2097994943839201,0.023201640820038793,0.07297831814168011,-12.421413029165633,43.1004,13.7027,248056.7995
2025-07-31,000007.SZ,其他商业,7.09,-0.009776536312849249,0.0014064697609001975,1.5974,-0.05213903743315518,-0.054408239739577424,0.02343072705546053,0.07369848475915336,-12.411588388769523,42.679,13.5688,245631.6632
2025-08-01,000007.SZ,其他商业,7.11,0.0028208744710860323,0.04589707927677322,1.5481,-0.03265306122448974,-0.13912660507876062,0.023364813525423255,0.07349104511615259,-12.414405292089308,42.7994,13.6071,246324.5593
2025-08-04,000007.SZ,其他商业,7.19,0.011251758087201136,0.04551724137931035,1.6228,-0.0055325034578146415,-0.16462192849861146,0.023104826598276382,0.07267336230578045,-12.425594219797636,43.281,13.7602,249096.1436
2025-08-05,000007.SZ,其他商业,7.25,0.008344923504867818,0.04615384615384621,2.109,-0.004120879120879106,-0.10664016462192782,0.022913601972402855,0.07207207207207207,-12.433904517075787,43.6422,13.875,251174.8319
2025-08-06,000007.SZ,其他商业,7.15,-0.013793103448275779,0.050561797752809,2.2734,-0.00694444444444442,-0.03152848040979617,0.023234092778379282,0.07308018357742115,-12.4200154050766,43.0402,13.6836,247710.3515
2025-08-07,000007.SZ,其他商业,7.12,-0.004195804195804231,-0.031914893617021156,1.8307,-0.0028011204481792618,-0.010580588021319448,0.023331995632250416,0.07338803187976105,-12.415810773519576,42.8596,13.6262,246671.0073
2025-08-08,000007.SZ,其他商业,7.52,0.05617977528089879,-0.03298153034300788,6.6006,0.05469845722300137,0.3453738068445247,0.022090904070249075,0.0694844945350445,-12.470469186217011,45.2675,14.3917,260528.9291
2025-08-11,000007.SZ,其他商业,7.58,0.007978723404255428,0.0053475935828875,4.9116,0.06311360448807846,0.540335913551468,0.02191603091913642,0.06893461551718195,-12.478416248046265,45.6287,14.5065,262607.6174
2025-08-12,000007.SZ,其他商业,7.48,-0.01319261213720313,0.017379679144384985,2.165,0.07163323782234965,0.558259574095171,0.022209044855607894,0.0698558175924891,-12.465135840149284,45.0267,14.3152,259143.1369
2025-08-13,000007.SZ,其他商业,7.48,0.0,0.049450549450549275,1.6664,0.05203938115330531,0.5064547749106942,0.022209044855607894,0.0698558175924891,-12.465135840149284,45.0267,14.3152,259143.1369
2025-08-14,000007.SZ,其他商业,7.28,-0.0267379679144385,0.06412005457025916,2.0763,0.02390998593530247,0.502538027282176,0.02281917175534197,0.07177514283253424,-12.438033910290923,43.8228,13.9324,252214.176
2025-08-15,000007.SZ,其他商业,7.33,0.006868131868131844,0.03457446808510656,1.7522,0.032394366197183055,0.07258494550263417,0.022663557226615175,0.07128549126396304,-12.44487856429678,44.1237,14.0281,253946.4163
2025-08-18,000007.SZ,其他商业,7.52,0.02592087312414737,0.0,4.7209,0.04155124653739617,-0.009438925014651378,0.022090904070249075,0.0694844945350445,-12.470469186217011,45.2675,14.3917,260528.9291
2025-08-19,000007.SZ,其他商业,7.61,0.01196808510638303,0.01178010471204205,3.835,0.06732117812061711,0.08631036942113801,0.021829676134924862,0.068662455369404,-12.482366220143485,45.8092,14.564,263646.9615
2025-08-20,000007.SZ,其他商业,7.64,0.003942181340341522,-0.0346153846153846,2.6165,0.0821529745042493,0.13285944889694434,0.021743951919773515,0.06839290355232741,-12.486300651327184,45.9898,14.6214,264686.3056
2025-08-21,000007.SZ,其他商业,7.8,0.020942408376963373,-0.03084832904884316,3.3349,0.048387096774193505,0.2483948304422685,0.02129789363831917,0.06699000509124038,-12.507026781830739,46.953,14.9276,270229.4743
2025-08-22,000007.SZ,其他商业,7.78,-0.002564102564102555,-0.006570302233902869,3.4679,0.06868131868131866,0.3529429474634951,0.021352647514765358,0.06716232462237982,-12.50445938628078,46.8326,14.8893,269536.5782
2025-08-25,000007.SZ,其他商业,7.61,-0.02185089974293053,-0.01293661060802076,3.2801,0.04532967032967039,0.21657426449218065,0.021829676134924862,0.068662455369404,-12.482366220143485,45.8092,14.564,263646.9615
2025-08-26,000007.SZ,其他商业,7.73,0.01576872536136653,-0.0026560424966800555,3.1408,0.07510431154381081,0.13238313957125114,0.02149077186256222,0.06759679861561757,-12.498011910763726,46.5316,14.7936,267804.338
2025-08-27,000007.SZ,其他商业,7.53,-0.02587322121604141,-0.0305039787798409,2.242,0.0516759776536313,0.08929489572401561,0.022061565003298204,0.06939191861715785,-12.471798089898341,45.3277,14.4109,260875.3771
2025-08-28,000007.SZ,其他商业,7.54,0.0013280212483399723,-0.01851851851851849,2.2136,0.06346967559943595,-0.0005260609185512299,0.02203230376377845,0.0693000693000693,-12.473125230320944,45.3879,14.43,261221.8252
2025-08-29,000007.SZ,其他商业,7.56,0.0026525198938991412,-0.017038007863695914,1.7651,0.06329113924050622,-0.12248892837805947,0.021974013531597534,0.06911662047372533,-12.475774238538094,45.5083,14.4683,261914.7213
2025-09-01,000007.SZ,其他商业,7.63,0.0092592592592593,0.014647137150466172,2.3242,0.06119610570236422,-0.19859685698708296,0.021454945686804994,0.06909417536101706,-12.484990893611494,46.6093,14.473,264339.8576
2025-09-02,000007.SZ,其他商业,7.51,-0.01572739187418093,0.039671682626539084,3.0839,0.035862068965517135,-0.21560982848547505,0.021797747420781537,0.07019809903547812,-12.469138513816135,45.8763,14.2454,260182.481
2025-09-03,000007.SZ,其他商业,7.31,-0.026631158455392878,0.028301886792452935,1.8474,0.022377622377622197,-0.2367435469324043,0.022394109453449364,0.07211885186787827,-12.442146322113041,44.6546,13.866,253253.5202
2025-09-04,000007.SZ,其他商业,7.42,0.015047879616963078,0.017333333333333423,2.6628,0.042134831460674205,-0.21728702736018446,0.02206214907394129,0.07104947174717756,-12.457082105201769,45.3265,14.0747,257064.4486
2025-09-05,000007.SZ,其他商业,7.5,0.010781671159029615,-0.006561679790026198,1.9433,-0.0026595744680850686,-0.1381201419076149,0.021826817300808467,0.070291851768543,-12.467806068751468,45.8152,14.2264,259836.033
2025-09-08,000007.SZ,其他商业,7.62,0.016000000000000014,-0.007894736842105177,1.9871,0.005277044854881341,-0.11563268579233921,0.02148306168001839,0.06918452203872949,-12.483679417801696,46.5483,14.4541,263993.4095
2025-09-09,000007.SZ,其他商业,7.6,-0.002624671916010568,-0.013106159895150626,1.2766,0.016042780748662944,-0.24139196283935438,0.02153960810837008,0.06936688840948661,-12.481051295349571,46.4261,14.4161,263300.5134
2025-09-10,000007.SZ,其他商业,7.63,0.003947368421052699,-0.023591087811271283,1.4641,0.020053475935828846,-0.2684271681816489,0.021454945686804994,0.06909417536101706,-12.484990893611494,46.6093,14.473,264339.8576
2025-09-11,000007.SZ,其他商业,7.63,0.0,-0.044914134742404244,1.6617,0.04807692307692313,-0.3415421937135643,0.021454945686804994,0.06909417536101706,-12.484990893611494,46.6093,14.473,264339.8576
2025-09-12,000007.SZ,其他商业,7.57,-0.007863695937090354,-0.05305039787798416,1.4705,0.032742155525238736,-0.3754271093240945,0.02162498810625654,0.06964176277229929,-12.477096115628058,46.2428,14.3592,262261.1693
2025-09-15,000007.SZ,其他商业,7.54,-0.003963011889035695,-0.06374501992031878,1.3893,0.0026595744680850686,-0.3820298339814666,0.021711000529748413,0.0699188242450515,-12.473125230320944,46.0596,14.3023,261221.8252
2025-09-16,000007.SZ,其他商业,7.53,-0.0013262599469495706,-0.07114093959731549,1.8747,-0.010512483574244391,-0.30202790449868466,0.021739839342587258,0.07001134183737766,-12.471798089898341,45.9985,14.2834,260875.3771
2025-09-17,000007.SZ,其他商业,7.45,-0.010624169986719778,-0.03596127247579539,1.8686,-0.024869109947643908,-0.25371907915825787,0.02197328926956392,0.07076339551077018,-12.461117080678159,45.5098,14.1316,258103.7928
2025-09-18,000007.SZ,其他商业,7.23,-0.029530201342281792,-0.03221288515406151,2.6159,-0.07307692307692304,-0.15382426639987512,0.022641902463212567,0.07291659071188468,-12.431142084331968,44.1659,13.7143,250481.9358
2025-09-19,000007.SZ,其他商业,7.14,-0.012448132780083054,-0.015602836879432536,2.8912,-0.0822622107969152,-0.010327210490455263,0.022927313537890823,0.07383561239256918,-12.418615824496014,43.6161,13.5436,247363.9034
2025-09-22,000007.SZ,其他商业,7.05,-0.012605042016806678,0.040462427745664886,2.2103,-0.07358738501971096,0.09323660783486054,0.023220011935086136,0.07477809600011964,-12.405930664951496,43.0663,13.3729,244245.871
2025-09-23,000007.SZ,其他商业,6.92,-0.018439716312056764,0.045911047345767564,2.3502,-0.10478654592496772,0.16047396244759082,0.02365620904518809,0.07618293045260278,-12.387318817638567,42.2722,13.1263,239742.0464
2025-09-24,000007.SZ,其他商业,6.97,0.007225433526011571,0.0680173661360346,1.8103,-0.07436918990703856,0.16705149493500504,0.023486528127466086,0.07563667168389922,-12.394518273114155,42.5776,13.2211,241474.2867
2025-09-25,000007.SZ,其他商业,6.91,-0.008608321377331363,0.05619596541786742,1.2797,-0.08355437665782495,0.06008261076152244,0.023690451089879203,0.07629336324033172,-12.385872685972073,42.2111,13.1073,239395.5984
2025-09-26,000007.SZ,其他商业,6.94,0.004341534008683201,0.005555555555555536,1.3558,-0.08201058201058187,-0.084902305449151,0.023588076698990195,0.07596359824372162,-12.390204822578188,42.3943,13.1642,240434.9425
2025-09-29,000007.SZ,其他商业,7.2,0.03746397694524495,-0.00137174211248281,3.0523,-0.056356487549148016,-0.017520582007547025,0.02273626388617317,0.07322037869579862,-12.426984074311392,43.9826,13.6574,249442.5917
2025-09-30,000007.SZ,其他商业,7.29,0.012499999999999956,-0.01897018970189701,2.7015,-0.02929427430093201,0.027323340039734356,0.02245556044587761,0.07231651492251286,-12.439406594324797,44.5324,13.8281,252560.6241
2025-10-09,000007.SZ,其他商业,7.38,0.012345679012345734,-0.019099590723055893,3.1754,0.009575923392612928,0.1271280393164933,0.02218170364356664,0.07143469440237735,-12.451676686931098,45.0822,13.9988,255678.6565
2025-10-10,000007.SZ,其他商业,7.33,-0.006775067750677488,-0.027624309392265234,2.3784,-0.01212938005390829,0.24282268769214554,0.0223330437481994,0.07192174913693901,-12.44487856429678,44.7767,13.904,253946.4163
2025-10-13,000007.SZ,其他商业,7.24,-0.012278308321964526,-0.012362637362637319,2.6144,-0.03466666666666662,0.3442116442985421,0.022610622470436614,0.07281571071774447,-12.432524254782248,44.227,13.7333,250828.3839
2025-10-14,000007.SZ,其他商业,7.28,0.005524861878453136,0.01933701657458564,2.2116,-0.044619422572178435,0.2562319188524098,0.022486412585195396,0.07241601552599372,-12.438033910290923,44.4713,13.8091,252214.176
2025-10-15,000007.SZ,其他商业,7.24,-0.005494505494505475,0.025034770514603677,1.2615,-0.047368421052631504,0.1183503292712802,0.022610622470436614,0.07281571071774447,-12.432524254782248,44.227,13.7333,250828.3839
2025-10-16,000007.SZ,其他商业,7.19,-0.006906077348066253,0.04971590909090895,1.3702,-0.05766710353866311,-0.05293487549195419,0.022767892717689513,0.07332238385734396,-12.425594219797636,43.9215,13.6384,249096.1436
2025-10-17,000007.SZ,其他商业,7.04,-0.020862308762169768,0.02642559109874809,1.4592,-0.07732634338138922,-0.13723422268450214,0.023253001962553366,0.07488449067313668,-12.404511218477555,43.0052,13.3539,243899.423
2025-10-20,000007.SZ,其他商业,7.19,0.02130681818181812,-0.009485094850948506,1.4635,-0.05019815059445176,-0.24846373445589587,0.022767892717689513,0.07332238385734396,-12.425594219797636,43.9215,13.6384,249096.1436
2025-10-21,000007.SZ,其他商业,7.38,0.02642559109874809,0.004070556309362372,1.5704,-0.021220159151193685,-0.31352206787409886,0.02218170364356664,0.07143469440237735,-12.451676686931098,45.0822,13.9988,255678.6565
2025-10-22,000007.SZ,其他商业,7.37,-0.0013550135501354532,0.08119079837618415,1.2037,-0.021248339973439556,-0.30790493608624014,0.02221180735255247,0.07153126989463443,-12.450320754300787,45.0211,13.9799,255332.2084
2025-10-23,000007.SZ,其他商业,7.39,0.0027137042062415073,0.11246612466124684,1.7409,-0.008053691275167862,-0.2693165407550766,0.02215168142337844,0.07133787042189217,-12.45303078310682,45.1433,14.0178,256025.1045
2025-10-24,000007.SZ,其他商业,7.38,-0.0013531799729363803,0.1354309165526677,1.5186,0.020746887966804906,-0.24308225073260115,0.02218170364356664,0.07143469440237735,-12.451676686931098,45.0822,13.9988,255678.6565
2025-10-27,000007.SZ,其他商业,7.31,-0.009485094850948506,0.16216216216216206,1.5249,0.023809523809523725,-0.20962648485862478,0.022394109453449364,0.07211885186787827,-12.442146322113041,44.6546,13.866,253253.5202
2025-10-28,000007.SZ,其他商业,7.4,0.012311901504788114,0.07384230287859816,1.4304,0.04964539007092217,-0.208121068825738,0.022121789298805643,0.07124130856035564,-12.454383048575352,45.2043,14.0368,256371.5526
2025-10-29,000007.SZ,其他商业,7.99,0.07972972972972969,0.08038976857490843,6.1501,0.15462427745664753,0.19835824077843012,0.020488234631262998,0.06598090512605652,-12.53109380814634,48.8085,15.1559,276811.9872
2025-10-30,000007.SZ,其他商业,8.21,0.027534418022528317,0.07951807228915664,7.8465,0.17790530846484942,0.5616901646621151,0.019939225241464017,0.06421287853491896,-12.558255971589162,50.1524,15.5732,284433.8441
2025-10-31,000007.SZ,其他商业,8.3,0.010962241169305775,0.12441860465116283,4.6573,0.20115774240231565,0.7053185654591156,0.01970548186800086,0.06352675111489448,-12.569158562942203,50.7473,15.7414,287551.8765
2025-11-03,000007.SZ,其他商业,8.6,0.036144578313252795,0.14102564102564097,5.4528,0.239193083573487,0.864579910776218,0.01901809571807575,0.06131095074891326,-12.604665251334414,52.5815,16.3103,297945.3178
2025-11-04,000007.SZ,其他商业,8.58,-0.0023255813953487747,0.03269447576099216,4.1603,0.19166666666666665,1.0229873540925647,0.019062433281483514,0.06145374990781937,-12.602336961870554,52.4592,16.2724,297252.4218
2025-11-05,000007.SZ,其他商业,8.87,0.0337995337995336,0.0714285714285714,3.8298,0.21673525377229064,0.8201855843310841,0.01843919582979147,0.05944455012364467,-12.635577844439576,54.2323,16.8224,307299.415
2025-11-06,000007.SZ,其他商业,8.96,0.010146561443066693,-0.008273009307135482,5.6446,0.21409214092140938,0.5965815586384735,0.018253971151423992,0.05884741453884224,-12.645673275118728,54.7826,16.9931,310417.4474
2025-11-07,000007.SZ,其他商业,9.67,0.0792410714285714,0.0,7.3244,0.3192360163710777,0.6395970519173553,0.016913719732898538,0.054526518972502276,-12.72193135753113,59.1236,18.3397,335015.2585
2025-11-10,000007.SZ,其他商业,9.79,0.012409513960703222,0.0807860262008735,9.1533,0.3522099447513811,0.6970947107391439,0.016706400054796993,0.05385841699340773,-12.734264504822383,59.8573,18.5672,339172.6351
2025-11-11,000007.SZ,其他商业,9.16,-0.06435137895812049,0.007291666666666696,9.2118,0.2582417582417582,0.8038735889563471,0.01785542108439543,0.057562570514148884,-12.667749226882638,56.0054,17.3724,317346.4083
2025-11-12,000007.SZ,其他商业,9.6,0.048034934497816595,0.014598540145985384,7.2451,0.3259668508287292,0.8380281522383868,0.01703705218108342,0.05492423202192575,-12.714666146562726,58.6956,18.2069,332590.1222
2025-11-13,000007.SZ,其他商业,9.59,-0.0010416666666666075,0.021450459652706977,3.3921,0.33379694019471473,0.6900128751321533,0.01705480561785297,0.05498160865190594,-12.713623937116589,58.6345,18.1879,332243.6742
2025-11-14,000007.SZ,其他商业,9.79,0.02085505735140769,-0.04040404040404044,3.7879,0.3906249999999998,0.48525848050695064,0.016706400054796993,0.05385841699340773,-12.734264504822383,59.8573,18.5672,339172.6351
2025-11-17,000007.SZ,其他商业,9.9,0.011235955056179803,-0.028955532574974074,3.6047,0.3769123783031989,0.20471953441474589,0.01652076081407701,0.053259763846207106,-12.745437805466372,60.5299,18.7759,342983.5636
2025-11-18,000007.SZ,其他商业,9.67,-0.02323232323232327,-0.02672147995888996,3.2304,0.3102981029810299,-0.07674335791274745,0.016913719732898538,0.054526518972502276,-12.72193135753113,59.1236,18.3397,335015.2585
2025-11-19,000007.SZ,其他商业,9.73,0.006204756980351611,-0.03200000000000003,2.7998,0.3202170963364994,-0.28222509409779784,0.016809406543901968,0.05419055566995785,-12.728116944371518,59.4905,18.4534,337093.9468
2025-11-20,000007.SZ,其他商业,10.0,0.027749229188078095,0.030526315789473513,5.2016,0.3531799729364007,-0.23329875347856865,0.016355556718617367,0.0527273206612006,-12.75548814120325,61.1413,18.9655,346448.044
2025-11-21,000007.SZ,其他商业,9.5,-0.050000000000000044,0.052183173588924436,5.0829,0.2872628726287263,-0.20900380916642092,0.01721638586741317,0.055502519814399576,-12.704194846815698,58.0842,18.0172,329125.6418
2025-11-24,000007.SZ,其他商业,9.39,-0.011578947368421022,0.14783526927138313,3.4714,0.2845417236662109,-0.22919206990451624,0.017418052417886947,0.05615264535112249,-12.692548341380192,57.4117,17.8086,325314.7133
2025-11-25,000007.SZ,其他商业,9.47,0.008519701810436597,0.11466942148760317,2.4609,0.27972972972972965,-0.2665308361867055,0.017270918536531447,0.05567835726574723,-12.701031955504726,57.9008,17.9603,328086.2977
2025-11-26,000007.SZ,其他商业,9.68,0.022175290390707314,0.07252298263534218,2.9371,0.2115143929912391,-0.23761551604213949,0.016896230113137158,0.05447038445197346,-12.722964949521543,59.1848,18.3586,335361.7066
2025-11-27,000007.SZ,其他商业,9.79,0.011363636363636243,0.027327935222672073,2.3219,0.19244823386114462,-0.31455479145541587,0.016706400054796993,0.05385841699340773,-12.734264504822383,59.8573,18.5672,339172.6351
2025-11-28,000007.SZ,其他商业,9.88,0.009193054136874546,-0.0846366145354186,4.9514,0.19036144578313263,-0.32219238706670505,0.01655420841086221,0.05336777333639309,-12.743415560050781,60.4076,18.7379,342290.6675
2025-12-01,000007.SZ,其他商业,10.87,0.10020242914979738,-0.08341056533827607,4.8328,0.2639534883720931,-0.26021457204984566,0.015046508758572748,0.048507191191094076,-12.83890974926797,66.4606,20.6155,376589.0238
2025-12-02,000007.SZ,其他商业,10.79,-0.007359705611775569,-0.0323809523809524,6.689,0.25757575757575757,-0.10542136748002806,0.015158083654432072,0.048866779386037784,-12.831522827543449,65.9714,20.4638,373817.4395
2025-12-03,000007.SZ,其他商业,10.5,-0.02687673772011112,0.009852216748768461,4.9004,0.18376550169109374,-0.035233883157664514,0.015576736455638233,0.050216432825477816,-12.804278305372682,64.1983,19.9138,363770.4462
2025-12-04,000007.SZ,其他商业,10.15,-0.033333333333333326,0.01407035175879412,3.2416,0.1328125,0.027340216296868336,0.016113854047155582,0.05194805194805195,-12.770376753810751,62.0584,19.25,351644.7647
2025-12-05,000007.SZ,其他商业,9.95,-0.019704433497537033,0.0667340748230536,2.6081,0.028955532574974185,-0.022349716101760175,0.0164377436895502,0.05299220484666706,-12.750475599437724,60.8356,18.8707,344715.8038
2025-12-08,000007.SZ,其他商业,9.89,-0.0060301507537686705,0.14271653543307083,5.3981,0.010214504596527174,0.04555162586272021,0.016537481374661604,0.05331371388662305,-12.744427193797128,60.4687,18.7569,342637.1155
2025-12-09,000007.SZ,其他商业,10.16,0.027300303336703635,0.1707317073170731,3.7333,0.10917030567685582,-0.028873923104633437,0.016098004652323344,0.051896829103741764,-12.771361490348175,62.1195,19.269,351991.2127
2025-12-10,000007.SZ,其他商业,10.25,0.008858267716535417,0.1417244796828543,3.0984,0.06770833333333348,-0.06979077431254976,0.015956648976061836,0.05144112306259871,-12.780180753793621,62.6698,19.4397,355109.2451
2025-12-11,000007.SZ,其他商业,10.09,-0.01560975609756099,0.09004739336492884,2.6342,0.05213764337851923,-0.0921922066248495,0.016209662255477243,0.05225697891953471,-12.764447882586165,61.6916,19.1362,349566.0764
2025-12-12,000007.SZ,其他商业,10.55,0.04558969276511404,0.012058570198105079,5.6483,0.07763023493360599,0.04062207104201465,0.015502890513936324,0.049978509241026356,-12.80902890807656,64.5041,20.0086,365502.6864
2025-12-15,000007.SZ,其他商业,11.61,0.10047393364928903,-0.019166666666666665,9.9613,0.17272727272727262,0.1772134516548145,0.014087483271113616,0.045415323130024075,-12.904769843958782,70.985,22.019,402226.1791
2025-12-16,000007.SZ,其他商业,12.0,0.033591731266150004,0.02604166666666674,11.2712,0.24095139607032068,0.39906074083289256,0.013629641744866736,0.04393943388433383,-12.937809697997203,73.3695,22.7586,415737.6528
2025-12-17,000007.SZ,其他商业,11.52,-0.040000000000000036,0.026086956521739202,6.7514,0.18396711202466598,0.49251661345764663,0.01419752735863522,0.04577015145343116,-12.896987703507016,70.4348,21.8483,399108.1467
2025-12-18,000007.SZ,其他商业,11.5,-0.0017361111111110494,-0.016170212765957426,3.2338,0.1499999999999999,0.5485442755506551,0.014222222222222223,0.04584989660848315,-12.895250083578407,70.3125,21.8103,398415.2506
2025-12-19,000007.SZ,其他商业,11.75,0.021739130434782705,-0.03228547153780792,3.8625,0.23684210526315796,0.49266172448676726,0.013919628067538036,0.04487423994256097,-12.916756288799371,71.841,22.2845,407076.4517
2025-12-22,000007.SZ,其他商业,11.77,0.0017021276595743373,-0.03891708967851104,3.293,0.25346112886048977,0.21122428425417805,0.01389597197460372,0.04479805038884708,-12.918456969510817,71.9633,22.3224,407769.3478
2025-12-23,000007.SZ,其他商业,11.82,0.004248088360238045,-0.015254237288135686,2.6319,0.24815205913410776,-0.15861008067047022,0.013837191603592133,0.04460860410756026,-12.92269606016762,72.269,22.4172,409501.588
2025-12-24,000007.SZ,其他商业,11.8,-0.0016920473773265332,-0.01038062283737029,2.7676,0.21900826446280997,-0.32692033055455494,0.013860647818957763,0.0446841500851233,-12.9210025796319,72.1467,22.3793,408808.6919
2025-12-25,000007.SZ,其他商业,11.56,-0.02033898305084747,0.0114135206321333,3.1392,0.18079673135852925,-0.33673050001320703,0.014148414033528912,0.04561190653208114,-12.900453911543323,70.6793,21.9241,400493.9389
2025-12-26,000007.SZ,其他商业,11.39,-0.014705882352941124,0.022007042253521236,2.8276,0.15283400809716596,-0.36624670219630207,0.014359584089006446,0.04629265289305934,-12.885638825627748,69.6399,21.6017,394604.3221
2025-12-29,000007.SZ,其他商业,11.36,-0.0026338893766463256,-0.0103270223752151,2.1346,0.04507819687212522,-0.3987943290045699,0.014397500593896898,0.04641491218298615,-12.883001461542863,69.4565,21.5448,393564.978
2025-12-30,000007.SZ,其他商业,11.62,0.022887323943661997,0.06293706293706292,2.9794,0.07692307692307687,-0.35675525657863405,0.014075348153736582,0.04537637433693773,-12.905630799563415,71.0462,22.0379,402572.6271
2025-12-31,000007.SZ,其他商业,11.44,-0.015490533562822706,0.05729166666666674,2.3252,0.08952380952380956,-0.3581092808654943,0.014296824961112637,0.046090170810173026,-12.890019034070024,69.9456,21.6966,396336.5623
2026-01-05,000007.SZ,其他商业,11.52,0.006993006993007089,0.02239448751076667,2.3882,0.13497536945812794,-0.3878140899509357,0.01419752735863522,0.04577015145343116,-12.896987703507016,70.4348,21.8483,399108.1467
2026-01-06,000007.SZ,其他商业,11.61,0.0078125,0.01565217391304352,3.3516,0.16683417085427132,-0.3681470152509624,0.014087483271113616,0.045415323130024075,-12.904769843958782,70.985,22.019,402226.1791
2026-01-07,000007.SZ,其他商业,11.5,-0.009474590869939625,-0.052631578947368474,2.4634,0.16279069767441845,-0.3287724498453962,0.014222222222222223,0.04584989660848315,-12.895250083578407,70.3125,21.8103,398415.2506
2026-01-08,000007.SZ,其他商业,12.16,0.05739130434782602,-0.07471264367816088,4.8208,0.1968503937007875,-0.24743698488421673,0.013450297117063316,0.04336118566826091,-12.95105492473773,74.3478,23.0621,421280.8215
2026-01-09,000007.SZ,其他商业,12.18,0.00164473684210531,-0.048020219039595524,4.4144,0.1882926829268292,-0.15857736346134343,0.013428208099626561,0.04329004329004329,-12.952698310509913,74.4701,23.1,421973.7176
2026-01-12,000007.SZ,其他商业,11.87,-0.02545155993431858,-0.02825342465753422,4.7877,0.17641228939544096,-0.06703459368324038,0.013778906423312805,0.04442055605652071,-12.926917256762692,72.5747,22.5121,411233.8282
2026-01-13,000007.SZ,其他商业,11.68,-0.01600673967986521,-0.04687499999999989,3.2764,0.10710900473933638,-0.04390840965056131,0.014003052665481075,0.04514326214240893,-12.910781025629054,71.413,22.1517,404651.3154
2026-01-14,000007.SZ,其他商业,11.52,-0.013698630136986356,0.0008873114463177068,2.5828,-0.007751937984496138,0.056116181757094985,0.01419752735863522,0.04577015145343116,-12.896987703507016,70.4348,21.8483,399108.1467
2026-01-15,000007.SZ,其他商业,11.27,-0.02170138888888884,0.003539823008849474,2.4841,-0.060833333333333406,0.055114890341513956,0.014512482185928117,0.04678559565081103,-12.875047376291622,68.9062,21.3741,390446.9456
2026-01-16,000007.SZ,其他商业,11.3,0.0026619343389531203,0.016740088105726914,2.3042,-0.0190972222222221,-0.005278048088882548,0.014473958453949652,0.04666137837711726,-12.87770577387641,69.0896,21.431,391486.2897
2026-01-19,000007.SZ,其他商业,11.35,0.004424778761061843,0.06739526411657559,1.9729,-0.013043478260869601,-0.16981293425975408,0.014410177043435156,0.046455665036072825,-12.88212079203489,69.3954,21.5259,393218.5299
2026-01-20,000007.SZ,其他商业,10.98,-0.032599118942731264,0.01684397163120588,1.9986,-0.06553191489361698,-0.23027436396826817,0.014895781663590688,0.04802128303264006,-12.848978484259042,67.1331,20.8241,380399.9523
2026-01-21,000007.SZ,其他商业,11.28,0.027322404371584508,-0.014991181657848296,2.0627,-0.041631265930331396,-0.24991293168125917,0.01449960416080641,0.04674404364023914,-12.875934294197231,68.9674,21.3931,390793.3936
2026-01-22,000007.SZ,其他商业,11.34,0.005319148936170359,-0.07105719237434993,1.4924,-0.040609137055837574,-0.3049220663982267,0.014422896636868963,0.04649670570840055,-12.88123934651899,69.3342,21.5069,392872.0819
2026-01-23,000007.SZ,其他商业,11.54,0.017636684303350858,-0.07167235494880542,3.1348,-0.022033898305084842,-0.25105635657961756,0.014172938191816545,0.04569089197759319,-12.898722309349187,70.557,21.8862,399801.0428
2026-01-26,000007.SZ,其他商业,11.72,0.015597920277296451,-0.04184829991281602,2.4231,0.01384083044982698,-0.20948903421793563,0.013955253873978475,0.044989112634742395,-12.91419983243688,71.6576,22.2276,406037.1076
2026-01-27,000007.SZ,其他商业,11.47,-0.021331058020477855,0.0026857654431511335,2.8133,0.0070237050043897575,-0.1513130975296475,0.01425941584877034,0.045969825406603104,-12.892637979431012,70.1291,21.7534,397375.9065
2026-01-28,000007.SZ,其他商业,11.17,-0.026155187445510042,0.04477611940298498,2.374,-0.016725352112676006,-0.13285385296722774,0.014642403228357064,0.04720432391607071,-12.866134661166276,68.2948,21.1845,386982.4651
2026-01-29,000007.SZ,其他商业,10.72,-0.040286481647269445,0.028492647058823373,2.4747,-0.07745266781411353,-0.05479816892571865,0.015257043032489875,0.049185972160739756,-12.825014203938021,65.5435,20.331,371392.3032
2026-01-30,000007.SZ,其他商业,10.88,0.014925373134328401,0.07552320291173786,2.1003,-0.04895104895104885,-0.1252467677906116,0.015032688581320081,0.048462526351498704,-12.839829289711282,66.5217,20.6345,376935.4719
2026-02-02,000007.SZ,其他商业,10.99,0.010110294117646967,0.09821428571428581,2.2055,-0.04600694444444442,-0.1380413664951916,0.01488221471166453,0.04797750814418201,-12.849888816740297,67.1943,20.8431,380746.4004
2026-02-03,000007.SZ,其他商业,11.2,0.019108280254777066,0.0848214285714286,1.8243,-0.03531438415159349,-0.18691215025254404,0.014603187583785789,0.047077876222847835,-12.868816826561796,68.4782,21.2414,388021.8093
2026-02-04,000007.SZ,其他商业,11.2,0.0,0.0813226094727435,1.1395,-0.026086956521739202,-0.2602051758989494,0.014603187583785789,0.047077876222847835,-12.868816826561796,68.4782,21.2414,388021.8093
2026-02-05,000007.SZ,其他商业,11.19,-0.0008928571428571397,0.03384094754653133,1.3892,-0.07976973684210531,-0.29681716945928227,0.01461622898368975,0.04712002412545235,-12.867923570440176,68.4171,21.2224,387675.3612
2026-02-06,000007.SZ,其他商业,11.82,0.05630026809651478,0.008943089430894169,4.8125,-0.029556650246305383,-0.08396270114595294,0.013837191603592133,0.04460860410756026,-12.92269606016762,72.269,22.4172,409501.588
2026-02-09,000007.SZ,其他商业,12.3,0.040609137055837685,0.04526748971193406,3.6242,0.03622577927548454,0.05504903123356586,0.01329720040742622,0.042867676057545566,-12.962502310540641,75.2038,23.3276,426131.0941
2026-02-10,000007.SZ,其他商业,12.15,-0.012195121951219523,0.04214876033057857,2.789,0.04023972602739723,0.1461498559438026,0.013461359839648282,0.043396938779938464,-12.950232218090788,74.2867,23.0431,420934.3735
2026-02-11,000007.SZ,其他商业,12.1,-0.004115226337448652,0.07692307692307687,1.5798,0.05034722222222232,0.20808270796674821,0.013516984090509726,0.0435762126170566,-12.946108500716479,73.981,22.9483,419202.1332
2026-02-12,000007.SZ,其他商业,12.22,0.009917355371900971,0.09750201450443186,1.8297,0.08429458740017748,0.2631606203082557,0.013384264922786175,0.04314827040158096,-12.955977002028238,74.7146,23.1759,423359.5098
2026-02-13,000007.SZ,其他商业,12.41,0.015548281505728179,0.06299212598425208,2.2503,0.09823008849557513,0.043231052390539926,0.013179345856347766,0.04248774228635038,-12.971405647416416,75.8763,23.5362,429942.0226
2026-02-24,000007.SZ,其他商业,12.7,0.023368251410152974,-0.0007930214115781098,2.3761,0.11894273127753308,-0.07269456461215584,0.01287839957552795,0.04151754946816019,-12.994505041719204,77.6494,24.0862,439989.0159
2026-02-25,000007.SZ,其他商业,12.61,-0.007086614173228312,0.0007598784194529085,2.4284,0.14845173041894344,-0.11176093608749693,0.012970303193807459,0.04181388639167067,-12.987393198222655,77.0992,23.9155,436870.9835
2026-02-26,000007.SZ,其他商业,13.16,0.04361617763679626,-0.027900146842878004,3.1697,0.16666666666666674,-0.0002902709471954701,0.012428242435239536,0.04006634987539365,-13.030084974097601,80.4619,24.9586,455925.6259
2026-02-27,000007.SZ,其他商业,13.62,0.03495440729483268,-0.017037037037037073,2.4314,0.20105820105820094,0.029566929293997513,0.012008492405829402,0.0387131740931439,-13.06444234887123,83.2744,25.831,471862.2359
2026-03-02,000007.SZ,其他商业,13.5,-0.008810572687224627,0.050000000000000044,2.569,0.16984402079722716,0.0677804295942721,0.01211523527181136,0.039057312700656946,-13.055592733653587,82.5407,25.6034,467704.8594
2026-03-03,000007.SZ,其他商业,12.6,-0.06666666666666665,0.06985573272589218,3.7762,0.07508532423208192,0.15096352670591373,0.012980606973182067,0.041846957307734155,-12.986599862075003,77.038,23.8966,436524.5354
2026-03-04,000007.SZ,其他商业,13.17,0.0452380952380953,0.06873111782477337,2.6711,0.14821272885789005,0.1737371750219312,0.01241879659377247,0.04003587214143873,-13.030844563859192,80.5231,24.9776,456272.0739
2026-03-05,000007.SZ,其他商业,13.24,0.005315110098709219,0.05350414468726461,1.5522,0.18531781557743954,0.061365784161443226,0.012353136646691645,0.03982429520953553,-13.03614559881399,80.9511,25.1103,458697.2103
2026-03-06,000007.SZ,其他商业,13.27,0.0022658610271901747,0.034769463340891926,1.6275,0.237873134328358,0.013253464988711494,0.012325213072120984,0.039734257287262785,-13.038408896579421,81.1345,25.1672,459736.5544
2026-03-09,000007.SZ,其他商业,13.23,-0.0030143180105500766,-0.0014194464158977516,2.1333,0.21599264705882337,-0.02361407172019303,0.012362482831601969,0.03985429270586735,-13.035390026309887,80.8899,25.0914,458350.7622
2026-03-10,000007.SZ,其他商业,14.09,0.06500377928949352,0.030388692579505383,3.4501,0.28207461328480443,-0.07459406962275006,0.011607917063754162,0.03742178846211418,-13.098368374127986,86.1481,26.7224,488145.294
2026-03-11,000007.SZ,其他商业,14.15,0.004258339247693366,0.06723891273247484,1.834,0.2633928571428572,-0.14251151048283328,0.011558702604984806,0.03726309984274972,-13.102617672380045,86.5149,26.8362,490223.9823
2025-07-29,000009.SZ,电气设备,9.21,-0.012861736334405016,-0.0010928961748634114,1.2323,0.008762322015334112,0.4192801614240349,0.011384348115150404,0.42540519845152514,-14.680700003037295,87.8399,2.3507,2375456.0618
2025-07-30,000009.SZ,电气设备,9.15,-0.006514657980456029,0.0,1.0305,0.0021905805038333614,0.42308939008960955,0.011459006549968143,0.42819217264708404,-14.674164032053367,87.2676,2.3354,2359980.778
2025-07-31,000009.SZ,电气设备,9.1,-0.005464480874317057,-0.004381161007667167,1.0444,0.008869179600886845,0.40110817668686227,0.0115219718241701,0.43055196762249204,-14.668684566299452,86.7907,2.3226,2347084.7082
2025-08-01,000009.SZ,电气设备,9.13,0.003296703296703507,-0.02051835853131745,0.9433,0.021252796420581754,0.3413279852342972,0.011484101983419254,0.4291292966570828,-14.671975847343113,87.0769,2.3303,2354822.35
2025-08-04,000009.SZ,电气设备,9.26,0.014238773274917849,0.004376367614879584,1.0051,0.0416197975253092,0.06693734615677438,0.011322886837936653,0.4231013327691982,-14.68611420141762,88.3167,2.3635,2388352.1316
2025-08-05,000009.SZ,电气设备,9.14,-0.01295896328293733,0.01098901098901095,0.7511,0.026966292134831482,-0.021333510984477777,0.01147154712167411,0.4286694101508916,-14.67307053821716,87.1722,2.3328,2357401.564
2025-08-06,000009.SZ,电气设备,9.1,-0.004376367614879806,0.0033003300330032292,0.6101,0.03762827822120873,-0.0972189824534121,0.0115219718241701,0.43055196762249204,-14.668684566299452,86.7907,2.3226,2347084.7082
2025-08-07,000009.SZ,电气设备,9.09,-0.001098901098901095,-0.01433296582138932,0.5649,0.030612244897959107,-0.19603255710202372,0.011534637362535958,0.43101590448687555,-14.667585060951131,86.6954,2.3201,2344505.4942
2025-08-08,000009.SZ,电气设备,9.07,-0.002200220022002153,-0.0010893246187363426,0.5622,0.022547914317925688,-0.24489884143178287,0.011560078885978318,0.4319654427645788,-14.665382416901625,86.5046,2.315,2339347.0663
2025-08-11,000009.SZ,电气设备,9.18,0.012127894156560126,0.01739130434782621,0.772,0.03378378378378377,-0.2996584538053403,0.011421561852897135,0.42680324370465217,-14.677437357400414,87.5537,2.343,2367718.4199
2025-08-12,000009.SZ,电气设备,9.2,0.002178649237472685,0.02083333333333348,0.7841,0.05504587155963292,-0.2991897686345234,0.011396725720700442,0.4258762403645501,-14.67961363681034,87.7445,2.3481,2372876.8478
2025-08-13,000009.SZ,电气设备,9.12,-0.008695652173913104,0.06375838926174504,0.8801,0.04707233065442007,-0.25555984999634396,0.011496697573621978,0.42960862654122095,-14.670879956850087,86.9815,2.3277,2352243.1361
2025-08-14,000009.SZ,电气设备,8.94,-0.019736842105263164,0.03598691384950925,1.0625,0.017064846416382284,-0.17649265649002022,0.011728169185877409,0.4382505039880796,-14.65094574193643,85.2648,2.2818,2305817.2847
2025-08-15,000009.SZ,电气设备,9.17,0.02572706935123037,0.017094017094017033,1.1786,0.0420454545454545,-0.08059284885892326,0.011434007482414497,0.4272591326639607,-14.676347439021605,87.4584,2.3405,2365139.2059
2025-08-18,000009.SZ,电气设备,9.36,0.02071973827699014,0.03007518796992481,1.7333,0.06484641638225264,0.06190823701122916,0.011201908805260417,0.41858518208455425,-14.696855443228277,89.2705,2.389,2414144.2712
2025-08-19,000009.SZ,电气设备,9.31,-0.005341880341880212,0.00525762355415349,1.0365,0.03790412486064665,0.13485424221846554,0.011262072942194033,0.42083999663328003,-14.691499244038074,88.7936,2.3762,2401248.2014
2025-08-20,000009.SZ,电气设备,9.51,0.021482277121374738,-0.00736842105263158,1.2689,0.06734006734006726,0.19603277767461358,0.011025224611388397,0.41198038973344875,-14.712754029306529,90.7011,2.4273,2452832.4807
2025-08-21,000009.SZ,电气设备,9.5,-0.001051524710830698,-0.007352941176470673,1.1544,0.052048726467331274,0.20955043115517302,0.011036833223516843,0.41242215531818366,-14.711701951382246,90.6057,2.4247,2450253.2668
2025-08-22,000009.SZ,电气设备,9.52,0.00210526315789461,0.021897810218978186,0.9008,0.050772626931567144,0.17366434266784814,0.011013640393627509,0.411556506708371,-14.713805001566763,90.7965,2.4298,2455411.6947
2025-08-25,000009.SZ,电气设备,9.59,0.007352941176470562,0.01882845188284521,1.2649,0.027867095391211016,0.13761375126390307,0.010933251406836125,0.4085467990358295,-14.721131041636541,91.4641,2.4477,2473466.1924
2025-08-26,000009.SZ,电气设备,9.56,-0.0031282586027110426,0.04559915164369022,0.7816,0.03800217155266017,0.11139047973801453,0.010967557963543838,0.4098360655737705,-14.717997879802432,91.178,2.44,2465728.5505
2025-08-27,000009.SZ,电气设备,9.43,-0.013598326359832713,0.035978835978836,1.2731,0.030601092896174853,0.09847281050894385,0.011118758346017983,0.4123031252576895,-14.704306249402766,89.9381,2.4254,2432198.769
2025-08-28,000009.SZ,电气设备,9.45,0.0021208907741250282,-0.004081632653061273,1.171,0.038461538461538325,0.09478386679188766,0.011095232600456237,0.41142104830083104,-14.70642489425074,90.1288,2.4306,2437357.1969
2025-08-29,000009.SZ,电气设备,9.8,0.0370370370370372,0.05749486652977409,2.7644,0.07338444687842283,0.34853807691592786,0.008728341711086652,0.39732994278448824,-14.742792538431871,114.5693,2.5168,2527629.6857
2025-09-01,000009.SZ,电气设备,9.74,-0.00612244897959191,0.1348884381338742,1.6432,0.05183585313174954,0.3779950085072008,0.008782113995352505,0.39977612536979296,-14.736651270405808,113.8678,2.5014,2512154.4019
2025-09-02,000009.SZ,电气设备,9.86,0.012320328542094305,0.14402451481103173,2.38,0.07877461706783362,0.5524202702361836,0.008675231433486566,0.39491351394044705,-14.74889632137382,115.2707,2.5322,2543104.9695
2025-09-03,000009.SZ,电气设备,9.79,-0.007099391480730244,0.125,1.7157,0.07582417582417578,0.5545913981086443,0.00873725671108688,0.39772501292606294,-14.741771609283903,114.4524,2.5143,2525050.4717
2025-09-04,000009.SZ,电气设备,9.76,-0.003064351378958108,0.06504854368932045,2.298,0.07370737073707367,0.6227122323504337,0.008764118995702076,0.39896269698783166,-14.738702553164456,114.1016,2.5065,2517312.8298
2025-09-05,000009.SZ,电气设备,10.3,0.05532786885245922,0.016979445933869686,3.7325,0.13561190738699014,0.5800185262253483,0.008304640799371505,0.3780432481475881,-14.792554048009755,120.4146,2.6452,2656590.384
2025-09-08,000009.SZ,电气设备,11.19,0.08640776699029118,-0.02589285714285705,5.4332,0.21895424836601296,0.8062501451092381,0.007644126177004328,0.3479713271626418,-14.87543067506705,130.8194,2.8738,2886140.4268
2025-09-09,000009.SZ,电气设备,11.2,0.0008936550491509543,-0.013661202185792365,3.9913,0.21739130434782616,0.8235662701784199,0.007637301496987467,0.34765679321373943,-14.876323931056394,130.9363,2.8764,2888719.6408
2025-09-10,000009.SZ,电气设备,10.98,-0.019642857142857073,-0.026435733819507812,2.719,0.20394736842105288,0.8402699548640733,0.007790327996179624,0.3546225043441257,-14.856485588847322,128.3643,2.8199,2831976.9336
2025-09-11,000009.SZ,电气设备,10.97,-0.0009107468123861207,-0.0852372583479789,2.1058,0.22706935123042515,0.7739566223221905,0.007797429031699668,0.35494977460689314,-14.855574427040716,128.2474,2.8173,2829397.7196
2025-09-12,000009.SZ,电气设备,11.38,0.037374658158614515,-0.05041246562786439,5.2293,0.2410032715376227,0.7470810751419941,0.007516502481197469,0.3421610894409088,-14.89226758146375,133.0406,2.9226,2935145.4922
2025-09-15,000009.SZ,电气设备,10.91,-0.04130052724077338,-0.05724838411819011,3.3241,0.16559829059829068,0.5042532968734101,0.007840308594546281,0.3569006745422749,-14.850089952594994,127.546,2.8019,2813922.4358
2025-09-16,000009.SZ,电气设备,10.83,-0.007332722273143966,-0.0365168539325843,2.047,0.16326530612244894,0.30727019250734133,0.007898226611178992,0.35954409808362997,-14.842730213770034,126.6107,2.7813,2793288.7241
2025-09-17,000009.SZ,电气设备,10.68,-0.013850415512465353,0.08741594620557147,1.7511,0.12302839116719233,0.21285056333420016,0.008009156067216042,0.364590928977687,-14.828782986280133,124.8571,2.7428,2754600.5146
2025-09-18,000009.SZ,电气设备,10.41,-0.0252808988764045,0.16602316602316614,2.0622,0.09578947368421065,0.18660086193767222,0.00821688635881828,0.37404151860856555,-14.803177035395258,121.7006,2.6735,2684961.7376
2025-09-19,000009.SZ,电气设备,10.36,-0.004803073967339144,0.14495592556317316,1.3417,0.08823529411764697,-0.14123653095814526,0.008256540625069664,0.3758550702848981,-14.798362389571713,121.1161,2.6606,2672065.6677
2025-09-22,000009.SZ,电气设备,10.21,-0.014478764478764394,0.16812439261418866,1.1036,0.06465067778936406,-0.32015764982258255,0.008377840611582366,0.3813737080965638,-14.78377778494521,119.3625,2.6221,2633377.4583
2025-09-23,000009.SZ,电气设备,10.29,0.007835455435847072,0.10070671378091878,1.737,0.07635983263598312,-0.35808217858347124,0.008312710883084214,0.3784008778900367,-14.791582702606956,120.2977,2.6427,2654011.17
2025-09-24,000009.SZ,电气设备,11.32,0.10009718172983484,0.01738410596026485,3.8154,0.20042417815482505,-0.23156276556129507,0.007556340071573653,0.3439735828288387,-14.886981225537232,132.3392,2.9072,2919670.2084
2025-09-25,000009.SZ,电气设备,12.08,0.06713780918727918,0.03934987168520121,8.4749,0.2783068783068785,0.10425779377704503,0.00708093938574267,0.32233109850438374,-14.951961345255594,141.2242,3.1024,3115690.4697
2025-09-26,000009.SZ,电气设备,11.69,-0.03228476821192061,-0.01081530782029938,4.211,0.19285714285714262,0.26591399960730433,0.007317173112608367,0.33308906801678767,-14.919143928244297,136.6648,3.0022,3015101.1251
2025-09-29,000009.SZ,电气设备,12.02,0.028229255774165907,-0.0834670947030498,5.4361,0.2340862422997947,0.4589309016174976,0.0071162879734021625,0.3239390994493035,-14.94698208185273,140.5227,3.087,3100215.1859
2025-09-30,000009.SZ,电气设备,12.46,0.03660565723793696,-0.056143205858421474,5.3124,0.26369168356997985,0.6066791172928585,0.006864991700225035,0.3125,-14.982933666117763,145.6666,3.2,3213700.6004
2025-10-09,000009.SZ,电气设备,12.29,-0.013643659711075617,-0.05679012345679013,3.717,0.2553626149131767,0.5550051114935584,0.006959949665644017,0.31682666413205335,-14.96919607633802,143.6792,3.1563,3169853.963
2025-10-10,000009.SZ,电气设备,12.15,-0.011391375101708623,-0.0916736753574432,3.3065,0.24487704918032782,0.24108164869705617,0.00704014643504585,0.3204820049354229,-14.95773932254988,142.0425,3.1203,3133744.9675
2025-10-13,000009.SZ,电气设备,11.89,-0.02139917695473248,-0.049036777583187474,2.6894,0.15436893203883484,0.17243868897547565,0.007194094511697237,0.32748231595493843,-14.936107863462926,139.0029,3.0536,3066685.4044
2025-10-14,000009.SZ,电气设备,11.42,-0.03952901597981506,-0.05689655172413799,2.7693,0.020554066130473725,0.060084206951913854,0.00749017102307497,0.3409594599202155,-14.895776356973023,133.5083,2.9329,2945462.348
2025-10-15,000009.SZ,电气设备,11.6,0.015761821366024442,-0.06369982547993025,2.071,0.03571428571428581,-0.10749143717477383,0.007373946078756694,0.3356718472021752,-14.911415250867664,135.6126,2.9791,2991888.1994
2025-10-16,000009.SZ,电气设备,11.46,-0.012068965517241237,0.019444444444444375,1.3865,0.04371584699453557,-0.23478157433015134,0.007464028978346106,0.33977778532839525,-14.899272864045322,133.9759,2.9431,2955779.2039
2025-10-17,000009.SZ,电气设备,10.8,-0.05759162303664922,0.010128913443830712,2.0828,-0.015496809480401108,-0.3111449654993166,0.00792016473942658,0.36054225555235075,-14.839956286885519,126.26,2.7736,2785551.0822
2025-10-20,000009.SZ,电气设备,10.86,0.005555555555555536,-0.00457038391224851,1.3009,-0.04569420035149396,-0.3586575886846658,0.007876409680422554,0.35855145213338113,-14.845496467264704,126.9614,2.789,2801026.366
2025-10-21,000009.SZ,电气设备,10.94,0.007366482504604033,0.006523765144454741,1.6514,0.00274977085242889,-0.4169893181755774,0.007818810024027203,0.3559225512528474,-14.852835949745636,127.8967,2.8096,2821660.0777
2025-10-22,000009.SZ,电气设备,10.73,-0.019195612431444187,0.019073569482289,1.0123,-0.009233610341643494,-0.4804420565238282,0.00797183073890102,0.3628842036506151,-14.833453709381692,125.4417,2.7557,2767496.5844
2025-10-23,000009.SZ,电气设备,11.01,0.026095060577819185,0.018231540565177617,2.8346,0.030898876404494402,-0.39076754235544264,0.007769096244341184,0.3536568114301882,-14.859214103502259,128.7151,2.8276,2839714.5755
2025-10-24,000009.SZ,电气设备,10.97,-0.0036330608537692433,0.052341597796143224,1.7507,0.053794428434198016,-0.41039746916187536,0.007797429031699668,0.35494977460689314,-14.855574427040716,128.2474,2.8173,2829397.7196
2025-10-27,000009.SZ,电气设备,10.89,-0.007292616226071136,0.03611111111111098,1.6898,0.05115830115830122,-0.38725609484410295,0.007854706775941347,0.35755148741418763,-14.848255089705555,127.3122,2.7968,2808764.0079
2025-10-28,000009.SZ,电气设备,10.8,-0.008264462809917328,-0.028520499108734443,1.4039,0.057786483839373126,-0.4072722746871852,0.00792016473942658,0.36054225555235075,-14.839956286885519,126.26,2.7736,2785551.0822
2025-10-29,000009.SZ,电气设备,11.22,0.03888888888888897,-0.01790510295434189,1.9814,0.09037900874635585,-0.343915595451744,0.007623688630259488,0.34704147145583897,-14.878108052839528,131.1701,2.8815,2893878.0687
2025-10-30,000009.SZ,电气设备,11.17,-0.004456327985739805,-0.04450261780104725,2.0094,-0.013250883392226132,-0.38097748693758937,0.007657812193687512,0.34858995363753614,-14.87364176583472,130.5856,2.8687,2880981.9989
2025-10-31,000009.SZ,电气设备,11.46,0.025962399283796067,0.0,3.2253,-0.05132450331125826,-0.20451682718738007,0.002384422851640972,0.3409594599202155,-14.899272864045322,419.3887,2.9329,2955779.2039
2025-11-03,000009.SZ,电气设备,11.19,-0.023560209424083878,0.032110091743119185,2.0822,-0.042771599657827175,-0.13887944577765543,0.0024419559285561838,0.3491863956980236,-14.87543067506705,409.5078,2.8638,2886140.4268
2025-11-04,000009.SZ,电气设备,10.9,-0.025915996425379784,0.03190519598906105,1.473,-0.09317803660565716,-0.0582428775644922,0.002506925381366024,0.35848718408316904,-14.849172942008227,398.895,2.7895,2811343.2219
2025-11-05,000009.SZ,电气设备,10.97,0.006422018348623881,0.005479452054794498,1.9036,-0.1195826645264848,0.010226494414397491,0.00249092866055044,0.3561887800534283,-14.855574427040716,401.4567,2.8075,2829397.7196
2025-11-06,000009.SZ,电气设备,10.95,-0.001823154056517895,0.01787310098302064,1.2606,-0.10903173311635472,-0.0026526529036268176,0.0024954781935133535,0.35684973057845343,-14.853749609026707,400.7248,2.8023,2824239.2917
2025-11-07,000009.SZ,电气设备,11.19,0.021917808219177992,-0.007111111111111068,2.2302,-0.07901234567901239,-0.07755815122022858,0.0024419559285561838,0.3491863956980236,-14.87543067506705,409.5078,2.8638,2886140.4268
2025-11-10,000009.SZ,电气设备,11.25,0.00536193029490617,0.009717314487632356,2.0714,-0.05382674516400343,-0.06376226423987241,0.0024289318820627267,0.3473307630856865,-14.880778281397157,411.7036,2.8791,2901615.7106
2025-11-11,000009.SZ,电气设备,11.32,0.006222222222222351,0.006357856494096259,1.6913,-0.008756567425569184,-0.013038803846702973,0.0024139120510455496,0.3451846738004833,-14.886981225537232,414.2653,2.897,2919670.2084
2025-11-12,000009.SZ,电气设备,11.01,-0.02738515901060079,-0.03160667251975424,1.8864,-0.05086206896551726,-0.00996812690744342,0.0024818785636673826,0.3548993860240622,-14.859214103502259,402.9206,2.8177,2839714.5755
2025-11-13,000009.SZ,电气设备,11.39,0.03451407811080842,-0.0214861235452104,2.9365,-0.00610820244328103,0.12437073941529775,0.0023990768352338022,0.34306494219355727,-14.893145930202522,416.827,2.9149,2937724.7061
2025-11-14,000009.SZ,电气设备,11.17,-0.019315188762072055,-0.12335958005249348,1.8234,0.03425925925925921,0.08942574630478073,0.0024463281714993475,0.34982159098859583,-14.87364176583472,408.7759,2.8586,2880981.9989
2025-11-17,000009.SZ,电气设备,11.43,0.02327663384064449,-0.10559566787003605,3.6869,0.05248618784530379,0.18455434522944647,0.0023906807439511594,0.3418569670449884,-14.89665163056376,418.2909,2.9252,2948041.562
2025-11-18,000009.SZ,电气设备,11.08,-0.03062117235345574,-0.08612873980054392,3.1091,0.012797074954296273,0.2783319861157336,0.0024661988945016834,0.3526590492312033,-14.865551834067483,405.4823,2.8356,2857769.0732
2025-11-19,000009.SZ,电气设备,11.03,-0.004512635379061436,-0.0951509606587373,2.194,0.02795899347623476,0.27185231605991156,0.002477378438136764,0.3542581833640357,-14.861028986022513,403.6525,2.8228,2844873.0034
2025-11-20,000009.SZ,电气设备,10.93,-0.00906618313689933,0.009980039920159722,2.0494,-0.0072661217075385975,0.21179975741017731,0.00250004437578767,0.35750035750035747,-14.85192145492783,399.9929,2.7972,2819080.8637
2025-11-21,000009.SZ,电气设备,10.02,-0.0832570905763953,0.021190716448032276,2.6466,-0.08659981768459446,0.262709205986013,0.002727093978658308,0.389969972312132,-14.764993248400454,366.6907,2.5643,2584372.3929
2025-11-24,000009.SZ,电气设备,9.91,-0.010978043912175606,0.015873015873015817,1.4576,-0.08999081726354452,0.06271943453719886,0.002757364852587139,0.3942906710827222,-14.753954501091373,362.6651,2.5362,2556001.0393
2025-11-25,000009.SZ,电气设备,10.08,0.017154389505549927,0.022244691607684386,1.2907,-0.06666666666666676,-0.10360157176404927,0.0027108616636449595,0.387641973872931,-14.770963415390876,368.8864,2.5797,2599847.6767
2025-11-26,000009.SZ,电气设备,9.89,-0.018849206349206282,-0.006916996047430679,1.2266,-0.11853832442067735,-0.17916798803432576,0.002762940785758256,0.39508514084785273,-14.751934298395845,361.9332,2.5311,2550842.6114
2025-11-27,000009.SZ,电气设备,10.12,0.02325581395348819,-0.011857707509881354,1.6886,-0.09400179051029545,-0.2073049168443295,0.002700146320929131,0.3861152940267964,-14.774923816622326,370.3503,2.5899,2610164.5326
2025-11-28,000009.SZ,电气设备,10.12,0.0,0.0009765625,0.9448,-0.11692844677137881,-0.33338545226200356,0.002700146320929131,0.3861152940267964,-14.774923816622326,370.3503,2.5899,2610164.5326
2025-12-01,000009.SZ,电气设备,10.24,0.011857707509881577,0.027695351137487778,1.8215,-0.08489722966934754,-0.292022278522144,0.002668504020635008,0.3815920018316416,-14.786711772381851,374.7418,2.6206,2641115.1002
2025-12-02,000009.SZ,电气设备,10.11,-0.012695312500000111,0.020895522388059584,0.9857,-0.07247706422018352,-0.3145130818997093,0.0027028173898189733,0.3864883667001623,-14.773935185781973,369.9843,2.5874,2607585.3186
2025-12-03,000009.SZ,电气设备,10.05,-0.0059347181008900796,0.028999999999999915,0.8864,-0.08386508659981773,-0.33202596093191195,0.002718953964030958,0.38880248833592534,-14.767982787250785,367.7885,2.572,2592110.0348
2025-12-04,000009.SZ,电气设备,10.0,-0.004975124378109541,-0.0029268292682925745,0.6314,-0.08675799086757985,-0.4342445348041386,0.002732548782143996,0.39074710847139726,-14.76299524574939,365.9587,2.5592,2579213.965
2025-12-05,000009.SZ,电气设备,10.25,0.02499999999999991,-0.009624639076034835,1.2264,-0.08400357462019659,-0.3875111364871313,0.002665901019893753,0.38121378469045436,-14.787687858330306,375.1077,2.6232,2643694.3141
2025-12-08,000009.SZ,电气设备,10.39,0.013658536585365866,-0.021442495126705707,1.1944,-0.07644444444444443,-0.4432311880082651,0.002629979504569721,0.37608123354644607,-14.80125395785342,380.2311,2.659,2679803.3096
2025-12-09,000009.SZ,电气设备,10.26,-0.012512030798845108,-0.04761904761904745,0.8755,-0.09363957597173145,-0.44284313073066006,0.002663302383096339,0.38085082073351867,-14.788662992501747,375.4737,2.6257,2646273.5281
2025-12-10,000009.SZ,电气设备,10.29,0.0029239766081869956,-0.027397260273972712,0.8566,-0.06539509536784749,-0.4292871606609785,0.0026555374860982614,0.379737221842485,-14.791582702606956,376.5716,2.6334,2654011.17
2025-12-11,000009.SZ,电气设备,10.22,-0.006802721088435271,-0.048590864917395504,0.6959,-0.10272168568920104,-0.3801767253087901,0.00267372673122469,0.3823360734085261,-14.784756737519523,374.0098,2.6155,2635956.6722
2025-12-12,000009.SZ,电气设备,10.29,0.006849315068492956,-0.009960159362549792,1.2063,-0.0787824529991048,-0.3703283519808048,0.0026555374860982614,0.379737221842485,-14.791582702606956,376.5716,2.6334,2654011.17
2025-12-15,000009.SZ,电气设备,10.04,-0.024295432458697808,0.02346938775510199,1.4756,-0.12160979877515321,-0.28189129082917885,0.0027216616506442444,0.38919592122674557,-14.766987267034375,367.4226,2.5694,2589530.8209
2025-12-16,000009.SZ,电气设备,9.8,-0.02390438247011939,0.0090543259557343,1.3375,-0.1155234657039711,-0.16499260064065335,0.0027883145084926487,0.39872408293460926,-14.742792538431871,358.6396,2.508,2527629.6857
2025-12-17,000009.SZ,电气设备,9.94,0.014285714285714235,0.03575076608784489,0.9472,-0.09882139619220309,-0.10983426804010277,0.002749042645898566,0.3930972129407603,-14.756977173419926,363.763,2.5439,2563738.6812
2025-12-18,000009.SZ,电气设备,9.79,-0.015090543259557387,0.01810865191146882,0.7436,-0.10430009149130837,-0.05377626983831063,0.002791162954792092,0.39912193175014965,-14.741771609283903,358.2736,2.5055,2525050.4717
2025-12-19,000009.SZ,电气设备,9.94,0.01532175689479054,0.012961116650049842,0.7151,-0.007984031936127733,-0.05995298864342513,0.002749042645898566,0.3930972129407603,-14.756977173419926,363.763,2.5439,2563738.6812
2025-12-22,000009.SZ,电气设备,10.03,0.0090543259557343,-0.00598205383848438,0.792,0.012108980827447047,-0.15784196306715303,0.0027243754777873494,0.38957497370368926,-14.765990754731122,367.0566,2.5669,2586951.6069
2025-12-23,000009.SZ,电气设备,10.03,0.0,-0.018737672583826526,0.8836,-0.004960317460317554,-0.22752629561810667,0.0027243754777873494,0.38957497370368926,-14.765990754731122,367.0566,2.5669,2586951.6069
2025-12-24,000009.SZ,电气设备,10.14,0.010967098703888567,-0.02667984189723316,1.0273,0.025278058645096024,-0.20486830917966703,0.002694820716272567,0.3853564547206165,-14.776898150914558,371.0822,2.595,2615322.9605
2025-12-25,000009.SZ,电气设备,10.12,-0.0019723865877713243,-0.007874015748031482,0.6845,0.0,-0.1766718678661201,0.002700146320929131,0.3861152940267964,-14.774923816622326,370.3503,2.5899,2610164.5326
2025-12-26,000009.SZ,电气设备,10.16,0.0039525691699606735,0.020060180541624728,1.1159,0.0039525691699606735,-0.10392788920725893,0.0026895160780615905,0.3845858010922237,-14.778868594890417,371.8141,2.6002,2620481.3884
2025-12-29,000009.SZ,电气设备,9.97,-0.01870078740157477,0.016080402010050232,0.9568,-0.0263671875,-0.029385009642524773,0.0027407705237804322,0.3919263178522438,-14.759990736727147,364.8609,2.5515,2571476.3231
2025-12-30,000009.SZ,电气设备,9.95,-0.0020060180541626726,0.03248730964467006,0.8604,-0.015825914935707286,-0.027877189677905534,0.0027462794778773457,0.3927112786679233,-14.757982703935587,364.129,2.5464,2566317.8952
2025-12-31,000009.SZ,电气设备,9.85,-0.01005025125628134,0.016865079365079305,0.6891,-0.019900497512437942,-0.0892567313944943,0.002774160580620713,0.3966994604887337,-14.747881607929502,360.4694,2.5208,2540525.7555
2026-01-05,000009.SZ,电气设备,10.08,0.023350253807106647,0.008849557522123908,1.1882,0.008000000000000007,-0.01182729985260833,0.0027108616636449595,0.387641973872931,-14.770963415390876,368.8864,2.5797,2599847.6767
2026-01-06,000009.SZ,电气设备,10.17,0.008928571428571397,-0.004945598417408381,1.1716,-0.007804878048780495,0.002435997136544854,0.002686871943683164,0.38421639067122604,-14.779852362813907,372.18,2.6027,2623060.6024
2026-01-07,000009.SZ,电气设备,10.11,-0.005899705014749346,-0.008849557522123908,1.2172,-0.02694898941289714,0.05484081708239241,0.0027028173898189733,0.3864883667001623,-14.773935185781973,369.9843,2.5874,2607585.3186
2026-01-08,000009.SZ,电气设备,10.17,0.005934718100890191,-0.014634146341463428,1.4564,-0.00877192982456143,0.1433109566051305,0.002686871943683164,0.38421639067122604,-14.779852362813907,372.18,2.6027,2623060.6024
2026-01-09,000009.SZ,电气设备,10.25,0.007866273352999054,-0.007797270955165692,1.52,-0.0038872691933915515,0.26732481797700647,0.002665901019893753,0.38121378469045436,-14.787687858330306,375.1077,2.6232,2643694.3141
2026-01-12,000009.SZ,电气设备,10.26,0.0009756097560975618,0.008946322067594492,1.9021,0.003913894324853118,0.32794284252457695,0.002663302383096339,0.38085082073351867,-14.788662992501747,375.4737,2.6257,2646273.5281
2026-01-13,000009.SZ,电气设备,10.06,-0.019493177387914118,-0.007936507936507908,1.7492,-0.02235179786200181,0.3987955405580099,0.0027162509218276567,0.38840985007379786,-14.768977317430792,368.1545,2.5746,2594689.2488
2026-01-14,000009.SZ,电气设备,10.08,0.001988071570576455,0.007920792079207928,2.1445,0.003984063745019917,0.5188510185177169,0.0027108616636449595,0.387641973872931,-14.770963415390876,368.8864,2.5797,2599847.6767
2026-01-15,000009.SZ,电气设备,10.1,0.001984126984126977,-0.0029469548133594925,1.5035,0.030612244897959107,0.5161121186855879,0.00270549374855087,0.386877127824203,-14.772945576621753,369.6183,2.5848,2605006.1047
2026-01-16,000009.SZ,电气设备,10.18,0.007920792079207928,0.025615763546797954,1.5494,0.024144869215291687,0.48279040150144126,0.002684232282724818,0.38383295589759336,-14.780835163889147,372.546,2.6053,2625639.8164
2026-01-19,000009.SZ,电气设备,10.15,-0.0029469548133594925,0.02499999999999991,1.1573,0.036772216547497516,0.3348487281801673,0.002692166146495298,0.384970742223591,-14.777883858252691,371.4481,2.5976,2617902.1745
2026-01-20,000009.SZ,电气设备,10.0,-0.014778325123152691,-0.025540275049115935,1.7285,0.006036217303823088,0.2781025793062555,0.002732548782143996,0.39074710847139726,-14.76299524574939,365.9587,2.5592,2579213.965
2026-01-21,000009.SZ,电气设备,10.18,0.018000000000000016,-0.002955665024630627,1.6367,0.014955134596211339,0.1591067316446204,0.002684232282724818,0.38383295589759336,-14.780835163889147,372.546,2.6053,2625639.8164
2026-01-22,000009.SZ,电气设备,10.15,-0.0029469548133594925,-0.03554274735830942,1.0661,0.011964107676969205,0.08460875147674995,0.002692166146495298,0.384970742223591,-14.777883858252691,371.4481,2.5976,2617902.1745
2026-01-23,000009.SZ,电气设备,10.41,0.025615763546797954,-0.06243902439024396,2.2622,0.026627218934911268,0.13946501400600875,0.002624926141140704,0.37536128523704065,-14.803177035395258,380.9631,2.6641,2684961.7376
2026-01-26,000009.SZ,电气设备,10.25,-0.015369836695485084,-0.06451612903225812,1.5492,0.012845849802371578,0.1599511685424091,0.002665901019893753,0.38121378469045436,-14.787687858330306,375.1077,2.6232,2643694.3141
2026-01-27,000009.SZ,电气设备,9.92,-0.03219512195121954,-0.0662055335968379,2.7745,-0.023622047244094557,0.23508039450983786,0.0027545849377642855,0.3939023909875133,-14.754963074059942,363.0311,2.5387,2558580.2533
2026-01-28,000009.SZ,电气设备,10.12,0.020161290322580516,-0.05179282868525892,2.2203,0.015045135406218435,0.25976826685041976,0.002700146320929131,0.3861152940267964,-14.774923816622326,370.3503,2.5899,2610164.5326
2026-01-29,000009.SZ,电气设备,10.04,-0.007905138339920903,-0.023933402705514917,1.9039,0.009045226130653283,0.32264687448865215,0.0027216616506442444,0.38919592122674557,-14.766987267034375,367.4226,2.5694,2589530.8209
2026-01-30,000009.SZ,电气设备,9.61,-0.042828685258964105,0.018318965517241326,2.4182,-0.024365482233502544,0.2739060347606903,0.002843442339538862,0.406603236561763,-14.723214375751667,351.6864,2.4594,2478624.6204
2026-02-02,000009.SZ,电气设备,9.28,-0.03433922996878258,0.022222222222222365,1.3724,-0.07936507936507942,0.24644931085146604,0.002944556648411397,0.4210703608572993,-14.688271699545098,339.6097,2.3749,2393510.5595
2026-02-03,000009.SZ,电气设备,9.45,0.018318965517241326,0.005252100840336116,0.7205,-0.07079646017699126,0.02035619651365783,0.0028915857745546235,0.41347942939838744,-14.70642489425074,345.831,2.4185,2437357.1969
2026-02-04,000009.SZ,电气设备,9.52,0.007407407407407529,0.01705756929637503,0.845,-0.05835806132542032,-0.1326138966962268,0.002870324205989391,0.41044163519947463,-14.713805001566763,348.3927,2.4364,2455411.6947
2026-02-05,000009.SZ,电气设备,9.38,-0.014705882352941013,0.005291005291005346,0.7971,-0.07767944936086524,-0.2500807419730292,0.002913164678577432,0.41657987919183503,-14.698989915785878,343.2693,2.4005,2419302.6992
2026-02-06,000009.SZ,电气设备,9.45,0.00746268656716409,-0.03416149068322982,0.9586,-0.07804878048780495,-0.4180140859041761,0.0028915857745546235,0.41347942939838744,-14.70642489425074,345.831,2.4185,2437357.1969
2026-02-09,000009.SZ,电气设备,9.66,0.022222222222222365,-0.0031347962382446415,1.2546,-0.05847953216374269,-0.42099918700987293,0.0028287246807925633,0.404498017959712,-14.728403800983784,353.5162,2.4722,2491520.6902
2026-02-10,000009.SZ,电气设备,9.57,-0.009316770186335366,0.00524109014675056,0.6423,-0.04870775347912526,-0.4102436337887809,0.002855327684543397,0.4082965866405357,-14.719043358218181,350.2225,2.4492,2468307.7645
2026-02-11,000009.SZ,电气设备,9.54,-0.0031347962382446415,0.0,0.5311,-0.053571428571428714,-0.42076881009573786,0.002864306897881158,0.4095842719639566,-14.715903638211476,349.1246,2.4415,2460570.1226
2026-02-12,000009.SZ,电气设备,9.5,-0.004192872117400381,0.023579849946409492,0.4967,-0.05940594059405935,-0.44294700300524303,0.0028763668495268954,0.4113195129976966,-14.711701951382246,347.6608,2.4312,2450253.2668
2026-02-13,000009.SZ,电气设备,9.33,-0.017894736842105297,-0.01991614255765195,0.7549,-0.08349705304518662,-0.4566871292464776,0.0029287765475289177,0.4188130837207354,-14.693645167595898,341.4395,2.3877,2406406.6293
2026-02-24,000009.SZ,电气设备,9.54,0.022508038585209,-0.06673618352450472,0.7505,-0.06009852216748779,-0.5239719225133324,0.002864306897881158,0.4095842719639566,-14.715903638211476,349.1246,2.4415,2460570.1226
2026-02-25,000009.SZ,电气设备,9.59,0.00524109014675056,-0.06947368421052635,1.5086,-0.041000000000000036,-0.3890732105473974,0.0028493730239598078,0.4074481522226297,-14.721131041636541,350.9544,2.4543,2473466.1924
2026-02-26,000009.SZ,电气设备,9.5,-0.009384775808133461,-0.06282722513089023,1.0526,-0.06679764243614927,-0.2946795315174676,0.0028763668495268954,0.4113195129976966,-14.711701951382246,347.6608,2.4312,2450253.2668
2026-02-27,000009.SZ,电气设备,9.55,0.0052631578947368585,-0.0235294117647058,0.7852,-0.059113300492610765,-0.24185886617913632,0.002861307285517837,0.40916530278232405,-14.716951307258133,349.4906,2.444,2463149.3366
2026-03-02,000009.SZ,电气设备,9.35,-0.020942408376963484,0.01452513966480451,1.2643,-0.1018251681075889,-0.1282778805308834,0.002922511934077483,0.4179029629320072,-14.695786496066308,342.1714,2.3929,2411565.0573
2026-03-03,000009.SZ,电气设备,8.95,-0.042780748663101664,0.03846153846153855,1.7151,-0.12682926829268304,0.021674526778215464,0.003053126538966596,0.43658589827548566,-14.652063685052939,327.5331,2.2905,2308396.4987
2026-03-04,000009.SZ,电气设备,8.84,-0.012290502793296021,0.03798882681564253,0.9582,-0.1088709677419355,0.0066012784258020485,0.0030911184439309752,0.4420280245767581,-14.639697029422441,323.5075,2.2623,2280025.1451
2026-03-05,000009.SZ,电气设备,8.95,0.012443438914027105,0.006571741511500306,1.0528,-0.11561264822134387,0.06058964494596619,0.003053126538966596,0.43658589827548566,-14.652063685052939,327.5331,2.2905,2308396.4987
2026-03-06,000009.SZ,电气设备,9.13,0.02011173184357551,0.04295154185022043,1.3401,-0.090637450199203,0.19337568571267005,0.002992933982161515,0.4279722673970727,-14.671975847343113,334.1203,2.3366,2354822.35
2026-03-09,000009.SZ,电气设备,9.08,-0.005476451259583848,0.02178649237472774,1.1581,-0.055150884495317354,0.24743595524758621,0.0030094149546857343,0.4303296324984939,-14.666484345360006,332.2905,2.3238,2341926.2802
2026-03-10,000009.SZ,电气设备,9.18,0.011013215859030812,-0.008611410118406715,0.7475,-0.010775862068965525,0.08756685183461088,0.0029766325415589994,0.42564058908657526,-14.677437357400414,335.9501,2.3494,2367718.4199
2026-03-11,000009.SZ,电气设备,9.29,0.011982570806100101,-0.014145810663764857,1.3626,-0.016931216931216908,0.13358597109516968,0.0029413866932254274,0.4206098843322818,-14.689348705587353,339.9757,2.3775,2396089.7735
2025-07-29,000017.SZ,服饰,6.31,-0.014062500000000089,0.007987220447284393,4.167,-0.03369065849923436,-0.039301679608040985,0.004491947286100208,0.08036195022380803,-12.982815505324488,222.6206,12.4437,434875.6927
2025-07-30,000017.SZ,服饰,6.26,-0.007923930269413626,0.024311183144246407,3.308,-0.03395061728395077,-0.04412474132450861,0.004527824842001552,0.08100379907817676,-12.974860014033613,220.8566,12.3451,431429.7681
2025-07-31,000017.SZ,服饰,6.17,-0.014376996805111841,0.024154589371980784,3.0834,-0.04930662557781207,-0.09089066774749222,0.004593871866807117,0.08218480074295059,-12.960378666833268,217.6813,12.1677,425227.1037
2025-08-01,000017.SZ,服饰,6.21,0.006482982171799101,0.014331210191082855,1.8022,-0.009569377990430561,-0.054812342766541566,0.004564282209569018,0.0816559833421794,-12.966840724786,219.0925,12.2465,427983.8434
2025-08-04,000017.SZ,服饰,6.28,0.011272141706924366,0.020602218700475516,2.1647,-0.017214397496087552,-0.04513571611698741,0.00451340526497751,0.08074544191980362,-12.978049809248912,221.5622,12.3846,432808.1379
2025-08-05,000017.SZ,服饰,6.31,0.004777070063694211,0.05221518987341778,1.9309,-0.014062500000000089,-0.18069951748793722,0.004491947286100208,0.08036195022380803,-12.982815505324488,222.6206,12.4437,434875.6927
2025-08-06,000017.SZ,服饰,6.32,0.0015847860538829028,0.025157232704402288,2.4545,-0.007849293563579218,-0.2288208458511618,0.004484839895700563,0.08023428410960003,-12.98439903708404,222.9734,12.4635,435564.8777
2025-08-07,000017.SZ,服饰,6.36,0.006329113924050667,0.004709576138147709,3.4293,0.0,-0.2214617416601825,0.004456633833159673,0.07972955734149764,-12.990708206203664,224.3846,12.5424,438321.6174
2025-08-08,000017.SZ,服饰,6.37,0.0015723270440251014,-0.0031055900621118626,3.8076,-0.0015673981191222097,-0.09678433736123726,0.004449637666004857,0.07960452472118516,-12.992279298360494,224.7374,12.5621,439010.8023
2025-08-11,000017.SZ,服饰,6.44,0.01098901098901095,-0.021052631578947434,4.3954,0.007824726134585402,0.024993400897477702,0.004401270910988257,0.07873953748395682,-13.003208369048666,227.2071,12.7001,443835.0969
2025-08-12,000017.SZ,服饰,6.65,0.032608695652173836,0.0076687116564417845,13.5375,0.045597484276729494,0.5332203855487889,0.004262283902206158,0.07625264024766858,-13.035296683393831,234.616,13.1143,458307.9804
2025-08-13,000017.SZ,服饰,6.52,-0.019548872180451204,0.06874999999999987,8.3349,0.018749999999999822,0.7433203773368924,0.004347268502518155,0.07777319780057396,-13.015554204727211,230.0295,12.8579,449348.5763
2025-08-14,000017.SZ,服饰,6.4,-0.018404907975460016,0.052959501557632294,5.9441,0.0015649452269170805,0.7937730013993818,0.004428778379058256,0.07923176877000603,-12.996977819144538,225.7959,12.6212,441078.3571
2025-08-15,000017.SZ,服饰,6.42,0.0031249999999998224,0.044546850998463894,4.427,0.0031249999999998224,0.7867796767216679,0.004414981799237533,0.07898457431263674,-13.000097946557768,226.5015,12.6607,442456.727
2025-08-18,000017.SZ,服饰,6.51,0.014018691588784993,0.025875190258751957,5.5439,0.009302325581395321,0.810003604449399,0.004353946220927068,0.07789253945257123,-13.014019285082624,229.6767,12.8382,448659.3914
2025-08-19,000017.SZ,服饰,6.57,0.009216589861751334,-0.013157894736842035,6.1409,0.020186335403726607,0.41029993027575307,0.006558908177909072,0.07992519002213928,-13.023193661362736,152.4644,12.5117,452794.501
2025-08-20,000017.SZ,服饰,6.84,0.041095890410958846,-0.03550295857988173,15.0451,0.07210031347962387,0.5152140131056353,0.0063000063000063005,0.07677012720810078,-13.063467560518113,158.73,13.0259,471402.4942
2025-08-21,000017.SZ,服饰,6.76,-0.011695906432748537,-0.04117647058823537,8.6361,0.04806201550387601,0.5510484086289322,0.00637456294402815,0.07767895288771508,-13.051702718861957,156.8735,12.8735,465889.0147
2025-08-22,000017.SZ,服饰,6.8,0.00591715976331364,-0.035608308605341255,6.2706,0.05754276827371707,0.5587416363818443,0.006337063328808671,0.07722186614361723,-13.057602440920965,157.8018,12.9497,468645.7544
2025-08-25,000017.SZ,服饰,6.74,-0.008823529411764675,-0.010370370370370363,5.3768,0.05312499999999987,0.5107299733424164,0.0063934776298611206,0.07790953145207785,-13.048739753658054,156.4094,12.8354,464510.6448
2025-08-26,000017.SZ,服饰,6.75,0.0014836795252224366,0.036809815950920255,5.0527,0.06973058637083995,0.45931539423375733,0.006384004238978815,0.0777937687191256,-13.050222333762434,156.6415,12.8545,465199.8298
2025-08-27,000017.SZ,服饰,6.52,-0.034074074074074145,0.01840490797546024,5.7061,0.04153354632587858,0.0980291589327198,0.006609206227722844,0.08053799379857449,-13.015554204727211,151.3041,12.4165,449348.5763
2025-08-28,000017.SZ,服饰,6.52,0.0,0.027692307692307683,5.1976,0.05672609400324147,-0.04151724988042316,0.006609206227722844,0.08053799379857449,-13.015554204727211,151.3041,12.4165,449348.5763
2025-08-29,000017.SZ,服饰,6.5,-0.0030674846625766694,0.014970059880239583,3.9584,0.04669887278582929,-0.1379389386480745,0.0066295456308311,0.08078588509015705,-13.012482005837462,150.8399,12.3784,447970.2065
2025-09-01,000017.SZ,服饰,6.68,0.027692307692307683,0.00887573964497057,5.9475,0.06369426751592355,-0.1460141377235178,0.006450901223155381,0.07860893626387448,-13.039797816277236,155.0171,12.7212,460375.5352
2025-09-02,000017.SZ,服饰,6.76,0.011976047904191711,0.12951807228915668,9.6742,0.07131537242472263,-0.05388725343380907,0.00637456294402815,0.07767895288771508,-13.051702718861957,156.8735,12.8735,465889.0147
2025-09-03,000017.SZ,服饰,6.64,-0.017751479289940808,0.08532934131736525,11.7688,0.05063291139240489,0.05782791645108887,0.006489764343677153,0.07908264136022143,-13.033791792286376,154.0888,12.645,457618.7955
2025-09-04,000017.SZ,服饰,6.68,0.006024096385542244,0.05162241887905594,8.7216,0.05031446540880502,0.11705048826791065,0.006450901223155381,0.07860893626387448,-13.039797816277236,155.0171,12.7212,460375.5352
2025-09-05,000017.SZ,服饰,6.78,0.014970059880239583,0.055718475073313734,7.1075,0.06436420722135017,0.17775248029964552,0.006355755804235094,0.07744973512190588,-13.054656930832202,157.3377,12.9116,467267.3846
2025-09-08,000017.SZ,服饰,6.82,0.005899705014749346,-0.05733333333333335,5.7472,0.05900621118012417,0.16159674898827792,0.006318480481266021,0.07699533408275458,-13.06053930066686,158.2659,12.9878,470024.1243
2025-09-09,000017.SZ,服饰,7.5,0.0997067448680351,-0.022068965517241357,17.9263,0.1278195488721805,0.3445829041751869,0.005745604181880548,0.07001477311712771,-13.155582849463253,174.0461,14.2827,516888.6998
2025-09-10,000017.SZ,服饰,7.25,-0.033333333333333326,-0.02664796633941091,24.4908,0.11196319018404921,0.5174812903715365,0.005943727168658014,0.07242860350409584,-13.121681297640805,168.2446,13.8067,499659.0764
2025-09-11,000017.SZ,服饰,7.13,-0.016551724137931045,-0.0722222222222223,14.41,0.11406249999999996,0.5734045501783525,0.006043764104634479,0.07364800671669822,-13.104991063191443,165.4598,13.5781,491388.8572
2025-09-12,000017.SZ,服饰,7.2,0.009817671809256634,-0.05091937765205101,16.8624,0.12149532710280386,0.6760167629737663,0.005985006362061763,0.07293201277768864,-13.114760854926876,167.0842,13.7114,496213.1518
2025-09-15,000017.SZ,服饰,7.07,-0.01805555555555549,-0.04795486600846255,10.1078,0.08602150537634423,0.7264587295079434,0.0060950560562305495,0.0742726847347351,-13.096540308669116,164.0674,13.4639,487253.7476
2025-09-16,000017.SZ,服饰,7.09,0.0028288543140027045,-0.04899135446685887,9.266,0.0791476407914764,0.5235092397103513,0.006077859815378931,0.07406310176270182,-13.099365169374432,164.5316,13.502,488632.1175
2025-09-17,000017.SZ,服饰,6.94,-0.021156558533145242,0.007485029940119903,7.7618,0.014619883040935644,0.22970553218008072,0.006209228652361432,0.07566414200646171,-13.077981603338788,161.0506,13.2163,478294.3435
2025-09-18,000017.SZ,服饰,6.68,-0.03746397694524506,-0.01341281669150518,9.5722,-0.01183431952662728,0.12232206877732388,0.006450901223155381,0.07860893626387448,-13.039797816277236,155.0171,12.7212,460375.5352
2025-09-19,000017.SZ,服饰,6.71,0.004491017964071808,-0.029629629629629672,5.9752,-0.013235294117647012,-0.1043844413471271,0.006422063126311706,0.07825767120822019,-13.044278779714862,155.7132,12.7783,462443.09
2025-09-22,000017.SZ,服饰,6.75,0.005961251862891315,-0.0015151515151514694,4.9622,0.0014836795252224366,-0.21063757417214002,0.006384004238978815,0.0777937687191256,-13.050222333762434,156.6415,12.8545,465199.8298
2025-09-23,000017.SZ,服饰,6.6,-0.022222222222222254,-0.0193164933135217,4.9063,-0.022222222222222254,-0.30177897710263424,0.006529094297097296,0.07956209025523518,-13.027749477900604,153.1606,12.5688,454862.0558
2025-09-24,000017.SZ,服饰,6.73,0.01969696969696977,0.04078549848942581,5.1599,0.03220858895705536,-0.35468123511729666,0.0064029750783404,0.07802503042976187,-13.047254972461488,156.1774,12.8164,463821.4599
2025-09-25,000017.SZ,服饰,6.62,-0.01634472511144136,0.08549618320610697,4.3861,0.015337423312883569,-0.46183235636063813,0.006509369912520578,0.07932164132340226,-13.030775198672348,153.6247,12.6069,456240.4256
2025-09-26,000017.SZ,服饰,6.55,-0.010574018126888296,0.11532625189681323,2.8156,0.007692307692307665,-0.5259333345417749,0.006578934383682137,0.08016931759876861,-13.020144878438188,152.0003,12.4736,451416.1311
2025-09-29,000017.SZ,服饰,6.59,0.006106870229007688,0.09393939393939399,3.3654,-0.013473053892215536,-0.5538439665858144,0.006539003521253395,0.07968254474174888,-13.026233177235186,152.9285,12.5498,454172.8708
2025-09-30,000017.SZ,服饰,6.6,0.0015174506828528056,0.044992743105950694,2.9596,-0.023668639053254448,-0.5807187527871627,0.006529094297097296,0.07956209025523518,-13.027749477900604,153.1606,12.5688,454862.0558
2025-10-09,000017.SZ,服饰,6.89,0.043939393939393945,0.0182841068917019,9.4651,0.03765060240963858,-0.4773670362393376,0.006254288096276009,0.0762131223754106,-13.070750913771903,159.8903,13.1211,474848.4188
2025-10-10,000017.SZ,服饰,7.11,0.0319303338171264,-0.017687074829931926,15.2991,0.06437125748503014,-0.2570703902841194,0.006060764007789294,0.07385524372230429,-13.102182072714914,164.9957,13.54,490010.4874
2025-10-13,000017.SZ,服饰,7.35,0.033755274261603185,-0.0041551246537395725,16.063,0.08407079646017679,-0.015107936209543649,0.0058628606538731224,0.07144337041244257,-13.135380142137837,170.5652,13.9971,506550.9258
2025-10-14,000017.SZ,服饰,7.22,-0.017687074829931926,0.001388888888888884,16.1158,0.058651026392961825,0.18695045241852948,0.0059684246462514716,0.0727299174515437,-13.117534781676738,167.5484,13.7495,497591.5216
2025-10-15,000017.SZ,服饰,7.2,-0.0027700831024930483,-0.029005524861878462,10.2744,-0.039999999999999925,0.3843651512444477,0.005985006362061763,0.07293201277768864,-13.114760854926876,167.0842,13.7114,496213.1518
2025-10-16,000017.SZ,服饰,7.24,0.005555555555555536,-0.008310249307479145,13.0795,-0.0013793103448275223,0.5498672373219027,0.005951938099843762,0.07252893904667963,-13.120301035237913,168.0125,13.7876,498969.8915
2025-10-17,000017.SZ,服饰,7.22,-0.002762430939226568,-0.0445062586926287,11.3591,0.012622720897615736,0.48849805153082104,0.0059684246462514716,0.0727299174515437,-13.117534781676738,167.5484,13.7495,497591.5216
2025-10-20,000017.SZ,服饰,7.19,-0.0041551246537395725,-0.06380027739251037,10.682,-0.001388888888888884,0.4174946896490932,0.005993328227017683,0.07303321550641233,-13.113371000502724,166.8522,13.6924,495523.9668
2025-10-21,000017.SZ,服饰,7.21,0.0027816411682892728,-0.03271692745376964,6.6368,0.01980198019801982,0.2235212230556285,0.005976704003136574,0.07283055970285132,-13.1161487801352,167.3163,13.7305,496902.3367
2025-10-22,000017.SZ,服饰,7.03,-0.02496532593619971,-0.06424581005586594,7.0211,-0.008462623413258097,0.16236010680316104,0.006129734607010455,0.07469542938667582,-13.090866534648894,163.1392,13.3877,484497.0079
2025-10-23,000017.SZ,服饰,7.16,0.01849217638691325,-0.02765647743813693,10.5715,0.03170028818443793,0.08444429861387381,0.0060184405016972,0.07333905377952814,-13.109189809740068,166.156,13.6353,493456.412
2025-10-24,000017.SZ,服饰,6.87,-0.04050279329608941,0.001481481481481417,8.6633,0.02844311377245523,0.026730521144432418,0.006272494734240671,0.07643506840938623,-13.067843935119763,159.4262,13.083,473470.049
2025-10-27,000017.SZ,服饰,6.75,-0.017467248908296984,0.0,6.813,0.005961251862891315,-0.06902744919659465,0.006384004238978815,0.0777937687191256,-13.050222333762434,156.6415,12.8545,465199.8298
2025-10-28,000017.SZ,服饰,6.8,0.007407407407407307,0.00746268656716409,4.5723,0.007407407407407307,-0.11541170878843598,0.006337063328808671,0.07722186614361723,-13.057602440920965,157.8018,12.9497,468645.7544
2025-10-29,000017.SZ,服饰,6.7,-0.014705882352941124,0.017964071856287456,4.9173,0.015151515151515138,-0.16490610087304736,0.006431645755242434,0.07837420548149193,-13.04278735519952,155.4812,12.7593,461753.9051
2025-10-30,000017.SZ,服饰,6.68,-0.0029850746268657025,-0.013313609467455634,5.1228,-0.007429420505200679,-0.29279104586362426,0.00876683890582837,0.0813001520312843,-13.039797816277236,114.0662,12.3001,460375.5352
2025-10-31,000017.SZ,服饰,6.76,0.011976047904191711,-0.020588235294117574,4.425,0.02114803625377637,-0.3925474836639513,0.008663086501785029,0.08033806256728313,-13.051702718861957,115.4323,12.4474,465889.0147
2025-11-03,000017.SZ,服饰,6.8,0.00591715976331364,0.00592592592592589,4.5497,0.03816793893129766,-0.45132179315847454,0.008612129495423945,0.07986582541330564,-13.057602440920965,116.1153,12.521,468645.7544
2025-11-04,000017.SZ,服饰,6.75,-0.007352941176470562,0.0235294117647058,4.6054,0.02427921092564489,-0.4544856168567598,0.008675923877443899,0.08045699573577922,-13.050222333762434,115.2615,12.429,465199.8298
2025-11-05,000017.SZ,服饰,6.8,0.007407407407407307,0.0359820089955023,4.4511,0.030303030303030276,-0.4698183554270976,0.008612129495423945,0.07986582541330564,-13.057602440920965,116.1153,12.521,468645.7544
2025-11-06,000017.SZ,服饰,6.67,-0.01911764705882346,0.05105105105105112,6.2533,-0.03193033381712629,-0.43351674145869246,0.008779978137854437,0.08142195298696434,-13.038299688727859,113.8955,12.2817,459686.3503
2025-11-07,000017.SZ,服饰,6.66,-0.0014992503748125774,0.02798232695139924,2.2243,-0.06329113924050633,-0.4423307472757382,0.008793164545608826,0.08154411944582617,-13.036799313424485,113.7247,12.2633,458997.1654
2025-11-10,000017.SZ,服饰,6.79,0.019519519519519468,0.02155172413793105,3.4229,-0.07619047619047614,-0.42489259786252265,0.008624816183605086,0.07998336346040025,-13.056130770379902,115.9445,12.5026,467956.5695
2025-11-11,000017.SZ,服饰,6.96,0.025036818851251752,0.004341534008683201,5.0837,-0.03601108033240996,-0.36360012914862117,0.008414151256148642,0.07802929219629048,-13.080859303237297,118.8474,12.8157,479672.7134
2025-11-12,000017.SZ,服饰,6.91,-0.007183908045977017,0.09000000000000008,3.1284,-0.040277777777777746,-0.3694244900358593,0.00847503593415236,0.07859410858562042,-13.073649466597535,117.9936,12.7236,476226.7887
2025-11-13,000017.SZ,服饰,7.0,0.013024602026049159,0.20200573065902572,3.1752,-0.03314917127071826,-0.42098026652345133,0.008366065564855831,0.07758373224302328,-13.08658997787957,119.5305,12.8893,482429.4531
2025-11-14,000017.SZ,服饰,6.98,-0.0028571428571427804,0.2981715893108299,2.8172,-0.0332409972299168,-0.35393081861855336,0.008390043032530714,0.07780587434351294,-13.083728745527859,119.1889,12.8525,481051.0832
2025-11-17,000017.SZ,服饰,7.11,0.018624641833810962,0.1974063400576369,4.7681,-0.011126564673157202,-0.2647874879871036,0.008236635235666607,0.0763831071120311,-13.102182072714914,121.4088,13.0919,490010.4874
2025-11-18,000017.SZ,服饰,6.94,-0.023909985935302358,0.051114023591087854,3.5888,-0.03744798890429957,-0.3021091216917696,0.00843839842573239,0.07825460919648167,-13.077981603338788,118.5059,12.7788,478294.3435
2025-11-19,000017.SZ,服饰,7.63,0.09942363112391917,-0.07866507747318241,13.3654,0.08534850640113789,0.040744958396976116,0.007675292159996071,0.07117792345526111,-13.172767674160557,130.2882,14.0493,525848.1039
2025-11-20,000017.SZ,服饰,8.39,0.09960681520314552,-0.21018418201516798,11.5782,0.17178770949720668,0.3435969547660367,0.00698003291783524,0.06472994666252395,-13.267720349325852,143.2658,15.4488,578226.1588
2025-11-21,000017.SZ,服饰,9.23,0.10011918951132293,-0.07220216606498198,2.3036,0.3435225618631732,0.4077538137926193,0.006344799231517918,0.058839104468829985,-13.36313887740347,157.6094,16.9955,636117.6932
2025-11-24,000017.SZ,服饰,8.31,-0.09967497291440952,-0.03117206982543641,7.4847,0.23111111111111127,0.5051719702191924,0.0070472312485509135,0.06535349706562799,-13.258139437651453,141.8997,15.3014,572712.6793
2025-11-25,000017.SZ,服饰,8.02,-0.0348977135980747,0.019404915912031084,21.683,0.17941176470588238,0.897126561920703,0.0073020523148236045,0.06771626883358726,-13.222618250764192,136.9478,14.7675,552726.3163
2025-11-26,000017.SZ,服饰,7.73,-0.03615960099750615,0.06172839506172845,19.2156,0.15373134328358207,0.8691716999483663,0.0075759986302594475,0.07025678856219482,-13.185788691406692,131.9958,14.2335,532739.9532
2025-11-27,000017.SZ,服饰,7.29,-0.056921086675291166,-0.011673151750972721,13.2282,0.09131736526946121,0.8086816015077274,0.00803326414015154,0.07449732927074565,-13.127183374930409,124.4824,13.4233,502415.8162
2025-11-28,000017.SZ,服饰,7.71,0.057613168724279795,0.028314028314028405,15.6911,0.14053254437869822,1.026042816733817,0.00759565012308751,0.07043940098333404,-13.18319801631857,131.6543,14.1966,531361.5833
2025-12-01,000017.SZ,服饰,7.77,0.0077821011673151474,0.04695431472081224,12.3387,0.14264705882352935,1.048704887383273,0.007536999128722901,0.06989536663614569,-13.190949993127248,132.6788,14.3071,535496.6929
2025-12-02,000017.SZ,服饰,7.88,0.014157014157014203,0.03746770025839785,8.756,0.16740740740740745,0.6828063139024352,0.007431789180949946,0.06891941253092758,-13.205007732686678,134.5571,14.5097,543077.7272
2025-12-03,000017.SZ,服饰,7.74,-0.017766497461928932,0.09448818897637801,7.0788,0.138235294117647,0.3659773712027139,0.007566213828769014,0.07016608311874206,-13.187081516347156,132.1665,14.2519,533429.1381
2025-12-04,000017.SZ,服饰,7.62,-0.015503875968992276,-0.008760951188986232,4.7296,0.1424287856071964,0.1733371966328927,0.007685367214530878,0.07127126556386261,-13.171456198435218,130.1174,14.0309,525158.9189
2025-12-05,000017.SZ,服饰,7.99,0.04855643044619429,-0.07030303030303031,7.1513,0.1996996996996998,-0.06079483669766739,0.0073294707022732355,0.0679707997444298,-13.218870588662368,136.4355,14.7122,550658.7615
2025-12-08,000017.SZ,服饰,8.25,0.03254067584480591,-0.04483188044831876,8.326,0.215022091310751,-0.17849743235573678,0.007098481492839052,0.06582845105654664,-13.250893029126876,140.8752,15.191,568577.5697
2025-12-09,000017.SZ,服饰,8.03,-0.026666666666666727,-0.10431654676258995,5.8633,0.15373563218390807,-0.24777275017132716,0.007292961927092259,0.06763200075747841,-13.223864356784734,137.1185,14.7859,553415.5012
2025-12-10,000017.SZ,服饰,8.34,0.03860523038605246,-0.045454545454545525,10.7459,0.2069464544138928,-0.19916558222446534,0.007021880178636632,0.06511815689568723,-13.261743045156635,142.412,15.3567,574780.2341
2025-12-11,000017.SZ,服饰,7.92,-0.05035971223021585,0.0847457627118644,7.7718,0.13142857142857145,-0.15413456646221224,0.007394251117641057,0.0685715853064807,-13.210071034584637,135.2402,14.5833,545834.4669
2025-12-12,000017.SZ,服饰,7.67,-0.031565656565656575,0.09778357235984347,6.4841,0.09885386819484232,-0.18416546883147833,0.007635266379173436,0.07080648587410607,-13.177996444182611,130.9712,14.123,528604.8436
2025-12-15,000017.SZ,服饰,7.67,0.0,0.13119143239625153,3.939,0.07876230661040773,-0.272349235403357,0.007635266379173436,0.07080648587410607,-13.177996444182611,130.9712,14.123,528604.8436
2025-12-16,000017.SZ,服饰,7.47,-0.026075619295958252,0.09259259259259256,3.8165,0.07636887608069154,-0.3159558717583014,0.007839687792273361,0.07270242171766741,-13.15157482806416,127.5561,13.7547,514821.145
2025-12-17,000017.SZ,服饰,7.56,0.012048192771084265,-0.0036057692307693845,3.6524,-0.00917431192660556,-0.4354573141558026,0.0077463594047387585,0.07183650012571387,-13.16355101892357,129.0929,13.9205,521023.8093
2025-12-18,000017.SZ,服饰,8.32,0.10052910052910069,-0.028503562945368155,5.2239,-0.008343265792610244,-0.47309234201506134,0.007038758926026163,0.06527457751029707,-13.259342083734108,142.0705,15.3199,573401.8643
2025-12-19,000017.SZ,服饰,8.42,0.012019230769230616,-0.029585798816568087,16.5711,-0.0877573131094258,-0.30007430790878564,0.00695516215612809,0.06449948400412797,-13.271289657102617,143.7781,15.504,580293.7136
2025-12-22,000017.SZ,服饰,8.45,0.0035629453681709222,-0.012106537530266248,8.946,0.016847172081829065,-0.20068112773079982,0.006930472803785147,0.06427065658902771,-13.274846270219095,144.2903,15.5592,582361.2684
2025-12-23,000017.SZ,服饰,8.26,-0.022485207100591653,-0.049457177322074664,5.9088,0.029925187032419087,-0.08110723953348797,0.007089890595898215,0.06574881323392112,-13.252104416430921,141.0459,15.2094,569266.7547
2025-12-24,000017.SZ,服饰,8.29,0.00363196125907983,-0.03789731051344736,4.3238,0.07244501940491577,0.020854420189067024,0.007064232238047672,0.06551105171442423,-13.255729798046723,141.5582,15.2646,571334.3095
2025-12-25,000017.SZ,服饰,8.18,-0.013268998793727338,-0.035365853658536506,4.0593,0.12208504801097386,0.051913958094140567,0.007159226202195162,0.06639180459564072,-13.242371979449555,139.6799,15.0621,563753.2752
2025-12-26,000017.SZ,服饰,8.2,0.0024449877750609694,-0.022058823529411686,5.0726,0.06355382619974059,-0.1954895924875799,0.007141765472991985,0.06622999026419144,-13.244813983165242,140.0214,15.0989,565131.6451
2025-12-29,000017.SZ,服饰,8.16,-0.004878048780487698,-0.0038071065989847552,5.1636,0.050193050193050315,-0.26553668932909535,0.0071767725192768105,0.06655485451108804,-13.239923997750482,139.3384,15.0252,562374.9053
2025-12-30,000017.SZ,服饰,7.88,-0.03431372549019607,0.003811944091486774,4.8838,0.0,-0.27521979529972673,0.007431789180949946,0.06891941253092758,-13.205007732686678,134.5571,14.5097,543077.7272
2025-12-31,000017.SZ,服饰,7.87,-0.0012690355329948444,0.010113780025284402,3.2284,0.01679586563307489,-0.28785996001945,0.007441229171999547,0.06900692139421584,-13.203737891307036,134.3864,14.4913,542388.5423
2026-01-05,000017.SZ,服饰,7.91,0.0050825921219821435,0.015037593984962294,3.4927,0.03805774278215224,-0.29897780769881976,0.007403601407868844,0.06865821255209442,-13.208807610598315,135.0694,14.5649,545145.282
2026-01-06,000017.SZ,服饰,7.98,0.008849557522123908,0.025477707006369643,4.5463,-0.0012515644555693983,-0.3012646360043043,0.00733865777417042,0.06805591473955001,-13.217618240224152,136.2647,14.6938,549969.5765
2026-01-07,000017.SZ,服饰,7.85,-0.01629072681704269,0.0,3.5725,-0.048484848484848575,-0.32721390209251133,0.00746018684783979,0.0691830861191056,-13.20119336060933,134.0449,14.4544,541010.1724
2026-01-08,000017.SZ,服饰,7.9,0.006369426751592355,-0.03379224030037553,2.9715,-0.016189290161892744,-0.3770822039974122,0.007412969880362079,0.06874505894888805,-13.207542588352332,134.8987,14.5465,544456.0971
2026-01-09,000017.SZ,服饰,7.99,0.0113924050632912,-0.05679012345679013,3.7547,-0.04196642685851315,-0.31692226315573835,0.0073294707022732355,0.0679707997444298,-13.218870588662368,136.4355,14.7122,550658.7615
2026-01-12,000017.SZ,服饰,8.1,0.013767209011263937,-0.03354037267080756,4.3717,0.022727272727272707,-0.2607731863088766,0.0072299365645365835,0.0670474964464827,-13.232543890448909,138.3138,14.9148,558239.7957
2026-01-13,000017.SZ,服饰,8.05,-0.006172839506172756,-0.016455696202531733,5.5658,0.049543676662320735,-0.21461920896061115,0.007274843590862796,0.06746409223690691,-13.226351920317814,137.46,14.8227,554793.8711
2026-01-14,000017.SZ,服饰,7.9,-0.018633540372670843,0.03886010362694292,5.338,0.02998696219035213,-0.1575346006352465,0.007412969880362079,0.06874505894888805,-13.207542588352332,134.8987,14.5465,544456.0971
2026-01-15,000017.SZ,服饰,7.72,-0.0227848101265824,0.03141361256544495,3.5391,0.03346720214190091,-0.13349970245522458,0.0075858145268348194,0.07034772882357493,-13.18449419290605,131.825,14.2151,532050.7683
2026-01-16,000017.SZ,服饰,7.64,-0.010362694300518172,0.0424164524421593,2.8113,0.010582010582010692,-0.1629620813412178,0.007665243486459347,0.07108432022064573,-13.174077431979894,130.459,14.0678,526537.2888
2026-01-19,000017.SZ,服饰,7.78,0.01832460732984309,0.05791505791505802,2.3389,-0.06490384615384615,-0.2198638461714575,0.007527309077332562,0.06980559142787338,-13.192236167063047,132.8496,14.3255,536185.8779
2026-01-20,000017.SZ,服饰,7.77,-0.0012853470437018677,0.02244389027431426,2.0909,-0.0771971496437055,-0.2501392770619114,0.007536999128722901,0.06989536663614569,-13.190949993127248,132.6788,14.3071,535496.6929
2026-01-21,000017.SZ,服饰,8.02,0.03217503217503226,0.08502538071066001,9.4513,-0.05088757396449706,-0.06427704226166397,0.0073020523148236045,0.06771626883358726,-13.222618250764192,136.9478,14.7675,552726.3163
2026-01-22,000017.SZ,服饰,7.88,-0.0174563591022443,-0.024660912453760675,5.611,-0.04600484261501214,0.03511426290678887,0.007431789180949946,0.06891941253092758,-13.205007732686678,134.5571,14.5097,543077.7272
2026-01-23,000017.SZ,服饰,8.11,0.029187817258883086,-0.08272506082725073,9.067,-0.021712907117008462,0.2563059218919086,0.007221019521304174,0.06696488361503228,-13.233777697017775,138.4846,14.9332,558928.9807
2026-01-26,000017.SZ,服饰,8.22,0.01356350184956856,-0.13170731707317063,10.2639,0.004889975550122383,0.5024079888814537,0.007124389706966727,0.06606896278335327,-13.247250037846449,140.3629,15.1357,566510.0149
2026-01-27,000017.SZ,服饰,8.2,-0.0024330900243311193,-0.13333333333333341,7.5398,0.0,0.6840190276921594,0.007141765472991985,0.06622999026419144,-13.244813983165242,140.0214,15.0989,565131.6451
2026-01-28,000017.SZ,服饰,8.55,0.04268292682926855,-0.04804045512010113,14.6744,0.047794117647058876,0.7287069368452888,0.00684941358745571,0.06351868084403624,-13.286611111747469,145.9979,15.7434,589253.1177
2026-01-29,000017.SZ,服饰,7.91,-0.07485380116959073,-0.0013262599469495706,13.9595,0.0038071065989848663,0.8785078438124792,0.007403601407868844,0.06865821255209442,-13.208807610598315,135.0694,14.5649,545145.282
2026-01-30,000017.SZ,服饰,7.54,-0.04677623261694064,0.0828651685393258,9.3878,-0.041931385006353294,0.7957781421670294,0.007766905835587031,0.07202742804459938,-13.16090201087876,128.7514,13.8836,519645.4395
2026-02-02,000017.SZ,服饰,7.12,-0.0557029177718833,0.05263157894736836,5.4566,-0.09987357774968397,0.6156216353157258,0.008225064073249131,0.07627590520430501,-13.103587554256292,121.5796,13.1103,490699.6723
2026-02-03,000017.SZ,服饰,7.41,0.04073033707865159,0.02921646746347939,5.4675,-0.07142857142857151,0.5387744708142213,0.007903170356788626,0.07329067815864501,-13.143510268224285,126.5315,13.6443,510686.0354
2026-02-04,000017.SZ,服饰,7.53,0.0161943319838056,0.021248339973439556,4.0442,-0.04076433121019096,0.20012936073713705,0.00777722300253693,0.07212301301099155,-13.159574870541638,128.5806,13.8652,518956.2545
2026-02-05,000017.SZ,服饰,7.53,0.0,-0.012970168612191912,3.5507,-0.04683544303797471,-0.12984383879218087,0.00777722300253693,0.07212301301099155,-13.159574870541638,128.5806,13.8652,518956.2545
2026-02-06,000017.SZ,服饰,7.71,0.0239043824701195,-0.02564102564102566,4.2636,-0.03504380475594493,-0.2924273834758101,0.00759565012308751,0.07043940098333404,-13.18319801631857,131.6543,14.1966,531361.5833
2026-02-09,000017.SZ,服饰,7.8,0.011673151750972721,0.012903225806451646,2.8073,-0.03703703703703698,-0.3670196795374626,0.007508009168780797,0.06962624630980895,-13.194803562445392,133.1911,14.3624,537564.2477
2026-02-10,000017.SZ,服饰,7.75,-0.0064102564102563875,0.011703511053315907,2.2549,-0.037267080745341685,-0.45380845512787926,0.007556448559854251,0.07007561158490011,-13.188372672236317,132.3373,14.2703,534118.3231
2026-02-11,000017.SZ,服饰,7.69,-0.007741935483870921,0.005256241787122251,1.7071,-0.02658227848101269,-0.5150390566545956,0.0076154096290762426,0.07062246641901722,-13.180600612385206,131.3127,14.1598,529983.2135
2026-02-12,000017.SZ,服饰,7.61,-0.01040312093628093,0.013157894736842257,1.5377,-0.014248704663212375,-0.5749061169003107,0.007695462832068841,0.07136485280999108,-13.170143000673063,129.9467,14.0125,524469.734
2026-02-13,000017.SZ,服饰,7.6,-0.0013140604467806183,-0.026751592356687892,1.3526,-0.005235602094240788,-0.6692673849385458,0.007705590945622415,0.07145868616059625,-13.168828076154725,129.7759,13.9941,523780.5491
2026-02-24,000017.SZ,服饰,7.85,0.03289473684210531,-0.04884318766066842,2.076,0.008997429305912519,-0.6936167146232365,0.00746018684783979,0.0691830861191056,-13.20119336060933,134.0449,14.4544,541010.1724
2026-02-25,000017.SZ,服饰,7.78,-0.008917197452229186,-0.033986928104575265,1.7507,0.0012870012870014325,-0.7100726530584152,0.007527309077332562,0.06980559142787338,-13.192236167063047,132.8496,14.3255,536185.8779
2026-02-26,000017.SZ,服饰,7.65,-0.016709511568123392,-0.042857142857142816,1.519,-0.04613466334164584,-0.6957835024604933,0.0076552269506857925,0.07099146682568755,-13.175385476577349,130.6297,14.0862,527226.4737
2026-02-27,000017.SZ,服饰,7.7,0.006535947712418277,-0.014397905759162222,1.1738,-0.022842639593908642,-0.6968015706650004,0.007605517042062313,0.0705308149130355,-13.18190015766505,131.4835,14.1782,530672.3984
2026-03-02,000017.SZ,服饰,7.64,-0.007792207792207906,0.009459459459459474,2.7226,-0.0579531442663378,-0.6208746411895434,0.007665243486459347,0.07108432022064573,-13.174077431979894,130.459,14.0678,526537.2888
2026-03-03,000017.SZ,服饰,7.4,-0.03141361256544495,0.023004059539918797,2.3977,-0.0997566909975669,-0.5732518252857153,0.007913846699292819,0.07339018626429274,-13.142159828995164,126.3608,13.6258,509996.8504
2026-03-04,000017.SZ,服饰,7.39,-0.0013513513513514486,0.004070556309362372,1.7525,-0.09878048780487803,-0.5437141201246898,0.007924558205880023,0.07348942487176095,-13.140807563809892,126.19,13.6074,509307.6655
2026-03-05,000017.SZ,服饰,7.37,-0.0027063599458727605,-0.04116865869853925,1.6596,-0.1380116959064328,-0.45194758996857787,0.007946062130259796,0.07368870941594328,-13.138097534984157,125.8485,13.5706,507929.2956
2026-03-06,000017.SZ,服饰,7.53,0.02170963364993228,-0.04417670682730923,1.5143,-0.04804045512010113,-0.311825084508924,0.00777722300253693,0.07212301301099155,-13.159574870541638,128.5806,13.8652,518956.2545
2026-03-09,000017.SZ,服饰,7.47,-0.007968127490039945,-0.051587301587301515,1.6079,-0.009283819628647216,-0.2941404251199715,0.007839687792273361,0.07270242171766741,-13.15157482806416,127.5561,13.7547,514821.145
2026-03-10,000017.SZ,服饰,7.56,0.012048192771084265,-0.04189189189189191,1.1831,0.061797752808988804,-0.3338857384534386,0.0077463594047387585,0.07183650012571387,-13.16355101892357,129.0929,13.9205,521023.8093
2026-03-11,000017.SZ,服饰,7.4,-0.021164021164021052,-0.006925207756232621,1.7439,-0.0013495276653171517,-0.27649510079964,0.007913846699292819,0.07339018626429274,-13.142159828995164,126.3608,13.6258,509996.8504
2025-07-29,600601.SH,元器件,6.12,0.011570247933884392,-0.018211920529801362,10.2311,0.15471698113207544,0.09864462781693284,0.010146371556067834,0.16421709499958945,-14.75247392742862,98.5574,6.0895,2552219.4916
2025-07-30,600601.SH,元器件,6.04,-0.013071895424836666,-0.03770491803278686,5.9483,0.1889763779527558,0.18741870600067045,0.010280757198329172,0.16639211966921247,-14.739315842849292,97.2691,6.0099,2518857.1453
2025-07-31,600601.SH,元器件,6.1,0.009933774834437026,-0.028192371475953548,9.7552,0.09123434704830058,0.3635140136603747,0.010179640109003588,0.16475550283379464,-14.749200602112683,98.2353,6.0696,2543878.9051
2025-08-01,600601.SH,元器件,6.03,-0.011475409836065431,-0.018425460636515845,5.468,0.07678571428571446,0.49127996369772187,0.010297812744573052,0.1666694444907415,-14.737658841676227,97.108,5.9999,2514686.8521
2025-08-04,600601.SH,元器件,5.97,-0.009950248756218971,-0.001686340640809414,3.7122,0.06989247311827951,0.2620157685482605,0.010401303075249268,0.16834450018517896,-14.72765875831047,96.1418,5.9402,2489665.0923
2025-08-05,600601.SH,元器件,5.93,-0.00670016750418756,0.02555366269165238,3.9188,0.025951557093425448,0.08251994783308092,0.010471467345776229,0.16948003525184732,-14.720936043934898,95.4976,5.9004,2472983.9192
2025-08-06,600601.SH,元器件,5.87,-0.010118043844856595,0.10068259385665534,3.2884,0.03163444639718804,0.0029521611776417434,0.01057849561098217,0.17121235468351395,-14.710766464774293,94.5314,5.8407,2447962.1595
2025-08-07,600601.SH,元器件,5.86,-0.0017035775127768327,0.04778156996587013,3.989,0.05017921146953408,-0.21207539582032287,0.010340053333995097,0.17726410579121832,-14.733565066190025,96.7113,5.6413,2504413.3318
2025-08-08,600601.SH,元器件,5.86,0.0,0.14020270270270263,2.8622,0.06545454545454543,-0.3023935494191552,0.010340053333995097,0.17726410579121832,-14.733565066190025,96.7113,5.6413,2504413.3318
2025-08-11,600601.SH,元器件,5.92,0.010238907849829282,0.23421926910299007,3.9571,0.08823529411764697,-0.29956785527525653,0.010235257391135243,0.1754693805930865,-14.74375191148825,97.7015,5.699,2530055.7891
2025-08-12,600601.SH,元器件,6.02,0.016891891891891886,0.1829457364341085,5.5067,0.10054844606946989,-0.2373746117023242,0.010065232773605739,0.17255362103773747,-14.760502721924752,99.3519,5.7953,2572793.218
2025-08-13,600601.SH,元器件,6.45,0.07142857142857162,0.23452768729641704,10.6364,0.20335820895522394,-0.009068664849134489,0.009394214103533634,0.16105134316820202,-14.829495593396157,106.4485,6.2092,2756564.1621
2025-08-14,600601.SH,元器件,6.14,-0.04806201550387601,0.06222222222222218,6.8673,0.12043795620437936,0.08072064467102091,0.009868521685582977,0.16918183663801853,-14.780240204746109,101.3323,5.9108,2624078.1326
2025-08-15,600601.SH,元器件,6.75,0.09934853420195444,0.06191117092866749,9.1835,0.2272727272727273,0.260219390631931,0.008976692914516748,0.1538935056940597,-14.874957967469689,111.3996,6.498,2884776.4487
2025-08-18,600601.SH,元器件,7.43,0.1007407407407408,0.053735255570117824,9.9295,0.355839416058394,0.388433293340541,0.008155143448973267,0.13980930011464363,-14.970941321310672,122.622,7.1526,3175390.965
2025-08-19,600601.SH,元器件,7.63,0.026917900403768513,0.04353562005277056,12.6727,0.42085661080074477,0.5181688117081222,0.007941373603509452,0.13614333169961335,-14.997503307896109,125.9228,7.3452,3260865.8228
2025-08-20,600601.SH,元器件,7.58,-0.006553079947575369,0.21338912133891208,10.8148,0.4328922495274101,0.43403112713568737,0.007993758473383981,0.13704262025489927,-14.990928662233998,125.0976,7.297,3239497.1083
2025-08-21,600601.SH,元器件,7.17,-0.05408970976253302,0.1419518377693283,9.5392,0.3131868131868132,0.45977204579242215,0.008450863720526556,0.14487924315083378,-14.935321117212299,118.3311,6.9023,3064273.65
2025-08-22,600601.SH,元器件,7.89,0.10041841004184104,0.07960199004975133,6.4253,0.43454545454545457,0.3564948666002814,0.007679683474165929,0.13165690211309328,-15.031011597438948,130.2137,7.5955,3371983.1378
2025-08-25,600601.SH,元器件,8.04,0.019011406844106293,0.1618204804045511,12.7237,0.3289256198347106,0.4156118114840053,0.007536402709186046,0.1292006356671275,-15.049844545770823,132.6893,7.7399,3436089.2811
2025-08-26,600601.SH,元器件,7.91,-0.016169154228855565,0.012643678160919603,9.206,0.292483660130719,0.330807906598372,0.0076602642178334015,0.13132493729234243,-15.03354324436845,130.5438,7.6147,3380530.6236
2025-08-27,600601.SH,元器件,8.7,0.09987357774968375,0.01220865704772467,15.4327,0.4403973509933774,0.36833266298326905,0.006964675860503113,0.11940013372814978,-15.128738488257145,143.5817,8.3752,3718156.3117
2025-08-28,600601.SH,元器件,9.01,0.03563218390804601,0.009216589861751112,17.163,0.4770491803278689,0.49300689237062634,0.006725049059232887,0.11529105226143399,-15.16375053421754,148.6978,8.6737,3850642.3412
2025-08-29,600601.SH,元器件,8.68,-0.03662597114317423,0.04896626768226353,10.0915,0.4394693200663349,0.5392305859933304,0.007555398067480281,0.12209714048496983,-15.126436991261862,132.3557,8.1902,3709608.8259
2025-09-01,600601.SH,元器件,9.19,0.05875576036866348,0.05334846765039725,12.1626,0.5393634840871022,0.4527562448120548,0.007136113515584915,0.11532163203173651,-15.183531398973479,140.1323,8.6714,3927569.7132
2025-09-02,600601.SH,元器件,8.81,-0.041349292709466745,-0.06140350877192968,10.7409,0.48566610455311987,0.432169985124937,0.0074439101371168255,0.12029641035511501,-15.141302902529523,134.338,8.3128,3765167.4834
2025-09-03,600601.SH,元器件,9.12,0.03518728717366604,0.06621004566210043,10.0965,0.5536626916524701,0.26851178364699924,0.007190881961672599,0.11620745354607045,-15.175885266668868,139.065,8.6053,3897653.5129
2025-09-04,600601.SH,元器件,8.76,-0.039473684210526216,0.06535269709543567,12.7052,0.49488054607508514,0.12314006666774002,0.007486397216258059,0.12098335269066977,-15.135611367539012,133.5756,8.2656,3743798.769
2025-09-05,600601.SH,元器件,9.64,0.10045662100456632,0.21767241379310365,14.0259,0.6450511945392492,0.13838303224930382,0.006802994133778158,0.10993843447669305,-15.231336571224139,146.9941,9.096,4119888.1431
2025-09-08,600601.SH,元器件,9.28,-0.03734439834024905,0.3936915887850465,12.347,0.5675675675675675,0.09800504328575932,0.007066903078130973,0.11420348777451664,-15.19327700938295,141.5047,8.7563,3966033.3991
2025-09-09,600601.SH,元器件,8.56,-0.0775862068965516,0.2858672376873661,9.2261,0.42192691029900353,0.052313214390931506,0.00766131472757514,0.1238098775520311,-15.11251565275522,130.5259,8.0769,3658323.9113
2025-09-10,600601.SH,元器件,9.34,0.09112149532710268,0.15287244401168465,13.1829,0.4480620155038759,0.09536141817603672,0.007021505466944156,0.11347002689239637,-15.19972171484519,142.4196,8.8129,3991675.8565
2025-09-11,600601.SH,元器件,10.27,0.0995717344753746,0.03362831858407067,8.8448,0.6726384364820848,0.01762806504504355,0.006385671574693839,0.10319491455461074,-15.29464248652322,156.6006,9.6904,4389133.9449
2025-09-12,600601.SH,元器件,11.3,0.1002921129503409,-0.05364626990779553,8.1363,0.6740740740740743,-0.08213278596475049,0.005803614955683596,0.09378839462404923,-15.390218188310142,172.3064,10.6623,4829329.4623
2025-09-15,600601.SH,元器件,11.93,0.05575221238938033,-0.05328892589508749,14.6454,0.6056527590847913,-0.06099725218033525,0.005497139288714153,0.08883598212620039,-15.444471698705506,181.9128,11.2567,5098575.2642
2025-09-16,600601.SH,元器件,12.01,0.0067057837384745245,-0.07770270270270274,10.9852,0.5740498034076016,-0.02326790520580313,0.005460521250437524,0.08824411852950001,-15.451155098688341,183.1327,11.3322,5132765.2073
2025-09-17,600601.SH,元器件,11.84,-0.014154870940882636,-0.07962328767123283,9.0301,0.5620052770448549,-0.08884951411559161,0.0055389233994588465,0.08951109042410355,-15.436899092048195,180.5405,11.1718,5060111.5782
2025-09-18,600601.SH,元器件,11.68,-0.013513513513513487,-0.04871567759078821,10.7577,0.6290097629009763,-0.06015036274485708,0.005614801064790874,0.09073751451800233,-15.423293439990793,178.1007,11.0208,4991731.692
2025-09-19,600601.SH,元器件,11.29,-0.03339041095890416,-0.11169744942832016,7.1521,0.43092522179974657,-0.08035490930464839,0.005808756002623234,0.0938711524561387,-15.38933284075072,172.1539,10.6529,4825055.7194
2025-09-22,600601.SH,元器件,11.37,0.007085916740478204,-0.044871794871794934,4.8683,0.41417910447761197,-0.2247579485888147,0.005767887516964798,0.09321141280538388,-15.396393770352452,173.3737,10.7283,4859245.6625
2025-09-23,600601.SH,元器件,10.92,-0.03957783641160939,0.05674418604651166,8.1517,0.38053097345132736,-0.272616235388237,0.006005573171903526,0.09705251511592923,-15.356011432909819,166.512,10.3037,4666927.2326
2025-09-24,600601.SH,元器件,10.75,-0.015567765567765512,0.022346368715083775,5.0814,0.2356321839080462,-0.312089232482595,0.006100544290561604,0.09858724478227007,-15.340321217162147,163.9198,10.1433,4594273.6035
2025-09-25,600601.SH,元器件,10.74,-0.0009302325581395099,0.022772277227722793,5.4071,0.19200887902330743,-0.3794616135402631,0.006106225113316272,0.0986786923099695,-15.339390551666357,163.7673,10.1339,4589999.8606
2025-09-26,600601.SH,元器件,10.1,-0.059590316573556845,-0.024928092042185934,5.624,0.16359447004608296,-0.3967527250438988,0.006493156537667126,0.10493179433368312,-15.27795088644808,154.0083,9.53,4316480.3159
2025-09-29,600601.SH,元器件,10.43,0.0326732673267327,-0.14700704225352113,4.4762,0.13492927094668117,-0.38021013042578156,0.00628771449752044,0.10161155933098949,-15.310101731597399,159.0403,9.8414,4457513.8311
2025-09-30,600601.SH,元器件,11.36,0.08916586768935764,-0.08196721311475408,12.3505,0.2894438138479001,-0.2957736843005456,0.005772962101081102,0.09329315508121169,-15.395513875880331,173.2213,10.7189,4854971.9196
2025-10-09,600601.SH,元器件,10.98,-0.03345070422535201,-0.03678606001936113,8.2261,0.20394736842105288,-0.2207510905714163,0.005972755871368341,0.09652136983128064,-15.36149089866976,167.4269,10.3604,4692569.6899
2025-10-10,600601.SH,元器件,10.33,-0.059198542805100174,-0.05899705014749257,5.6438,0.17922374429223753,-0.1845516399064674,0.006348581568163133,0.10259567046270647,-15.300467745732034,157.5155,9.747,4414776.4023
2025-10-13,600601.SH,元器件,10.17,-0.015488867376573068,0.006191950464396356,4.0967,0.05497925311203322,-0.17273739935113963,0.006448463556830631,0.10420900157355592,-15.284857672659216,155.0757,9.5961,4346396.5161
2025-10-14,600601.SH,元器件,9.69,-0.0471976401179941,0.014880952380952328,4.8839,0.044181034482758674,-0.12419147068830494,0.006767891767874849,0.10937089859130282,-15.236509888495867,147.7565,9.1432,4141256.8575
2025-10-15,600601.SH,元器件,10.08,0.04024767801857587,0.07738693467336688,4.1437,0.17757009345794383,-0.30645348803600014,0.006506036951687472,0.10514030974335249,-15.275968725238068,153.7034,9.5111,4307932.8301
2025-10-16,600601.SH,元器件,9.95,-0.012896825396825462,0.11285266457680243,2.4952,0.06531049250535337,-0.4134270159627367,0.006591041061526709,0.10651328753261968,-15.262988013772649,151.7211,9.3885,4252374.1726
2025-10-17,600601.SH,元器件,9.57,-0.038190954773869246,0.2020512820512821,2.7585,-0.06815968841285291,-0.47080889673387605,0.006852755527261289,0.11074319759908748,-15.224048668068804,145.9267,9.0299,4089971.9429
2025-10-20,600601.SH,元器件,9.75,0.01880877742946696,0.17204301075268824,3.2917,-0.13716814159292046,-0.4757039829401659,0.006726243245170221,0.10869801517424292,-15.242682747597673,148.6714,9.1998,4166899.3148
2025-10-21,600601.SH,元器件,10.23,0.04923076923076919,0.2304104477611939,5.1961,-0.1424979044425817,-0.42592842240410844,0.006410642692572501,0.10359795704828702,-15.290740042557223,155.9906,9.6527,4372038.9734
2025-10-22,600601.SH,元器件,10.72,0.047898338220918824,0.2694835680751173,6.8396,-0.10741049125728552,-0.3166647852157801,0.006117618557918248,0.09886307464162135,-15.33752661824443,163.4623,10.115,4581452.3749
2025-10-23,600601.SH,元器件,10.65,-0.006529850746268662,0.1015358361774743,5.0462,-0.10050675675675669,-0.20570003562522254,0.006157828848073431,0.09951238929246692,-15.330975354759238,162.3949,10.049,4551536.1747
2025-10-24,600601.SH,元器件,11.72,0.10046948356807506,0.028356964136780682,10.8599,0.0034246575342467,0.0715422149071081,0.005595635851686553,0.09042735970195143,-15.42671224674997,178.7107,11.0586,5008826.6636
2025-10-27,600601.SH,元器件,11.99,0.023037542662116106,-0.07657316148597426,13.6761,0.062001771479185175,0.35214475371740805,0.007104518118297331,0.08691570914527091,-15.449488431630803,140.7555,11.5054,5124217.7215
2025-10-28,600601.SH,元器件,13.19,0.10008340283569628,-0.11982248520710059,12.4131,0.16007036059806512,0.4950050320867281,0.00645816273020121,0.079008287969408,-15.544874429331477,154.8428,12.6569,5637066.868
2025-10-29,600601.SH,元器件,13.52,0.02501895375284313,-0.08443067389620451,11.818,0.23809523809523814,0.6024471479470372,0.006300530252626061,0.07708020195012912,-15.569585533204581,158.7168,12.9735,5778100.3832
2025-10-30,600601.SH,元器件,12.91,-0.0451183431952662,-0.019464720194647178,9.5209,0.20093023255813947,0.6801652838961341,0.006598229826902039,0.08072197736555756,-15.523417667449387,151.5558,12.3882,5517402.0671
2025-10-31,600601.SH,元器件,12.33,-0.04492641363284278,-0.026272577996716007,6.9473,0.14804469273743015,0.550178001888709,0.006908610823444232,0.08451942256330505,-15.477450779775673,144.7469,11.8316,5269524.9797
2025-11-03,600601.SH,元器件,12.18,-0.012165450121654486,0.0,5.0407,0.2059405940594059,0.3094367332215895,0.006993691690095534,0.08556003319729288,-15.4652107248822,142.986,11.6877,5205418.8364
2025-11-04,600601.SH,元器件,11.9,-0.02298850574712641,-0.03130287648054153,4.3858,0.14093959731543637,0.08033155296210537,0.007158247374712775,0.08757334267448988,-15.441953862705502,139.699,11.419,5085754.0355
2025-11-05,600601.SH,元器件,11.82,-0.006722689075630228,-0.07444168734491319,3.4145,0.040492957746478986,-0.10299331740855622,0.00720669819356903,0.08816553961718523,-15.435208474565139,138.7598,11.3423,5051564.0924
2025-11-06,600601.SH,元器件,12.09,0.02284263959390853,-0.053962900505902134,5.8846,0.10109289617486339,-0.1999488922631768,0.007045751587936265,0.08619723651659728,-15.457794127223908,141.9295,11.6013,5166955.1504
2025-11-07,600601.SH,元器件,11.86,-0.01902398676592232,-0.09159663865546219,3.4505,0.14811229428848005,-0.2969063830124522,0.007182391075448146,0.08786882941145459,-15.438586856167047,139.2294,11.3806,5068659.064
2025-11-10,600601.SH,元器件,11.9,0.00337268128161905,-0.053275109170305646,3.9806,0.17010816125860373,-0.32990021968013494,0.007158247374712775,0.08757334267448988,-15.441953862705502,139.699,11.419,5085754.0355
2025-11-11,600601.SH,元器件,11.45,-0.037815126050420256,-0.026809651474530738,4.0397,0.1816305469556243,-0.3364392301443979,0.007439579455452542,0.09101499927188,-15.4034051925911,134.4162,10.9872,4893435.6056
2025-11-12,600601.SH,元器件,11.19,-0.022707423580786035,0.030303030303030276,3.2659,0.11011904761904767,-0.3365351590871982,0.007612435674918546,0.09312981364724289,-15.380435984927578,131.364,10.7377,4782318.2906
2025-11-13,600601.SH,元器件,11.22,0.002680965147453085,0.13783533765032385,2.7651,0.1276381909547739,-0.43812101307598716,0.007592080548937793,0.0928806947475967,-15.383113362685547,131.7162,10.7665,4795139.5192
2025-11-14,600601.SH,元器件,10.81,-0.036541889483065915,0.08394833948339486,2.7172,0.12957157784744,-0.461484422356658,0.007880034356949795,0.09640319673000355,-15.345887094234861,126.903,10.3731,4619916.0608
2025-11-17,600601.SH,元器件,10.84,0.0027752081406104967,0.04224058769513306,2.3952,0.1117948717948718,-0.5088640351941257,0.007858225046992186,0.09613628279448948,-15.34865845860369,127.2552,10.4019,4632737.2895
2025-11-18,600601.SH,元器件,10.89,0.004612546125461359,0.023356401384083014,3.2196,0.06451612903225801,-0.5278454641458574,0.00782214323595808,0.09569561139926124,-15.353260399529546,127.8422,10.4498,4654106.0039
2025-11-19,600601.SH,元器件,11.56,0.06152433425160697,-0.05528455284552858,6.7978,0.07835820895522394,-0.4115392551876993,0.0073687840622043265,0.09014856483484783,-15.412966325843815,135.7076,11.0928,4940446.7774
2025-11-20,600601.SH,元器件,12.3,0.06401384083044981,-0.014468085106382977,11.6244,0.15492957746478875,-0.16534559796719472,0.006925461945625428,0.08472494048072932,-15.475014724970386,144.3947,11.8029,5256703.751
2025-11-21,600601.SH,元器件,11.75,-0.04471544715447162,0.05638766519823801,7.2243,0.0025597269624573205,0.0037236728144594,0.007249628637773031,0.0886910093923779,-15.429268703179106,137.9381,11.2751,5021647.8922
2025-11-24,600601.SH,元器件,11.35,-0.03404255319148941,0.04395604395604402,6.9746,-0.05337781484570481,0.2161778353882513,0.007505124123495317,0.09181640391872413,-15.39463320651205,133.2423,10.8913,4850698.1767
2025-11-25,600601.SH,元器件,11.83,0.04229074889867834,0.029259896729776358,7.5875,-0.10310841546626226,0.4226309150832077,0.007200606003001213,0.08809098036452047,-15.436054140580058,138.8772,11.3519,5055837.8353
2025-11-26,600601.SH,元器件,11.62,-0.01775147928994092,-0.002590673575129432,6.7128,-0.14053254437869822,0.486761341003622,0.0073307387405351,0.0896836856407451,-15.41814321401889,136.4119,11.1503,4966089.2347
2025-11-27,600601.SH,元器件,11.58,-0.0034423407917383297,-0.03336113427856546,5.9745,-0.10302091402013946,0.3207985241746856,0.007356056682830375,0.08999280057595392,-15.414694934729471,135.9424,11.112,4948994.2631
2025-11-28,600601.SH,元器件,11.99,0.03540587219343694,-0.06639676113360327,7.1696,-0.027575020275750206,0.31590089930790843,0.007104518118297331,0.08691570914527091,-15.449488431630803,140.7555,11.5054,5124217.7215
2025-12-01,600601.SH,元器件,12.35,0.030025020850708906,-0.0050167224080267525,7.5885,0.013957307060755264,0.30753074243720646,0.006897422226391331,0.08438248894589395,-15.479071525659377,144.9817,11.8508,5278072.4654
2025-12-02,600601.SH,元器件,11.96,-0.03157894736842093,0.06406926406926394,4.4896,0.005042016806722671,0.1907547319310381,0.007122339717086422,0.08713382012094174,-15.446983211125794,140.4033,11.4766,5111396.4929
2025-12-03,600601.SH,元器件,11.55,-0.03428093645484953,0.03882657463330452,3.5519,-0.022842639593908642,0.07152240073212135,0.007375164281784376,0.09022664934315,-15.412100899564757,135.5902,11.0832,4936173.0345
2025-12-04,600601.SH,元器件,11.59,0.0034632034632033903,0.08586296617519507,3.0385,-0.04135649296939614,-0.01162308091018438,0.00734970946598481,0.08991512012660048,-15.415558119938915,136.0598,11.1216,4953268.006
2025-12-05,600601.SH,元器件,11.53,-0.0051768766177739955,0.04621848739495782,2.5612,-0.027824620573355774,-0.18094108228803474,0.007387957924102031,0.09038322487346348,-15.410367796872652,135.3554,11.064,4927625.5487
2025-12-08,600601.SH,元器件,11.9,0.03209019947961855,-0.03173311635475984,4.4091,0.0,-0.30647122671866456,0.007158247374712775,0.08757334267448988,-15.441953862705502,139.699,11.419,5085754.0355
2025-12-09,600601.SH,元器件,12.29,0.03277310924369736,-0.026578073089700838,7.6772,0.07336244541484715,-0.21154583296595186,0.0069310972689397435,0.08479390840562014,-15.474201386167481,144.2773,11.7933,5252430.0081
2025-12-10,600601.SH,元器件,12.04,-0.020341741253051215,-0.034345047923322714,4.7785,0.07596067917783733,-0.1775545937060381,0.007075012823460743,0.08655460730174667,-15.453649902465264,141.3425,11.5534,5145586.4359
2025-12-11,600601.SH,元器件,12.52,0.039867109634551534,-0.05783132530120472,9.4985,0.11586452762923338,-0.002521758247442607,0.00680376710977334,0.083236224404861,-15.492742828261385,146.9774,12.014,5350726.0945
2025-12-12,600601.SH,元器件,12.45,-0.005591054313099031,-0.008403361344537785,7.8227,0.15171137835337634,0.1292197925612737,0.006842023158879988,0.08370442294170824,-15.487136085501815,146.1556,11.9468,5320809.8943
2025-12-15,600601.SH,元器件,11.9,-0.04417670682730912,0.026450511945392385,4.0221,0.09778597785977872,0.1016362879299626,0.007158247374712775,0.08757334267448988,-15.441953862705502,139.699,11.419,5085754.0355
2025-12-16,600601.SH,元器件,11.72,-0.015126050420168013,0.008271298593879317,3.2274,0.07621671258034901,-0.043460193741256314,0.0072681866383110475,0.08891813307487796,-15.42671224674997,137.5859,11.2463,5008826.6636
2025-12-17,600601.SH,元器件,12.09,0.031569965870307026,0.06308610400682024,4.6395,0.045847750865051884,-0.030949039747073193,0.007045751587936265,0.08619723651659728,-15.457794127223908,141.9295,11.6013,5166955.1504
2025-12-18,600601.SH,元器件,11.73,-0.02977667493796521,0.04067796610169472,3.0674,-0.04634146341463419,-0.18657256055863747,0.007261990090288322,0.08884229604029886,-15.427565125269075,137.7033,11.2559,5013100.4065
2025-12-19,600601.SH,元器件,11.8,0.0059676044330776445,0.015793848711554537,2.2649,0.004255319148936287,-0.35654984307278437,0.007218913553510196,0.08831503740141834,-15.433514994073468,138.525,11.3231,5043016.6067
2025-12-22,600601.SH,元器件,12.03,0.019491525423728673,-0.014766201804757961,4.1733,0.05991189427312782,-0.33345930687057757,0.007080894260297922,0.0866265874322147,-15.45281899258809,141.2251,11.5438,5141312.6931
2025-12-23,600601.SH,元器件,12.19,0.013300083125519446,-0.03368083400160382,4.8712,0.030431107354184306,-0.2508725762864097,0.006987954164611044,0.08548981388867516,-15.46603140609612,143.1034,11.6973,5209692.5793
2025-12-24,600601.SH,元器件,12.47,0.022969647251845915,-0.04560260586319209,6.1562,0.07314974182444067,-0.18666531988932666,0.006831049030537522,0.08357011532675916,-15.488741222287926,146.3904,11.966,5329357.3801
2025-12-25,600601.SH,元器件,12.28,-0.015236567762630382,0.00572831423895237,3.3883,0.060449050086355705,-0.15224257995276202,0.006936741770769819,0.0848629887047362,-15.473387385306054,144.1599,11.7837,5248156.2652
2025-12-26,600601.SH,元器件,12.22,-0.004885993485341911,0.04912572855953368,3.314,0.019182652210175233,-0.07328115083562514,0.006970797933297829,0.08527984581403876,-15.468489416334686,143.4556,11.7261,5222513.8079
2025-12-29,600601.SH,元器件,12.01,-0.017184942716857665,0.10622406639004134,4.4669,-0.027530364372469585,-0.02879070296570485,0.00709268651815054,0.08677090745015012,-15.451155098688341,140.9903,11.5246,5132765.2073
2025-12-30,600601.SH,元器件,12.05,0.0033305578684430515,0.1083617747440273,4.3712,0.007525083612040184,-0.04943702081051493,0.007069141148834404,0.08648274669203493,-15.454480122523785,141.4599,11.563,5149860.1788
2025-12-31,600601.SH,元器件,11.72,-0.027385892116182586,0.05939788445890981,4.2857,0.014718614718614687,-0.13831222876812643,0.0072681866383110475,0.08891813307487796,-15.42671224674997,137.5859,11.2463,5008826.6636
2026-01-05,600601.SH,元器件,12.29,0.04863481228668931,0.013492063492063444,6.3955,0.060396893874029356,-0.04253659682065769,0.0069310972689397435,0.08479390840562014,-15.474201386167481,144.2773,11.7933,5252430.0081
2026-01-06,600601.SH,元器件,12.6,0.02522375915378361,-0.08852213053263314,6.9694,0.0928013876843019,0.06168198078137044,0.006760566427297545,0.08270819720942543,-15.499112276547635,147.9166,12.0907,5384916.0376
2026-01-07,600601.SH,元器件,13.33,0.05793650793650795,-0.05773672055427248,11.2715,0.12016806722689077,0.2485603976696349,0.006390335767412227,0.07817874788917381,-15.555432596789625,156.4863,12.7912,5696899.2684
2026-01-08,600601.SH,元器件,12.99,-0.02550637659414856,-0.03533026113671267,6.3877,0.05695687550854367,0.3403877124736294,0.006557596352402605,0.08022462896109106,-15.529595293274083,152.4949,12.465,5551592.0102
2026-01-09,600601.SH,元器件,13.02,0.002309468822170757,-0.022709475332811202,4.7033,0.08139534883720945,0.35720872543963855,0.0065424859222059165,0.08003969969104675,-15.531902099379012,152.8471,12.4938,5564413.2389
2026-01-12,600601.SH,元器件,12.77,-0.01920122887864828,0.03292181069958855,5.4007,0.01996805111821076,0.37284496175353676,0.006670566724678363,0.08160667216151593,-15.512514132638549,149.9123,12.2539,5457569.6667
2026-01-13,600601.SH,元器件,12.15,-0.04855129209083786,0.004084967320261423,4.8231,-0.02409638554216864,0.3273536573071296,0.007010960936327855,0.08577138495055281,-15.462744632379511,142.6338,11.6589,5192597.6077
2026-01-14,600601.SH,元器件,12.24,0.007407407407407307,-0.017515923566879033,3.942,0.02857142857142847,0.02963742060677199,0.006959407169859642,0.08514043915438516,-15.47012473968039,143.6904,11.7453,5231061.2937
2026-01-15,600601.SH,元器件,12.56,0.026143790849673332,0.0032051282051281937,4.2586,0.07167235494880542,-0.0669649340799433,0.006782097974187335,0.08297171494237614,-15.495932623639186,147.447,12.0523,5367821.0661
2026-01-16,600601.SH,元器件,12.48,-0.006369426751592355,-0.003984063745020028,3.8717,0.032258064516129004,-0.0934941747829392,0.006825575157090612,0.08350312301680082,-15.489542825539697,146.5078,11.9756,5333631.123
2026-01-19,600601.SH,元器件,12.55,0.00560897435897445,-0.008136696501220508,3.9904,0.06990622335890873,-0.15872619469596871,0.006787502307750785,0.08303716743614442,-15.495136128174506,147.3296,12.0428,5363547.3232
2026-01-20,600601.SH,元器件,12.29,-0.0207171314741037,-0.038087520259319385,3.3765,0.041525423728813404,-0.22566253590022411,0.0069310972689397435,0.08479390840562014,-15.474201386167481,144.2773,11.7933,5252430.0081
2026-01-21,600601.SH,元器件,12.34,0.00406834825061031,-0.0678913738019169,2.6277,0.025768911055694232,-0.26672977882425286,0.006903011991222131,0.08445090024659663,-15.478261481079123,144.8643,11.8412,5273798.7226
2026-01-22,600601.SH,元器件,12.52,0.014586709886547755,-0.10719999999999996,3.4158,0.027071369975389725,-0.29038086067820346,0.00680376710977334,0.083236224404861,-15.492742828261385,146.9774,12.014,5350726.0945
2026-01-23,600601.SH,元器件,12.5,-0.0015974440894568342,-0.07383100902379003,4.1209,0.002405773857257376,-0.264787813912429,0.006814653686114325,0.0833694600993764,-15.491144106911532,146.7426,11.9948,5342178.6088
2026-01-26,600601.SH,元器件,12.19,-0.024800000000000044,-0.07160909856781805,2.8872,-0.007328990228013033,-0.30741422304853083,0.006987954164611044,0.08548981388867516,-15.46603140609612,143.1034,11.6973,5209692.5793
2026-01-27,600601.SH,元器件,11.87,-0.02625102543068092,-0.04027420736932308,4.131,-0.02864157119476285,-0.28178998670801947,0.007176339894421687,0.08779477094344261,-15.439429671221605,139.3468,11.3902,5072932.8069
2026-01-28,600601.SH,元器件,11.67,-0.0168491996630159,-0.015232974910394215,2.8951,-0.02830974188176516,-0.25843293492695885,0.007299328680741232,0.08929926863898985,-15.422436908886567,136.9989,11.1983,4987457.9491
2026-01-29,600601.SH,元器件,11.16,-0.04370179948586117,-0.051372896368467535,3.6601,-0.0738589211618258,-0.24232689139410724,0.00763290024257357,0.0933802724836351,-15.377751419548758,131.0118,10.7089,4769497.0619
2026-01-30,600601.SH,元器件,11.29,0.011648745519713177,0.00453720508166966,2.7757,-0.036689419795222,-0.2884262800599322,0.007545011653270498,0.09230456815307789,-15.38933284075072,132.5379,10.8337,4825055.7194
2026-02-02,600601.SH,元器件,11.02,-0.023914968999114272,-0.008928571428571397,2.2464,-0.10333604556550036,-0.2839913030398338,0.007729868909153169,0.09456622472717643,-15.365127266324206,129.3683,10.5746,4709664.6615
2026-02-03,600601.SH,元器件,11.2,0.016333938294010864,0.01273885350318471,2.0962,-0.11111111111111116,-0.3400947858149457,0.007605638516170347,0.0930466256641203,-15.38132924088661,131.4814,10.7473,4786592.0334
2026-02-04,600601.SH,元器件,10.99,-0.018749999999999933,0.02894491129785237,2.3335,-0.17554388597149284,-0.2907080531648446,0.007750970615295301,0.09482447988772781,-15.362401231006679,129.0161,10.5458,4696843.4328
2026-02-05,600601.SH,元器件,10.71,-0.02547770700636942,0.009033423667569984,2.7338,-0.17551963048498842,-0.30654989280079425,0.007953608194125305,0.09730371408276653,-15.3365933470586,125.7291,10.2771,4577178.632
2026-02-06,600601.SH,元器件,11.07,0.03361344537815114,-0.0018018018018017834,4.0147,-0.14976958525345618,-0.22848345787638413,0.0076949535724976205,0.09413891137762882,-15.36965420931256,129.9553,10.6226,4731033.3759
2026-02-09,600601.SH,元器件,11.1,0.0027100271002709064,0.035938903863432126,2.2985,-0.13077525450274075,-0.18935801945596098,0.007674161252545903,0.09388437200743564,-15.372360570918529,130.3074,10.6514,4743854.6046
2026-02-10,600601.SH,元器件,11.13,0.002702702702702897,0.05807622504537213,1.5896,-0.08395061728395059,-0.17995618458114537,0.007653475136920669,0.09363208209660959,-15.375059627874853,130.6596,10.6801,4756675.8332
2026-02-11,600601.SH,元器件,11.02,-0.009883198562443907,0.0680393912264996,1.4414,-0.09967320261437917,-0.2049344357259466,0.007729868909153169,0.09456622472717643,-15.365127266324206,129.3683,10.5746,4709664.6615
2026-02-12,600601.SH,元器件,11.17,0.013611615245009201,0.02436823104693131,1.691,-0.11066878980891726,-0.2415305203686775,0.00762606650540078,0.09329663665624854,-15.378647075679424,131.1292,10.7185,4773770.8048
2026-02-13,600601.SH,元器件,11.08,-0.008057296329453845,-0.03902862098872506,1.7953,-0.11217948717948723,-0.3716554290031505,0.007688008321500207,0.0940539117021877,-15.3705571439139,130.0727,10.6322,4735307.1188
2026-02-24,600601.SH,元器件,11.53,0.04061371841155226,-0.09862778730703259,3.3483,-0.08127490039840646,-0.28869277758851586,0.007387957924102031,0.09038322487346348,-15.410367796872652,135.3554,11.064,4927625.5487
2026-02-25,600601.SH,元器件,11.66,0.011274934952298477,-0.11735121542330262,2.6154,-0.05126118795768908,-0.20381010863049542,0.007305589140972302,0.08937588817288872,-15.421579643507835,136.8815,11.1887,4983184.2062
2026-02-26,600601.SH,元器件,11.93,0.023156089193824947,-0.04052863436123344,4.1103,-0.03322528363047006,-0.034857527197412086,0.007140245852945209,0.08735302852949911,-15.444471698705506,140.0512,11.4478,5098575.2642
2026-02-27,600601.SH,元器件,11.35,-0.04861693210393969,-0.03429602888086647,5.843,-0.0934504792332268,0.20846566622432516,0.007505124123495317,0.09181640391872413,-15.39463320651205,133.2423,10.8913,4850698.1767
2026-03-02,600601.SH,元器件,11.08,-0.023788546255506526,0.0,2.7767,-0.11360000000000003,0.3053530529020725,0.007688008321500207,0.0940539117021877,-15.3705571439139,130.0727,10.6322,4735307.1188
2026-03-03,600601.SH,元器件,10.51,-0.051444043321299704,0.031339031339031376,2.7922,-0.1378178835110746,0.26862534578811714,0.008104962506443445,0.09915519771546424,-15.317742647474539,123.3812,10.0852,4491703.7742
2026-03-04,600601.SH,元器件,10.53,0.0019029495718363432,-0.015610651974288348,1.718,-0.11288963774220728,0.25897851582467957,0.00808956769350246,0.09896678674636791,-15.319643788737357,123.616,10.1044,4500251.26
2026-03-05,600601.SH,元器件,10.89,0.03418803418803429,-0.016822429906542036,2.7079,-0.06683804627249357,0.16053345057521806,0.00782214323595808,0.09569561139926124,-15.353260399529546,127.8422,10.4498,4654106.0039
2026-03-06,600601.SH,元器件,10.7,-0.017447199265381186,0.0009514747859180606,1.6749,-0.04121863799283165,-0.11261757929235694,0.007961041845624253,0.09739469198928659,-15.335659204063964,125.6117,10.2675,4572904.8891
2026-03-09,600601.SH,元器件,10.51,-0.017757009345794383,-0.011970534069981498,2.2771,-0.06908768821966338,-0.14247987686213393,0.008104962506443445,0.09915519771546424,-15.317742647474539,123.3812,10.0852,4491703.7742
2026-03-10,600601.SH,元器件,10.86,0.033301617507136116,-0.02985074626865669,2.0397,-0.014519056261342977,-0.19706344236234874,0.007843752451172642,0.09595915978159696,-15.350501777103585,127.49,10.4211,4641284.7753
2026-03-11,600601.SH,元器件,10.72,-0.012891344383056946,0.0,1.5508,-0.042857142857142705,-0.2015594298967326,0.007946188412073438,0.09721290598539863,-15.33752661824443,125.8465,10.2867,4581452.3749
2025-07-29,600602.SH,软件服务,22.56,-0.024643320363164745,0.014938886373925042,4.4641,0.1268731268731269,0.14124971812737175,0.0059796452874415484,0.15336952854206926,-14.942214979827574,167.234,6.5202,3085471.3145
2025-07-30,600602.SH,软件服务,22.09,-0.02083333333333326,0.01622352410995931,3.1039,0.12819203268641477,0.02987239608647352,0.0061068702290076335,0.156631789988096,-14.921161570624914,163.75,6.3844,3021190.6621
2025-07-31,600602.SH,软件服务,22.19,0.004526935264825838,-0.02713347921225384,3.3444,0.13329928498467836,-0.09637036359216522,0.006079348877417833,0.15592596635117648,-14.925678290120908,164.4913,6.4133,3034867.3966
2025-08-01,600602.SH,软件服务,22.85,0.029743127534925584,-0.04222222222222216,4.965,0.143071535767884,-0.19402267478091717,0.005903755792322401,0.15142337976983647,-14.954987670539447,169.3837,6.604,3125133.8447
2025-08-04,600602.SH,软件服务,22.5,-0.015317286652078876,-0.027653880463871627,2.9681,0.14678899082568808,-0.30783653696062163,0.005995592040731654,0.15377754540282026,-14.939551862417856,166.7892,6.5029,3077265.2738
2025-08-05,600602.SH,软件服务,22.42,-0.003555555555555534,-0.02616407982261637,2.1601,0.1182044887780549,-0.38993952503316953,0.006016984744536879,0.15432813247526891,-14.935989970831987,166.1962,6.4797,3066323.8861
2025-08-06,600602.SH,软件服务,22.55,0.005798394290811748,0.011695906432748426,2.7794,0.12975951903807603,-0.40692114285714287,0.005982295993237613,0.15343777331103373,-14.941771619131815,167.1599,6.5173,3084103.641
2025-08-07,600602.SH,软件服务,22.23,-0.014190687361419041,0.025058004640371223,2.499,0.10377358490566047,-0.43480582894636444,0.00606841040416827,0.15564686838500807,-14.92747928117885,164.7878,6.4248,3040338.0905
2025-08-08,600602.SH,软件服务,21.55,-0.03058929374718844,0.026605504587155826,3.0206,0.012687969924811915,-0.48155026787007105,0.006259898464446906,0.16055745548544548,-14.896412369732507,159.747,6.2283,2947336.2955
2025-08-11,600602.SH,软件服务,21.8,0.011600928074245953,0.04553734061930781,2.1271,0.005535055350553542,-0.48100445031818173,0.006188111153327781,0.15871504301177666,-14.907946522986277,161.6002,6.3006,2981528.1319
2025-08-12,600602.SH,软件服务,21.96,0.007339449541284404,0.022676745220097994,2.1138,-0.03430079155672816,-0.44031358756718575,0.006143023092238105,0.15755971513203504,-14.915259169839223,162.7863,6.3468,3003410.9072
2025-08-13,600602.SH,软件服务,22.49,0.024134790528232974,0.06201901312811242,4.3769,0.009878760664571162,-0.3480006364388939,0.005998256906542958,0.15384615384615385,-14.939107319164084,166.7151,6.5,3075897.6003
2025-08-14,600602.SH,软件服务,22.09,-0.017785682525566893,0.0469168900804291,3.0456,-0.010304659498207913,-0.30745649200584824,0.0061068702290076335,0.156631789988096,-14.921161570624914,163.75,6.3844,3021190.6621
2025-08-15,600602.SH,软件服务,22.38,0.013128112267994485,0.025261324041811806,2.5439,-0.032843560933448646,-0.2837428899484383,0.006027738446784413,0.1546025169289756,-14.93420425607828,165.8997,6.4682,3060853.1923
2025-08-18,600602.SH,软件服务,22.96,0.025915996425379895,0.04434782608695653,4.8019,0.030520646319569078,-0.13527896973724818,0.005875468274821503,0.1506977304921788,-14.959790124648968,170.1992,6.6358,3140178.2527
2025-08-19,600602.SH,软件服务,23.0,0.0017421602787455193,0.008525149190110826,4.6582,0.051188299817184646,-0.00844606018535643,0.005865250560571323,0.1504347564461293,-14.961530769120383,170.4957,6.6474,3145648.9465
2025-08-20,600602.SH,软件服务,23.46,0.020000000000000018,-0.0021340162185232714,4.7621,0.03576158940397356,0.023231191153760822,0.005750246110533531,0.14748609943512822,-14.981333396407214,173.9056,6.7803,3208561.9254
2025-08-21,600602.SH,软件服务,23.43,-0.0012787723785167016,0.003398470688190436,4.1048,0.018695652173913002,0.10768847008122862,0.005757609256393249,0.14767340549640415,-14.98005380572186,173.6832,6.7717,3204458.9051
2025-08-22,600602.SH,软件服务,23.54,0.0046948356807512415,-0.03413821815154039,5.6358,0.0029825308904984915,0.3060525957214879,0.005730705002790853,0.14698533086397977,-14.984737655032683,174.4986,6.8034,3219503.3131
2025-08-25,600602.SH,软件服务,24.02,0.02039082412914195,-0.0147928994082841,7.7545,0.03847816688283623,0.4311145140450783,0.005613215755173981,0.14522218995062444,-15.004923369840027,178.151,6.886,3285151.6389
2025-08-26,600602.SH,软件服务,23.66,-0.014987510407993287,-0.06544054747647554,5.0786,0.048758865248226924,0.44169126769922884,0.005698625890339063,0.14743173910479448,-14.989822411732204,175.4809,6.7828,3235915.3945
2025-08-27,600602.SH,软件服务,23.38,-0.01183431952662728,-0.11219305673158353,7.5923,0.05839746491625175,0.5020645545180569,0.005766873005382799,0.14919806042521447,-14.977917509238283,173.4042,6.7025,3197620.5378
2025-08-28,600602.SH,软件服务,23.62,0.010265183917878673,-0.13189655172413783,5.6324,0.06444344299233884,0.5344256421863445,0.005708274086205213,0.14768212898557145,-14.988130363957355,175.1843,6.7713,3230444.7007
2025-08-29,600602.SH,软件服务,23.2,-0.01778154106689256,-0.1278421278421279,3.714,0.015317286652078765,0.4635432860877162,0.00581161532685687,0.1503555909726503,-14.970188831863497,172.0692,6.6509,3173002.4156
2025-09-01,600602.SH,软件服务,23.31,0.004741379310344795,-0.05537757437070945,4.6163,0.03600000000000003,0.283279509210731,0.005784188458114667,0.14964459408903852,-14.97491900623733,172.8851,6.6825,3188046.8236
2025-09-02,600602.SH,软件服务,21.85,-0.06263406263406257,-0.043872198378636096,4.8164,-0.025423728813559365,0.23124976655585838,0.00617068357598518,0.1596449496320184,-14.910237474741198,162.0566,6.2639,2988366.4992
2025-09-03,600602.SH,软件服务,20.97,-0.040274599542334255,0.005958291956305928,2.9697,-0.07006651884700676,0.01317550216097807,0.006429635992587916,0.16634506620533637,-14.86912939809286,155.5298,6.0116,2868011.2351
2025-09-04,600602.SH,软件服务,20.14,-0.03958035288507389,0.030496802754550023,3.1261,-0.09401709401709402,-0.11008081765732858,0.0066946099686759205,0.1731991617160573,-14.82874444049254,149.3739,5.7737,2754494.3384
2025-09-05,600602.SH,软件服务,20.33,0.00943396226415083,0.027131782945736482,2.9733,-0.05661252900232028,-0.14386820554881397,0.006632042980944152,0.17157956144264097,-14.838134180826094,150.7831,5.8282,2780480.134
2025-09-08,600602.SH,软件服务,20.64,0.015248401377275123,0.052369077306733125,3.3467,-0.053211009174311985,-0.21370972801617094,0.006532433860740268,0.16900456312320433,-14.85326749379751,153.0823,5.917,2822878.0111
2025-09-09,600602.SH,软件服务,20.05,-0.028585271317829397,0.03455083909180656,2.1554,-0.08697632058287796,-0.33544419981095674,0.006724660135676743,0.1739765827519616,-14.824265706952929,148.7064,5.7479,2742185.2773
2025-09-10,600602.SH,软件服务,20.26,0.010473815461346625,0.0014319809069212042,1.7307,-0.09915518008003543,-0.3730353273680411,0.006654958376562834,0.17217334412286292,-14.834685052000944,150.2639,5.8081,2770906.4198
2025-09-11,600602.SH,软件服务,20.95,0.0340572556762091,-0.01037735849056598,3.7714,-0.051607062019013106,-0.34825055808450256,0.0064357725984110084,0.16650293877686942,-14.868175199550656,155.3815,6.0059,2865275.8882
2025-09-12,600602.SH,软件服务,21.2,0.01193317422434359,-0.02464454976303332,3.9471,-0.05272564789991063,-0.31406379569595244,0.0063598788315885006,0.16453863367118599,-14.8800377348692,157.2357,6.0776,2899467.7246
2025-09-15,600602.SH,软件服务,21.1,-0.004716981132075415,0.000954198473282375,3.0895,-0.08101045296167242,-0.312358073033964,0.006390021342671285,0.1653193142554845,-14.87530959369058,156.494,6.0489,2885790.9901
2025-09-16,600602.SH,软件服务,20.96,-0.006635071090047462,-0.025262154432793227,2.1427,-0.08869565217391295,-0.29211979778157626,0.006432704900949209,0.16642258021568368,-14.868652412651052,155.4556,6.0088,2866643.5617
2025-09-17,600602.SH,软件服务,20.98,0.000954198473282375,0.0028598665395613843,2.0893,-0.10571184995737426,-0.2506881562394907,0.0064265700110537,0.16626485992185552,-14.86960615616287,155.604,6.0145,2869378.9086
2025-09-18,600602.SH,软件服务,20.98,0.0,0.042274052478134205,4.2888,-0.10456679470763974,-0.226682904400343,0.0064265700110537,0.16626485992185552,-14.86960615616287,155.604,6.0145,2869378.9086
2025-09-19,600602.SH,软件服务,20.58,-0.019065776930410006,-0.02764537654909449,2.3567,-0.12574341546304169,-0.27624530553076154,0.0065514785704411695,0.1694972710939354,-14.85035628360069,152.6373,5.8998,2814671.9704
2025-09-22,600602.SH,软件服务,20.98,0.019436345966958424,0.0024449877750611915,2.0835,-0.12656119900083262,-0.275120978623032,0.0064265700110537,0.16626485992185552,-14.86960615616287,155.604,6.0145,2869378.9086
2025-09-23,600602.SH,软件服务,20.45,-0.025262154432793227,-0.02614068441064643,2.8731,-0.135672020287405,-0.20990717791428726,0.006593126928901697,0.17057278340667964,-14.844019435688983,151.6731,5.8626,2796892.2155
2025-09-24,600602.SH,软件服务,21.04,0.028850855745721216,-0.023310023310023298,2.713,-0.10008554319931562,-0.111361488358234,0.0064082435645214,0.16579073892932342,-14.872461941053793,156.049,6.0317,2877584.9493
2025-09-25,600602.SH,软件服务,21.45,0.01948669201520903,-0.009313725490195934,4.0148,-0.0918712955122778,-0.10592580211243507,0.006285754155354928,0.16262013562519312,-14.891761198573782,159.0899,6.1493,2933659.561
2025-09-26,600602.SH,软件服务,20.4,-0.04895104895104896,-0.018536585365853564,3.1353,-0.12068965517241381,-0.0475740603279573,0.006609289223818292,0.17099278410451077,-14.841571454041404,151.3022,5.8482,2790053.8482
2025-09-29,600602.SH,软件服务,20.5,0.004901960784313708,-0.040995607613469986,1.7159,-0.12054912054912048,-0.02580073273406891,0.006577047813164487,0.1701577362214773,-14.84646143935343,152.0439,5.8769,2803730.5828
2025-09-30,600602.SH,软件服务,20.49,-0.00048780487804889194,-0.053937947494033356,1.8175,-0.06224256292906194,-0.04889022994116121,0.006580259091121454,0.17024174327545116,-14.845973515443827,151.9697,5.874,2802362.9093
2025-10-09,600602.SH,软件服务,20.95,0.022449975597852667,-0.02028698664027706,2.7942,-0.0009537434430137992,-0.04013531558799954,0.0064357725984110084,0.16650293877686942,-14.868175199550656,155.3815,6.0059,2865275.8882
2025-10-10,600602.SH,软件服务,20.21,-0.03532219570405726,-0.04821073558648126,2.6879,0.0034756703078451245,-0.12783077442092505,0.006671421166151077,0.17259829472884808,-14.832214084623043,149.8931,5.7938,2764068.0526
2025-10-13,600602.SH,软件服务,20.12,-0.004453240969816918,-0.030534351145038108,1.8767,-0.010329562223315158,-0.2024777504017925,0.00670126754475609,0.17337031900138697,-14.827750898437309,149.2255,5.768,2751758.9915
2025-10-14,600602.SH,软件服务,19.65,-0.023359840954274458,-0.031786074672048414,2.1081,-0.04796511627906985,-0.15459360648491527,0.006861548363280561,0.17751899453241496,-14.804113891515806,145.7397,5.6332,2687478.3391
2025-10-15,600602.SH,软件服务,19.82,0.00865139949109417,-0.04040404040404044,1.419,-0.011471321695760595,-0.17304273841899753,0.006802697950006973,0.1759943681802182,-14.812728082089386,147.0005,5.682,2710728.7878
2025-10-16,600602.SH,软件服务,19.8,-0.0010090817356205317,0.0005221932114882755,1.5147,-0.022704837117472843,-0.2672351980960809,0.006809567715022315,0.17617420104999826,-14.811718490891723,146.8522,5.6762,2707993.4409
2025-10-17,600602.SH,软件服务,19.15,-0.032828282828282984,0.0073490813648293685,1.7842,-0.08591885441527447,-0.31002140648537213,0.007040701591832224,0.18215268037669174,-14.778339268808343,142.0313,5.4899,2619094.6663
2025-10-20,600602.SH,软件服务,19.05,-0.005221932114882422,0.006253256904637627,1.319,-0.10141509433962259,-0.3187506665077504,0.007279970181242137,0.18503441640145069,-14.77310365477354,137.3632,5.4044,2605417.9318
2025-10-21,600602.SH,软件服务,19.19,0.0073490813648293685,0.06736842105263174,1.5749,-0.090521327014218,-0.34252515153543683,0.00722685905529053,0.18368509028122187,-14.780425863193697,138.3727,5.4441,2624565.3601
2025-10-22,600602.SH,软件服务,19.0,-0.00990099009901002,0.050104384133611735,1.1151,-0.0935114503816794,-0.35445003169050626,0.007299131549328261,0.1855218730288301,-14.770475532357674,137.0026,5.3902,2598579.5645
2025-10-23,600602.SH,软件服务,19.16,0.008421052631578885,0.02970297029702973,1.4259,-0.0867492850333651,-0.3528126351743567,0.0072381787873589554,0.18397233056148354,-14.77886132574158,138.1563,5.4356,2620462.3398
2025-10-24,600602.SH,软件服务,19.19,0.0015657620041753528,0.035214914552045506,1.2658,-0.0853193517635843,-0.35562912155940674,0.00722685905529053,0.18368509028122187,-14.780425863193697,138.3727,5.4441,2624565.3601
2025-10-27,600602.SH,软件服务,19.31,0.006253256904637627,-0.0147928994082841,1.3698,-0.061710398445092296,-0.3349651796180102,0.007181952614913037,0.18254171078091344,-14.786659649629764,139.2379,5.4782,2640977.4416
2025-10-28,600602.SH,软件服务,20.28,0.05023303987571226,-0.022365805168986008,5.1657,-0.03336510962821726,-0.05313271046861345,0.006838434463521397,0.17381026871067543,-14.835671731899795,146.2323,5.7534,2773641.7667
2025-10-29,600602.SH,软件服务,20.12,-0.007889546351084853,-0.019230769230769384,3.0959,-0.016136919315403286,0.12249108472584691,0.006892815342855528,0.17519271198318148,-14.827750898437309,145.0786,5.708,2751758.9915
2025-10-30,600602.SH,软件服务,19.76,-0.017892644135188873,-0.02951475737868936,1.7754,-0.06083650190114054,0.17951032906891773,0.007018395917539463,0.17838667094794675,-14.809696245518357,142.4827,5.6058,2702522.7471
2025-10-31,600602.SH,软件服务,19.99,0.011639676113360142,-0.036536536536536546,1.6679,-0.06806526806526814,0.2872315026988179,0.00693764170133175,0.1763326338805523,-14.821268701687083,144.1412,5.6711,2733979.2365
2025-11-03,600602.SH,软件服务,19.98,-0.0005002501250623848,-0.020335536349771366,1.4156,-0.020588235294117574,0.3488326668242985,0.006941113673924527,0.17641973784026957,-14.820768326415301,144.0691,5.6683,2732611.5631
2025-11-04,600602.SH,软件服务,19.67,-0.015515515515515443,-0.009803921568627305,1.437,-0.040487804878048705,-0.027519848409150227,0.007050505591755985,0.17920183502679066,-14.805131185597777,141.8338,5.5803,2690213.686
2025-11-05,600602.SH,软件服务,19.38,-0.014743263853584265,-0.024742268041236914,1.3658,-0.05417276720351394,-0.19727805629331618,0.0071560088648637814,0.18188432157148052,-14.790278159657626,139.7427,5.498,2650551.1558
2025-11-06,600602.SH,软件服务,19.4,0.0010319917440659854,0.010389610389610393,1.0324,-0.07398568019093077,-0.24005404099206962,0.007148632216454865,0.18169594999727456,-14.791309619260517,139.8869,5.5037,2653286.5027
2025-11-07,600602.SH,软件服务,19.25,-0.0077319587628865705,-0.017125064867669848,1.0596,-0.04750123701138054,-0.2744268939448382,0.007204335857492474,0.18310993920750018,-14.783547613934523,138.8053,5.4612,2632771.4009
2025-11-10,600602.SH,软件服务,19.27,0.0010389610389609505,-0.005211047420531578,0.9621,-0.04224652087475156,-0.30838787384977806,0.007196859290605579,0.1829223677471281,-14.7845860356232,138.9495,5.4668,2635506.7478
2025-11-11,600602.SH,软件服务,19.19,-0.004151530877010812,0.014270613107822294,1.0251,-0.023409669211195805,-0.3357913323513536,0.00722685905529053,0.18368509028122187,-14.780425863193697,138.3727,5.4441,2624565.3601
2025-11-12,600602.SH,软件服务,18.92,-0.014069828035435106,-0.025192802056555164,1.0043,-0.04540867810292626,-0.37194605914220935,0.007329991834389096,0.18630647414997673,-14.766256116830425,136.4258,5.3675,2587638.1769
2025-11-13,600602.SH,软件服务,19.45,0.028012684989429104,-0.001055966209081327,1.7194,-0.017676767676767735,-0.29154811561374916,0.007130256960200332,0.18122836586382501,-14.793883623265087,140.2474,5.5179,2660124.87
2025-11-14,600602.SH,软件服务,18.94,-0.026221079691516658,-0.04033525405971716,1.3832,-0.010966057441253119,-0.2424960922812066,0.007322252324815114,0.18610883644755455,-14.767312640960748,136.57,5.3732,2590373.5238
2025-11-17,600602.SH,软件服务,19.09,0.007919746568109787,-0.00990099009901002,1.0609,0.0020997375328084544,-0.2239911283198316,0.007264717591368353,0.18464492780383324,-14.775201190930805,137.6516,5.4158,2610888.6256
2025-11-18,600602.SH,软件服务,19.19,0.005238344683080154,0.00421940928270037,0.9718,0.0,-0.2158550642268039,0.00722685905529053,0.18368509028122187,-14.780425863193697,138.3727,5.4441,2624565.3601
2025-11-19,600602.SH,软件服务,18.96,-0.011985409067222563,0.003171247357293794,0.8601,-0.002105263157894721,-0.2279863635046695,0.007314529141815553,0.18591161761698488,-14.768368050025822,136.7142,5.3789,2593108.8707
2025-11-20,600602.SH,软件服务,18.92,-0.002109704641350185,0.022925764192139653,0.8639,-0.012526096033402823,-0.325952323968828,0.007329991834389096,0.18630647414997673,-14.766256116830425,136.4258,5.3675,2587638.1769
2025-11-21,600602.SH,软件服务,18.32,-0.031712473572938715,-0.0057894736842104555,1.37,-0.04533611255862435,-0.32997232559735223,0.007570057093370598,0.19240759625190001,-14.734029912453183,132.0994,5.1973,2505577.7696
2025-11-24,600602.SH,软件服务,19.0,0.037117903930131035,-0.0021008403361344463,1.7964,-0.01605385810460891,-0.24437927978731977,0.007299131549328261,0.1855218730288301,-14.770475532357674,137.0026,5.3902,2598579.5645
2025-11-25,600602.SH,软件服务,19.04,0.00210526315789461,-0.011591148577449917,1.3238,-0.06114398422090739,-0.08583113281795918,0.007283793341301803,0.1851303317535545,-14.772578582546773,137.2911,5.4016,2604050.2583
2025-11-26,600602.SH,软件服务,18.98,-0.0031512605042015585,-0.02828175026680879,1.3264,-0.05666003976143141,0.05117402472749011,0.0073068222337832394,0.18571481632804665,-14.769422346376867,136.8584,5.3846,2595844.2176
2025-11-27,600602.SH,软件服务,18.74,-0.012644889357218192,-0.046585494970884045,0.9509,-0.05161943319838069,0.10055861379215036,0.007400396217213469,0.1880936706479827,-14.756696830013215,135.1279,5.3165,2563020.0547
2025-11-28,600602.SH,软件服务,18.89,0.008004268943436532,-0.044736842105263186,0.6968,-0.05502751375687831,0.03181731603563964,0.007341631824505633,0.1866019779809666,-14.764669234706588,136.2095,5.359,2583535.1565
2025-12-01,600602.SH,软件服务,19.0,0.0058231868713605195,-0.026119402985074758,0.9028,-0.049049049049049054,-0.09994072522898656,0.007299131549328261,0.1855218730288301,-14.770475532357674,137.0026,5.3902,2598579.5645
2025-12-02,600602.SH,软件服务,18.76,-0.012631578947368327,-0.0049423393739703725,0.7651,-0.0462633451957295,-0.17257851769990362,0.007392507398051779,0.18789575543488474,-14.757763496777107,135.2721,5.3221,2565755.4016
2025-12-03,600602.SH,软件服务,18.21,-0.029317697228145034,0.013881177123820088,1.3869,-0.0603715170278637,-0.16258197213948944,0.007615786611751768,0.19356961731286657,-14.72800744694882,131.3062,5.1661,2490533.3616
2025-12-04,600602.SH,软件服务,18.01,-0.010982976386600729,-0.01597796143250685,1.2577,-0.07164948453608233,-0.11680595225501589,0.007700357527600006,0.19571769679414414,-14.716963712397368,129.8641,5.1094,2463179.8925
2025-12-05,600602.SH,软件服务,18.15,0.007773459189339027,0.008757525998905225,0.8605,-0.05714285714285716,-0.07986890844491101,0.0076409604381632345,0.1942086966654367,-14.724707113892022,130.8736,5.1491,2482327.3208
2025-12-08,600602.SH,软件服务,18.27,0.006611570247933907,-0.02041942604856517,0.969,-0.051894135962636256,-0.0683796399199822,0.007590772353496196,0.19293473018077986,-14.731296923587152,131.7389,5.1831,2498739.4023
2025-12-09,600602.SH,软件服务,18.12,-0.008210180623973606,-0.05640744797371311,1.1423,-0.0557582073996874,-0.006483225869221121,0.0076536098633601035,0.19452982142162392,-14.723052853822207,130.6573,5.1406,2478224.3005
2025-12-10,600602.SH,软件服务,18.26,0.007726269315673218,-0.025755879059350506,1.0906,-0.03488372093023251,-0.062475493975372776,0.00759493478609246,0.1930390131845646,-14.730749428346044,131.6667,5.1803,2497371.7288
2025-12-11,600602.SH,软件服务,17.86,-0.02190580503833528,-0.05208898534997297,1.012,-0.08174807197943446,-0.07700842613602776,0.007765030186554851,0.19736322728349254,-14.708600128627305,128.7825,5.0668,2442664.7906
2025-12-12,600602.SH,软件服务,18.43,0.03191489361702127,-0.009577464788732448,2.5159,-0.026927138331573452,0.16413392262517412,0.0075248734692526156,0.19125944343501958,-14.74001632488685,132.8926,5.2285,2520622.1776
2025-12-15,600602.SH,软件服务,17.75,-0.03689636462289747,0.026697620429483537,1.5996,-0.0701938187532739,0.244230322239831,0.007813153130769525,0.19858606720152516,-14.70242206910236,127.9893,5.0356,2427620.3826
2025-12-16,600602.SH,软件服务,17.23,-0.02929577464788735,0.008620689655172598,1.2249,-0.10213652944241791,0.24487782033484407,0.00804895049734465,0.2045784660706614,-14.672688603745925,124.2398,4.8881,2356501.363
2025-12-17,600602.SH,软件服务,17.4,0.009866511897852481,0.022896393817973815,1.1166,-0.08227848101265833,0.2359703956213981,0.007970312181187513,0.2025808804165063,-14.682506759411718,125.4656,4.9363,2379751.8117
2025-12-18,600602.SH,软件服务,17.47,0.004022988505747227,0.017633674630261886,1.011,-0.07663847780126865,0.22832987927234427,0.007938379125873321,0.20176748315241516,-14.686521677343476,125.9703,4.9562,2389325.5259
2025-12-19,600602.SH,软件服务,17.58,0.00629650829994266,0.016393442622950838,0.9517,-0.04039301310043675,-0.011953524762665757,0.007888706133863456,0.2005052732886875,-14.692798445452423,126.7635,4.9874,2404369.9339
2025-12-22,600602.SH,软件服务,17.69,0.006257110352673623,0.07065527065527055,0.8877,-0.06894736842105254,-0.09675455154356671,0.00783965091602401,0.19925875742238872,-14.699036061364994,127.5567,5.0186,2419414.3419
2025-12-23,600602.SH,软件服务,17.55,-0.007914075749010818,0.04085058757694471,0.736,-0.07825630252100835,-0.1603435039545803,0.007902189854852576,0.2008475767739862,-14.691090503092694,126.5472,4.9789,2400266.9135
2025-12-24,600602.SH,软件服务,17.87,0.018233618233618243,0.04471771939631086,1.0279,-0.05848261327713378,-0.16505548292537298,0.007760685299554692,0.1972503303943034,-14.709159882368708,128.8546,5.0697,2444032.4641
2025-12-25,600602.SH,软件服务,17.89,0.0011191941801902416,0.046162402669632785,0.7203,-0.04535752401280668,-0.2094096995241208,0.00775201009621795,0.1970326877228932,-14.710278450713906,128.9988,5.0753,2446767.811
2025-12-26,600602.SH,软件服务,17.98,0.005030743432084872,0.014369345396487487,0.9528,-0.04817363684489151,-0.21835590317785214,0.007713204543386005,0.19604383540159578,-14.715296582238775,129.6478,5.1009,2459076.8721
2025-12-29,600602.SH,软件服务,18.79,0.045050055617352536,0.027956989247311714,3.9056,-0.011052631578947425,0.16854790901603822,0.007380705654506215,0.18759262385802988,-14.759361366599098,135.4884,5.3307,2569858.4219
2025-12-30,600602.SH,软件服务,18.6,-0.010111761575305911,0.03424291064740492,2.0684,-0.008528784648187626,0.3125345154969854,0.00745609849207864,0.18950879320800487,-14.74919813391039,134.1184,5.2768,2543872.6263
2025-12-31,600602.SH,软件服务,18.69,0.004838709677419395,0.06060606060606055,1.2353,0.02635914332784184,0.3516651576136163,0.007420197629543665,0.18859740112781245,-14.754025174660661,134.7673,5.3023,2556181.6874
2026-01-05,600602.SH,软件服务,18.81,0.006420545746388395,0.10440713536201485,1.5036,0.04441976679622406,0.45723040739945064,0.007372858737501161,0.18739576110788375,-14.760425196521664,135.6326,5.3363,2572593.7689
2026-01-06,600602.SH,软件服务,19.06,0.013290802764486909,0.06694560669456062,1.9834,0.050137741046831996,0.5471277834428994,0.007276151032522211,0.1849351802193331,-14.77362845140578,137.4353,5.4073,2606785.6052
2026-01-07,600602.SH,软件服务,19.12,0.0031479538300105414,0.08173823072943631,2.1294,0.046524356869184436,0.23825785181329207,0.00725332002590886,0.18435558505244917,-14.776771460829785,137.8679,5.4243,2614991.646
2026-01-08,600602.SH,软件服务,19.33,0.010983263598326243,0.026065162907268125,2.0739,0.06677704194260481,0.2002178400220529,0.007174517262605985,0.1823519757836576,-14.787694846405799,139.3822,5.4839,2643712.7885
2026-01-09,600602.SH,软件服务,19.95,0.032074495602690156,-0.04845605700712585,2.9506,0.0925520262869659,0.3466681009662538,0.00695155047381768,0.17668781030796685,-14.819265696517943,143.8528,5.6597,2728508.5427
2026-01-12,600602.SH,软件服务,21.05,0.05513784461152893,-0.04019607843137252,5.5619,0.1786114221724524,0.6261750999128786,0.00658828800042165,0.16745369905221205,-14.872937113328307,151.7845,5.9718,2878952.6228
2026-01-13,600602.SH,软件服务,20.4,-0.030878859857482288,-0.07651841224294598,4.7819,0.10689093868692345,0.8216097338798884,0.006798207448659937,0.17278916266371774,-14.841571454041404,147.0976,5.7874,2790053.8482
2026-01-14,600602.SH,软件服务,20.91,0.025000000000000133,-0.05813385442110397,5.3587,0.17802816901408458,0.9655015456976503,0.00663239927043608,0.16857436658181757,-14.866264066630027,150.775,5.9321,2859805.1944
2026-01-15,600602.SH,软件服务,20.47,-0.021042563366810207,-0.02246630054917642,2.9016,0.18804410911201375,0.9658491095186088,0.006774962178773636,0.17219706231811685,-14.84499695286979,147.6023,5.8073,2799627.5624
2026-01-16,600602.SH,软件服务,20.03,-0.02149487054225685,0.0005107252298264253,2.8627,0.15114942528735642,0.882870951048583,0.006923788475492559,0.1759819794453048,-14.823267702881736,144.4296,5.6824,2739449.9304
2026-01-19,600602.SH,软件服务,19.58,-0.02246630054917642,0.04350077679958564,1.953,0.12077847738981107,0.534632109035285,0.007082915441322296,0.18002448332973284,-14.800545190297333,141.1848,5.5548,2677904.6249
2026-01-20,600602.SH,软件服务,19.31,-0.013789581205311485,0.1498962655601659,1.8224,0.0984072810011376,0.2567955442234977,0.007181952614913037,0.18254171078091344,-14.786659649629764,139.2379,5.4782,2640977.4416
2026-01-21,600602.SH,软件服务,19.28,-0.0015535991714136221,0.17466802860061303,1.4287,0.08988128886376479,-0.08516809464928787,0.0071931268234576495,0.18282538347624186,-14.785104842358464,139.0216,5.4697,2636874.4212
2026-01-22,600602.SH,软件服务,19.58,0.01556016597510368,0.10872894333843797,1.8007,0.11566951566951555,-0.1948644304282905,0.007082915441322296,0.18002448332973284,-14.800545190297333,141.1848,5.5548,2677904.6249
2026-01-23,600602.SH,软件服务,19.59,0.0005107252298264253,0.052605459057072146,1.6877,0.09625069949636256,-0.30015739916993067,0.007079300197016925,0.17993378436735283,-14.801055785130888,141.2569,5.5576,2679272.2983
2026-01-26,600602.SH,软件服务,20.15,0.028586013272077437,-0.05457825890843482,4.576,0.1263275572945779,-0.1545865296432647,0.006882554033211075,0.17493221376716522,-14.829240841574855,145.2949,5.7165,2755862.0118
2026-01-27,600602.SH,软件服务,22.17,0.10024813895781648,-0.05913043478260871,11.6468,0.2330367074527253,0.31646539202239365,0.0062554578870064135,0.15899515064790523,-14.924776576807911,159.8604,6.2895,3032132.0497
2026-01-28,600602.SH,软件服务,23.0,0.03743797925124026,-0.06998158379373842,17.0692,0.22405534858967546,0.9008965591200568,0.006029715644639914,0.1532567049808429,-14.961530769120383,165.8453,6.525,3145648.9465
2026-01-29,600602.SH,软件服务,21.72,-0.05565217391304356,-0.06647807637906644,12.2867,0.16774193548387073,1.1579333030490493,0.006385059981253464,0.16228760609552248,-14.904270048270433,156.6156,6.1619,2970586.7443
2026-01-30,600602.SH,软件服务,21.21,-0.023480662983425327,-0.03673664122137399,7.3207,0.1348314606741572,1.2582551046109054,0.006538588789458749,0.16619025460347006,-14.880509321783338,152.9382,6.0172,2900835.3981
2026-02-02,600602.SH,软件服务,20.96,-0.011786892975011787,-0.032809611829944574,5.8615,0.11430090377458813,1.2103316931392296,0.006616579162407243,0.1681718043152885,-14.868652412651052,151.1355,5.9463,2866643.5617
2026-02-03,600602.SH,软件服务,21.64,0.03244274809160297,0.054455445544554504,6.5385,0.13536201469045128,0.9130827987985881,0.006408662460875116,0.16288767266093301,-14.900580007162757,156.0388,6.1392,2959645.3566
2026-02-04,600602.SH,软件服务,20.2,-0.06654343807763408,0.11262626262626263,6.8683,0.05648535564853541,0.4485386790124031,0.006865519575655967,0.17449875233392081,-14.831719157598393,145.6554,5.7307,2762700.3791
2026-02-05,600602.SH,软件服务,19.8,-0.01980198019801971,0.11144130757800896,3.3077,0.024314536989136215,0.10131666072663603,0.0070042137349829664,0.1780246386099836,-14.811718490891723,142.7712,5.6172,2707993.4409
2026-02-06,600602.SH,软件服务,20.19,0.01969696969696977,0.06641184902054476,4.645,0.012030075187970057,-0.01265600105912501,0.00686891971812701,0.1745871015049408,-14.831223985499683,145.5833,5.7278,2761332.7056
2026-02-09,600602.SH,软件服务,20.93,0.036651807825656135,-0.023474178403755874,4.13,-0.005700712589073675,-0.06329755860936093,0.00662606215776389,0.1684125433662299,-14.867220089643903,150.9192,5.9378,2862540.5413
2026-02-10,600602.SH,软件服务,21.3,0.017677974199713287,-0.079891057648661,4.4603,0.044117647058823595,-0.137118962978525,0.006510959246603884,0.16548893706455722,-14.884743625923777,153.5872,6.0427,2913144.4592
2026-02-11,600602.SH,软件服务,22.03,0.034272300469483596,-0.06951871657754016,7.8852,0.053562888570062306,-0.12012224826591356,0.006295207458561797,0.16000512016384524,-14.918441714017103,158.851,6.2498,3012984.6214
2026-02-12,600602.SH,软件服务,22.44,0.018610985020426796,-0.01120071684587809,7.8035,0.09623839765510511,-0.002230183192387325,0.006180190881375562,0.1570820439515559,-14.936881633839212,161.8073,6.3661,3069059.233
2026-02-13,600602.SH,软件服务,22.32,-0.005347593582887722,0.024038461538461453,5.6855,0.11432850723914134,0.009097690301353545,0.006213418498589553,0.15792549075346252,-14.931519690717447,160.942,6.3321,3052647.1516
2026-02-24,600602.SH,软件服务,20.8,-0.06810035842293904,-0.04588061174148983,6.4349,0.06230847803881523,0.04720374040741748,0.006667475653712651,0.16946567472758392,-14.860989539898506,149.9818,5.9009,2844760.7864
2026-02-25,600602.SH,软件服务,20.27,-0.02548076923076925,-0.0780651340996168,4.2301,0.04971517348524079,0.019812679541963973,0.0068418078245651,0.17389792191983305,-14.835178513660553,146.1602,5.7505,2772274.0933
2026-02-26,600602.SH,软件服务,20.88,0.030093734583127807,-0.10285455369279561,6.0338,0.08298755186721984,-0.07308472036606439,0.006641927699960215,0.1688162603822,-14.864828316191664,150.5587,5.9236,2855702.174
2026-02-27,600602.SH,软件服务,22.07,0.05699233716475094,-0.04976525821596256,10.578,0.12717058222676214,-0.05178159704392826,0.006283798983784028,0.1597137928831534,-14.920255773464849,159.1394,6.2612,3018455.3152
2026-03-02,600602.SH,软件服务,21.3,-0.03488898957861353,0.15098241985522232,6.2063,0.08728943338437989,-0.06711523459266677,0.006510959246603884,0.16548893706455722,-14.884743625923777,153.5872,6.0427,2913144.4592
2026-03-03,600602.SH,软件服务,19.34,-0.09201877934272307,0.21506493506493518,6.9284,-0.04019851116625306,-0.0686264566160728,0.007170807927758413,0.1822589170175151,-14.788212043227723,139.4543,5.4867,2645080.462
2026-03-04,600602.SH,软件服务,19.25,-0.004653567735263708,0.148989898989899,3.0751,-0.13170951736580971,-0.04413802242030662,0.007204335857492474,0.18310993920750018,-14.783547613934523,138.8053,5.4612,2632771.4009
2026-03-05,600602.SH,软件服务,19.8,0.028571428571428692,0.09832015810276684,6.0343,-0.13913043478260867,0.03938287028020704,0.0070042137349829664,0.1780246386099836,-14.811718490891723,142.7712,5.6172,2707993.4409
2026-03-06,600602.SH,软件服务,20.24,0.022222222222222143,-0.07681940700808632,6.8127,-0.06813996316758753,-0.0381711985620633,0.00685194790601046,0.17415534656913967,-14.833697397603274,145.9439,5.742,2768171.0729
2026-03-09,600602.SH,软件服务,22.26,0.09980237154150218,-0.08892689183411717,11.316,0.04950495049504955,0.09477222351726389,0.006230164713094685,0.15835061994267707,-14.928827899028779,160.5094,6.3151,3044441.1108
2026-03-10,600602.SH,软件服务,23.39,0.050763701707097875,-0.09670329670329669,22.1014,0.11593511450381677,0.3989580010632645,0.005929175992766406,0.15070000150700003,-14.978345133773255,168.6575,6.6357,3198988.2112
2026-03-11,600602.SH,软件服务,22.75,-0.027362120564343728,0.017094017094017033,13.9376,0.05129390018484292,0.6218855679206006,0.0060959775082813855,0.15494027052571233,-14.950601698580158,164.0426,6.4541,3111457.1101
2025-07-29,600603.SH,区域地产,7.73,-0.006426735218509005,0.05672823218997358,0.6175,-0.014030612244897878,-0.05355388363235036,0.05530912268669594,0.778694907335306,-13.734781334534379,18.0802,1.2842,922443.4337
2025-07-30,600603.SH,区域地产,7.58,-0.019404915912031084,0.09868421052631571,0.825,-0.03069053708439895,-0.2118254041938008,0.056403487991697414,0.7940919558484872,-13.715185671660695,17.7294,1.2593,904543.4965
2025-07-31,600603.SH,区域地产,7.6,0.0026385224274405594,0.086387434554974,0.7211,-0.0013140604467806183,-0.10524066235574736,0.05625499263059597,0.7920164739426581,-13.717820719296373,17.7762,1.2626,906930.1548
2025-08-01,600603.SH,区域地产,7.64,0.0052631578947368585,0.1073738680465719,0.5309,0.017310252996005415,-0.10591182157873358,0.05596064847199449,0.7878978884336589,-13.723070075177898,17.8697,1.2692,911703.4714
2025-08-04,600603.SH,区域地产,7.73,0.01178010471204205,0.05742821473158566,0.5459,0.02384105960264904,-0.10594857079792519,0.05530912268669594,0.778694907335306,-13.734781334534379,18.0802,1.2842,922443.4337
2025-08-05,600603.SH,区域地产,8.01,0.03622250970245777,0.004790419161676773,1.6099,0.04025974025974022,0.11049749122749475,0.05337574926208027,0.7514841812579846,-13.770363233091514,18.7351,1.3307,955856.65
2025-08-06,600603.SH,区域地产,8.35,0.0424469413233457,0.03734939759036138,2.2584,0.07326478149100257,0.38040075522260786,0.051202228320976526,0.720876585928489,-13.8119340108378,19.5304,1.3872,996429.8411
2025-08-07,600603.SH,区域地产,8.3,-0.0059880239520956335,0.009345794392523477,1.5215,0.0613810741687979,0.514009610938442,0.05151081211946388,0.7252157516861266,-13.805927986732245,19.4134,1.3789,990463.1953
2025-08-08,600603.SH,区域地产,8.56,0.031325301204819356,0.051948051948051965,1.36,0.09323116219667948,0.6348541209160581,0.04994605825708235,0.7031854299978905,-13.836772662156708,20.0216,1.4221,1021489.7533
2025-08-11,600603.SH,区域地产,8.47,-0.010514018691588745,0.07151370679380209,1.2091,0.09715025906735764,0.7354302379459785,0.05047675293143743,0.7106815436003127,-13.826202980626913,19.8111,1.4071,1010749.7909
2025-08-12,600603.SH,区域地产,8.39,-0.009445100354191216,0.04413472706155641,1.1714,0.08819714656290545,0.6008003576065903,0.05095827027247388,0.7174630506528914,-13.816712992450084,19.6239,1.3938,1001203.1577
2025-08-13,600603.SH,区域地产,8.61,0.026221692491060544,0.04282407407407396,1.4196,0.09541984732824416,0.36473375681692866,0.04965613129081113,0.6991051454138703,-13.842596790388916,20.1385,1.4304,1027456.399
2025-08-14,600603.SH,区域地产,8.64,0.0034843205574914826,-0.0056116722783390305,1.8913,0.11053984575835485,0.3513800984107667,0.04948363823501759,0.6967184560719013,-13.846075054810862,20.2087,1.4353,1031036.3865
2025-08-15,600603.SH,区域地产,8.91,0.03125,-0.021134593993325845,1.4133,0.14819587628865993,0.2985693201186215,0.047984184412817536,0.6755843804891231,-13.87684671340414,20.8402,1.4802,1063256.2735
2025-08-18,600603.SH,区域地产,8.99,0.008978675645342271,-0.04338153503893216,1.5404,0.16753246753246764,0.3151402067507938,0.047557223228850115,0.6695681285570807,-13.885785320397837,21.0273,1.4935,1072802.9067
2025-08-19,600603.SH,区域地产,8.99,0.0,-0.015538290788013387,0.7419,0.1496163682864451,0.25814228060173194,0.047557223228850115,0.6695681285570807,-13.885785320397837,21.0273,1.4935,1072802.9067
2025-08-20,600603.SH,区域地产,9.01,0.0022246941045604984,-0.02483069977426622,0.8556,0.1808650065530799,0.18419601499889704,0.047451611219458956,0.6680919294494923,-13.888007543625802,21.0741,1.4968,1075189.5651
2025-08-21,600603.SH,区域地产,8.86,-0.016648168701442922,-0.00454545454545463,1.3935,0.14322580645161276,0.047178245073213665,0.04825486288380712,0.6793939805693322,-13.871219236590212,20.7233,1.4719,1057289.6278
2025-08-22,600603.SH,区域地产,8.8,-0.006772009029345272,-0.01744186046511631,0.8828,0.13548387096774195,-0.06096397662035857,0.048584018772864855,0.6840413160954921,-13.864424193463188,20.5829,1.4619,1050129.6529
2025-08-25,600603.SH,区域地产,8.6,-0.022727272727272818,-0.007891770011273835,1.6157,0.10539845758354738,-0.08981628863244473,0.049713896525495765,0.6999370056694897,-13.841434675258421,20.1151,1.4287,1026263.0699
2025-08-26,600603.SH,区域地产,8.87,0.03139534883720918,0.0277777777777779,1.2832,0.1474773609314357,-0.026917569230148763,0.048200436695956465,0.6786102062975027,-13.872347268246514,20.7467,1.4736,1058482.9569
2025-08-27,600603.SH,区域地产,8.64,-0.025930101465614253,0.03995433789954328,1.1056,0.13984168865435365,0.002078089912289416,0.04948363823501759,0.6967184560719013,-13.846075054810862,20.2087,1.4353,1031036.3865
2025-08-28,600603.SH,区域地产,8.76,0.01388888888888884,0.09467455621301779,1.0505,0.15263157894736845,-0.06493179268124649,0.048805723935303136,0.6871435442864015,-13.85986837693124,20.4894,1.4553,1045356.3363
2025-08-29,600603.SH,区域地产,8.45,-0.035388127853881346,0.07954545454545436,1.3296,0.1060209424083769,-0.025222144187608597,0.050596277125929075,0.7123521869212138,-13.823838913334024,19.7643,1.4038,1008363.1326
2025-09-01,600603.SH,区域地产,8.8,0.04142011834319548,0.07319819819819795,1.6927,0.13842173350582154,-0.05483800190155774,0.04812829077188153,0.6896551724137931,-13.864424193463188,20.7778,1.45,1050129.6529
2025-09-02,600603.SH,区域地产,8.88,0.009090909090909038,0.019758507135016368,1.3544,0.10861423220973787,-0.035410937413484445,0.04769467775090978,0.683480281593876,-13.873474028975386,20.9667,1.4631,1059676.2861
2025-09-03,600603.SH,区域地产,9.11,0.025900900900900803,0.00432432432432428,1.5366,0.09101796407185625,0.056373655128997946,0.046490653054203454,0.6662225183211193,-13.899045183267724,21.5097,1.501,1087122.8566
2025-09-04,600603.SH,区域地产,9.25,0.015367727771679496,-0.021052631578947323,1.6488,0.11445783132530107,0.14162137681159437,0.04578691684638032,0.6561249261859458,-13.914296023506964,21.8403,1.5241,1103829.4647
2025-09-05,600603.SH,区域地产,9.5,0.027027027027026973,-0.02413431269674693,1.4031,0.1098130841121494,0.15084535647403285,0.04458195500789101,0.6388551715326136,-13.940964270610582,22.4306,1.5653,1133662.6935
2025-09-08,600603.SH,区域地产,9.53,0.0031578947368420263,-0.0043057050592033574,1.0143,0.12514757969303414,0.05634995046366753,0.0444416791844063,0.6368615462998344,-13.944117189623455,22.5014,1.5702,1137242.6809
2025-09-09,600603.SH,区域地产,9.29,-0.025183630640083998,-0.02152852529601712,2.0547,0.10727056019070313,0.12496143618974864,0.04558986446133296,0.6532958777030117,-13.918611024804672,21.9347,1.5307,1108602.7813
2025-09-10,600603.SH,区域地产,9.29,0.0,-0.022580645161290436,1.252,0.07897793263646924,0.08985957132298594,0.04558986446133296,0.6532958777030117,-13.918611024804672,21.9347,1.5307,1108602.7813
2025-09-11,600603.SH,区域地产,9.3,0.0010764262648010892,-0.07096774193548383,0.7911,0.07638888888888884,0.003890630898543135,0.045540866096191415,0.6526137179403511,-13.91968687209216,21.9583,1.5323,1109796.1104
2025-09-12,600603.SH,区域地产,9.3,0.0,-0.05297297297297299,0.7939,0.043771043771043905,-0.06773373743113764,0.045540866096191415,0.6526137179403511,-13.91968687209216,21.9583,1.5323,1109796.1104
2025-09-15,600603.SH,区域地产,9.25,-0.005376344086021612,-0.020902090209020896,0.9161,0.028921023359288034,-0.060078248590999306,0.04578691684638032,0.6561249261859458,-13.914296023506964,21.8403,1.5241,1103829.4647
2025-09-16,600603.SH,区域地产,9.09,-0.017297297297297343,-0.04290429042904298,1.01,0.011123470522803158,-0.23742205073606526,0.04659289458357601,0.6676904587033451,-13.896847380187166,21.4625,1.4977,1084736.1983
2025-09-17,600603.SH,区域地产,9.09,0.0,0.004629629629629539,0.712,0.008879023307436285,-0.3199681167121565,0.04659289458357601,0.6676904587033451,-13.896847380187166,21.4625,1.4977,1084736.1983
2025-09-18,600603.SH,区域地产,8.64,-0.04950495049504944,-0.012557077625570678,1.7591,-0.02483069977426622,-0.17621854940451154,0.04901960784313726,0.7024445068839562,-13.846075054810862,20.4,1.4236,1031036.3865
2025-09-19,600603.SH,区域地产,8.76,0.01388888888888884,-0.006741573033707926,1.0292,-0.00454545454545463,-0.14385112375062126,0.04834818428393922,0.6928086462519052,-13.85986837693124,20.6833,1.4434,1045356.3363
2025-09-22,600603.SH,区域地产,8.9,0.01598173515981749,0.03908045977011487,0.7906,0.03488372093023262,-0.13551727652634782,0.04758754919362898,0.6819421713038735,-13.875723748707491,21.0139,1.4664,1062062.9444
2025-09-23,600603.SH,区域地产,8.7,-0.022471910112359716,0.03456221198156695,1.1704,-0.01916572717023679,-0.10524397186940648,0.04868146258586193,0.6975933031042902,-13.852995497649417,20.5417,1.4335,1038196.3614
2025-09-24,600603.SH,区域地产,8.68,-0.0022988505747125743,0.021965317919075078,0.6062,0.004629629629629539,-0.10425543480533406,0.048793578765034526,0.6992029086841002,-13.850694000663134,20.4945,1.4302,1035809.7031
2025-09-25,600603.SH,区域地产,8.65,-0.003456221198156584,-0.004524886877827927,0.6842,-0.012557077625570678,-0.2729033079960932,0.04896296441371746,0.7016559079427449,-13.847231792889238,20.4236,1.4252,1032229.7156
2025-09-26,600603.SH,区域地产,8.84,0.021965317919075078,-0.0431415929203538,0.9022,0.04615384615384621,-0.2814338108089406,0.047910617951150335,0.6865774116031583,-13.868959348624701,20.8722,1.4565,1054902.9695
2025-09-29,600603.SH,区域地产,9.04,0.02262443438914019,-0.04454342984409798,0.8842,0.027272727272727115,-0.23861767302615955,0.04685047670360046,0.671366230278617,-13.89133164636036,21.3445,1.4895,1078769.5525
2025-09-30,600603.SH,区域地产,8.98,-0.006637168141592764,-0.02262443438914019,0.8622,0.011261261261261257,-0.2779399566470677,0.04716358216839285,0.6758583400919167,-13.884672354275956,21.2028,1.4796,1071609.5776
2025-10-09,600603.SH,区域地产,8.84,-0.015590200445434355,-0.03409090909090917,0.9096,-0.029637760702524663,-0.19931678454649693,0.047910617951150335,0.6865774116031583,-13.868959348624701,20.8722,1.4565,1054902.9695
2025-10-10,600603.SH,区域地产,8.8,-0.004524886877827927,-0.03930635838150287,1.0679,-0.048648648648648596,-0.10229466841313739,0.04812829077188153,0.6896551724137931,-13.864424193463188,20.7778,1.45,1050129.6529
2025-10-13,600603.SH,区域地产,8.65,-0.017045454545454586,0.0,0.8778,-0.08947368421052626,-0.08367807165578944,0.04896296441371746,0.7016559079427449,-13.847231792889238,20.4236,1.4252,1032229.7156
2025-10-14,600603.SH,区域地产,8.58,-0.008092485549133,-0.004629629629629761,0.8064,-0.09968520461699892,-0.08974939385708092,0.049362483525271124,0.7073636556553724,-13.839106385500873,20.2583,1.4137,1023876.4116
2025-10-15,600603.SH,区域地产,8.64,0.006993006993007089,0.0235294117647058,0.6515,-0.06996770721205581,-0.06623512983990543,0.04901960784313726,0.7024445068839562,-13.846075054810862,20.4,1.4236,1031036.3865
2025-10-16,600603.SH,区域地产,8.5,-0.01620370370370372,0.05174488567990365,0.7007,-0.08503767491926795,-0.08413248313835742,0.04982685169037594,0.7140307033202428,-13.829738635505546,20.0695,1.4005,1014329.7784
2025-10-17,600603.SH,区域地产,8.31,-0.022352941176470575,0.027972027972027913,0.8132,-0.1064516129032258,-0.14202614306250494,0.05096632145478268,0.7303534910896874,-13.807132080846499,19.6208,1.3692,991656.5245
2025-10-20,600603.SH,区域地产,8.58,0.032490974729241895,0.013953488372093092,0.8422,-0.07741935483870976,-0.15224192445973195,0.049362483525271124,0.7073636556553724,-13.839106385500873,20.2583,1.4137,1023876.4116
2025-10-21,600603.SH,区域地产,8.6,0.002331002331002363,-0.05977011494252871,0.5114,-0.07027027027027033,-0.19981808879540686,0.04924749822709007,0.7057163020465772,-13.841434675258421,20.3056,1.417,1026263.0699
2025-10-22,600603.SH,区域地产,8.7,0.011627906976744207,-0.10068649885583525,0.6752,-0.04290429042904298,-0.17879950394640765,0.04868146258586193,0.6975933031042902,-13.852995497649417,20.5417,1.4335,1038196.3614
2025-10-23,600603.SH,区域地产,8.74,0.0045977011494253706,-0.10090702947845809,0.6695,-0.03850385038503845,-0.18402202896530107,0.04845876885651843,0.6943962224845497,-13.857582661652355,20.6361,1.4401,1042969.678
2025-10-24,600603.SH,区域地产,8.82,0.009153318077803174,-0.0986238532110092,0.6605,0.02083333333333326,-0.16629744773535382,0.04801920768307323,0.6881365262868153,-13.866694341995784,20.825,1.4532,1052516.3112
2025-10-27,600603.SH,区域地产,8.72,-0.0113378684807256,-0.06845965770171147,1.4149,-0.004566210045662045,-0.046955299137011686,0.038947786597287676,0.7021485746383935,-13.855291709907778,25.6754,1.4242,1040583.0197
2025-10-29,600603.SH,区域地产,8.18,-0.061926605504587284,-0.03053435114503822,3.2274,-0.08089887640449445,0.4040849949307199,0.0415189284794938,0.748502994011976,-13.791364622556198,24.0854,1.336,976143.2455
2025-10-30,600603.SH,区域地产,7.86,-0.03911980440097795,-0.059268600252206816,2.2118,-0.0965517241379309,0.6385404674908655,0.043209236406374224,0.7789982083041208,-13.751459078416023,23.1432,1.2837,937956.7127
2025-10-31,600603.SH,区域地产,7.93,0.008905852417302684,-0.041984732824427495,2.0666,-0.08640552995391704,0.7875873391979253,0.04282783638053389,0.7720815318097591,-13.7603255075613,23.3493,1.2952,946310.0167
2025-11-03,600603.SH,区域地产,7.86,-0.008827238335434973,0.023622047244094446,1.553,-0.09132947976878614,0.8780000179306262,0.043209236406374224,0.7789982083041208,-13.751459078416023,23.1432,1.2837,937956.7127
2025-11-04,600603.SH,区域地产,7.62,-0.03053435114503822,0.018372703412073532,1.7734,-0.1380090497737556,0.8692804818071218,0.044570231542352866,0.8035355564483729,-13.720448841700327,22.4365,1.2445,909316.8131
2025-11-05,600603.SH,区域地产,7.62,0.0,0.05630026809651478,1.5615,-0.15707964601769897,0.5368931998138886,0.044570231542352866,0.8035355564483729,-13.720448841700327,22.4365,1.2445,909316.8131
2025-11-06,600603.SH,区域地产,7.46,-0.02099737532808399,0.07835325365205836,1.9688,-0.16926503340757237,0.42982698601547087,0.045526145665455674,0.8207485226526593,-13.69922788612398,21.9654,1.2184,890223.5466
2025-11-07,600603.SH,区域地产,7.53,0.009383378016085908,-0.016666666666666607,1.5081,-0.1481900452488687,0.30895320360850986,0.04510294747761766,0.8130742336775347,-13.708567513768445,22.1715,1.2299,898576.8507
2025-11-10,600603.SH,区域地产,7.8,0.03585657370517925,-0.03350515463917525,2.4184,-0.11363636363636376,0.37189314922916283,0.043541680273441755,0.784990972603815,-13.743796205677015,22.9665,1.2739,930796.7378
2025-11-11,600603.SH,区域地产,7.76,-0.00512820512820511,-0.07614213197969544,1.7194,-0.10289017341040474,0.3225096292773266,0.04376616612761339,0.7890168849613381,-13.738654806181026,22.8487,1.2674,926023.4212
2025-11-12,600603.SH,区域地产,7.88,0.015463917525773141,-0.13916256157635454,2.0021,-0.0815850815850816,0.3287644734296846,0.04309954702376078,0.7770007770007771,-13.754000375842532,23.2021,1.287,940343.371
2025-11-13,600603.SH,区域地产,8.12,0.030456852791878042,-0.07822685788787476,2.737,-0.06018518518518534,0.33848449014180715,0.04182577890056758,0.7540340823405217,-13.784002626121184,23.9087,1.3262,968983.2706
2025-11-14,600603.SH,区域地产,7.67,-0.05541871921182262,-0.07199999999999995,2.4527,-0.09764705882352942,0.38220214657593976,0.04427972387164194,0.79827572443522,-13.726989087320574,22.5837,1.2527,915283.4588
2025-11-17,600603.SH,区域地产,7.5,-0.022164276401564487,-0.06456043956043966,1.6097,-0.09747292418772568,0.2530997272478235,0.04528329227648167,0.8163265306122448,-13.704575492558114,22.0832,1.225,894996.8633
2025-11-18,600603.SH,区域地产,7.28,-0.029333333333333322,-0.014306151645207543,1.4405,-0.1515151515151515,0.19852904607409183,0.046651800292973306,0.8410428931875525,-13.674803334136346,21.4354,1.189,868743.6219
2025-11-19,600603.SH,区域地产,6.99,-0.039835164835164805,-0.01980198019801993,1.6225,-0.1872093023255813,0.11777406284532321,0.0485873235672813,0.8758868354208637,-13.634153028146958,20.5815,1.1417,834137.0765
2025-11-20,600603.SH,区域地产,7.07,0.011444921316166035,-0.012931034482758563,0.9555,-0.18735632183908035,-0.09135222203169246,0.04803743076605291,0.8660258075690656,-13.64553295191943,20.8171,1.1547,843683.7098
2025-11-21,600603.SH,区域地产,6.96,-0.015558698727015652,0.017621145374449254,1.2847,-0.2036613272311213,-0.2359009077469364,0.04879667401869888,0.8796622097114708,-13.629851946311126,20.4932,1.1368,830557.0891
2025-11-24,600603.SH,区域地产,6.81,-0.02155172413793105,0.0,1.2332,-0.22789115646258506,-0.28877185728431065,0.049871580679749644,0.8990380293086397,-13.608064592083256,20.0515,1.1123,812657.1518
2025-11-25,600603.SH,区域地产,6.89,0.011747430249632984,-0.0331890331890331,0.7375,-0.20986238532110102,-0.35334970263664023,0.04929240749047425,0.888651915044877,-13.619743556938117,20.2871,1.1253,822203.785
2025-11-26,600603.SH,区域地产,6.93,0.005805515239477588,-0.042212518195050897,0.6883,-0.15281173594132025,-0.41580040960270925,0.049007836353032845,0.8834702712253734,-13.625532285109797,20.4049,1.1319,826977.1016
2025-11-27,600603.SH,区域地产,6.87,-0.008658008658008587,-0.05627705627705626,0.5771,-0.12595419847328249,-0.43330617361328727,0.04943593597057573,0.8911861687906603,-13.616836578149108,20.2282,1.1221,819817.1267
2025-11-28,600603.SH,区域地产,6.93,0.008733624454148492,-0.020319303338171224,0.482,-0.12610340479192939,-0.5095728333344325,0.049007836353032845,0.8834702712253734,-13.625532285109797,20.4049,1.1319,826977.1016
2025-12-01,600603.SH,区域地产,6.89,-0.005772005772005762,0.023880597014925398,0.5791,-0.123409669211196,-0.5824404204214436,0.04929240749047425,0.888651915044877,-13.619743556938117,20.2871,1.1253,822203.785
2025-12-02,600603.SH,区域地产,6.7,-0.027576197387518042,0.012158054711246313,0.8245,-0.12073490813648291,-0.5562378092146494,0.0506904032928486,0.9138261902586128,-13.591779998394424,19.7276,1.0943,799530.5312
2025-12-03,600603.SH,区域地产,6.58,-0.017910447761193993,0.02599388379204881,0.8854,-0.13648293963254599,-0.5169819486772582,0.05161476801742514,0.9304922303898763,-13.573707217350696,19.3743,1.0747,785210.5814
2025-12-04,600603.SH,区域地产,6.54,-0.006079027355623157,-0.026666666666666616,0.6058,-0.1233243967828418,-0.4876552809755913,0.051930516968296425,0.9361542782250515,-13.567609637488031,19.2565,1.0682,780437.2648
2025-12-05,600603.SH,区域地产,6.75,0.032110091743119185,-0.042274052478134094,0.9764,-0.10358565737051795,-0.40055280700531903,0.050314718564621705,0.9070294784580498,-13.599214976813384,19.8749,1.1025,805497.1769
2025-12-08,600603.SH,区域地产,6.86,0.016296296296296253,-0.024024024024024038,1.1502,-0.12051282051282042,-0.276604406520217,0.04950813666226044,0.8925383791503034,-13.615379913714879,20.1987,1.1204,818623.7976
2025-12-09,600603.SH,区域地产,6.66,-0.029154518950437303,-0.058122205663189264,0.7668,-0.14175257731958757,-0.2571936809114397,0.05099465066114565,0.9192866335723477,-13.58579195655506,19.6099,1.0878,794757.2146
2025-12-10,600603.SH,区域地产,6.71,0.007507507507507505,-0.027397260273972712,0.4695,-0.14847715736040612,-0.2809805058337562,0.05061471572244914,0.9124920156948626,-13.593271422917347,19.7571,1.0959,800723.8603
2025-12-11,600603.SH,区域地产,6.57,-0.020864381520119157,-0.03348554033485551,0.4543,-0.190886699507389,-0.228680976171593,0.05169321113058222,0.9318796011555307,-13.572186304447573,19.3449,1.0731,784017.2522
2025-12-12,600603.SH,区域地产,6.57,0.0,0.0,0.3385,-0.14341590612777044,-0.28076237875745835,0.05169321113058222,0.9318796011555307,-13.572186304447573,19.3449,1.0731,784017.2522
2025-12-15,600603.SH,区域地产,6.5,-0.010654490106544956,0.025316455696202445,0.4681,-0.1333333333333333,-0.3960785736310376,0.0522498798252764,0.9419743782969102,-13.561474648926035,19.1388,1.0616,775663.9482
2025-12-16,600603.SH,区域地产,6.32,-0.027692307692307683,-0.0015649452269169695,0.7148,-0.13186813186813184,-0.3815178763389865,0.053738016422337824,0.968804495252858,-13.533391680076319,18.6088,1.0322,754184.0234
2025-12-17,600603.SH,区域地产,6.39,0.011075949367088445,0.04409448818897643,0.8462,-0.0858369098712447,-0.24938987491604547,0.05314936566232081,0.9581297307655456,-13.54440674036385,18.8149,1.0437,762537.3275
2025-12-18,600603.SH,区域地产,6.35,-0.006259780907668211,0.03384615384615386,0.5312,-0.10183875530410191,-0.20654732577872648,0.053484230174732986,0.9642271719217048,-13.538127284884377,18.6971,1.0371,757764.0109
2025-12-19,600603.SH,区域地产,6.5,0.023622047244094446,0.020061728395061706,0.6049,-0.06609195402298851,-0.09136057644002371,0.0522498798252764,0.9419743782969102,-13.561474648926035,19.1388,1.0616,775663.9482
2025-12-22,600603.SH,区域地产,6.48,-0.003076923076922977,0.012539184952978122,0.4921,-0.048458149779735615,-0.03304099994694032,0.052411176159204195,0.9448223733938019,-13.558392982262092,19.0799,1.0584,773277.2898
2025-12-23,600603.SH,区域地产,6.38,-0.015432098765432167,-0.02714932126696823,0.4239,-0.07402031930333819,-0.09984393319408946,0.05323282975076389,0.9596928982725528,-13.542840569266769,18.7854,1.042,761343.9983
2025-12-24,600603.SH,区域地产,6.63,0.03918495297805635,-0.07440476190476186,1.2434,-0.04329004329004327,-0.018772982388232884,0.05122557180544528,0.9234463015975621,-13.581277276141321,19.5215,1.0829,791177.2271
2025-12-25,600603.SH,区域地产,6.72,0.013574660633484115,-0.04689863842662645,1.1115,-0.02183406113537123,0.10986068754205869,0.05053950926136507,0.9110787172011663,-13.594760626529956,19.7865,1.0976,801917.1895
2025-12-26,600603.SH,区域地产,6.61,-0.01636904761904756,0.006191950464396356,0.6935,-0.04617604617604609,0.11829958886044523,0.05138059663148809,0.9262689885142646,-13.578256125809633,19.4626,1.0796,788790.5688
2025-12-29,600603.SH,区域地产,6.46,-0.0226928895612708,0.018604651162790642,0.8555,-0.062409288824383125,0.1974682668695742,0.052573471426318276,0.9477774618519572,-13.555301789694822,19.021,1.0551,770890.6315
2025-12-30,600603.SH,区域地产,6.45,-0.001547987616099089,0.059485530546623755,0.7297,-0.03731343283582089,0.29054359859905143,0.05265513519205961,0.9492168960607498,-13.553752602774159,18.9915,1.0535,769697.3024
2025-12-31,600603.SH,区域地产,6.22,-0.03565891472868221,0.05555555555555558,1.3011,-0.054711246200607966,0.2698580264457888,0.05460214149598947,0.984348853233586,-13.51744237868143,18.3143,1.0159,742250.7319
2026-01-05,600603.SH,区域地产,6.3,0.012861736334405238,0.006153846153846176,1.2656,-0.03669724770642202,0.25551265773585885,0.05390864640779734,0.9718172983479106,-13.530222105317565,18.5499,1.029,751797.3651
2026-01-06,600603.SH,区域地产,6.5,0.031746031746031855,-0.009132420091324311,1.7245,-0.03703703703703709,0.4522807732942855,0.0522498798252764,0.9419743782969102,-13.561474648926035,19.1388,1.0616,775663.9482
2026-01-07,600603.SH,区域地产,6.57,0.010769230769230864,-0.03338391502276172,1.4238,-0.042274052478134094,0.5662529087606094,0.05169321113058222,0.9318796011555307,-13.572186304447573,19.3449,1.0731,784017.2522
2026-01-08,600603.SH,区域地产,6.59,0.003044140030441289,-0.0586466165413535,0.9298,-0.010510510510510551,0.5990470403503809,0.05153629701398695,0.9291089844838799,-13.575225820462954,19.4038,1.0763,786403.9105
2026-01-09,600603.SH,区域地产,6.65,0.009104704097116834,-0.050458715596330306,1.0148,-0.00894187779433675,0.4815462043897665,0.05107147964290821,0.9207255317189945,-13.584289326608843,19.5804,1.0861,793563.8854
2026-01-12,600603.SH,区域地产,6.54,-0.016541353383458746,-0.03533026113671267,1.6999,-0.004566210045662156,0.475669099756691,0.051930516968296425,0.9361542782250515,-13.567609637488031,19.2565,1.0682,780437.2648
2026-01-13,600603.SH,区域地产,6.51,-0.004587155963302836,-0.01883830455259028,1.2384,-0.009132420091324311,0.3062285439115193,0.052169739464321116,0.9404683532399135,-13.563011928179172,19.1682,1.0633,776857.2773
2026-01-14,600603.SH,区域地产,6.37,-0.021505376344086002,-0.009584664536741117,1.6926,-0.020000000000000018,0.2807003875893499,0.05331627212625293,0.9611687812379854,-13.541271941561156,18.756,1.0404,760150.6692
2026-01-15,600603.SH,区域地产,6.26,-0.017268445839874413,0.06602254428341392,0.9818,-0.009493670886076,0.2742619278799474,0.05425317787989432,0.9780907668231612,-13.523852657037185,18.4321,1.0224,747024.0485
2026-01-16,600603.SH,区域地产,6.21,-0.007987220447284282,0.07484076433121012,0.8197,-0.028169014084507005,0.23832763010342828,0.05468993541118628,0.9859016070196195,-13.515833367944502,18.2849,1.0143,741057.4028
2026-01-19,600603.SH,区域地产,6.28,0.011272141706924366,0.08479999999999999,0.8497,-0.011023622047244053,0.058427584114674636,0.05408036342004218,0.9749439407234084,-13.527042452402727,18.491,1.0257,749410.7068
2026-01-20,600603.SH,区域地产,6.25,-0.004777070063694322,0.0903225806451613,0.6994,-0.038461538461538436,-0.04803522299876806,0.05434014758784085,0.9796238244514107,-13.522253935741812,18.4026,1.0208,745830.7194
2026-01-21,600603.SH,区域地产,6.2,-0.008000000000000007,-0.0015105740181268201,0.8997,-0.04320987654320996,-0.21284545542936262,0.054778312170645396,0.9875567845151096,-13.514221763983995,18.2554,1.0126,739864.0736
2026-01-22,600603.SH,区域地产,6.62,0.06774193548387086,-0.022222222222222254,2.7881,0.037617554858934144,0.011013041210224284,0.05130283550771851,0.924898261191269,-13.579767841957,19.4921,1.0812,789983.898
2026-01-23,600603.SH,区域地产,6.75,0.01963746223564944,-0.03539823008849563,2.3594,0.018099547511312153,0.21160356480650733,0.050314718564621705,0.9070294784580498,-13.599214976813384,19.8749,1.1025,805497.1769
2026-01-26,600603.SH,区域地产,6.78,0.004444444444444473,-0.053254437869822424,1.5075,0.008928571428571397,0.29605684115488007,0.05009216959204937,0.9030160736861117,-13.603649573939478,19.9632,1.1074,809077.1644
2026-01-27,600603.SH,区域地产,6.76,-0.002949852507374673,-0.01966717095310133,1.4121,0.0226928895612708,0.3693377263477784,0.05024040031550971,0.9057150620414817,-13.600695362044606,19.9043,1.1041,806690.5061
2026-01-28,600603.SH,区域地产,6.61,-0.022189349112425982,-0.0015151515151514694,0.9888,0.023219814241486114,0.37594202017746436,0.05138059663148809,0.9262689885142646,-13.578256125809633,19.4626,1.0796,788790.5688
2026-01-29,600603.SH,区域地产,6.6,-0.001512859304084846,0.012232415902140747,0.851,0.02325581395348819,0.07666073042268318,0.05145832904513925,0.9276437847866419,-13.57674212104315,19.4332,1.078,787597.2397
2026-01-30,600603.SH,区域地产,6.54,-0.009090909090909038,0.04531250000000009,0.8948,0.05144694533762073,-0.13150598662130297,0.051930516968296425,0.9361542782250515,-13.567609637488031,19.2565,1.0682,780437.2648
2026-02-02,600603.SH,区域地产,6.4,-0.021406727828746086,0.04938271604938271,1.0663,0.01587301587301604,-0.19309963199585178,0.05306644449515238,0.9566631589017508,-13.545970462273234,18.8443,1.0453,763730.6566
2026-02-03,600603.SH,区域地产,6.48,0.012499999999999956,0.02427921092564489,0.4724,-0.003076923076922977,-0.30487189914599433,0.052411176159204195,0.9448223733938019,-13.558392982262092,19.0799,1.0584,773277.2898
2026-02-04,600603.SH,区域地产,6.59,0.016975308641975273,0.04682779456193353,0.8318,0.003044140030441289,-0.3138928244020335,0.05153629701398695,0.9291089844838799,-13.575225820462954,19.4038,1.0763,786403.9105
2026-02-05,600603.SH,区域地产,6.62,0.004552352048558417,0.022421524663676973,0.7598,0.004552352048558417,-0.3243075373510156,0.05130283550771851,0.924898261191269,-13.579767841957,19.4921,1.0812,789983.898
2026-02-06,600603.SH,区域地产,6.69,0.010574018126888296,-0.002941176470588225,1.4053,0.006015037593984918,-0.25088671883064584,0.05076605984303134,0.9151642719868216,-13.59028634607632,19.6982,1.0927,798337.202
2026-02-09,600603.SH,区域地产,6.8,0.01644245142002987,0.004444444444444473,1.1313,0.039755351681957096,-0.2218825449579067,0.04994481098386284,0.9004141905276427,-13.60659508416669,20.0221,1.1106,811463.8227
2026-02-10,600603.SH,区域地产,6.75,-0.007352941176470562,0.024531024531024626,0.6282,0.03686635944700467,-0.17422535883713774,0.050314718564621705,0.9070294784580498,-13.599214976813384,19.8749,1.1025,805497.1769
2026-02-11,600603.SH,区域地产,6.93,0.026666666666666616,0.032163742690058506,1.5873,0.08791208791208782,-0.03866680619506058,0.049007836353032845,0.8834702712253734,-13.625532285109797,20.4049,1.1319,826977.1016
2026-02-12,600603.SH,区域地产,6.84,-0.012987012987012991,0.05604719764011801,1.0046,0.09265175718849838,0.003031728608018369,0.04965267950684959,0.8950948800572861,-13.612460203614043,20.1399,1.1172,816237.1393
2026-02-13,600603.SH,区域地产,6.78,-0.00877192982456132,0.05752212389380529,0.7334,0.09178743961352653,-0.11069525029622806,0.05009216959204937,0.9030160736861117,-13.603649573939478,19.9632,1.1074,809077.1644
2026-02-24,600603.SH,区域地产,6.78,0.0,-0.005633802816901401,0.6818,0.07961783439490455,-0.18331498039906613,0.05009216959204937,0.9030160736861117,-13.603649573939478,19.9632,1.1074,809077.1644
2026-02-25,600603.SH,区域地产,7.1,0.0471976401179941,-0.004249291784702458,1.7807,0.1359999999999999,-0.026618399532464476,0.047834530791087466,0.8623663332183512,-13.64976725599545,20.9054,1.1596,847263.6972
2026-02-26,600603.SH,区域地产,7.06,-0.005633802816901401,0.0,0.9303,0.1387096774193548,-0.13822018988112483,0.0481056014162289,0.8672274737663689,-13.64411752345801,20.7876,1.1531,842490.3806
2026-02-27,600603.SH,区域地产,7.16,0.014164305949008638,0.023709902370990132,1.2756,0.08157099697885206,-0.031171533108544036,0.04743360481166487,0.8551393877201984,-13.65818245291381,21.0821,1.1694,854423.6721
2026-03-02,600603.SH,区域地产,7.17,0.0013966480446927498,0.08073654390934859,1.4487,0.06222222222222218,0.14382681133336783,0.04736754849252777,0.853898044573478,-13.65957812661008,21.1115,1.1711,855617.0013
2026-03-03,600603.SH,区域地产,7.06,-0.015341701534170249,0.049786628733997196,2.2749,0.041297935103244754,0.39178937772743483,0.0481056014162289,0.8672274737663689,-13.64411752345801,20.7876,1.1531,842490.3806
2026-03-04,600603.SH,区域地产,7.03,-0.004249291784702458,0.04469273743016755,1.4379,0.03994082840236701,0.32836298563437305,0.04831081244293285,0.8709284096847238,-13.63985917783858,20.6993,1.1482,838910.3932
2026-03-05,600603.SH,区域地产,7.16,0.01849217638691325,0.08446866485013627,1.875,0.08320726172465953,0.44112764454230646,0.04743360481166487,0.8551393877201984,-13.65818245291381,21.0821,1.1694,854423.6721
2026-03-06,600603.SH,区域地产,7.34,0.025139664804469275,0.05504587155963314,2.6448,0.11212121212121207,0.5574243210308509,0.046270376316970584,0.8341675008341675,-13.68301131454759,21.6121,1.1988,875903.5968
2026-03-09,600603.SH,区域地产,7.63,0.03950953678474112,0.0907859078590787,5.7461,0.16666666666666674,0.881626856731345,0.04451170657883023,0.8024394158241053,-13.72176031724207,22.466,1.2462,910510.1422
2026-03-10,600603.SH,区域地产,7.38,-0.032765399737876844,0.026737967914438387,2.2673,0.15312499999999996,0.8075504896950565,0.046019751677419944,0.8296001327360212,-13.688446110529215,21.7298,1.2054,880676.9134
2026-03-11,600603.SH,区域地产,7.48,0.013550135501354976,-0.002512562814070307,1.5824,0.154320987654321,0.7629514912324524,0.045404394237274284,0.8185315543914218,-13.701905263892593,22.0243,1.2217,892610.2049
2025-07-29,600604.SH,园区开发,5.95,-0.011627906976744096,-0.025817555938037806,3.4926,0.18525896414342635,-0.23526035454903005,0.004871770138192632,0.5725409366769725,-13.92402083048574,205.2642,1.7466,1114616.3584
2025-07-30,600604.SH,园区开发,5.81,-0.02352941176470602,-0.008818342151675429,2.9371,0.17611336032388647,-0.376498783641673,0.004989161047624036,0.5863383172090296,-13.900210181752026,200.4345,1.7055,1088390.0911
2025-07-31,600604.SH,园区开发,5.67,-0.02409638554216864,-0.007054673721340388,2.2185,0.14777327935222662,-0.46333756665693426,0.005112348981211095,0.600817111271329,-13.875818728680047,195.6048,1.6644,1062163.8239
2025-08-01,600604.SH,园区开发,5.67,0.0,0.007104795737122638,1.4606,0.1454545454545455,-0.5273958984647358,0.005112348981211095,0.600817111271329,-13.875818728680047,195.6048,1.6644,1062163.8239
2025-08-04,600604.SH,园区开发,5.63,-0.007054673721340388,0.008833922261484162,1.5221,0.128256513026052,-0.58173175904507,0.005148673083972799,0.6050704907121679,-13.868739053107369,194.2248,1.6527,1054670.6047
2025-08-05,600604.SH,园区开发,5.66,0.005328596802842034,0.012455516014235002,1.3399,0.12301587301587302,-0.6587841516898881,0.005121381871742161,0.6018657839301835,-13.874053503159303,195.2598,1.6615,1060290.5191
2025-08-06,600604.SH,园区开发,5.62,-0.007067137809187329,0.005328596802842034,1.3883,0.11952191235059773,-0.714023209872536,0.0051578349059571964,0.606134076857801,-13.866961274770265,193.8798,1.6498,1052797.2998
2025-08-07,600604.SH,园区开发,5.63,0.001779359430605032,0.0017636684303350414,1.4585,0.0910852713178294,-0.7374331854363936,0.005148673083972799,0.6050704907121679,-13.868739053107369,194.2248,1.6527,1054670.6047
2025-08-08,600604.SH,园区开发,5.67,0.007104795737122638,0.012259194395796813,1.4631,-0.0017605633802816323,-0.7377903262219727,0.005112348981211095,0.600817111271329,-13.875818728680047,195.6048,1.6644,1062163.8239
2025-08-11,600604.SH,园区开发,5.71,0.007054673721340388,0.01581722319859402,1.693,-0.08640000000000003,-0.7323879369018951,0.005076536401050437,0.5965875193890944,-13.882848634593135,196.9847,1.6762,1069657.0431
2025-08-12,600604.SH,园区开发,5.69,-0.003502626970227629,0.060070671378091856,1.6779,-0.16568914956011727,-0.6747019205622666,0.005094381050532694,0.5986948452373826,-13.879339859071013,196.2947,1.6703,1065910.4335
2025-08-13,600604.SH,园区开发,5.66,-0.005272407732864748,0.06690140845070425,1.5693,-0.21497919556171985,-0.6150662646841731,0.005121381871742161,0.6018657839301835,-13.874053503159303,195.2598,1.6615,1060290.5191
2025-08-14,600604.SH,园区开发,5.68,0.0035335689045936647,0.05536332179930792,3.9889,-0.1885714285714286,-0.4121003064747205,0.005103350502705541,0.5997361161089121,-13.877580843669634,195.9497,1.6674,1064037.1287
2025-08-15,600604.SH,园区开发,5.78,0.01760563380281699,0.05363321799307941,2.6282,-0.09968847352024912,-0.2658699028447835,0.005015055195697484,0.5893793835091649,-13.895033293583461,199.3996,1.6967,1082770.1767
2025-08-18,600604.SH,园区开发,5.78,0.0,0.021666666666666723,2.4574,-0.06774193548387097,-0.12520389273156796,0.005015055195697484,0.5893793835091649,-13.895033293583461,199.3996,1.6967,1082770.1767
2025-08-19,600604.SH,园区开发,6.0,0.03806228373702414,0.0016501650165017256,4.6843,0.0,0.1473450789224997,0.004831169935436245,0.5677624481916765,-13.932389080138313,206.9892,1.7613,1123982.8824
2025-08-20,600604.SH,园区开发,6.06,0.010000000000000009,-0.04426229508196711,3.325,-0.008183306055646544,0.36280365593670916,0.004783338674728187,0.5621451458766654,-13.942339410970341,209.059,1.7789,1135222.7112
2025-08-21,600604.SH,园区开发,6.1,0.0066006600660066805,-0.029556650246305383,4.1563,-0.0016366612111293755,0.38583613326397925,0.004751970879922448,0.5584408331937232,-13.948918382054519,210.439,1.7907,1142715.9304
2025-08-22,600604.SH,园区开发,6.09,-0.0016393442622950616,-0.0587275693311583,3.2083,0.014999999999999902,0.4353052920508558,0.004759774196312127,0.5593779716954747,-13.947277692600508,210.094,1.7877,1140842.6256
2025-08-25,600604.SH,园区开发,6.13,0.006568144499178974,-0.054365733113673764,3.9527,0.0182724252491695,0.527130496622022,0.002121170147754349,0.5453454763592736,-13.953824360900178,471.4379,1.8337,1148335.8449
2025-08-26,600604.SH,园区开发,6.07,-0.009787928221859588,-0.03430531732418529,2.436,0.020168067226890685,0.3782436941898988,0.0021421372317374766,0.5507214450930719,-13.943988215957042,466.8235,1.8158,1137096.016
2025-08-27,600604.SH,园区开发,5.83,-0.03953871499176276,-0.08291032148900168,3.0279,0.003442340791738552,0.35179091432691223,0.002230321262165566,0.573394495412844,-13.903646611243358,448.3659,1.744,1092136.7007
2025-08-28,600604.SH,园区开发,5.91,0.013722126929674117,-0.060658578856152445,1.8845,0.042328042328042326,0.1767033911707101,0.002200130951794251,0.565642853102551,-13.917275442360781,454.5184,1.7679,1107123.1392
2025-08-29,600604.SH,园区开发,5.77,-0.02368866328257202,-0.04703832752613246,1.6293,0.017636684303350858,0.04507293259973033,0.0022535135092501095,0.5793742757821553,-13.893301691422865,443.7515,1.726,1080896.8719
2025-09-01,600604.SH,园区开发,5.74,-0.005199306759098632,-0.023090586145648295,1.2876,0.019538188277087087,-0.1663783792562996,0.002265291453531057,0.5823772639916137,-13.888088821245454,441.4443,1.7171,1075276.9575
2025-09-02,600604.SH,园区开发,5.63,-0.019163763066202155,0.02029520295202958,1.7014,-0.005300353356890497,-0.23167244079253657,0.0023095514966471084,0.5937537109606935,-13.868739053107369,432.9845,1.6842,1054670.6047
2025-09-03,600604.SH,园区开发,5.42,-0.03730017761989346,0.014760147601476037,1.5004,-0.03558718861209964,-0.3562678463704002,0.0023990359713852586,0.6167889964843027,-13.83072542639333,416.8341,1.6213,1015331.2038
2025-09-04,600604.SH,园区开发,5.42,0.0,0.01645338208409508,1.3964,-0.03730017761989346,-0.39477207612965315,0.0023990359713852586,0.6167889964843027,-13.83072542639333,416.8341,1.6213,1015331.2038
2025-09-05,600604.SH,园区开发,5.47,0.009225092250922495,0.018181818181818077,1.2172,-0.03527336860670194,-0.4251143215572013,0.00237710656212152,0.611134877467457,-13.839908227355858,420.6795,1.6363,1024697.7278
2025-09-08,600604.SH,园区开发,5.5,0.005484460694698434,0.012658227848101111,1.3082,-0.03677758318739055,-0.4189227769937923,0.0023641405273499144,0.60779189205616,-13.845377703148683,422.9867,1.6453,1030317.6422
2025-09-09,600604.SH,园区开发,5.53,0.005454545454545601,0.045454545454545414,1.6649,-0.02811950790861162,-0.4217468107587681,0.0023513151728722184,0.6045218232378189,-13.850817426432918,425.2939,1.6542,1035937.5566
2025-09-10,600604.SH,园区开发,5.5,-0.005424954792043413,0.02877697841726623,1.1237,-0.028268551236749095,-0.4474604043755893,0.0023641405273499144,0.60779189205616,-13.845377703148683,422.9867,1.6453,1030317.6422
2025-09-11,600604.SH,园区开发,5.56,0.010909090909090757,-0.008928571428571397,1.3433,-0.021126760563380254,-0.42025994383123244,0.002338628221489608,0.6012506012506013,-13.856227719149707,427.6011,1.6632,1041557.471
2025-09-12,600604.SH,园区开发,5.6,0.007194244604316502,-0.02142857142857124,1.5227,-0.03114186851211087,-0.3787028051977023,0.002321924094908183,0.5969436485195797,-13.863396208613231,430.6773,1.6752,1049050.6902
2025-09-15,600604.SH,园区开发,5.6,0.0,-0.050434782608695605,1.4581,-0.03114186851211087,-0.3508562979999179,0.002321924094908183,0.5969436485195797,-13.863396208613231,430.6773,1.6752,1049050.6902
2025-09-16,600604.SH,园区开发,5.75,0.026785714285714413,-0.07167832167832167,2.148,-0.04166666666666663,-0.2641849854329784,0.002261352157431719,0.5813615487471658,-13.889829465719517,442.2133,1.7201,1077150.2623
2025-09-17,600604.SH,园区开发,5.72,-0.00521739130434784,0.05225225225225216,1.4764,-0.05610561056105612,-0.1939315422391128,0.0022732123969183425,0.5844193793466191,-13.884598416313164,439.9061,1.7111,1071530.3479
2025-09-18,600604.SH,园区开发,5.55,-0.029720279720279685,0.06386861313868608,1.9927,-0.0901639344262295,-0.07747111698860243,0.0023428421486673913,0.6023370678231539,-13.854427538649364,426.832,1.6602,1039684.1662
2025-09-19,600604.SH,园区开发,5.48,-0.012612612612612484,0.11904761904761907,1.3517,-0.10016420361247935,-0.0484288501006408,0.002372769152102807,0.610016470444702,-13.841734711877976,421.4485,1.6393,1026571.0326
2025-09-22,600604.SH,园区开发,5.46,-0.0036496350364964014,0.11299435028248594,1.0421,-0.10929853181076676,-0.014422145328719771,0.0023814604258432276,0.6122573930080206,-13.838078400682715,419.9104,1.6333,1022824.423
2025-09-23,600604.SH,园区开发,5.31,-0.027472527472527486,0.020547945205479534,1.5675,-0.12520593080724884,-0.06075085324232077,0.0024487333192286295,0.6295643414756988,-13.810221446139979,408.3744,1.5884,994724.8509
2025-09-24,600604.SH,园区开发,5.84,0.09981167608286268,0.05831903945111483,3.6268,0.0017152658662091813,0.18857795049452752,0.002226502549679395,0.5724098454493417,-13.905360407717488,449.1349,1.747,1094010.0055
2025-09-25,600604.SH,园区开发,5.83,-0.001712328767123239,0.026186579378068675,5.9347,-0.013536379018612488,0.4903990014630879,0.002230321262165566,0.573394495412844,-13.903646611243358,448.3659,1.744,1092136.7007
2025-09-26,600604.SH,园区开发,6.11,0.0480274442538593,0.03384094754653133,8.6915,0.05892547660311975,0.9248027346137613,0.002128113722992375,0.5471357443781802,-13.95055638405532,469.8997,1.8277,1144589.2352
2025-09-29,600604.SH,园区开发,5.91,-0.032733224222585955,0.05536912751677847,4.9693,0.029616724738676048,1.1081106363075874,0.002200130951794251,0.565642853102551,-13.917275442360781,454.5184,1.7679,1107123.1392
2025-09-30,600604.SH,园区开发,5.96,0.008460236886632888,0.008103727714748654,2.6354,0.05861456483126104,1.15611098371933,0.002181673636023097,0.5608839531101015,-13.925700092001847,458.3637,1.7829,1116489.6632
2025-10-09,600604.SH,园区开发,6.17,0.03523489932885915,-0.030303030303030276,5.5442,0.13837638376383765,1.135938232964464,0.0021074189365500413,0.5417998591320367,-13.96032844885524,474.5141,1.8457,1155829.0641
2025-10-10,600604.SH,园区开发,6.27,0.01620745542949753,-0.036006546644844595,4.7765,0.15682656826568264,0.9219747666301408,0.0020738076435572604,0.5331627212625294,-13.976405965548276,482.2048,1.8756,1174562.1121
2025-10-13,600604.SH,园区开发,6.11,-0.02551834130781483,0.030206677265500748,3.0726,0.11700182815356497,0.4671014824376465,0.002128113722992375,0.5471357443781802,-13.95055638405532,469.8997,1.8277,1144589.2352
2025-10-14,600604.SH,园区开发,6.29,0.029459901800327204,0.04983922829581999,4.3712,0.14363636363636356,0.3529287901673426,0.0020672138030346284,0.5314625850340137,-13.979590681609029,483.7429,1.8816,1178308.7217
2025-10-15,600604.SH,园区开发,6.22,-0.011128775834658211,0.15296052631578938,3.0303,0.12477396021699816,0.3485887348468757,0.002090477977337128,0.5374321491911646,-13.968399517671646,478.3595,1.8607,1165195.5881
2025-10-16,600604.SH,园区开发,6.08,-0.022508038585209,0.1494057724957556,2.3693,0.10545454545454547,0.12006967101739696,0.002138614284874116,0.5498130635583901,-13.945634306860239,467.5925,1.8188,1138969.3208
2025-10-17,600604.SH,园区开发,5.89,-0.03125000000000011,0.004629629629629539,2.3304,0.059352517985611586,-0.050322790613255286,0.002207601522626922,0.5675691015381122,-13.913885608613631,452.9803,1.7619,1103376.5296
2025-07-29,600605.SH,房产服务,39.06,0.014282004674110782,0.003926701570680535,1.4406,0.05681818181818188,0.10879325466822731,0.011583190473984156,0.1692247812769702,-13.599515355839255,86.332,5.9093,805739.1677
2025-07-30,600605.SH,房产服务,38.2,-0.022017409114183262,0.042709466811751806,1.4636,0.058758314855875904,0.093997052774764,0.011843962895233042,0.17303433001107418,-13.577251945996364,84.4312,5.7792,787998.8788
2025-07-31,600605.SH,房产服务,36.76,-0.037696335078534204,-0.0023809523809522615,2.0253,0.001362026695723051,0.029972269003330165,0.012307919530822107,0.17981083899737477,-13.538826727840664,81.2485,5.5614,758294.209
2025-08-01,600605.SH,房产服务,37.8,0.028291621327529937,-0.02111375032990226,1.8184,0.04218362282878396,0.10065912199975124,0.011969296360974827,0.17486491685173203,-13.566725532958346,83.5471,5.7187,779747.5816
2025-08-04,600605.SH,房产服务,37.89,0.0023809523809523725,0.06336375488917856,1.5675,0.015817694369973267,0.038555210011615326,0.011940854559197384,0.17445004622926225,-13.569103655413272,83.7461,5.7323,781604.1235
2025-08-05,600605.SH,房产服务,38.35,0.01214040643969394,0.008609444299504165,1.3836,0.04014103607268793,0.030705627232874066,0.011797628204825703,0.17235733121908342,-13.581170958152757,84.7628,5.8019,791093.1152
2025-08-06,600605.SH,房产服务,38.33,-0.0005215123859192428,-0.005038451339167249,1.4952,0.049561883899233106,0.009679648987123146,0.011803783348638906,0.1724464984738485,-13.5806493098053,84.7186,5.7989,790680.5504
2025-08-07,600605.SH,房产服务,37.71,-0.016175319593007997,-0.006470746832030305,1.2119,0.03598901098901108,-0.10040518224176787,0.011997859581850597,0.1752817654379415,-13.564341741681426,83.3482,5.7051,777891.0398
2025-08-08,600605.SH,房产服务,37.09,-0.016441262264651257,-0.10004904364884748,1.096,0.026854928017718827,-0.18715174563440984,0.012198409571360085,0.17821182257230944,-13.547763821910927,81.9779,5.6113,765101.5292
2025-08-11,600605.SH,房产服务,40.78,0.09948773254246412,-0.06828763579927555,7.6019,0.06142634044768358,0.37945689399455285,0.011094629422735336,0.16208768943998703,-13.642608195549935,90.1337,6.1695,841219.7455
2025-08-12,600605.SH,房产服务,38.66,-0.051986267778322826,-0.03624733475479758,8.3105,0.023292747485441856,0.8293118565907835,0.011703037757510717,0.17097524278484477,-13.589221904121084,85.4479,5.8488,797487.8705
2025-08-13,600605.SH,房产服务,37.52,-0.029487842731505287,-0.03256445047489831,4.9605,-0.013669821240799074,0.9787027908306765,0.012058609666422682,0.1761710973697655,-13.559290554486141,82.9283,5.6763,773971.6736
2025-08-14,600605.SH,房产服务,36.85,-0.017857142857142905,-0.04495912806539526,3.276,-0.03961428199113881,1.062908962392314,0.012277862767872271,0.17937219730941703,-13.541272049039843,81.4474,5.575,760150.7509
2025-08-15,600605.SH,房产服务,36.7,-0.004070556309362261,-0.030816213214880817,2.8613,-0.038007863695937005,1.1315414102713337,0.012328039262339443,0.18010554184752264,-13.537193185379351,81.1159,5.5523,757056.5144
2025-08-18,600605.SH,房产服务,36.02,-0.018528610354223374,-0.025995575221238854,3.3443,-0.06490134994807895,0.7375658910880689,0.01256077846680626,0.18350644107608177,-13.518490770162789,79.6129,5.4494,743029.3093
2025-08-19,600605.SH,房产服务,36.16,0.0038867295946694025,-0.020476858345021,2.5983,-0.05166535536323125,0.27366768816802445,0.012512152428045738,0.18279530581654663,-13.522369965930691,79.9223,5.4706,745917.2633
2025-08-20,600605.SH,房产服务,35.65,-0.014103982300884943,-0.04422253922967179,1.7235,-0.07809671580036215,0.027824471461627143,0.012691144500102162,0.185411799606927,-13.508165577239156,78.7951,5.3934,735396.8594
2025-08-21,600605.SH,房产服务,35.05,-0.016830294530154277,-0.06760240618733881,2.2827,-0.11265822784810131,-0.045190960317223694,0.01290838916211646,0.18858317460916138,-13.491192043776813,77.469,5.3027,723019.9136
2025-08-22,600605.SH,房产服务,34.91,-0.003994293865905885,-0.030096536059057377,2.5702,-0.12065491183879107,-0.09173682931341565,0.01296016692695002,0.18934014957871817,-13.48718975142124,77.1595,5.2815,720131.9596
2025-08-25,600605.SH,房产服务,35.22,0.008879977083930068,-0.0297823596792669,1.685,-0.08543235523240711,-0.20610860017947108,0.012846089714521348,0.18767359807822234,-13.49603053337421,77.8447,5.3284,726526.7149
2025-08-26,600605.SH,房产服务,34.92,-0.008517887563884052,-0.009253731343283667,1.362,-0.10599078341013823,-0.29547546840368455,0.004668815255447224,0.19656406022722805,-13.487476161374278,214.1871,5.0874,720338.2421
2025-08-27,600605.SH,房产服务,33.5,-0.040664375715922185,0.010445468509984845,2.7143,-0.12303664921465973,-0.24032894124719972,0.004866717637422723,0.20489703923778302,-13.44596186926183,205.4773,4.8805,691046.1372
2025-08-28,600605.SH,房产服务,32.55,-0.028358208955224007,-0.037177985948477654,2.8823,-0.11452665941240481,-0.20953592714123104,0.005008757813036094,0.21087703759937582,-13.41719379902048,199.6503,4.7421,671449.3064
2025-08-29,600605.SH,房产服务,34.16,0.04946236559139794,-0.0357142857142857,3.8671,-0.09629629629629632,-0.14884656793793938,0.004772688765806549,0.20094040107704053,-13.465471799329912,209.5255,4.9766,704660.7775
2025-09-01,600605.SH,房产服务,33.88,-0.008196721311475197,0.005724615848147208,1.6889,-0.10583267352863546,-0.15033565021089534,0.004812131962132371,0.20260140200170185,-13.457241300210988,207.8081,4.9358,698884.8695
2025-09-02,600605.SH,房产服务,33.19,-0.020365997638725042,0.057160231073274614,1.5883,-0.13455019556714476,-0.13796638035730602,0.004912172806309588,0.20681240047153227,-13.436665056161907,203.5759,4.8353,684651.3819
2025-09-03,600605.SH,房产服务,32.89,-0.009038867128653094,0.05685618729096986,0.7319,-0.14192538481607087,-0.2625722065428424,0.004956978384600056,0.20869855580599384,-13.427585090587424,201.7358,4.7916,678462.909
2025-09-04,600605.SH,房产服务,32.89,0.0,0.04989286807468618,1.1859,-0.1278175550251922,-0.37857293475670695,0.004956978384600056,0.20869855580599384,-13.427585090587424,201.7358,4.7916,678462.909
2025-09-05,600605.SH,房产服务,32.67,-0.006688963210702337,0.006890353505092817,1.0868,-0.11916958748988948,-0.5691620786088196,0.00499035862713238,0.21010168921758132,-13.420873655907627,200.3864,4.7596,673924.6955
2025-09-08,600605.SH,房产服务,33.38,0.021732476277930957,-0.04026459591601972,1.7295,-0.1814615007356547,-0.5178276926479477,0.004884212418305442,0.20563438206868187,-13.442373348589237,204.7413,4.863,688570.748
2025-09-09,600605.SH,房产服务,34.77,0.04164170161773528,-0.042002301495972394,2.673,-0.10062079668908419,-0.36707411379182175,0.004688957972869689,0.19741387819563716,-13.483171376332214,213.267,5.0655,717244.0056
2025-09-10,600605.SH,房产服务,34.76,-0.00028760425654317245,-0.026239067055393583,1.2195,-0.07356076759061847,-0.2668164974878572,0.004690306122209678,0.19747235387045814,-13.482883730750066,213.2057,5.064,717037.7232
2025-09-11,600605.SH,房产服务,34.3,-0.013233601841196818,-0.016364177328176077,1.6248,-0.06919945725915888,-0.19520227138842472,0.004753208653501546,0.20012007204322593,-13.469561784572747,210.3842,4.997,707548.7315
2025-09-12,600605.SH,房产服务,33.61,-0.020116618075801673,0.02577165118369784,1.4974,-0.08419618528610362,-0.12679593665820355,0.004850789708564555,0.20422750944552232,-13.449240072140181,206.152,4.8965,693315.2439
2025-09-15,600605.SH,房产服务,33.37,-0.007140731925022403,0.03003003003003002,1.1415,-0.07357023875624669,-0.1381162341590736,0.004885677587296066,0.20569782988789467,-13.44207372316096,204.6799,4.8615,688364.4656
2025-09-16,600605.SH,房产服务,33.3,-0.002097692538208018,0.0383233532934133,1.1862,-0.0790929203539823,-0.2679194748743168,0.004895946450096108,0.20613031558551315,-13.439973827388526,204.2506,4.8513,686920.4886
2025-09-17,600605.SH,房产服务,33.4,0.0030030030030030463,0.07229280096793711,1.4469,-0.06311360448807857,-0.23716824926308344,0.00488128948047948,0.2055118272056557,-13.442972330399165,204.8639,4.8659,688983.3129
2025-09-18,600605.SH,房产服务,33.06,-0.01017964071856281,0.02249488752556239,1.2513,-0.05677603423680444,-0.257298023499408,0.004931489285106656,0.20762395149904495,-13.432740522789457,202.7785,4.8164,681969.7103
2025-09-19,600605.SH,房产服务,34.23,0.03539019963702339,-0.01020408163265285,3.2287,-0.019478659409911225,-0.0774741347757697,0.004762927657320691,0.2005293976096896,-13.467518882947283,209.9549,4.9868,706104.7545
2025-09-22,600605.SH,房产服务,34.3,0.002044989775051187,-0.019031141868511958,1.2024,-0.0261215218625781,-0.057965883762358894,0.004753208653501546,0.20012007204322593,-13.469561784572747,210.3842,4.997,707548.7315
2025-09-23,600605.SH,房产服务,34.68,0.011078717201166155,-0.0476727785613541,2.4647,-0.0068728522336770626,0.053955629280939554,0.004701125919657758,0.19792573826300375,-13.480579582309934,212.715,5.0524,715387.4638
2025-09-24,600605.SH,房产服务,35.45,0.022202998846597488,-0.06514285714285717,3.0285,0.0582089552238807,0.21719999128673173,0.004599014247286236,0.19362583743174688,-13.502539683329752,217.4379,5.1646,731271.2108
2025-09-25,600605.SH,房产服务,35.0,-0.012693935119887256,-0.03622974963181158,2.1172,0.07526881720430123,0.3394140793370506,0.004658143506221882,0.19611688566385566,-13.489764491847867,214.6778,5.099,721988.5015
2025-09-26,600605.SH,房产服务,33.95,-0.029999999999999916,-0.05849500293944743,1.5632,-0.00614754098360637,0.23316080649857684,0.004802211322269679,0.20218358269308534,-13.459305284427414,208.2374,4.946,700328.8465
2025-09-29,600605.SH,房产服务,34.02,0.0020618556701030855,-0.07405213270142175,1.4626,0.004132231404958775,0.27264188475724116,0.004792329206179421,0.20176748315241516,-13.461365017386019,208.6668,4.9562,701772.8235
2025-09-30,600605.SH,房产服务,33.76,-0.007642563198118957,-0.04278728606356963,1.1325,0.01717384754444118,0.12862969870657626,0.004829238139391129,0.2033181522446324,-13.453693100080466,207.072,4.9184,696409.4803
2025-10-09,600605.SH,房产服务,32.72,-0.0308056872037914,0.0006112469437653534,1.813,-0.005168744299179129,-0.049965350779313855,0.004982732341072015,0.20978434169673577,-13.422402942110779,200.6931,4.7668,674956.1077
2025-10-10,600605.SH,房产服务,32.72,0.0,0.04121136434592576,0.5924,-0.005168744299179129,-0.2153869601728523,0.004982732341072015,0.20978434169673577,-13.422402942110779,200.6931,4.7668,674956.1077
2025-10-13,600605.SH,房产服务,32.03,-0.021088019559902138,0.03390914907229692,1.2288,-0.019589837771656016,-0.25850714644939154,0.005090073948594325,0.21430255234339843,-13.401089393999197,196.4608,4.6663,660722.6201
2025-10-14,600605.SH,房产服务,31.26,-0.024039962535123305,0.03639846743295028,1.2834,-0.0635110844817256,-0.2701489836540202,0.005215452969913616,0.21958235436200346,-13.376755755423119,191.7379,4.5541,644838.8731
2025-10-15,600605.SH,房产服务,31.32,0.0019193857965451588,0.03634697617593141,0.7042,-0.09922346850733399,-0.279006835699537,0.005205462195591078,0.21915886826360428,-13.378673301437717,192.1059,4.5629,646076.5676
2025-10-16,600605.SH,房产服务,32.74,0.045338441890166115,0.005097451274362896,2.348,-0.058112773302646636,-0.23796557304511146,0.0049796903329769535,0.20965239632689,-13.423014002233332,200.8157,4.7698,675368.6725
2025-10-17,600605.SH,房产服务,33.35,0.01863164324984723,0.038056930693069146,1.7419,-0.027696793002915276,-0.09895544291933367,0.004888605784296137,0.20582060675914873,-13.441474202698283,204.5573,4.8586,687951.9007
2025-10-20,600605.SH,房产服务,32.32,-0.030884557721139516,0.06561922365988915,1.1363,-0.038381434096994904,-0.10034701328502793,0.005044400815982276,0.2123773520791743,-13.41010266396935,198.2396,4.7086,666704.8105
2025-10-21,600605.SH,房产服务,32.46,0.004331683168316891,-0.0648393751842028,0.9835,-0.02727000299670357,-0.1334797607447118,0.005022644593148209,0.2114611968703743,-13.414424992394121,199.0983,4.729,669592.7645
2025-10-22,600605.SH,房产服务,33.93,0.04528650646950094,-0.06682577565632464,2.0379,0.018918918918918948,0.0068055445351171695,0.0048050402950679146,0.2023021990249034,-13.458716009158879,208.1148,4.9431,699916.2816
2025-10-23,600605.SH,房产服务,33.52,-0.012083701738874075,-0.06438152011922493,1.0404,0.00359281437125758,-0.1421746613969328,0.0048638132295719845,0.20477536142851294,-13.446558705960767,205.6,4.8834,691458.702
2025-10-24,600605.SH,房产服务,33.55,0.0008949880668256416,-0.0988725065047702,0.955,0.014821536600120755,-0.23241206813744741,0.004859464292656377,0.20459102254593067,-13.447453293783369,205.784,4.8878,692077.5493
2025-10-27,600605.SH,房产服务,34.59,0.030998509687034437,-0.01985502678852813,2.5813,0.010517090271691787,-0.03261907490164617,0.004713357182920679,0.1984402595598595,-13.477981053292115,212.163,5.0393,713530.9219
2025-10-28,600605.SH,房产服务,31.73,-0.08268285631685468,-0.026534526854219975,4.7178,-0.07492711370262384,0.2976302937657087,0.005138199585141765,0.21632847315363646,-13.391679035927584,194.6207,4.6226,654534.1472
2025-10-29,600605.SH,房产服务,31.28,-0.014182161991805886,-0.01815864925135391,1.4108,-0.0980392156862745,0.2639564091892548,0.005212117547844633,0.21943780035548924,-13.377395346016966,191.8606,4.5571,645251.4379
2025-10-30,600605.SH,房产服务,31.39,0.0035166240409207905,-0.020532563362207212,1.1308,-0.11452750352609309,0.3502642193802574,0.005193852763623086,0.21867004876342086,-13.380905801164442,192.5353,4.5731,647520.5446
2025-10-31,600605.SH,房产服务,31.17,-0.007008601465434805,-0.027009646302250778,0.771,-0.10942857142857143,0.3855745753195716,0.00357312835963394,0.2210970837294656,-13.373872524148586,279.8668,4.5229,642982.3312
2025-11-03,600605.SH,房产服务,31.1,-0.002245749117741447,-0.022331691297208578,0.8624,-0.08394698085419738,0.1883209728068418,0.003581170634544044,0.22159191632689237,-13.371624249559229,279.2383,4.5128,641538.3542
2025-11-04,600605.SH,房产服务,30.45,-0.020900321543408373,-0.048669695003244695,1.2408,-0.1049382716049384,-0.27089882270582455,0.0036576163826100823,0.22632114971144054,-13.3505024245064,273.4021,4.4185,628129.9963
2025-11-05,600605.SH,房产服务,30.82,0.012151067323481257,-0.060923681624631465,0.8039,-0.08708530805687198,-0.34536271934004004,0.0036137063545580764,0.22360859551441156,-13.362580260285027,276.7242,4.4721,635762.4462
2025-11-06,600605.SH,房产服务,30.53,-0.00940947436729389,-0.05089226701916727,0.6705,-0.0669315403422982,-0.38407498291497133,0.003648032032639672,0.22572853885916794,-13.353126237046489,274.1204,4.4301,629780.2557
2025-11-07,600605.SH,房产服务,30.26,-0.008843760235833553,-0.022505878401074875,0.5947,-0.07518337408312947,-0.40909380598653133,0.0036805828276519244,0.2277437427406682,-13.344243138792356,271.6961,4.3909,624210.6302
2025-11-10,600605.SH,房产服务,29.77,-0.016192994051553278,-0.025579809004092735,1.2159,-0.07055885107711524,-0.3587361187368272,0.003741162439028405,0.23149219871290339,-13.327917605332402,267.2966,4.3198,614102.7911
2025-11-11,600605.SH,房产服务,29.32,-0.015115888478333894,0.004534356470177858,1.281,-0.06206014075495847,-0.35298514600699293,0.0037985824450031736,0.2350452462098954,-13.31268630733061,263.2561,4.2545,604820.0818
2025-11-12,600605.SH,房产服务,28.67,-0.022169167803547052,-0.021587743732590425,1.463,-0.084610472541507,-0.2789708454508759,0.0038847020433532744,0.24037305898754868,-13.290267710181025,257.42,4.1602,591411.7239
2025-11-13,600605.SH,房产服务,28.72,0.0017439832577605952,-0.04261168384879732,1.2328,-0.1227855833842395,-0.16942274780512123,0.003877939526635434,0.23995776743293182,-13.292010174558731,257.8689,4.1674,592443.1361
2025-11-14,600605.SH,房产服务,29.1,0.013231197771587766,-0.03605180259012952,1.2107,-0.1274362818590704,-0.06316270733892948,0.003827299977648568,0.23682091602330319,-13.305154604552559,261.2808,4.2226,600281.8684
2025-11-17,600605.SH,房产服务,28.57,-0.018213058419244033,0.006597222222222143,1.112,-0.1160272277227723,-0.07754372862989711,0.0038982996006971717,0.24121378778010952,-13.286773646680885,256.5221,4.1457,589348.8997
2025-11-18,600605.SH,房产服务,28.8,0.00805040252012601,0.03274021352313161,0.9817,-0.11275415896487984,-0.12131329994435158,0.00386716743906891,0.2392916965781287,-13.29479181746669,258.5872,4.179,594093.3955
2025-11-19,600605.SH,房产服务,28.1,-0.02430555555555558,0.03553481694185212,0.8479,-0.1718243442381373,-0.17546814472294092,0.003963502483728831,0.24524831391784183,-13.270186006715406,252.3021,4.0775,579653.6255
2025-11-20,600605.SH,房产服务,27.86,-0.008540925266903976,0.06245461147421949,0.8201,-0.1688544152744631,-0.23218332233121375,0.003997646185925727,0.24736555681986838,-13.261608398720554,250.1472,4.0426,574702.8472
2025-11-21,600605.SH,房产服务,27.54,-0.011486001435750182,0.03794411866160741,1.0865,-0.1791356184798807,-0.2551429581035195,0.004044096831854542,0.25023772583954756,-13.250055923718811,247.274,3.9962,568101.8095
2025-11-24,600605.SH,房产服务,28.99,0.05265068990559185,0.021709166092350074,1.7791,-0.16189650187915594,-0.12571433100573037,0.003841821453653034,0.23772167546236866,-13.301367373340511,260.2932,4.2066,598012.7617
2025-11-25,600605.SH,房产服务,29.02,0.0010348395998620585,0.013171577123050282,0.8609,-0.0854081311062087,0.009426239094332933,0.003837850803550012,0.23747328425552125,-13.302401677884655,260.5625,4.211,598631.609
2025-11-26,600605.SH,房产服务,28.85,-0.005858028945554761,0.004784688995215225,0.4782,-0.07768542199488493,-0.01686077509672801,0.0038604657806382975,0.23887442371545278,-13.296526423371374,259.0361,4.1863,595124.8077
2025-11-27,600605.SH,房产服务,29.26,0.014211438474869942,-0.04320372216683288,0.8309,-0.06785600509716472,-7.942811755368151e-05,0.0038063714089740536,0.2355268736162796,-13.310637826026644,262.7174,4.2458,603582.3873
2025-11-28,600605.SH,房产服务,30.09,0.028366370471633484,-0.04519392917369314,1.8759,-0.03464870067372483,0.09652734965104104,0.003701375949495465,0.22903211030186432,-13.33860932106324,270.1698,4.3662,620703.8289
2025-12-01,600605.SH,房产服务,29.65,-0.0146227982718512,-0.04036948340745805,1.0362,-0.04662379421221874,-0.05108132961764844,0.0037563044875442817,0.2324284120490889,-13.323878555826713,266.2191,4.3024,611627.402
2025-12-02,600605.SH,房产服务,29.23,-0.014165261382799277,-0.03673469387755102,0.59,-0.040065681444991785,-0.07351758866545643,0.0038102771557500317,0.23577120762012546,-13.309612009536337,262.4481,4.2414,602963.54
2025-12-03,600605.SH,房产服务,29.4,0.005815942524803219,-0.028134769017019723,0.9833,-0.046073977936405,0.014982363862863002,0.0037882461329583473,0.23440613206441482,-13.315411104769044,263.9744,4.2661,606470.3413
2025-12-04,600605.SH,房产服务,28.79,-0.02074829931972788,0.0021193924408338116,0.8421,-0.056993121519816614,0.008857685261020265,0.0038685108631653546,0.23937188816545385,-13.294444534997693,258.4974,4.1776,593887.1131
2025-12-05,600605.SH,房产服务,28.31,-0.016672455713789502,-0.004278074866310155,0.7322,-0.06444150693985473,-0.21284641869390974,0.0039341022142700905,0.24343338445434407,-13.277631529483974,254.1876,4.1079,583985.5565
2025-12-08,600605.SH,房产服务,28.05,-0.009184033910279,-0.01836158192090398,1.2451,-0.057776284850520665,-0.17467683751690943,0.003970566981082631,0.24568817257137243,-13.268405062249387,251.8532,4.0702,578622.2133
2025-12-09,600605.SH,房产服务,28.32,0.009625668449197766,-0.005718370264474637,0.9296,-0.034106412005457054,-0.09594903095777063,0.003932712856116981,0.2433445271815837,-13.277984699136043,254.2774,4.1094,584191.8389
2025-12-10,600605.SH,房产服务,27.98,-0.012005649717514166,-0.020796616143813895,0.5457,-0.024066968957098034,-0.14195665529521617,0.003980501909446766,0.24630541871921185,-13.26590639952302,251.2246,4.06,577178.2363
2025-12-11,600605.SH,房产服务,28.37,0.013938527519656851,0.0032223415682062218,1.5187,-0.012186629526462323,-0.02076151830913775,0.003925782300453467,0.24291891366661808,-13.27974867922535,254.7263,4.1166,585223.2511
2025-12-12,600605.SH,房产服务,27.93,-0.015509340853013809,0.08345323741007205,0.6243,-0.04020618556701039,-0.013529137340013042,0.003987627190353771,0.246742992499013,-13.264117810320746,250.7757,4.0528,576146.8242
2025-12-15,600605.SH,房产服务,27.8,-0.0046544933762978635,0.05571531272465857,0.5959,-0.02695134756737838,-0.12223824872554567,0.004006273824809652,0.24789905550459854,-13.25945245102017,249.6085,4.0339,573465.1526
2025-12-16,600605.SH,房产服务,27.82,0.0007194244604316058,0.05831533477321815,0.6823,-0.03402777777777777,-0.16066205057947924,0.004003393276140858,0.24772096710265554,-13.260171616892086,249.7881,4.0368,573877.7175
2025-12-17,600605.SH,房产服务,27.78,-0.0014378145219265948,0.07316202712348319,0.8712,-0.011387900355871894,-0.09290899293118193,0.004009158521727034,0.24807740014884647,-13.258732767750963,249.4289,4.031,573052.5878
2025-12-18,600605.SH,房产服务,28.02,0.008639308855291628,0.004648074369189903,0.7567,0.005743000717875146,-0.2514312370128491,0.003974818728391892,0.24595405578237983,-13.267334971339979,251.5838,4.0658,578003.3661
2025-12-19,600605.SH,房产服务,30.12,0.07494646680942196,0.04630575417092264,3.2561,0.09368191721132901,0.17183280721104488,0.003697690163885326,0.22880153754633234,-13.339605833212891,270.4391,4.3706,621322.6761
2025-12-22,600605.SH,房产服务,29.37,-0.02490039840637448,0.06462585034013624,1.242,0.013107968264919112,0.32862376995994613,0.0037921147524261,0.2346481451064129,-13.314390175613548,263.7051,4.2617,605851.494
2025-12-23,600605.SH,房产服务,29.4,0.0010214504596526286,0.004988360492184762,1.0391,0.013094417643004785,0.3862010592246865,0.0037882461329583473,0.23440613206441482,-13.315411104769044,263.9744,4.2661,606470.3413
2025-12-24,600605.SH,房产服务,30.07,0.022789115646258518,-0.008592200925313986,1.4256,0.04228769497400342,0.42802306813609703,0.0037038381393102414,0.22918433295899893,-13.337944427354055,269.9902,4.3633,620291.264
2025-12-25,600605.SH,房产服务,30.26,0.006318589956767484,-0.03254149040026033,0.7254,0.03417634996582364,0.4292061308522408,0.0036805828276519244,0.2277437427406682,-13.344243138792356,271.6961,4.3909,624210.6302
2025-12-26,600605.SH,房产服务,30.73,0.01553205551883674,-0.038019169329073565,1.4117,0.02126952475905619,0.11029202211540312,0.0036242901374729498,0.22426050099795922,-13.359655806474029,275.9161,4.4591,633905.9043
2025-12-29,600605.SH,房产服务,31.3,0.018548649528148387,-0.003970880211780159,2.2214,0.05564924114671177,0.22728253831210887,0.003558288320986073,0.22017702232595004,-13.378034527951025,281.034,4.5418,645664.0028
2025-12-30,600605.SH,房产服务,30.22,-0.03450479233226844,0.006000000000000005,1.3244,0.033869312350324865,0.23772461345591323,0.0036854538820728466,0.2280449704681763,-13.34292038714209,271.337,4.3851,623385.5004
2025-12-31,600605.SH,房产服务,30.0,-0.007279947054930513,0.030272452068617506,0.7145,0.020408163265306145,0.12709654686398886,0.003712480282089102,0.2297160709363227,-13.33561381202061,269.3617,4.3532,618847.287
2026-01-05,600605.SH,房产服务,29.73,-0.009000000000000008,-0.0026569246097641885,1.1772,0.032650225772837826,0.18914367314695468,0.003746196673826897,0.23180343069077422,-13.32657306734074,266.9374,4.314,613277.6614
2026-01-06,600605.SH,房产服务,30.11,0.012781701984527327,0.0023255813953488857,1.0236,0.0635817732250088,0.10775165555817501,0.003698918399270869,0.22888008972099516,-13.339273772821507,270.3493,4.3691,621116.3937
2026-01-07,600605.SH,房产服务,30.1,-0.00033211557622048193,-0.020212060967528145,1.0289,0.07308377896613183,-0.08825272666704131,0.0037001474508759173,0.22895345376285,-13.338941602129388,270.2595,4.3677,620910.1113
2026-01-08,600605.SH,房产服务,30.18,0.0026578073089700283,-0.035912504080966356,0.8776,0.06567796610169485,-0.16369139244567954,0.003690339208599376,0.22834699609526637,-13.34159588366282,270.9778,4.3793,622560.3707
2026-01-09,600605.SH,房产服务,30.63,0.01491053677932408,-0.05261405261405272,1.1877,0.09471050750536092,-0.10649122733006222,0.0036361216689943902,0.22499212527561532,-13.356396351160406,275.0183,4.4446,631843.08
2026-01-12,600605.SH,房产服务,30.03,-0.0195886385896179,-0.050381173351011,1.6077,0.05851251321818829,-0.03746012532939946,0.0037087723592613615,0.22948938611589215,-13.336613312374679,269.631,4.3575,619466.1343
2026-01-13,600605.SH,房产服务,30.17,0.004662004662004726,0.017247210010145286,1.6109,0.08020050125313283,0.01901944721326565,0.003691562564602345,0.22842523642011972,-13.341264483540671,270.888,4.3778,622354.0883
2026-01-14,600605.SH,房产服务,29.57,-0.019887305270135935,0.016593294954283744,2.4129,0.06366906474820144,0.15754843609593605,0.0037664669936964407,0.23305677262981261,-13.321176764299892,265.5008,4.2908,609977.1426
2026-01-15,600605.SH,房产服务,29.53,-0.001352722353736846,0.043233743409490266,1.2875,0.06146657081236517,0.19206972991055848,0.0037715681841068377,0.23337222870478413,-13.319823126053544,265.1417,4.285,609152.0128
2026-01-16,600605.SH,房产服务,28.45,-0.036572976633931664,0.017452006980802848,1.9543,0.024118070554355553,0.25483291615403103,0.003914743157616172,0.2422363257594109,-13.282564590922274,255.4446,4.1282,586873.5105
2026-01-19,600605.SH,房产服务,28.65,0.007029876977152849,-0.025265957446808485,0.8858,0.0224839400428265,0.1475067131690735,0.0038874142630784276,0.24054073557356936,-13.289569873544583,257.2404,4.1573,590999.1591
2026-01-20,600605.SH,房产服务,30.08,0.04991273996509604,-0.04497001998667549,3.8812,-0.0013280212483400833,0.4355255273869296,0.00370260663507109,0.22910557184750735,-13.33827692938852,270.08,4.3648,620497.5464
2026-01-21,600605.SH,房产服务,30.02,-0.0019946808510638014,-0.0475067385444744,1.3325,0.02213142662580858,0.28270951839862146,0.0037100079690971176,0.22956314134202616,-13.336280256631593,269.5412,4.3561,619259.8519
2026-01-22,600605.SH,房产服务,29.68,-0.011325782811459018,-0.039451114922812947,0.9018,0.00952380952380949,0.23557045590943892,0.003752507143835475,0.23219634522952606,-13.324889848703366,266.4885,4.3067,612246.2493
2026-01-23,600605.SH,房产服务,29.15,-0.017857142857142905,-0.05252387448840379,1.2476,-0.030595277685400823,0.14510005344512877,0.003820734207568263,0.2364177975317982,-13.306871343096748,261.7298,4.2298,601313.2805
2026-01-26,600605.SH,房产服务,29.32,0.005831903945111572,-0.031391698639693155,1.3437,-0.031064111037673592,0.1832744989450581,0.0037985824450031736,0.2350452462098954,-13.31268630733061,263.2561,4.2545,604820.0818
2026-01-27,600605.SH,房产服务,28.67,-0.022169167803547052,0.018747789175804774,0.9344,-0.06703547022453626,-0.20429899570376697,0.0038847020433532744,0.24037305898754868,-13.290267710181025,257.42,4.1602,591411.7239
2026-01-28,600605.SH,房产服务,28.27,-0.013951866062085871,0.031785714285714306,0.8659,-0.09680511182108631,-0.232843359263191,0.003939667925390569,0.2437775773384364,-13.276217602093103,253.8285,4.1021,583160.4268
2026-01-29,600605.SH,房产服务,28.0,-0.009550760523523105,0.025197984161267062,1.0925,-0.07346128391793516,-0.19847121842137938,0.003977658288922778,0.2461296118536021,-13.266620940533658,251.4042,4.0629,577590.8012
2026-01-30,600605.SH,房产服务,27.78,-0.007857142857142785,0.028447965430320465,0.7347,-0.07399999999999995,-0.273970001898614,0.004009158521727034,0.24807740014884647,-13.258732767750963,249.4289,4.031,573052.5878
2026-02-02,600605.SH,房产服务,27.77,-0.00035997120230391033,-0.002777777777777879,1.0269,-0.06592667339387825,-0.31648683278202205,0.004010602428580194,0.2481635894381576,-13.258372731619556,249.3391,4.0296,572846.3053
2026-02-03,600605.SH,房产服务,28.8,0.03709038530788633,0.00692281066112832,1.1903,-0.043507140484888684,-0.2832934376459597,0.00386716743906891,0.2392916965781287,-13.29479181746669,258.5872,4.179,594093.3955
2026-02-04,600605.SH,房产服务,28.89,0.0031250000000000444,0.001404494382022392,0.8234,-0.04019933554817279,-0.28412863566341773,0.003855119965550648,0.23854392786431622,-13.29791194486848,259.3953,4.1921,595949.9374
2026-02-05,600605.SH,房产服务,28.48,-0.014191761855313234,-0.021358543417366982,0.8039,-0.0563286944996686,-0.3247412038812044,0.003910618894546251,0.24197841552533514,-13.283618516915846,255.714,4.1326,587492.3578
2026-02-06,600605.SH,房产服务,28.56,0.002808988764044784,-0.034470752089136414,0.4612,-0.06758080313418213,-0.34759897117704763,0.0038996647458218016,0.24130109550697362,-13.2864235677891,256.4323,4.1442,589142.6172
2026-02-09,600605.SH,房产服务,28.72,0.0056022408963585235,-0.04743898246820211,0.6397,-0.0436230436230437,-0.38366802851626536,0.003877939526635434,0.23995776743293182,-13.292010174558731,257.8689,4.1674,592443.1361
2026-02-10,600605.SH,房产服务,29.09,0.0128830083565461,-0.016479663394109334,0.908,-0.035797149486244684,-0.41181323347433263,0.0038286158405151788,0.23690507213759449,-13.304810902930555,261.191,4.2211,600075.586
2026-02-11,600605.SH,房产服务,28.52,-0.01959436232382261,0.006797853309481239,0.6876,-0.035508961785593485,-0.39131153028531174,0.0039051333759253216,0.2416392808815001,-13.285022025890951,256.0732,4.1384,588317.4875
2026-02-12,600605.SH,房产服务,27.95,-0.01998597475455821,-0.0039668229354489215,0.6302,-0.05350491026075188,-0.4045002148073892,0.003984773383945268,0.2465665606430456,-13.26483363003761,250.9553,4.0557,576559.3891
2026-02-13,600605.SH,房产服务,27.73,-0.007871198568872972,-0.025983399494767356,0.4585,-0.025307557117750346,-0.36229604120902825,0.0040163868583822,0.2485212982752622,-13.256931289956421,248.98,4.0238,572021.1756
2026-02-24,600605.SH,房产服务,27.71,-0.0007212405337180261,-0.06916221033868097,0.6238,-0.0328097731239092,-0.3572698394194618,0.0040192861426267806,0.24870053968017108,-13.256209789305068,248.8004,4.0209,571608.6108
2026-02-25,600605.SH,房产服务,28.05,0.012269938650306678,-0.061833688699360456,0.7026,-0.0674867021276595,-0.2871125611745513,0.003970566981082631,0.24568817257137243,-13.268405062249387,251.8532,4.0702,578622.2133
2026-02-26,600605.SH,房产服务,28.14,0.0032085561497325887,-0.02353367125271555,0.7352,-0.06262491672218518,-0.2504594959522719,0.003957869273161055,0.24489995836700706,-13.27160848203436,252.6612,4.0833,580478.7552
2026-02-27,600605.SH,房产服务,27.62,-0.018479033404406486,0.01593182660244552,0.9522,-0.06940700808625333,-0.17631639811888045,0.004032383263512617,0.24951344877488899,-13.25295657834311,247.9923,4.0078,569752.0689
2026-03-02,600605.SH,房产服务,26.99,-0.022809558291093546,0.049023362696285044,1.6829,-0.07409948542024014,0.0860928683748039,0.004126507155157081,0.2553365335512205,-13.229882857440455,242.3357,3.9164,556756.2759
2026-03-03,600605.SH,房产服务,26.11,-0.032604668395702086,0.07537878787878793,1.0828,-0.10948158253751705,0.21049264235444687,0.0042655855966530504,0.26394277720590176,-13.196734813034215,234.4344,3.7887,538603.4221
2026-03-04,600605.SH,房产服务,26.4,0.011106855610877098,0.04449388209121263,0.887,-0.07917683990233704,0.25728546791215656,0.004218727522092422,0.2610420799832933,-13.207780440584175,237.0383,3.8308,544585.6126
2026-03-05,600605.SH,房产服务,26.97,0.021590909090908994,0.025893508388037834,0.7643,-0.0459851432614079,0.2717421555333175,0.004129567663172639,0.25552574421873003,-13.229141567486725,242.1561,3.9135,556343.711
2026-03-06,600605.SH,房产服务,27.42,0.01668520578420485,0.06717780211756108,1.1028,-0.020714285714285685,0.3066161675937984,0.004061794517064818,0.2513320599175631,-13.2456891044608,246.1966,3.9788,565626.4203
2026-03-09,600605.SH,房产服务,27.39,-0.001094091903720007,0.10109193377949977,0.8725,-0.01403887688984884,0.10576550558236186,0.004066243994157621,0.25161030595813205,-13.244594413578573,245.9272,3.9744,565007.573
2026-03-10,600605.SH,房产服务,28.39,0.03650967506389202,0.029463968761093362,1.712,0.022326251350378135,0.2050403760531352,0.003923016297386605,0.24274790629930815,-13.2804534007904,254.9059,4.1195,585635.8159
2026-03-11,600605.SH,房产服务,28.17,-0.007749207467418029,0.07643085673658034,0.8589,-0.021874999999999978,0.22154173495500196,0.004150319595360441,0.24426585896089306,-13.272674012258781,240.9453,4.0939,581097.6025
2025-07-29,600651.SH,电器仪表,5.18,0.061475409836065475,0.08421052631578929,5.543,0.15111111111111097,1.469001011367142,0.002255262824946725,0.18932222642938282,-14.07682851508925,443.4073,5.282,1298640.5118
2025-07-30,600651.SH,电器仪表,5.7,0.10038610038610041,0.0017543859649122862,4.9505,0.2808988764044944,1.5587874974058922,0.0020495196745690682,0.1720489307158956,-14.172489633670251,487.9192,5.8123,1429005.9686
2025-07-31,600651.SH,电器仪表,5.7,0.0,0.12949640287769792,8.2931,0.2808988764044944,1.8146064416948682,0.0020495196745690682,0.1720489307158956,-14.172489633670251,487.9192,5.8123,1429005.9686
2025-08-01,600651.SH,电器仪表,5.56,-0.024561403508772006,0.0931372549019609,4.3613,0.23281596452328146,1.6291527953726344,0.002101126371825408,0.17638239703677572,-14.147621567028551,475.9352,5.6695,1393907.5763
2025-08-04,600651.SH,电器仪表,6.12,0.1007194244604317,0.09061488673139162,4.8711,0.3752808988764045,1.4890953831940092,0.001908866513155622,0.16024100246771145,-14.243585555332027,523.8711,6.2406,1534301.1452
2025-08-05,600651.SH,电器仪表,6.18,0.009803921568627416,0.1471103327495622,6.3806,0.39189189189189166,1.2694748763281454,0.0018903337970322136,0.15868733833727405,-14.25334173028372,529.0071,6.3017,1549343.3133
2025-08-06,600651.SH,电器仪表,5.71,-0.07605177993527501,0.015923566878980777,4.9153,0.29478458049886624,1.0878075282740385,0.002045930317250139,0.17174753112924002,-14.174242482487125,488.7752,5.8225,1431512.9966
2025-08-07,600651.SH,电器仪表,6.28,0.09982486865148865,-0.08071748878923768,4.8589,0.4305239179954443,0.7060172468537851,0.0018602328899964304,0.15615972016178148,-14.269393439262162,537.5671,6.4037,1574413.5934
2025-08-08,600651.SH,电器仪表,6.69,0.0652866242038217,-0.083086053412463,6.6635,0.5,0.6911545326702528,0.0017462277115860463,0.1465888768360257,-14.332637332914027,572.663,6.8218,1677201.742
2025-08-11,600651.SH,电器仪表,6.74,0.007473841554558991,-0.0625954198473283,5.2875,0.528344671201814,0.6008065032870995,0.0017332734776225728,0.14550110580840414,-14.340083383713054,576.943,6.8728,1689736.8821
2025-08-12,600651.SH,电器仪表,6.55,-0.028189910979228516,0.009404388714733702,4.6185,0.5127020785219398,0.4226034739266491,0.0017835514111369589,0.14972301242701003,-14.311488508426693,560.6791,6.679,1642103.3498
2025-08-13,600651.SH,电器仪表,6.38,-0.025954198473282397,0.15121951219512186,4.2319,0.4401805869074493,0.322011020064348,0.001831075586617108,0.15371136080667722,-14.285191556170211,546.1271,6.5057,1599483.8736
2025-08-14,600651.SH,电器仪表,6.15,-0.03605015673981182,0.16343042071197433,3.8756,0.3851351351351351,0.2185766647284595,0.0018995549532699982,0.1594616574444675,-14.248475540596969,526.4391,6.2711,1541822.2292
2025-08-15,600651.SH,电器仪表,6.18,0.004878048780487809,0.2866449511400653,2.3527,0.38565022421524664,-0.014820359824550211,0.0018903337970322136,0.15868733833727405,-14.25334173028372,529.0071,6.3017,1549343.3133
2025-08-18,600651.SH,电器仪表,6.14,-0.006472491909385147,0.11490683229813659,2.4174,0.37668161434977576,-0.17112797912671884,0.0019026486962765738,0.15972144579852737,-14.246848200947312,525.5831,6.2609,1539315.2012
2025-08-19,600651.SH,电器仪表,6.44,0.04885993485342022,0.012711864406779627,4.0903,0.44719101123595517,-0.22851527644691183,0.0018140158483308604,0.15227885303567892,-14.294551998935795,551.2631,6.5669,1614526.0417
2025-08-20,600651.SH,电器仪表,7.08,0.0993788819875776,-0.03616133518776088,6.0751,0.5594713656387664,-0.18570191766590183,0.0016500370433316228,0.13851374748943832,-14.389297366489117,606.047,7.2195,1774975.8346
2025-08-21,600651.SH,电器仪表,7.19,0.015536723163841915,-0.03544303797468362,6.2969,0.5664488017429194,-0.13036586652031057,0.0016247930419862771,0.13639587538872824,-14.404714630536034,615.463,7.3316,1802553.1428
2025-08-22,600651.SH,电器仪表,7.9,0.09874826147426985,0.1044568245125348,7.5015,0.5643564356435644,0.04264039237539663,0.0014787673409500698,0.12413724613933165,-14.498886218292979,676.2389,8.0556,1980552.1319
2025-08-25,600651.SH,电器仪表,7.18,-0.09113924050632916,0.13110181311018132,6.7636,0.471311475409836,0.17787831713597657,0.0016270559886236247,0.13658589887180048,-14.403322841871557,614.607,7.3214,1800046.1148
2025-08-26,600651.SH,电器仪表,7.17,-0.0013927576601671099,0.10533910533910551,3.4802,0.3841698841698842,0.17777397578346887,0.0016293252475352382,0.13677645256592624,-14.40192911343132,613.751,7.3112,1797539.0868
2025-08-27,600651.SH,电器仪表,6.93,-0.03347280334728031,-0.015748031496062964,3.6885,0.21578947368421053,0.09799007161699991,0.0016857521910564103,0.14151277152763037,-14.367883271999448,593.207,7.0665,1737370.4144
2025-08-28,600651.SH,电器仪表,7.62,0.09956709956709964,-0.0882723833543505,6.2539,0.33684210526315783,0.11887238683306323,0.0025227329775438924,0.12983809189940143,-14.462799828477609,396.3955,7.7019,1910355.3474
2025-08-29,600651.SH,电器仪表,7.93,0.04068241469816258,-0.0863131935881627,7.1,0.4262589928057554,0.07296088396921041,0.0024241143134738578,0.12476295039425092,-14.50267649444403,412.5218,8.0152,1988073.2159
2025-09-01,600651.SH,电器仪表,8.11,0.022698612862547263,-0.08616187989556134,4.744,0.3251633986928104,-0.005211824492917572,0.0023703113759539025,0.12199436386038964,-14.525121326939294,421.8855,8.1971,2033199.7202
2025-09-02,600651.SH,电器仪表,7.66,-0.055487053020961685,-0.09466666666666668,4.0588,0.23948220064724923,0.04136728512270582,0.002509559539676513,0.12916058535577282,-14.468035442552464,398.4763,7.7423,1920383.4595
2025-09-03,600651.SH,电器仪表,7.5,-0.02088772845953002,-0.06085753803596128,2.8895,0.31348511383537647,0.030195900596719838,0.002563097041417085,0.1319156794976651,-14.446926479363613,390.153,7.5806,1880271.0113
2025-09-04,600651.SH,电器仪表,7.23,-0.03599999999999992,-0.04993252361673417,3.0257,0.1512738853503186,-0.08534393403140583,0.002658814301762129,0.1368419612189882,-14.410262494940604,376.1075,7.3077,1812581.2548
2025-09-05,600651.SH,电器仪表,7.41,0.024896265560165887,0.10571428571428565,2.2947,0.10762331838565009,-0.2525692971597968,0.0025942275324330327,0.13351847895748772,-14.434853898094678,385.4712,7.4896,1857707.7591
2025-09-08,600651.SH,电器仪表,7.0,-0.055330634278002666,0.1693667157584684,2.8663,0.03857566765578624,-0.31689780886001817,0.002746175401518305,0.1413387607417458,-14.377933607850071,364.1428,7.0752,1754919.6105
2025-09-09,600651.SH,电器仪表,6.79,-0.030000000000000027,0.19293078055964652,2.344,0.03664122137404591,-0.378339004013869,0.0028311087896019035,0.14571099680892918,-14.347474400374175,353.2185,6.8629,1702272.0222
2025-09-10,600651.SH,电器仪表,6.79,0.0,0.265625,1.4475,0.0642633228840126,-0.4266485732269746,0.0028311087896019035,0.14571099680892918,-14.347474400374175,353.2185,6.8629,1702272.0222
2025-09-11,600651.SH,电器仪表,7.04,0.036818851251841034,0.2661498708010337,2.5646,0.14471544715447138,-0.4399332808138573,0.002730572251487889,0.14053628646916635,-14.383631628987372,366.2236,7.1156,1764947.7226
2025-09-12,600651.SH,电器仪表,7.74,0.09943181818181812,0.12972292191435764,3.475,0.2524271844660195,-0.3908476507451051,0.002483621139490346,0.12782656491672098,-14.47842514639124,402.6379,7.8231,1940439.6836
2025-09-15,600651.SH,电器仪表,7.94,0.025839793281653867,0.11975308641975313,4.93,0.2931596091205213,-0.312558723298727,0.002421061296429903,0.12460593373456444,-14.503936734048779,413.042,8.0253,1990580.2439
2025-09-16,600651.SH,电器仪表,8.1,0.02015113350125941,0.03703703703703698,3.5331,0.2577639751552794,-0.25233057824121763,0.0023732376633766473,0.12214486380847686,-14.523887520497773,421.3653,8.187,2030692.6922
2025-09-17,600651.SH,电器仪表,8.91,0.10000000000000009,-0.08469387755102042,3.9499,0.2584745762711864,-0.112937865125463,0.002157488924530606,0.11104078528043351,-14.619197700293144,463.5018,9.0057,2233761.9614
2025-09-18,600651.SH,电器仪表,9.8,0.09988776655443332,-0.01672240802675584,6.0515,0.36300417246175254,0.05780577443007262,0.001961553935181235,0.1009560538297679,-14.714405844471283,509.7999,9.9053,2456887.4547
2025-09-19,600651.SH,电器仪表,8.97,-0.08469387755102042,-0.05071664829106959,8.371,0.1354430379746836,0.2804448908409456,0.0021430576718250065,0.11029736168710845,-14.625909134885474,466.623,9.0664,2248804.1295
2025-09-22,600651.SH,电器仪表,9.07,0.011148272017837302,-0.06926406926406936,4.6177,0.26323119777158777,0.2987896319927923,0.0021194294241658612,0.10908218251630777,-14.636995722919604,471.8251,9.1674,2273874.4096
2025-09-23,600651.SH,电器仪表,9.24,0.018743109151047488,-0.031215161649944423,4.8679,0.2887029288702929,0.34136476570173935,0.0020804358929282863,0.1070744060047327,-14.655565344465618,480.6685,9.3393,2316493.8859
2025-09-24,600651.SH,电器仪表,8.97,-0.029220779220779147,-0.05668934240362811,3.2719,0.2943722943722946,0.3153150973299299,0.0021430576718250065,0.11029736168710845,-14.625909134885474,466.623,9.0664,2248804.1295
2025-09-25,600651.SH,电器仪表,8.82,-0.01672240802675584,-0.008130081300813052,3.1307,0.15748031496062986,0.22006995767837068,0.002179504419925988,0.11217427395201185,-14.60904532879989,458.8199,8.9147,2211198.7092
2025-09-26,600651.SH,电器仪表,8.61,-0.023809523809523947,0.032558139534883956,2.6736,0.08575031525851196,-0.011452932733658883,0.002232662648915808,0.11490950876185003,-14.584947777227448,447.8957,8.7025,2158551.1209
2025-09-29,600651.SH,电器仪表,8.6,-0.0011614401858304202,-0.00460299194476399,1.8632,0.06041923551171391,-0.12457183364577573,0.0022352587479645175,0.11504302609175833,-14.58378566205422,447.3755,8.6924,2156044.0929
2025-09-30,600651.SH,电器仪表,8.69,0.010465116279069653,0.07572115384615374,2.8781,0.1344647519582245,-0.22205222257723534,0.0022121089516749315,0.11385242448737945,-14.594196398055994,452.0573,8.7833,2178607.345
2025-10-09,600651.SH,电器仪表,8.32,-0.04257767548906777,0.07611241217798592,2.9139,0.10933333333333328,-0.24246837286461442,0.0023104842613277843,0.11891454800580303,-14.550685713637463,432.8097,8.4094,2085847.3085
2025-10-10,600651.SH,电器仪表,8.54,0.026442307692307487,-0.028153153153153143,2.837,0.18118948824342995,-0.25702580077199155,0.002250963524936849,0.11585203378245304,-14.576784466590565,444.2542,8.6317,2141001.9248
2025-10-13,600651.SH,电器仪表,8.88,0.039812646370023685,0.01965317919075149,3.4483,0.19838056680161942,-0.22590622362400603,0.0021647776816616487,0.11141564721349466,-14.615825015789852,461.9412,8.9754,2226240.8773
2025-10-14,600651.SH,电器仪表,8.65,-0.025900900900900914,0.022346368715083997,3.2265,0.23571428571428577,-0.15443246394107912,0.0022223382776656113,0.11437852428827963,-14.589582779750074,449.9765,8.7429,2168579.233
2025-10-15,600651.SH,电器仪表,8.95,0.03468208092485536,-0.016322089227421177,3.3669,0.3181148748159057,-0.13958236570446314,0.0021478465904868436,0.1105448756922873,-14.62367699107038,465.5826,9.0461,2243790.0734
2025-10-16,600651.SH,电器仪表,9.19,0.02681564245810053,0.002317497103128563,3.9201,0.3534609720176729,-0.1145815901511249,0.0020917548254169127,0.10765769160377663,-14.650139395168864,478.0675,9.2887,2303958.7458
2025-10-17,600651.SH,电器仪表,8.63,-0.06093579978237196,-0.028344671201814053,2.8458,0.22585227272727293,-0.11738812504841012,0.0022274885000337463,0.11464340169901521,-14.587267963869294,448.9361,8.7227,2163565.1769
2025-10-20,600651.SH,电器仪表,8.82,0.022016222479721792,-0.057923497267759694,4.1393,0.13953488372093026,-0.08904633741299695,0.002179504419925988,0.11217427395201185,-14.60904532879989,458.8199,8.9147,2211198.7092
2025-10-21,600651.SH,电器仪表,9.15,0.03741496598639449,-0.09402654867256632,4.4548,0.15239294710327456,-0.019035845429354215,0.002100899037725214,0.10812798027745639,-14.645777338071289,475.9867,9.2483,2293930.6337
2025-10-22,600651.SH,电器仪表,9.04,-0.012021857923497414,-0.05086705202312136,3.4095,0.11604938271604937,-0.015210342403223498,0.002126463325737606,0.1094439154655197,-14.633682633216493,470.2644,9.1371,2266353.3256
2025-10-23,600651.SH,电器仪表,8.65,-0.0431415929203538,-0.05017502917152861,2.6507,-0.029180695847362492,-0.06589412103807935,0.0022223382776656113,0.11437852428827963,-14.589582779750074,449.9765,8.7429,2168579.233
2025-10-24,600651.SH,电器仪表,8.57,-0.009248554913294793,-0.051044083526682105,1.7193,-0.12551020408163271,-0.0723987411870346,0.0022430838994129403,0.11544544625437249,-14.58029119142539,445.8148,8.6621,2148523.0089
2025-10-27,600651.SH,电器仪表,8.62,0.005834305717619559,-0.004884004884004756,1.7801,-0.039018952062430445,-0.1243093447972593,0.0022300725732517512,0.11477630098937171,-14.586108543456477,448.4159,8.7126,2161058.1489
2025-10-28,600651.SH,电器仪表,8.19,-0.04988399071925753,0.012180267965895109,2.3349,-0.09702315325248079,-0.22928765237111726,0.0023471583306164975,0.12080212611741965,-14.53493735666704,426.0471,8.278,2053255.9443
2025-10-29,600651.SH,电器仪表,8.21,0.0024420024420026554,-0.0073710073710073765,1.4879,-0.11147186147186139,-0.3163686217385716,0.0023414405713114996,0.12050806198934709,-14.537376382251807,427.0875,8.2982,2058270.0003
2025-10-30,600651.SH,电器仪表,8.14,-0.008526187576126665,-0.020782396088019572,2.1436,-0.09253065774804903,-0.33833587887641936,0.0024326780671691606,0.12215680046908212,-14.528813638804307,411.0696,8.1862,2040720.8042
2025-10-31,600651.SH,电器仪表,8.18,0.004914004914004844,-0.036809815950920366,1.1662,-0.07256235827664403,-0.35484991775199637,0.0024207823193805895,0.12155985607313041,-14.533715609424043,413.0896,8.2264,2050748.9163
2025-11-03,600651.SH,电器仪表,8.15,-0.003667481662591565,-0.026474127557160165,1.1303,-0.05342624854819966,-0.38470187875583606,0.0024296931832042115,0.12200627112233568,-14.530041386035293,411.5746,8.1963,2043227.8322
2025-11-04,600651.SH,电器仪表,8.31,0.019631901840490906,0.003712871287128605,1.8853,-0.033720930232558066,-0.4184206853559367,0.0023829120424272722,0.11965730148853682,-14.549483067678914,419.6546,8.3572,2083340.2805
2025-11-05,600651.SH,电器仪表,8.08,-0.02767749699157651,0.011235955056179803,1.2961,-0.07019562715765237,-0.41548991976072014,0.0024507425259705186,0.12306329145079314,-14.521415331317888,408.0396,8.1259,2025678.6361
2025-11-06,600651.SH,电器仪表,8.01,-0.008663366336633671,0.03439490445859872,0.994,-0.03725961538461542,-0.4846864636539894,0.0024721597727195193,0.1241387871640494,-14.512714219867556,404.5046,8.0555,2008129.44
2025-11-07,600651.SH,电器仪表,7.85,-0.019975031210986316,0.04202719406674915,1.3509,-0.08079625292740045,-0.4538230377124337,0.0025225477934517687,0.12666886226027918,-14.492536990601778,396.4246,7.8946,1968016.9918
2025-11-10,600651.SH,电器仪表,8.09,0.030573248407643305,-0.0012330456226880004,1.4397,-0.08896396396396411,-0.4038753238529029,0.0024477131750119817,0.12291203185879866,-14.522652189847902,408.5446,8.1359,2028185.6641
2025-11-11,600651.SH,电器仪表,8.11,0.0024721878862792313,-0.025925925925925908,1.3749,-0.062427745664739964,-0.42476659768368674,0.002441676885084431,0.12260912211868562,-14.525121326939294,409.5546,8.156,2033199.7202
2025-11-12,600651.SH,电器仪表,8.1,-0.0012330456226880004,-0.03325123152709353,1.5969,-0.0949720670391061,-0.37325111374457043,0.002444691303939669,0.12275963663147556,-14.523887520497773,409.0496,8.146,2030692.6922
2025-11-13,600651.SH,电器仪表,8.12,0.0024691358024691024,-0.054567022538552834,0.998,-0.116430903155604,-0.3272932618873481,0.0024386698909134186,0.12245747664123632,-14.526353612978168,410.0596,8.1661,2035706.7482
2025-11-14,600651.SH,电器仪表,8.43,0.03817733990147798,-0.06419753086419744,2.7943,-0.023174971031286296,-0.18261774940406061,0.002348991554435765,0.11795512986859798,-14.563820230787229,425.7146,8.4778,2113424.6166
2025-11-17,600651.SH,电器仪表,8.1,-0.039145907473309594,-0.010139416983523497,1.9727,-0.08163265306122458,-0.07985497668515895,0.002444691303939669,0.12275963663147556,-14.523887520497773,409.0496,8.146,2030692.6922
2025-11-18,600651.SH,电器仪表,7.89,-0.025925925925925908,0.04968152866242037,1.2392,-0.13770491803278695,-0.010358267773159402,0.002509759198643927,0.12602712103644703,-14.497619593634846,398.4446,7.9348,1978045.1038
2025-11-19,600651.SH,电器仪表,7.85,-0.005069708491761693,0.026348808030112858,0.8358,-0.13163716814159288,-0.02580861612634644,0.0025225477934517687,0.12666886226027918,-14.492536990601778,396.4246,7.8946,1968016.9918
2025-11-20,600651.SH,电器仪表,7.97,0.015286624203821653,0.09234828496042202,0.6551,-0.07861271676300585,-0.00684877066553613,0.0024845671113876157,0.12476295039425092,-14.507707951619402,402.4846,8.0152,1998101.328
2025-11-21,600651.SH,电器仪表,7.58,-0.04893350062735258,0.0729833546734957,1.2717,-0.11551925320886813,-0.1966410735655988,0.0026124011728636304,0.13118194936376754,-14.457536658464825,382.7896,7.623,1900327.2354
2025-11-24,600651.SH,电器仪表,7.81,0.03034300791556732,-0.01820388349514568,1.3081,-0.09396751740139209,-0.27449480113131763,0.0025354673855223797,0.12731879352711253,-14.487428422638692,394.4046,7.8543,1957988.8797
2025-11-25,600651.SH,电器仪表,8.24,0.055057618437900135,-0.022004889975550057,2.0804,0.006105006105006083,-0.1521892691869019,0.002403155246712724,0.12067384273784815,-14.5410238027355,416.1196,8.2868,2065791.0844
2025-11-26,600651.SH,电器仪表,8.18,-0.00728155339805836,-0.03623188405797084,1.5466,-0.0036540803897686658,-0.05612830899799859,0.0024207823193805895,0.12155985607313041,-14.533715609424043,413.0896,8.2264,2050748.9163
2025-11-27,600651.SH,电器仪表,8.28,0.012224938875305513,-0.04653937947494036,1.6601,0.017199017199017064,0.10040809475351686,0.0023915457899706225,0.12009126936471719,-14.545866427182292,418.1396,8.327,2075819.1964
2025-11-28,600651.SH,电器仪表,8.38,0.012077294685990614,-0.003708281829418958,1.3703,0.02444987775061147,0.1063040791100125,0.002363007030418517,0.11865774360434762,-14.557871373303028,423.1896,8.4276,2100889.4766
2025-12-01,600651.SH,电器仪表,8.09,-0.03460620525059677,-0.0024999999999999467,1.5013,-0.007361963190184118,0.11872587534365864,0.0024477131750119817,0.12291203185879866,-14.522652189847902,408.5446,8.1359,2028185.6641
2025-12-02,600651.SH,电器仪表,8.0,-0.011124845488257096,0.03132832080200498,1.0561,-0.03730445246690739,0.006894313073791292,0.002475249975495025,0.12429462798617842,-14.511465000474594,403.9996,8.0454,2005622.412
2025-12-03,600651.SH,电器仪表,7.98,-0.0024999999999999467,0.03629536921151422,0.9074,-0.012376237623762387,-0.07057076931332373,0.0024814536156764345,0.12460593373456444,-14.50896187027147,402.9896,8.0253,2000608.356
2025-12-04,600651.SH,电器仪表,7.99,0.0012531328320801727,-0.002481389578163906,0.9559,-0.0024968789013731785,-0.17020712581585784,0.002478347913454108,0.12444931179530579,-14.51021421858043,403.4946,8.0354,2003115.384
2025-12-05,600651.SH,电器仪表,8.06,0.008760951188986343,0.02130325814536338,0.8671,0.026751592356688114,-0.22894763703174437,0.002456823778909445,0.12336997421567537,-14.518937015318244,407.0296,8.1057,2020664.5801
2025-12-08,600651.SH,电器仪表,7.98,-0.00992555831265507,-0.04495747266099637,1.3474,-0.013597033374536438,-0.2488615290076922,0.0024814536156764345,0.12460593373456444,-14.50896187027147,402.9896,8.0253,2000608.356
2025-12-09,600651.SH,电器仪表,8.23,0.03132832080200498,-0.09782608695652173,3.5916,0.014796547472256671,0.03794830152930051,0.0024060752437474525,0.1208211001969384,-14.539809473461926,415.6146,8.2767,2063284.0563
2025-12-10,600651.SH,电器仪表,8.28,0.006075334143377686,-0.07711442786069644,1.9059,0.022222222222222143,0.16094424912104466,0.0023915457899706225,0.12009126936471719,-14.545866427182292,418.1396,8.327,2075819.1964
2025-12-11,600651.SH,电器仪表,8.04,-0.02898550724637683,-0.09570552147239264,1.6909,-0.009852216748768461,0.23083065262992575,0.0024629352868679242,0.12367665974077373,-14.516452542005478,406.0196,8.0856,2015650.5241
2025-12-12,600651.SH,电器仪表,8.15,0.013681592039801238,-0.0483460559796437,1.5923,-0.033214709371292894,0.38004285339573984,0.0024296931832042115,0.12200627112233568,-14.530041386035293,411.5746,8.1963,2043227.8322
2025-12-15,600651.SH,电器仪表,7.86,-0.03558282208588959,-0.01338688085676032,1.4397,-0.02962962962962956,0.41837219710716145,0.00251933844187987,0.12650861523669762,-14.493810065240947,396.9296,7.9046,1970524.0198
2025-12-16,600651.SH,电器仪表,7.47,-0.04961832061068705,-0.03369272237196763,1.5137,-0.05323193916349811,0.11934399637080961,0.002650870307230567,0.13311325275544433,-14.442918457936813,377.2346,7.5124,1872749.9272
2025-12-17,600651.SH,电器仪表,7.42,-0.00669344042838016,0.006784260515603879,1.3951,-0.054777070063694255,0.029339070092087027,0.0026687333337603305,0.1340105332279117,-14.43620251595792,374.7096,7.4621,1860214.7871
2025-12-18,600651.SH,电器仪表,7.37,-0.006738544474393482,-0.02941176470588247,0.8336,-0.07528230865746544,-0.09175738724727833,0.0026868387354017334,0.1349199924444804,-14.429441165020357,372.1846,7.4118,1847679.6471
2025-12-19,600651.SH,电器仪表,7.48,0.014925373134328401,-0.02170963364993217,1.0226,-0.01319261213720313,-0.1611330996650452,0.002647326359216773,0.13293452974410103,-14.444256250770477,377.7396,7.5225,1875256.9552
2025-12-22,600651.SH,电器仪表,7.37,-0.014705882352941235,0.002789400278940146,0.8718,-0.05633802816901401,-0.2265058422356243,0.0026868387354017334,0.1349199924444804,-14.429441165020357,372.1846,7.4118,1847679.6471
2025-12-23,600651.SH,电器仪表,7.17,-0.027137042062415184,-0.030997304582210172,1.2154,-0.12985436893203883,-0.2450362031904062,0.0027617847426306607,0.1386827908524831,-14.40192911343132,362.0847,7.2107,1797539.0868
2025-12-24,600651.SH,电器仪表,7.42,0.03486750348675027,0.004132231404958775,1.1682,-0.09290953545232272,-0.26732219132528734,0.0026687333337603305,0.1340105332279117,-14.43620251595792,374.7096,7.4621,1860214.7871
2025-12-25,600651.SH,电器仪表,7.26,-0.021563342318059342,0.012482662968099856,0.9525,-0.12318840579710144,-0.23077488712737337,0.002727547713674042,0.13696378677477675,-14.414403287636956,366.6297,7.3012,1820102.3389
2025-12-26,600651.SH,电器仪表,7.21,-0.00688705234159781,0.03198887343532686,0.8882,-0.13961813842482107,-0.23701654770237313,0.0027464627619473193,0.13791391413479706,-14.407492410083316,364.1047,7.2509,1807567.1988
2025-12-29,600651.SH,电器仪表,7.19,-0.002773925104022079,0.033379694019471495,0.7831,-0.11124845488257096,-0.22958632228782416,0.002754102442145259,0.13829728384134535,-14.404714630536034,363.0947,7.2308,1802553.1428
2025-12-30,600651.SH,电器仪表,7.19,0.0,0.026063100137174278,0.7405,-0.10124999999999995,-0.29408283332489715,0.002754102442145259,0.13829728384134535,-14.404714630536034,363.0947,7.2308,1802553.1428
2025-12-31,600651.SH,电器仪表,7.29,0.013908205841446364,0.046575342465753344,1.2919,-0.08646616541353391,-0.2855137067755126,0.0027163232283392916,0.13639959625719508,-14.418527004796173,368.1447,7.3314,1827623.4229
2026-01-05,600651.SH,电器仪表,7.3,0.00137174211248281,0.13207547169811318,1.2659,-0.08635794743429293,-0.2463851630562528,0.002712602234587469,0.13621380118233578,-14.419897806976424,368.6497,7.3414,1830130.451
2026-01-06,600651.SH,电器仪表,7.42,0.016438356164383494,0.15343203230148061,1.5376,-0.07940446650124078,-0.16902975831765132,0.0026687333337603305,0.1340105332279117,-14.43620251595792,374.7096,7.4621,1860214.7871
2026-01-07,600651.SH,电器仪表,7.43,0.0013477088948787852,0.17914438502673802,1.2963,-0.06892230576441116,-0.09141824216203398,0.0026651414950271124,0.13382939428816146,-14.437549317500267,375.2146,7.4722,1862721.8151
2026-01-08,600651.SH,电器仪表,7.48,0.006729475100942128,0.19371727748691092,1.4244,-0.0911300121506683,0.09806037954699254,0.002647326359216773,0.13293452974410103,-14.444256250770477,377.7396,7.5225,1875256.9552
2026-01-09,600651.SH,电器仪表,7.64,0.021390374331550666,0.03809523809523818,1.6069,-0.07729468599033817,0.16280889990460912,0.0025918849120158747,0.13015071452742277,-14.46542106199407,385.8196,7.6834,1915369.4035
2026-01-12,600651.SH,电器仪表,8.4,0.09947643979057608,-0.0175029171528589,4.3161,0.044776119402985204,0.4996869913609614,0.00235738081789799,0.11837541579364798,-14.560255164644026,424.1996,8.4477,2105903.5326
2026-01-13,600651.SH,电器仪表,8.57,0.020238095238095166,-0.052154195011338,4.6244,0.05153374233128827,0.7580686301465156,0.002310618261370668,0.11602812521755272,-14.58029119142539,432.7846,8.6186,2148523.0089
2026-01-14,600651.SH,电器仪表,8.82,0.029171528588098017,-0.0910087719298246,4.9491,0.12213740458015265,1.008576354782134,0.002245124487662592,0.112738300582857,-14.60904532879989,445.4096,8.8701,2211198.7092
2026-01-15,600651.SH,电器仪表,9.12,0.034013605442176686,-0.04816513761467889,3.2788,0.22088353413654604,1.1177698068940622,0.0021712716443213864,0.1090298523735799,-14.642493262889746,460.5596,9.1718,2286409.5497
2026-01-16,600651.SH,电器仪表,8.72,-0.04385964912280682,0.05581947743467941,3.1596,0.17520215633423186,1.1842269971445378,0.002270871351504543,0.11403158674952961,-14.597642696724794,440.3596,8.7695,2186128.4291
2026-01-19,600651.SH,电器仪表,8.42,-0.034403669724770714,0.004784688995215447,2.4964,0.1424694708276797,0.9036711520016862,0.002351781333253059,0.11809442830487257,-14.562633287034782,425.2096,8.4678,2110917.5886
2026-01-20,600651.SH,电器仪表,8.36,-0.0071258907363420665,0.02050663449939716,2.1561,0.11764705882352922,0.6030702192728219,0.0023686601626416812,0.11894142134998513,-14.555481885872283,422.1796,8.4075,2095875.4205
2026-01-21,600651.SH,电器仪表,8.29,-0.00837320574162681,0.013253012048192625,1.0992,0.12483039348710978,0.21142045087526662,0.0023886609310140388,0.11994578450540357,-14.54707342792512,418.6446,8.3371,2078326.2244
2026-01-22,600651.SH,电器仪表,8.3,0.0012062726176118588,-0.08098987626546683,1.1879,0.1576011157601116,0.004318414045660246,0.002385783023531455,0.11980208695235472,-14.548278973621338,419.1496,8.3471,2080833.2525
2026-01-23,600651.SH,电器仪表,8.89,0.07108433734939767,-0.02619047619047632,2.8679,0.19811320754716988,-0.06423235089259316,0.0022274463263395974,0.11185056764163077,-14.616950508304868,448.9446,8.9405,2228747.9053
2026-01-26,600651.SH,电器仪表,8.4,-0.055118110236220486,-0.06737588652482285,2.2977,0.1570247933884299,-0.1116945548673387,0.00235738081789799,0.11837541579364798,-14.560255164644026,424.1996,8.4477,2105903.5326
2026-01-27,600651.SH,电器仪表,8.46,0.0071428571428571175,-0.030915576694411362,1.9058,0.1733703190013871,-0.154713947648897,0.0023406617893516743,0.11753643629525154,-14.567372632417603,427.2296,8.508,2120945.7007
2026-01-28,600651.SH,电器仪表,8.41,-0.005910165484633634,-0.014687882496939975,1.5179,0.16968011126564675,-0.1313093619781256,0.0023545777465089853,0.11823545408326139,-14.561444932772499,424.7046,8.4577,2108410.5606
2026-01-29,600651.SH,电器仪表,8.17,-0.028537455410225898,-0.020782396088019572,1.6366,0.13630041724617525,-0.10917426197554236,0.002423745336108037,0.12170780390438635,-14.532492367688638,412.5846,8.2164,2048241.8883
2026-01-30,600651.SH,电器仪表,8.18,0.001223990208078396,0.006337135614702172,1.2661,0.12208504801097386,-0.24829213762265545,0.0024207823193805895,0.12155985607313041,-14.533715609424043,413.0896,8.2264,2050748.9163
2026-02-02,600651.SH,电器仪表,7.89,-0.03545232273838628,0.0,1.1239,0.08082191780821923,-0.3485891402378646,0.002509759198643927,0.12602712103644703,-14.497619593634846,398.4446,7.9348,1978045.1038
2026-02-03,600651.SH,电器仪表,8.15,0.03295310519645134,0.027329192546583725,1.057,0.09838274932614555,-0.416675318822747,0.0024296931832042115,0.12200627112233568,-14.530041386035293,411.5746,8.1963,2043227.8322
2026-02-04,600651.SH,电器仪表,8.05,-0.012269938650306678,0.056179775280899014,0.9365,0.08344549125168244,-0.46378731771187076,0.0024598757369172736,0.12352236372395221,-14.517695550237617,406.5246,8.0957,2018157.5521
2026-02-05,600651.SH,电器仪表,8.01,-0.00496894409937898,0.021410579345088054,0.7206,0.07085561497326198,-0.5381375199357531,0.0024721597727195193,0.1241387871640494,-14.512714219867556,404.5046,8.0555,2008129.44
2026-02-06,600651.SH,电器仪表,7.94,-0.008739076154806402,-0.008588957055214785,0.78,0.03926701570680646,-0.5741580908118475,0.0024939546539189004,0.12523324692239296,-14.503936734048779,400.9696,7.9851,1990580.2439
2026-02-09,600651.SH,电器仪表,8.15,0.026448362720403074,-0.044740024183796745,0.9723,-0.029761904761904767,-0.5537370921571272,0.0024296931832042115,0.12200627112233568,-14.530041386035293,411.5746,8.1963,2043227.8322
2026-02-10,600651.SH,电器仪表,8.27,0.014723926380368013,-0.0520094562647756,1.0611,-0.03500583430571769,-0.5096859105304288,0.002394437625618184,0.12023710757614015,-14.544657967827947,417.6346,8.3169,2073312.1684
2026-02-11,600651.SH,电器仪表,8.46,0.02297460701330123,-0.013563501849568338,2.5481,-0.04081632653061218,-0.2859184901451445,0.0023406617893516743,0.11753643629525154,-14.567372632417603,427.2296,8.508,2120945.7007
2026-02-12,600651.SH,电器仪表,8.11,-0.0413711583924351,-0.006188118811881305,1.4493,-0.11074561403508776,-0.15498759305210907,0.002441676885084431,0.12260912211868562,-14.525121326939294,409.5546,8.156,2033199.7202
2026-02-13,600651.SH,电器仪表,8.08,-0.0036991368680640013,-0.032911392405063356,1.0576,-0.07339449541284415,-0.05920764483376484,0.0024507425259705186,0.12306329145079314,-14.521415331317888,408.0396,8.1259,2025678.6361
2026-02-24,600651.SH,电器仪表,7.9,-0.022277227722772297,-0.07356608478802995,1.0949,-0.061757719714964354,0.003740887025211803,0.0025065822850806217,0.12586849259893262,-14.498886218292979,398.9496,7.9448,1980552.1319
2026-02-25,600651.SH,电器仪表,8.02,0.015189873417721378,-0.08125000000000004,0.9117,-0.04066985645933008,0.027436972803096094,0.0024690772761929596,0.12398487384539086,-14.51396188065826,405.0096,8.0655,2010636.468
2026-02-26,600651.SH,电器仪表,8.0,-0.0024937655860348684,-0.06102117061021162,0.9165,-0.03498190591073569,-0.20466945447355134,0.002475249975495025,0.12429462798617842,-14.511465000474594,403.9996,8.0454,2005622.412
2026-02-27,600651.SH,电器仪表,8.03,0.00374999999999992,-0.01308900523560208,0.8501,-0.03253012048192783,-0.28357235017574034,0.0024660024571248485,0.12382980831145673,-14.515207986731074,405.5146,8.0756,2013143.496
2026-03-02,600651.SH,电器仪表,7.64,-0.04856787048567868,0.0013458950201885589,1.4595,-0.14060742407199112,-0.18121361957814353,0.0025918849120158747,0.13015071452742277,-14.46542106199407,385.8196,7.6834,1915369.4035
2026-03-03,600651.SH,电器仪表,7.43,-0.027486910994764413,0.03265306122448974,1.1593,-0.11547619047619051,-0.13250466738724576,0.0026651414950271124,0.13382939428816146,-14.437549317500267,375.2146,7.4722,1862721.8151
2026-03-04,600651.SH,电器仪表,7.35,-0.010767160161507361,-0.003978779840848823,0.7868,-0.13120567375886538,-0.11228964463781554,0.002694149869091258,0.13528687582017668,-14.426723772005936,371.1746,7.3917,1842665.591
2026-03-05,600651.SH,电器仪表,7.54,0.025850340136054584,-0.023872679045092826,0.9595,-0.10344827586206895,-0.08293695103616239,0.0026262600795861854,0.13187740676267343,-14.452245640809332,380.7696,7.5828,1890299.1233
2026-03-06,600651.SH,电器仪表,7.54,0.0,-0.02284946236559149,0.6303,-0.07711138310893506,-0.08092966777209976,0.0026262600795861854,0.13187740676267343,-14.452245640809332,380.7696,7.5828,1890299.1233
2026-03-09,600651.SH,电器仪表,7.44,-0.013262599469495928,-0.031620553359683834,0.8172,-0.09046454767726153,-0.1822169620800106,0.0026615593117846393,0.13365053059260645,-14.438894307661203,375.7196,7.4822,1865228.8432
2026-03-10,600651.SH,电器仪表,7.59,0.020161290322580516,-0.03462050599201061,0.7087,-0.03802281368821292,-0.25228720601619004,0.0026089592704932447,0.13100837143493468,-14.458855050210179,383.2946,7.6331,1902834.2634
2026-03-11,600651.SH,电器仪表,7.51,-0.010540184453227908,-0.009510869565217406,0.6577,-0.07852760736196329,-0.26292503552645075,0.002636751142899783,0.13240473479331621,-14.44825892458939,379.2546,7.5526,1882778.0393
2025-07-29,600653.SH,汽车服务,1.93,-0.005154639175257714,-0.010309278350515427,1.4961,0.02659574468085113,-0.09209588496958876,0.014341667276187527,0.21534088462035403,-12.836416867858231,69.7269,4.6438,375651.4012
2025-07-30,600653.SH,汽车服务,1.94,0.005181347150259086,0.015873015873015817,1.0921,0.021052631578947434,-0.13983103187758006,0.014267736937173448,0.21423368610480314,-12.841584837971393,70.0882,4.6678,377597.7815
2025-07-31,600653.SH,汽车服务,1.89,-0.02577319587628868,0.010582010582010692,1.7433,-0.010471204188481686,-0.15046610578698316,0.014645190958644909,0.2199010445299615,-12.815473693927071,68.2818,4.5475,367865.8799
2025-08-01,600653.SH,汽车服务,1.89,0.0,0.015873015873015817,1.3716,0.0,-0.1574106277971481,0.014645190958644909,0.2199010445299615,-12.815473693927071,68.2818,4.5475,367865.8799
2025-08-04,600653.SH,汽车服务,1.89,0.0,0.005208333333333259,1.0407,-0.010471204188481686,-0.21104845691288998,0.014645190958644909,0.2199010445299615,-12.815473693927071,68.2818,4.5475,367865.8799
2025-08-05,600653.SH,汽车服务,1.92,0.015873015873015817,0.005208333333333259,1.251,-0.005181347150259086,-0.23852877765279346,0.014416346984172292,0.21646427257181203,-12.83122205102688,69.3657,4.6197,373705.0209
2025-08-06,600653.SH,汽车服务,1.92,0.0,0.010471204188481575,1.2524,-0.010309278350515427,-0.19417687206544365,0.014416346984172292,0.21646427257181203,-12.83122205102688,69.3657,4.6197,373705.0209
2025-08-07,600653.SH,汽车服务,1.91,-0.00520833333333337,-0.02083333333333337,1.0772,-0.025510204081632626,-0.25199781574225755,0.014491829506524221,0.21759944294542605,-12.82600010682297,69.0044,4.5956,371758.6405
2025-08-08,600653.SH,汽车服务,1.92,0.005235602094240788,-0.020725388601036343,1.2115,-0.035175879396984966,-0.25305740885399997,0.014416346984172292,0.21646427257181203,-12.83122205102688,69.3657,4.6197,373705.0209
2025-08-11,600653.SH,汽车服务,1.93,0.005208333333333259,-0.005181347150259086,1.9648,-0.01025641025641022,-0.12855235921146824,0.014341667276187527,0.21534088462035403,-12.836416867858231,69.7269,4.6438,375651.4012
2025-08-12,600653.SH,汽车服务,1.93,0.0,0.015544041450777257,1.3906,0.010471204188481575,-0.09375523572679278,0.014341667276187527,0.21534088462035403,-12.836416867858231,69.7269,4.6438,375651.4012
2025-08-13,600653.SH,汽车服务,1.93,0.0,0.08510638297872353,1.6761,-0.005154639175257714,-0.013918589888226918,0.014341667276187527,0.21534088462035403,-12.836416867858231,69.7269,4.6438,375651.4012
2025-08-14,600653.SH,汽车服务,1.88,-0.025906735751295318,0.07407407407407396,2.1059,-0.030927835051546393,0.10602698531506038,0.014723095383573442,0.2210726444709732,-12.810168641743648,67.9205,4.5234,365919.4996
2025-08-15,600653.SH,汽车服务,1.89,0.005319148936170137,0.0625,1.1955,-0.015625,0.10451094682497342,0.014645190958644909,0.2199010445299615,-12.815473693927071,68.2818,4.5475,367865.8799
2025-08-18,600653.SH,汽车服务,1.92,0.015873015873015817,0.04081632653061229,2.3118,-0.025380710659898553,0.1481083440528823,0.014416346984172292,0.21646427257181203,-12.83122205102688,69.3657,4.6197,373705.0209
2025-08-19,600653.SH,汽车服务,1.96,0.02083333333333326,0.004901960784313708,2.9346,-0.010101010101010055,0.2910594772067181,0.014122139560631995,0.21204860153947283,-12.851841338049404,70.8108,4.7159,381490.5421
2025-08-20,600653.SH,汽车服务,2.04,0.04081632653061229,-0.009852216748768461,4.9774,0.04615384615384621,0.5461656516234499,0.013568336928942621,0.20373237714937656,-12.891846672827576,73.701,4.9084,397061.5847
2025-08-21,600653.SH,汽车服务,2.03,-0.004901960784313819,-0.02450980392156865,3.0078,0.025252525252525082,0.5921227604548891,0.013635179854839877,0.20473343706494143,-12.88693265806857,73.3397,4.8844,395115.2044
2025-08-22,600653.SH,汽车服务,2.04,0.0049261083743843415,-0.044117647058823595,2.1839,0.035532994923857864,0.6706222771311527,0.013568336928942621,0.20373237714937656,-12.891846672827576,73.701,4.9084,397061.5847
2025-08-25,600653.SH,汽车服务,2.04,0.0,-0.029268292682926744,2.4514,0.05154639175257736,0.648847112946096,0.013568336928942621,0.20373237714937656,-12.891846672827576,73.701,4.9084,397061.5847
2025-08-26,600653.SH,汽车服务,2.05,0.004901960784313708,0.08955223880597019,2.5066,0.06217616580310881,0.5616602402300095,0.013502146166133109,0.20273694880892043,-12.896736658078769,74.0623,4.9325,399007.965
2025-08-27,600653.SH,汽车服务,2.01,-0.019512195121951237,0.05527638190954787,2.717,0.036082474226803996,0.2748426473393095,0.004655257251843365,0.1944503859840162,-12.87703158691839,214.8109,5.1427,391222.4437
2025-08-28,600653.SH,汽车服务,1.99,-0.00995024875621886,0.10256410256410264,2.8051,0.05291005291005302,0.22260329351795294,0.004702045483826374,0.19640191688270878,-12.86703150367115,212.6734,5.0916,387329.6831
2025-08-29,600653.SH,汽车服务,1.95,-0.02010050251256279,0.085427135678392,1.9576,0.031746031746031855,0.18401005261917835,0.0047984967269453825,0.20043293513990218,-12.846726237426994,208.3986,4.9892,379544.1618
2025-09-01,600653.SH,汽车服务,1.99,0.02051282051282044,-0.0273972602739726,2.4944,0.05291005291005302,0.14837391828416058,0.004702045483826374,0.19640191688270878,-12.86703150367115,212.6734,5.0916,387329.6831
2025-09-02,600653.SH,汽车服务,2.19,0.10050251256281406,0.023809523809523725,7.0236,0.140625,0.38065841950078405,0.004272633313636494,0.17846626095336676,-12.96279840866531,234.0477,5.6033,426257.2894
2025-09-03,600653.SH,汽车服务,2.1,-0.041095890410958846,0.04186046511627928,9.3543,0.09375,0.648557642845061,0.004455746197132014,0.18611576400521124,-12.920834209693632,224.4293,5.373,408739.8666
2025-09-04,600653.SH,汽车服务,2.15,0.023809523809523725,0.0185185185185186,7.1227,0.12565445026178002,0.763776844615933,0.004352125229792212,0.1817884346197895,-12.944364707137964,229.7728,5.5009,418471.7682
2025-09-05,600653.SH,汽车服务,2.16,0.0046511627906977715,0.06103286384976525,6.1886,0.12500000000000022,0.8829159700861635,0.004331976702629294,0.1809463494074007,-12.949005086653532,230.8415,5.5265,420418.1485
2025-09-08,600653.SH,汽车服务,2.13,-0.01388888888888895,0.08372093023255811,4.5104,0.10362694300518127,0.9290392905339189,0.004392989842528886,0.18349297221916402,-12.935018844561538,227.6354,5.4498,414579.0075
2025-09-09,600653.SH,汽车服务,2.15,0.009389671361502261,0.049107142857142794,5.215,0.11398963730569944,0.7335365274412393,0.004352125229792212,0.1817884346197895,-12.944364707137964,229.7728,5.5009,418471.7682
2025-09-10,600653.SH,汽车服务,2.24,0.04186046511627928,0.05454545454545445,7.9793,0.16062176165803121,0.530843540890072,0.004177262990452448,0.17448352875488554,-12.985372730739458,239.3912,5.7312,435989.191
2025-09-11,600653.SH,汽车服务,2.2,-0.017857142857142905,0.06637168141592942,5.0655,0.17021276595744705,0.3789494360286896,0.004253212451364515,0.17765460391906057,-12.967354225161715,235.1164,5.6289,428203.6697
2025-09-12,600653.SH,汽车服务,2.26,0.027272727272727115,-0.03433476394849788,6.3082,0.1957671957671958,0.30520494820187793,0.004140296428663107,0.17293857221914777,-12.994261678079573,241.5286,5.7824,439881.9516
2025-09-15,600653.SH,汽车服务,2.33,0.030973451327433787,-0.06808510638297882,6.165,0.21354166666666674,0.3222987595785234,0.004015909426785152,0.16774301769688837,-13.024765132554464,249.0096,5.9615,453506.6139
2025-09-16,600653.SH,汽车服务,2.35,0.008583690987124415,-0.09051724137931039,4.8332,0.19897959183673475,0.2797368948106296,0.00398173181443537,0.16631463402464783,-13.033312193057858,251.147,6.0127,457399.3745
2025-09-17,600653.SH,汽车服务,2.32,-0.01276595744680864,-0.12863070539419086,4.176,0.13725490196078427,0.12891003725059957,0.004033219206673848,0.16846644990650111,-13.020464050471638,247.9409,5.9359,451560.2335
2025-09-18,600653.SH,汽车服务,2.41,0.03879310344827602,-0.08000000000000007,11.4429,0.1871921182266012,0.2848809813006157,0.003882601016542598,0.16217443482209465,-13.058523612399817,257.5593,6.1662,469077.6564
2025-09-19,600653.SH,汽车服务,2.25,-0.06639004149377603,-0.05022831050228305,7.5532,0.10294117647058831,0.2670918698433298,0.004158697562462598,0.17370761534185658,-12.989827081050102,240.4599,5.7568,437935.5713
2025-09-22,600653.SH,汽车服务,2.19,-0.026666666666666727,0.009478672985782088,3.7875,0.07352941176470584,0.16450637830670645,0.004272633313636494,0.17846626095336676,-12.96279840866531,234.0477,5.6033,426257.2894
2025-09-23,600653.SH,汽车服务,2.11,-0.0365296803652968,-0.004761904761904856,4.156,0.029268292682926855,0.12274447366165853,0.004434629131965694,0.18523320860963954,-12.925584812410488,225.498,5.3986,410686.2469
2025-09-24,600653.SH,汽车服务,2.1,-0.004739336492890933,0.009661835748792313,2.386,0.044776119402985204,0.061324864622775754,0.004455746197132014,0.18611576400521124,-12.920834209693632,224.4293,5.373,408739.8666
2025-09-25,600653.SH,汽车服务,2.07,-0.014285714285714457,0.019230769230769162,2.8102,0.04020100502512558,-0.251136347186636,0.004520323600925943,0.1888110567754848,-12.906445472120978,221.2231,5.2963,402900.7256
2025-09-26,600653.SH,汽车服务,2.08,0.004830917874396157,-0.023474178403755763,2.0544,0.06666666666666665,-0.4506157662185517,0.004498591491004167,0.18790634747641777,-12.911264758515163,222.2918,5.3218,404847.1059
2025-09-29,600653.SH,汽车服务,2.13,0.024038461538461453,0.004784688995215447,2.1746,0.07035175879396971,-0.5075108833016337,0.004392989842528886,0.18349297221916402,-12.935018844561538,227.6354,5.4498,414579.0075
2025-09-30,600653.SH,汽车服务,2.09,-0.018779342723004744,0.009569377990430672,1.9113,-0.045662100456621,-0.5689310162242632,0.004477065337396121,0.18700676964506113,-12.916060930983116,223.3606,5.3474,406793.4863
2025-10-09,600653.SH,汽车服务,2.09,0.0,-0.03301886792452846,2.2073,-0.004761904761904856,-0.5447992958500643,0.004477065337396121,0.18700676964506113,-12.916060930983116,223.3606,5.3474,406793.4863
2025-10-10,600653.SH,汽车服务,2.12,0.014354066985646119,-0.028846153846153855,3.1734,-0.013953488372092981,-0.510255265786733,0.004413711282372917,0.18435898381328122,-12.930312953565085,226.5667,5.4242,412632.6272
2025-10-13,600653.SH,汽车服务,2.08,-0.018867924528301883,-0.02857142857142858,2.11,-0.03703703703703709,-0.48559532722946386,0.004498591491004167,0.18790634747641777,-12.911264758515163,222.2918,5.3218,404847.1059
2025-10-14,600653.SH,汽车服务,2.1,0.009615384615384581,0.004739336492891155,2.8164,-0.014084507042253391,-0.44666426645110024,0.004455746197132014,0.18611576400521124,-12.920834209693632,224.4293,5.373,408739.8666
2025-10-15,600653.SH,汽车服务,2.11,0.004761904761904745,0.039024390243902474,1.7185,-0.018604651162790753,-0.4329479693830759,0.004434629131965694,0.18523320860963954,-12.925584812410488,225.498,5.3986,410686.2469
2025-10-16,600653.SH,汽车服务,2.05,-0.028436018957346043,0.06435643564356441,2.1355,-0.08482142857142871,-0.39463012644156925,0.004564423876136142,0.19065413433490305,-12.896736658078769,219.0857,5.2451,399007.965
2025-10-17,600653.SH,汽车服务,2.02,-0.014634146341463317,0.02941176470588247,1.5627,-0.0818181818181819,-0.4518926953736174,0.00463221165872088,0.19348722016910783,-12.881994376217495,215.8796,5.1683,393168.824
2025-10-20,600653.SH,汽车服务,2.04,0.00990099009900991,-0.014150943396226578,1.1519,-0.09734513274336276,-0.46620026732645115,0.0045867982771985675,0.1915892326851231,-12.891846672827576,218.017,5.2195,397061.5847
2025-10-21,600653.SH,汽车服务,2.12,0.03921568627450989,-0.023474178403755763,2.9386,-0.0901287553648068,-0.4332484843426786,0.004413711282372917,0.18435898381328122,-12.930312953565085,226.5667,5.4242,412632.6272
2025-10-22,600653.SH,汽车服务,2.13,0.004716981132075304,-0.03255813953488362,2.177,-0.09361702127659588,-0.3814292852332434,0.004392989842528886,0.18349297221916402,-12.935018844561538,227.6354,5.4498,414579.0075
2025-10-23,600653.SH,汽车服务,2.15,0.009389671361502261,-0.02857142857142858,2.1834,-0.07327586206896552,-0.35862470937121693,0.004352125229792212,0.1817884346197895,-12.944364707137964,229.7728,5.5009,418471.7682
2025-10-24,600653.SH,汽车服务,2.1,-0.023255813953488302,-0.019138755980861233,2.3827,-0.12863070539419086,-0.18835150756874797,0.004455746197132014,0.18611576400521124,-12.920834209693632,224.4293,5.373,408739.8666
2025-10-27,600653.SH,汽车服务,2.09,-0.004761904761904856,0.009615384615384581,1.9637,-0.07111111111111112,-0.025511965205821663,0.004477065337396121,0.18700676964506113,-12.916060930983116,223.3606,5.3474,406793.4863
2025-10-28,600653.SH,汽车服务,2.08,-0.004784688995215225,0.004807692307692291,1.2671,-0.05022831050228305,-0.11892704838926949,0.004498591491004167,0.18790634747641777,-12.911264758515163,222.2918,5.3218,404847.1059
2025-10-29,600653.SH,汽车服务,2.08,0.0,0.0490196078431373,1.486,-0.01421800947867291,-0.12858507370214534,0.004498591491004167,0.18790634747641777,-12.911264758515163,222.2918,5.3218,404847.1059
2025-10-30,600653.SH,汽车服务,2.04,-0.019230769230769273,0.034146341463414887,1.5985,-0.02857142857142858,-0.16811721723827933,0.0045867982771985675,0.1915892326851231,-12.891846672827576,218.017,5.2195,397061.5847
2025-10-31,600653.SH,汽车服务,2.05,0.004901960784313708,0.0,1.6015,-0.009661835748792313,-0.22029816937300706,0.001449339427322512,0.1832005129614363,-12.896736658078769,689.9695,5.4585,399007.965
2025-11-03,600653.SH,汽车服务,2.1,0.024390243902439046,0.019138755980861344,2.2303,0.009615384615384581,-0.19751706283831505,0.0014148313945427124,0.17883968810358397,-12.920834209693632,706.798,5.5916,408739.8666
2025-11-04,600653.SH,汽车服务,2.09,-0.004761904761904856,0.004672897196261516,1.4472,-0.018779342723004744,-0.16496517984174908,0.0014216009131226984,0.17969451931716082,-12.916060930983116,703.4323,5.565,406793.4863
2025-11-05,600653.SH,汽车服务,2.14,0.02392344497607679,0.004716981132075304,3.4394,0.02392344497607679,-0.007778106373719451,0.0013883859846322332,0.17549709552306908,-12.939702693833388,720.2608,5.6981,416525.3878
2025-11-06,600653.SH,汽车服务,2.12,-0.009345794392523366,0.028571428571428692,2.0012,0.014354066985646119,0.036085538238492365,0.0014014839472627197,0.17715105670605324,-12.930312953565085,713.5294,5.6449,412632.6272
2025-11-07,600653.SH,汽车服务,2.1,-0.009433962264150941,0.032863849765258246,1.8859,-0.009433962264150941,0.09772429702599905,0.0014148313945427124,0.17883968810358397,-12.920834209693632,706.798,5.5916,408739.8666
2025-11-10,600653.SH,汽车服务,2.13,0.014285714285714235,0.027906976744185963,1.9325,0.024038461538461453,0.07276553106212424,0.0013949042195992134,0.17632019747862118,-12.935018844561538,716.8951,5.6715,414579.0075
2025-11-11,600653.SH,汽车服务,2.15,0.009389671361502261,-0.004694835680751019,1.7599,0.023809523809523725,0.13411298519176085,0.0013819283843253393,0.174678591391839,-12.944364707137964,723.6265,5.7248,418471.7682
2025-11-12,600653.SH,汽车服务,2.13,-0.009302325581395321,-0.04629629629629628,1.7153,0.009478672985782088,-0.043260088059021706,0.0013949042195992134,0.17632019747862118,-12.935018844561538,716.8951,5.6715,414579.0075
2025-11-13,600653.SH,汽车服务,2.16,0.014084507042253724,-0.07272727272727275,2.5319,0.05365853658536612,0.0011539431485581009,0.0013755305765316326,0.17387070974023716,-12.949005086653532,726.9922,5.7514,420418.1485
2025-11-14,600653.SH,汽车服务,2.2,0.0185185185185186,-0.11764705882352944,2.7046,0.08910891089108919,0.0539177100196544,0.0013505207810709926,0.1707096399733693,-12.967354225161715,740.4551,5.8579,428203.6697
2025-11-17,600653.SH,汽车服务,2.21,0.004545454545454408,-0.07075471698113212,1.8956,0.08333333333333326,0.031279243017526825,0.0013444098363476794,0.1699379726399864,-12.971889380520485,743.8208,5.8845,430150.0501
2025-11-18,600653.SH,汽车服务,2.12,-0.040723981900452455,-0.03883495145631066,3.7768,0.0,0.20286323412060359,0.0014014839472627197,0.17715105670605324,-12.930312953565085,713.5294,5.6449,412632.6272
2025-11-19,600653.SH,汽车服务,2.06,-0.028301886792452824,-0.019607843137254943,2.7509,-0.032863849765258135,0.2839847348335307,0.0014423038091820521,0.1823120818216623,-12.90160284768736,693.3352,5.4851,400954.3453
2025-11-20,600653.SH,汽车服务,2.04,-0.009708737864077666,0.02051282051282044,2.0659,-0.051162790697674376,0.24361581548133815,0.0014564440220109472,0.18409764539111545,-12.891846672827576,686.6038,5.4319,397061.5847
2025-11-21,600653.SH,汽车服务,1.95,-0.044117647058823595,0.025380710659898442,2.6536,-0.07142857142857151,0.23095078650738277,0.0015236646450684154,0.19259658718847503,-12.846726237426994,656.3124,5.1922,379544.1618
2025-11-24,600653.SH,汽车服务,1.97,0.01025641025641022,0.025252525252525082,1.3183,-0.0574162679425837,0.19493894784891008,0.0015081957620000728,0.19063959584405682,-12.856930407512964,663.0439,5.2455,383436.9224
2025-11-25,600653.SH,汽车服务,1.98,0.0050761421319796,0.020000000000000018,1.1045,-0.04807692307692313,-0.05553725793440545,0.001500578623117074,0.18967773752394682,-12.861993709685526,666.4096,5.2721,385383.3028
2025-11-26,600653.SH,汽车服务,2.0,0.010101010101010166,0.010050251256281229,1.2967,-0.03846153846153855,-0.1907073758406156,0.001485572859178092,0.18777932174108986,-12.872044045450805,673.141,5.3254,389276.0634
2025-11-27,600653.SH,汽车服务,1.99,-0.0050000000000000044,-0.01980198019801982,1.2365,-0.02450980392156865,-0.26385721368368864,0.001493038038279405,0.18872553645233736,-12.86703150367115,669.7753,5.2987,387329.6831
2025-11-28,600653.SH,汽车服务,2.02,0.015075376884422065,-0.004926108374384119,1.5932,-0.014634146341463317,-0.3663117256326771,0.0014708642386424278,0.1859219871341985,-12.881994376217495,679.8724,5.3786,393168.824
2025-12-01,600653.SH,汽车服务,2.03,0.004950495049504955,-0.014705882352941346,1.3481,-0.03333333333333344,-0.34954767907459583,0.0014636186126037174,0.18500703026715015,-12.88693265806857,683.2381,5.4052,395115.2044
2025-12-02,600653.SH,汽车服务,2.04,0.0049261083743843415,-0.00995024875621886,1.4652,-0.023923444976076458,-0.31419112560529705,0.0014564440220109472,0.18409764539111545,-12.891846672827576,686.6038,5.4319,397061.5847
2025-12-03,600653.SH,汽车服务,2.01,-0.014705882352941346,0.0,1.4251,-0.06074766355140204,-0.26492068733311314,0.0014781819603560467,0.18684603886397608,-12.87703158691839,676.5067,5.352,391222.4437
2025-12-04,600653.SH,汽车服务,1.98,-0.01492537313432829,-0.044554455445544594,1.3595,-0.0660377358490567,-0.23943945002644118,0.001500578623117074,0.18967773752394682,-12.861993709685526,666.4096,5.2721,385383.3028
2025-12-05,600653.SH,汽车服务,2.02,0.02020202020202011,-0.03980099502487555,1.1505,-0.03809523809523818,-0.27210755947212595,0.0014708642386424278,0.1859219871341985,-12.881994376217495,679.8724,5.3786,393168.824
2025-12-08,600653.SH,汽车服务,2.01,-0.004950495049505066,-0.025125628140703515,1.1428,-0.05633802816901412,-0.278895933037424,0.0014781819603560467,0.18684603886397608,-12.87703158691839,676.5067,5.352,391222.4437
2025-12-09,600653.SH,汽车服务,1.99,-0.00995024875621886,-0.04040404040404044,1.2567,-0.07441860465116279,-0.29205933219154157,0.001493038038279405,0.18872553645233736,-12.86703150367115,669.7753,5.2987,387329.6831
2025-12-10,600653.SH,汽车服务,1.98,-0.005025125628140725,-0.020725388601036343,0.78,-0.07042253521126762,-0.3470926429579647,0.001500578623117074,0.18967773752394682,-12.861993709685526,666.4096,5.2721,385383.3028
2025-12-11,600653.SH,汽车服务,1.93,-0.025252525252525304,-0.015544041450777257,1.6248,-0.10648148148148162,-0.29838906840494506,0.0015394538941255979,0.1945903872348706,-12.836416867858231,649.581,5.139,375651.4012
2025-12-12,600653.SH,汽车服务,1.93,0.0,0.015463917525773141,0.789,-0.1227272727272728,-0.30157303090183163,0.0015394538941255979,0.1945903872348706,-12.836416867858231,649.581,5.139,375651.4012
2025-12-15,600653.SH,汽车服务,1.94,0.005181347150259086,0.04210526315789487,0.5957,-0.12217194570135748,-0.34323773825560133,0.001531518575712229,0.19358835372463992,-12.841584837971393,652.9467,5.1656,377597.7815
2025-12-16,600653.SH,汽车服务,1.9,-0.020618556701030966,0.02645502645502651,1.3513,-0.10377358490566047,-0.2735982026472801,0.0015637610266654096,0.19766361605819216,-12.820750750982132,639.4839,5.0591,369812.2602
2025-12-17,600653.SH,汽车服务,1.89,-0.0052631578947368585,0.015789473684210575,1.1038,-0.08252427184466027,-0.18014192909546478,0.001572034882825236,0.19870839542970692,-12.815473693927071,636.1182,5.0325,367865.8799
2025-12-18,600653.SH,汽车服务,1.9,0.005291005291005346,-0.015228426395939132,1.1575,-0.06862745098039225,-0.2238047901587401,0.0015637610266654096,0.19766361605819216,-12.820750750982132,639.4839,5.0591,369812.2602
2025-12-19,600653.SH,汽车服务,1.97,0.03684210526315801,-0.025252525252525304,1.8687,0.01025641025641022,-0.02642993603787258,0.0015081957620000728,0.19063959584405682,-12.856930407512964,663.0439,5.2455,383436.9224
2025-12-22,600653.SH,汽车服务,1.98,0.0050761421319796,0.0,1.3908,0.0050761421319796,0.09776201658120476,0.001500578623117074,0.18967773752394682,-12.861993709685526,666.4096,5.2721,385383.3028
2025-12-23,600653.SH,汽车服务,1.94,-0.02020202020202022,-0.010362694300518172,1.2529,-0.02020202020202022,0.07566855110207715,0.001531518575712229,0.19358835372463992,-12.841584837971393,652.9467,5.1656,377597.7815
2025-12-24,600653.SH,汽车服务,1.93,-0.005154639175257714,-0.020618556701030966,0.7939,-0.03500000000000003,0.04736287774447079,0.0015394538941255979,0.1945903872348706,-12.836416867858231,649.581,5.139,375651.4012
2025-12-25,600653.SH,汽车服务,1.94,0.005181347150259086,-0.010362694300518172,0.8288,-0.025125628140703515,0.010795648789247991,0.001531518575712229,0.19358835372463992,-12.841584837971393,652.9467,5.1656,377597.7815
2025-12-26,600653.SH,汽车服务,1.93,-0.005154639175257714,0.0,0.8817,-0.044554455445544594,-0.12621145000594058,0.0015394538941255979,0.1945903872348706,-12.836416867858231,649.581,5.139,375651.4012
2025-12-29,600653.SH,汽车服务,1.94,0.005181347150259086,0.005235602094240788,0.7987,-0.044334975369458074,-0.20825114913065756,0.001531518575712229,0.19358835372463992,-12.841584837971393,652.9467,5.1656,377597.7815
2025-12-30,600653.SH,汽车服务,1.91,-0.015463917525773252,0.021052631578947434,0.9207,-0.06372549019607854,-0.24819671693461887,0.0015555738076215649,0.19662976581394892,-12.82600010682297,642.8496,5.0857,371758.6405
2025-12-31,600653.SH,汽车服务,1.9,-0.005235602094240788,0.020942408376963373,0.8143,-0.05472636815920395,-0.2234597774230288,0.0015637610266654096,0.19766361605819216,-12.820750750982132,639.4839,5.0591,369812.2602
2026-01-05,600653.SH,汽车服务,1.91,0.0052631578947368585,0.020618556701030855,0.6669,-0.03535353535353536,-0.22864498452963,0.0015555738076215649,0.19662976581394892,-12.82600010682297,642.8496,5.0857,371758.6405
2026-01-06,600653.SH,汽车服务,1.94,0.015706806282722585,0.02083333333333326,1.195,-0.03960396039603964,-0.17118883756010195,0.001531518575712229,0.19358835372463992,-12.841584837971393,652.9467,5.1656,377597.7815
2026-01-07,600653.SH,汽车服务,1.92,-0.010309278350515427,0.010309278350515427,0.9766,-0.04477611940298498,-0.13083552675338983,0.0015474718719906508,0.19560667409972027,-12.83122205102688,646.2153,5.1123,373705.0209
2026-01-08,600653.SH,汽车服务,1.94,0.01041666666666674,-0.01025641025641022,1.0305,-0.025125628140703515,-0.1002996887847235,0.001531518575712229,0.19358835372463992,-12.841584837971393,652.9467,5.1656,377597.7815
2026-01-09,600653.SH,汽车服务,1.95,0.005154639175257714,-0.025252525252525304,1.0661,-0.015151515151515138,-0.06477730875462506,0.0015236646450684154,0.19259658718847503,-12.846726237426994,656.3124,5.1922,379544.1618
2026-01-12,600653.SH,汽车服务,1.98,0.01538461538461533,-0.010204081632653073,1.7789,0.02590673575129543,0.13764591897205292,0.001500578623117074,0.18967773752394682,-12.861993709685526,666.4096,5.2721,385383.3028
2026-01-13,600653.SH,汽车服务,1.96,-0.010101010101010055,0.0,1.23,0.015544041450777257,0.12097978141069365,0.001515890856464691,0.19161493063539511,-12.851841338049404,659.6781,5.2188,381490.5421
2026-01-14,600653.SH,汽车服务,1.96,0.0,0.005181347150259086,1.5439,0.010309278350515427,0.17423513310670602,0.001515890856464691,0.19161493063539511,-12.851841338049404,659.6781,5.2188,381490.5421
2026-01-15,600653.SH,汽车服务,1.93,-0.015306122448979553,0.02590673575129543,0.8811,0.015789473684210575,0.1721849527519299,0.0015394538941255979,0.1945903872348706,-12.836416867858231,649.581,5.139,375651.4012
2026-01-16,600653.SH,汽车服务,1.93,0.0,0.030927835051546504,0.8356,0.021164021164021163,0.14445570128601815,0.0015394538941255979,0.1945903872348706,-12.836416867858231,649.581,5.139,375651.4012
2026-01-19,600653.SH,汽车服务,1.94,0.005181347150259086,-0.005102040816326481,0.7126,0.021052631578947434,-0.030506295504408754,0.001531518575712229,0.19358835372463992,-12.841584837971393,652.9467,5.1656,377597.7815
2026-01-20,600653.SH,汽车服务,1.96,0.010309278350515427,-0.005154639175257714,1.2597,-0.005076142131979711,0.0034949445555092495,0.001515890856464691,0.19161493063539511,-12.851841338049404,659.6781,5.2188,381490.5421
2026-01-21,600653.SH,汽车服务,1.94,-0.010204081632653073,-0.030303030303030276,0.748,-0.02020202020202022,-0.12207717687562758,0.001531518575712229,0.19358835372463992,-12.841584837971393,652.9467,5.1656,377597.7815
2026-01-22,600653.SH,汽车服务,1.98,0.020618556701030855,-0.040000000000000036,2.0604,0.020618556701030855,0.06858072433573992,0.001500578623117074,0.18967773752394682,-12.861993709685526,666.4096,5.2721,385383.3028
2026-01-23,600653.SH,汽车服务,2.0,0.010101010101010166,-0.02051282051282055,1.6989,0.0362694300518136,0.1819558198500575,0.001485572859178092,0.18777932174108986,-12.872044045450805,673.141,5.3254,389276.0634
2026-01-26,600653.SH,汽车服务,1.95,-0.025000000000000022,-0.020725388601036343,1.9893,0.005154639175257714,0.3437279385332346,0.0015236646450684154,0.19259658718847503,-12.846726237426994,656.3124,5.1922,379544.1618
2026-01-27,600653.SH,汽车服务,1.93,-0.01025641025641022,0.0,1.4579,0.0,0.3445115380877326,0.0015394538941255979,0.1945903872348706,-12.836416867858231,649.581,5.139,375651.4012
2026-01-28,600653.SH,汽车服务,1.92,-0.005181347150259086,0.005208333333333259,1.2211,-0.010309278350515427,0.3994976647638817,0.0015474718719906508,0.19560667409972027,-12.83122205102688,646.2153,5.1123,373705.0209
2026-01-29,600653.SH,汽车服务,1.92,0.0,0.005235602094240788,1.1286,0.005235602094240788,0.23411016077117464,0.0015474718719906508,0.19560667409972027,-12.83122205102688,646.2153,5.1123,373705.0209
2026-01-30,600653.SH,汽车服务,1.91,-0.00520833333333337,0.015873015873015817,1.2723,0.0052631578947368585,0.14234004217602414,0.0015555738076215649,0.19662976581394892,-12.82600010682297,642.8496,5.0857,371758.6405
2026-02-02,600653.SH,汽车服务,1.89,-0.010471204188481686,0.015625,1.1116,-0.010471204188481686,-0.017148118310507665,0.001572034882825236,0.19870839542970692,-12.815473693927071,636.1182,5.0325,367865.8799
2026-02-03,600653.SH,汽车服务,1.92,0.015873015873015817,0.020725388601036343,0.854,-0.010309278350515427,-0.10084442674326466,0.0015474718719906508,0.19560667409972027,-12.83122205102688,646.2153,5.1123,373705.0209
2026-02-04,600653.SH,汽车服务,1.93,0.005208333333333259,0.02604166666666674,1.3433,0.005208333333333259,-0.09453769852282379,0.0015394538941255979,0.1945903872348706,-12.836416867858231,649.581,5.139,375651.4012
2026-02-05,600653.SH,汽车服务,1.92,-0.005181347150259086,0.005208333333333259,0.8348,-0.010309278350515427,-0.13441291987805704,0.0015474718719906508,0.19560667409972027,-12.83122205102688,646.2153,5.1123,373705.0209
2026-02-06,600653.SH,汽车服务,1.92,0.0,-0.02051282051282055,1.0029,-0.015384615384615441,-0.17538624228416722,0.0015474718719906508,0.19560667409972027,-12.83122205102688,646.2153,5.1123,373705.0209
2026-02-09,600653.SH,汽车服务,1.95,0.015625,-0.015228426395939132,1.2077,-0.015151515151515138,-0.14031901679532,0.0015236646450684154,0.19259658718847503,-12.846726237426994,656.3124,5.1922,379544.1618
2026-02-10,600653.SH,汽车服务,1.97,0.01025641025641022,-0.005076142131979711,2.1572,0.005102040816326481,0.034070668894075506,0.0015081957620000728,0.19063959584405682,-12.856930407512964,663.0439,5.2455,383436.9224
2026-02-11,600653.SH,汽车服务,1.97,0.0,0.020725388601036343,1.6713,0.005102040816326481,0.0804493816875782,0.0015081957620000728,0.19063959584405682,-12.856930407512964,663.0439,5.2455,383436.9224
2026-02-12,600653.SH,汽车服务,1.93,-0.020304568527918843,0.03664921465968596,1.4413,0.0,0.15045465905377053,0.0015394538941255979,0.1945903872348706,-12.836416867858231,649.581,5.139,375651.4012
2026-02-13,600653.SH,汽车服务,1.91,-0.010362694300518172,-0.015463917525773252,1.0961,-0.010362694300518172,0.15323765655335198,0.0015555738076215649,0.19662976581394892,-12.82600010682297,642.8496,5.0857,371758.6405
2026-02-24,600653.SH,汽车服务,1.94,0.015706806282722585,-0.04591836734693866,1.2799,0.0,0.13962058853120585,0.001531518575712229,0.19358835372463992,-12.841584837971393,652.9467,5.1656,377597.7815
2026-02-25,600653.SH,汽车服务,1.96,0.010309278350515427,-0.060913705583756306,1.9817,0.0,0.08429039527111604,0.001515890856464691,0.19161493063539511,-12.851841338049404,659.6781,5.2188,381490.5421
2026-02-26,600653.SH,汽车服务,1.97,0.005102040816326481,-0.0505050505050505,1.85,0.015463917525773141,0.06753941863832558,0.0015081957620000728,0.19063959584405682,-12.856930407512964,663.0439,5.2455,383436.9224
2026-02-27,600653.SH,汽车服务,1.98,0.0050761421319796,0.0,1.6181,0.0,0.10933446736125885,0.001500578623117074,0.18967773752394682,-12.861993709685526,666.4096,5.2721,385383.3028
2026-03-02,600653.SH,汽车服务,1.91,-0.03535353535353536,0.010695187165775222,2.2629,-0.04500000000000004,0.24975331804600076,0.0015555738076215649,0.19662976581394892,-12.82600010682297,642.8496,5.0857,371758.6405
2026-03-03,600653.SH,汽车服务,1.87,-0.020942408376963262,0.027027027027026973,2.4818,-0.04102564102564099,0.3929529112367418,0.001588848066085911,0.2008354755784062,-12.804835295815051,629.3868,4.9792,363973.1193
2026-03-04,600653.SH,汽车服务,1.85,-0.010695187165775444,0.005319148936170137,1.543,-0.041450777202072464,0.3291461736535919,0.0016060247771078513,0.20300446609825415,-12.79408250385612,622.6554,4.926,360080.3586
2026-03-05,600653.SH,汽车服务,1.88,0.01621621621621605,-0.005235602094240788,1.052,-0.02083333333333337,0.22749524674123434,0.0015803967586062479,0.19976826880818252,-12.810168641743648,632.7525,5.0058,365919.4996
2026-03-06,600653.SH,汽车服务,1.91,0.015957446808510634,0.015873015873015817,1.0417,-0.00520833333333337,0.1519399661897496,0.0015555738076215649,0.19662976581394892,-12.82600010682297,642.8496,5.0857,371758.6405
2026-03-09,600653.SH,汽车服务,1.89,-0.010471204188481686,0.010526315789473717,1.1102,-0.010471204188481686,-0.000922550662543431,0.001572034882825236,0.19870839542970692,-12.815473693927071,636.1182,5.0325,367865.8799
2026-03-10,600653.SH,汽车服务,1.9,0.005291005291005346,0.021164021164021163,0.7263,0.005291005291005346,-0.23334337201728506,0.0015637610266654096,0.19766361605819216,-12.820750750982132,639.4839,5.0591,369812.2602
2026-03-11,600653.SH,汽车服务,1.89,-0.0052631578947368585,0.010526315789473717,0.8285,-0.015625,-0.33283095051996614,0.001572034882825236,0.19870839542970692,-12.815473693927071,636.1182,5.0325,367865.8799
2025-07-29,600654.SH,仓储物流,3.03,-0.006557377049180357,0.0066006600660066805,1.1532,0.023648648648648685,0.1693228436218004,0.0010119394690191695,0.19160758766047134,-13.678099753801272,988.2014,5.219,871612.0907
2025-07-30,600654.SH,仓储物流,3.03,0.0,0.12374581939799323,1.3958,0.03412969283276435,0.1384539085313723,0.0010119394690191695,0.19160758766047134,-13.678099753801272,988.2014,5.219,871612.0907
2025-07-31,600654.SH,仓储物流,2.99,-0.013201320132013028,0.15666666666666673,1.5226,0.013559322033898313,0.007418715809752285,0.001025477054489441,0.19417098697112678,-13.664810521613136,975.1559,5.1501,860105.6604
2025-08-01,600654.SH,仓储物流,3.0,0.0033444816053511683,0.10631229235880402,1.2896,0.027397260273972712,0.0014745168163414757,0.0010220587882082625,0.19352466471851837,-13.668149422925158,978.4173,5.1673,862982.268
2025-08-04,600654.SH,仓储物流,3.01,0.0033333333333331883,0.10491803278688527,0.9589,0.027303754266211566,-0.09703182483837558,0.001018663234722318,0.19288263091908575,-13.671477213064028,981.6787,5.1845,865858.8756
2025-08-05,600654.SH,仓储物流,3.05,0.013289036544850585,0.038690476190476275,1.2773,0.020066889632106788,-0.07192902868088114,0.0010053037816914478,0.190352914303118,-13.684678724876367,994.7242,5.2534,877365.3058
2025-08-06,600654.SH,仓储物流,3.36,0.10163934426229515,-0.02017291066282434,6.4695,0.11999999999999988,0.3998079774434262,0.0009125525527608229,0.17278916266371774,-13.781478108273545,1095.8273,5.7874,966540.1402
2025-08-07,600654.SH,仓储物流,3.47,0.032738095238095344,-0.006006006006005982,13.0332,0.14900662251655628,1.0687966868349301,0.0008836243726929672,0.16731361263552402,-13.81369172819578,1131.7026,5.9768,998182.8233
2025-08-08,600654.SH,仓储物流,3.33,-0.04034582132564846,-0.008902077151335397,5.9501,0.10631229235880402,1.247825866355472,0.0009207736856139792,0.17434663598165875,-13.772509438270278,1086.0432,5.7357,957910.3175
2025-08-11,600654.SH,仓储物流,3.37,0.012012012012011963,0.05157593123209159,4.3124,0.1270903010033444,1.3702173796852688,0.0009098446740467808,0.17227715949419425,-13.784449878600686,1099.0887,5.8046,969416.7477
2025-08-12,600654.SH,仓储物流,3.49,0.035608308605341366,0.09705882352941186,6.6964,0.18305084745762712,1.5218761077248955,0.000878560608469992,0.1663533678239316,-13.81943887043154,1138.2254,6.0113,1003936.0384
2025-08-13,600654.SH,仓储物流,3.4,-0.025787965616045905,0.1117824773413898,5.1556,0.1371237458193979,1.2914766485531457,0.0009018166103617466,0.1707562795621809,-13.793312565879162,1108.8729,5.8563,978046.5704
2025-08-14,600654.SH,仓储物流,3.31,-0.026470588235294024,0.08982035928143728,3.6997,0.10702341137123739,0.6116071776958891,0.0009263372882995077,0.1754016698238967,-13.766485323688029,1079.5204,5.7012,952157.1024
2025-08-15,600654.SH,仓储物流,3.34,0.009063444108761365,0.016348773841961872,2.5575,0.11333333333333329,0.37273701288762373,0.0009180168705796341,0.1738253750282466,-13.775507941204024,1089.3046,5.7529,960786.925
2025-08-18,600654.SH,仓储物流,3.67,0.0988023952095809,0.008042895442359255,6.244,0.21122112211221133,0.3906915854227846,0.0008354703969862912,0.15819530792716688,-13.869728796304582,1196.9305,6.3213,1055714.9745
2025-08-19,600654.SH,仓储物流,3.73,0.016348773841961872,0.024456521739130377,12.5131,0.22697368421052633,0.4922407674406526,0.0008220312260069636,0.15564929101747943,-13.885945367931411,1216.4988,6.4247,1072974.6199
2025-08-20,600654.SH,仓储物流,3.68,-0.013404825737265313,-0.008241758241758323,6.8996,0.2185430463576159,0.4797303797981902,0.0008332001601743988,0.1577660329731009,-13.87244988645678,1200.1918,6.3385,1058591.5821
2025-08-21,600654.SH,仓储物流,3.64,-0.010869565217391353,-0.02680965147453085,4.1083,0.1779935275080906,0.46763517647606356,0.0008423561611572221,0.15949726462191172,-13.861520815867495,1187.1463,6.2697,1047085.1518
2025-08-22,600654.SH,仓储物流,3.73,0.024725274725274637,-0.05319148936170204,5.545,0.21103896103896091,0.5291456856633387,0.0008220312260069636,0.15564929101747943,-13.885945367931411,1216.4988,6.4247,1072974.6199
2025-08-25,600654.SH,仓储物流,3.76,0.008042895442359255,-0.0557029177718833,6.3906,0.23278688524590163,0.4595337770807346,0.0008154724480401343,0.15440915337461203,-13.893956091695832,1226.283,6.4763,1081604.4426
2025-08-26,600654.SH,仓储物流,3.77,0.0026595744680850686,0.05540166204986163,4.5816,0.2442244224422443,0.0944286725354071,0.000813309385167384,0.153997782431933,-13.896612135698525,1229.5444,6.4936,1084481.0501
2025-08-27,600654.SH,仓储物流,3.61,-0.04244031830238726,0.04958677685950419,5.2592,0.19141914191419152,-0.008858537183073167,0.0008493563704827936,0.16082341588935348,-13.853244906640356,1177.3621,6.218,1038455.3292
2025-08-28,600654.SH,仓储物流,3.63,0.005540166204986097,0.0786516853932584,4.7025,0.21404682274247477,-0.016057545188263966,0.0008446767080144362,0.15993858358390378,-13.85876978255296,1183.8849,6.2524,1044208.5443
2025-08-29,600654.SH,仓储物流,3.56,-0.019283746556473802,0.0702247191011236,2.4482,0.18666666666666676,-0.14038530293825435,0.0008612854927138692,0.1630815897193366,-13.839297679160046,1161.0552,6.1319,1024072.2914
2025-10-31,600654.SH,仓储物流,3.56,0.0,-0.013123359580052618,3.861,0.18272425249169455,-0.25329976867601045,0.0202050407535672,0.16867388590898355,-13.83922077694451,49.4926,5.9286,1023993.541
2025-11-03,600654.SH,仓储物流,3.81,0.0702247191011236,0.018372703412073532,15.0067,0.24918032786885247,-0.0025814331338661622,0.018879252079549616,0.15760689687780738,-13.907089421147923,52.9682,6.3449,1095903.1997
2025-11-04,600654.SH,仓储物流,3.81,0.0,0.015625,9.3046,0.1339285714285714,0.10152624205480199,0.018879252079549616,0.15760689687780738,-13.907089421147923,52.9682,6.3449,1095903.1997
2025-11-05,600654.SH,仓储物流,3.84,0.007874015748031482,0.12598425196850394,8.0647,0.10662824207492783,0.2549861801383284,0.01873178334070117,0.15637461101815509,-13.914932598651722,53.3852,6.3949,1104532.3588
2025-11-06,600654.SH,仓储物流,3.81,-0.0078125,0.1170212765957448,5.0499,0.14414414414414423,0.34923848412507796,0.018879252079549616,0.15760689687780738,-13.907089421147923,52.9682,6.3449,1095903.1997
2025-11-07,600654.SH,仓储物流,3.76,-0.013123359580052618,0.09020618556701043,4.189,0.11572700296735894,0.36132983090878756,0.01913033497216536,0.15970103965376814,-13.893879189461595,52.273,6.2617,1081521.268
2025-11-10,600654.SH,仓储物流,3.88,0.03191489361702127,0.10256410256410264,6.0283,0.11174785100286533,0.07348874385222848,0.018538670740230585,0.15476282596920218,-13.925295385683535,53.9413,6.4615,1116037.9042
2025-11-11,600654.SH,仓储物流,3.9,0.005154639175257714,0.04895104895104896,6.825,0.1470588235294117,-0.021503344054315976,0.018443582924193184,0.15396932930960153,-13.930436785182117,54.2194,6.4948,1121790.6769
2025-11-12,600654.SH,仓储物流,4.29,0.10000000000000009,-0.021428571428571352,7.0934,0.29607250755287007,-0.07838973350111544,0.016766904812604688,0.1399717257114063,-14.025746964994545,59.6413,7.1443,1233969.7446
2025-11-13,600654.SH,仓储物流,4.2,-0.020979020979020935,-0.05437352245862892,13.9181,0.2574850299401199,0.10274659356326876,0.017126190912500578,0.14297152007320144,-14.004544757310368,58.3901,6.9944,1208082.2674
2025-11-14,600654.SH,仓储物流,4.23,0.0071428571428571175,-0.11162790697674418,10.5725,0.15258855585831066,0.2485780896915104,0.01700472051041369,0.1419567315882119,-14.011662225117979,58.8072,7.0444,1216711.4265
2025-11-17,600654.SH,仓储物流,4.3,0.016548463356973908,-0.14888888888888885,9.4871,0.15281501340482562,0.37498824777353623,0.01672791872907965,0.13964530093562352,-14.028075254712862,59.7803,7.161,1236846.1309
2025-11-18,600654.SH,仓储物流,4.5,0.04651162790697683,-0.03649635036496357,10.7818,0.22282608695652173,0.4482280447571003,0.015984450326722164,0.13344008540165467,-14.073537628852504,62.5608,7.494,1294373.858
2025-11-19,600654.SH,仓储物流,4.11,-0.08666666666666656,-0.030000000000000027,9.5396,0.1291208791208791,0.4611379304777432,0.017501211958928155,0.1461027102052743,-13.982883260578733,57.1389,6.8445,1182194.7903
2025-11-20,600654.SH,仓储物流,4.0,-0.02676399026763998,0.11780104712041872,9.3184,0.07238605898123329,0.30425620414873955,0.017982506617562434,0.1501185936890143,-13.955754593157492,55.6096,6.6614,1150554.5404
2025-11-21,600654.SH,仓储物流,3.82,-0.04500000000000004,0.08355091383812008,5.8974,0.015957446808510634,0.18540370831111885,0.018829838515304894,0.15719315895372232,-13.909710654672466,53.1072,6.3616,1098779.5861
2025-11-24,600654.SH,仓储物流,3.83,0.002617801047120505,0.04040404040404044,4.2885,0.01591511936339529,0.05056124572083509,0.018780682940754457,0.15678158757035573,-13.912325035200201,53.2462,6.3783,1101655.9724
2025-11-25,600654.SH,仓储物流,3.96,0.03394255874673635,0.02577319587628879,5.5136,0.09695290858725758,-0.08993530199097621,0.018164149418293116,0.15163692055741734,-13.945704257307503,55.0535,6.5947,1139048.995
2025-11-26,600654.SH,仓储物流,3.88,-0.02020202020202022,-0.09133489461358302,3.6276,0.06887052341597788,-0.24025000099459326,0.018538670740230585,0.15476282596920218,-13.925295385683535,53.9413,6.4615,1116037.9042
2025-11-27,600654.SH,仓储物流,4.27,0.10051546391752564,-0.08674698795180735,5.8042,0.19943820224719078,-0.3479646678956019,0.016845424698424784,0.14062719729995782,-14.021074059296861,59.3633,7.111,1228216.9719
2025-11-28,600654.SH,仓储物流,4.15,-0.02810304449648693,-0.06553398058252424,11.5184,0.1657303370786518,-0.23988066401036168,0.01733252448219083,0.14469267276305128,-13.992568566309528,57.695,6.9112,1193700.3357
2025-12-01,600654.SH,仓储物流,4.12,-0.0072289156626507145,-0.03015075376884424,6.3862,0.08136482939632539,-0.14234411582140138,0.01745874063120331,0.14574709963271731,-13.98531339538891,57.2779,6.8612,1185071.1766
2025-12-02,600654.SH,仓储物流,3.98,-0.03398058252427183,0.030927835051546504,4.8783,0.044619422572178546,-0.13390867174792653,0.018072855294262228,0.1508727991430425,-13.950742051335695,55.3316,6.6281,1144801.7677
2025-12-03,600654.SH,仓储物流,3.88,-0.025125628140703515,0.029023746701847042,4.081,0.01041666666666674,-0.09755570334734598,0.018538670740230585,0.15476282596920218,-13.925295385683535,53.9413,6.4615,1116037.9042
2025-12-04,600654.SH,仓储物流,3.79,-0.02319587628865971,-0.025974025974025983,3.081,-0.005249343832021025,-0.16137993998434508,0.018978897364020943,0.1584384308257811,-13.901826251105334,52.6901,6.3116,1090150.427
2025-12-05,600654.SH,仓储物流,3.85,0.0158311345646438,-0.010362694300518172,2.7276,0.02393617021276606,-0.4014458717673024,0.018683102814983102,0.1559673092519808,-13.917533380305688,53.5243,6.4116,1107408.7451
2025-12-08,600654.SH,仓储物流,3.86,0.0025974025974024872,-0.057499999999999996,2.7173,-0.005154639175257714,-0.49339185988396084,0.018634709382389827,0.15556454372919323,-13.92012741552695,53.6633,6.4282,1110285.1315
2025-12-09,600654.SH,仓储物流,4.0,0.0362694300518136,-0.06153846153846143,7.966,0.025641025641025772,-0.4088162186238308,0.017982506617562434,0.1501185936890143,-13.955754593157492,55.6096,6.6614,1150554.5404
2025-12-10,600654.SH,仓储物流,3.9,-0.025000000000000022,-0.016000000000000014,4.3622,-0.09090909090909094,-0.3887421702567949,0.018443582924193184,0.15396932930960153,-13.930436785182117,54.2194,6.4948,1121790.6769
2025-12-11,600654.SH,仓储物流,3.75,-0.038461538461538436,-0.04450261780104714,3.2025,-0.1071428571428572,-0.332790462436939,0.019181340392066596,0.16012810248198558,-13.891216071996743,52.134,6.245,1078644.8816
2025-12-12,600654.SH,仓储物流,3.82,0.01866666666666661,-0.023872679045092826,2.8869,-0.09692671394799068,-0.2839607811250696,0.018829838515304894,0.15719315895372232,-13.909710654672466,53.1072,6.3616,1098779.5861
2025-12-15,600654.SH,仓储物流,3.77,-0.01308900523560208,0.008196721311475308,2.1654,-0.12325581395348828,-0.25655498858176384,0.019079563688537568,0.15927878565853815,-13.896535233472623,52.4121,6.2783,1084397.6543
2025-12-16,600654.SH,仓储物流,3.66,-0.02917771883289122,-0.013550135501354976,2.7444,-0.18666666666666665,-0.4017360147605068,0.01965300651693696,0.16406621712523173,-13.866923379483172,50.8828,6.0951,1052757.4045
2025-12-17,600654.SH,仓储物流,3.69,0.008196721311475308,0.016438356164383494,2.7461,-0.10218978102189791,-0.42675966761544315,0.01949321538638477,0.162731281834307,-13.875086690072136,51.2999,6.1451,1061386.5635
2025-12-18,600654.SH,仓储物流,3.65,-0.01084010840108407,0.01902173913043481,1.6279,-0.08750000000000002,-0.4481815863300178,0.019706841032796126,0.16451427161306242,-13.864187399617714,50.7438,6.0785,1049881.0181
2025-12-19,600654.SH,仓储物流,3.68,0.008219178082191858,0.013550135501354976,2.0265,-0.036649214659685736,-0.46365925483334036,0.019546215070913666,0.16317206494248185,-13.872372984248672,51.1608,6.1285,1058510.1772
2025-12-22,600654.SH,仓储物流,3.69,0.0027173913043476716,0.024725274725274637,1.9731,-0.03655352480417762,-0.45789785484944445,0.01949321538638477,0.162731281834307,-13.875086690072136,51.2999,6.1451,1061386.5635
2025-12-23,600654.SH,仓储物流,3.64,-0.013550135501354976,0.008086253369272267,2.1892,-0.08080808080808077,-0.4632164427696992,0.019761010340936712,0.16496750140222377,-13.861443913720635,50.6047,6.0618,1047004.6318
2025-12-24,600654.SH,仓储物流,3.71,0.019230769230769162,0.005333333333333412,2.5141,-0.04381443298969068,-0.46747286989534576,0.01938814880016441,0.16185420173507706,-13.880492108637267,51.5779,6.1784,1067139.3362
2025-12-25,600654.SH,仓储物流,3.75,0.010781671159029615,0.03475935828876997,1.8658,-0.12177985948477743,-0.4260812192251143,0.019181340392066596,0.16012810248198558,-13.891216071996743,52.134,6.245,1078644.8816
2025-12-26,600654.SH,仓储物流,3.74,-0.002666666666666595,0.05630026809651478,2.5122,-0.09879518072289162,-0.31608554498814445,0.019232618521011637,0.16055487765718324,-13.88854584348821,51.995,6.2284,1075768.4953
2025-12-29,600654.SH,仓储物流,3.73,-0.002673796791443861,0.02941176470588225,1.8855,-0.09466019417475735,-0.2707396139843399,0.019284171551990126,0.1609865254278217,-13.885868465671887,51.856,6.2117,1072892.1089
2025-12-30,600654.SH,仓储物流,3.74,0.002680965147453085,0.039787798408488007,2.4103,-0.06030150753768837,-0.22420733292883777,0.019232618521011637,0.16055487765718324,-13.88854584348821,51.995,6.2284,1075768.4953
2025-12-31,600654.SH,仓储物流,3.77,0.008021390374331583,0.010335917312661591,2.6369,-0.028350515463917536,-0.19555341397452752,0.019079563688537568,0.15927878565853815,-13.896535233472623,52.4121,6.2783,1084397.6543
2026-01-05,600654.SH,仓储物流,3.87,0.02652519893899208,0.043147208121827596,3.3695,0.02110817941952514,-0.09325766769150223,0.0185865660018252,0.15516144548402613,-13.922714739046052,53.8023,6.4449,1113161.5178
2026-01-06,600654.SH,仓储物流,3.94,0.018087855297157507,0.033766233766233666,3.573,0.023376623376623273,-0.032662423224133263,0.018248907802867996,0.15255064681474248,-13.941047799816912,54.7978,6.5552,1133757.3914
2026-01-07,600654.SH,仓储物流,3.85,-0.022842639593908642,0.03571428571428559,3.0521,-0.002590673575129432,0.04258563566546969,0.018675531318866023,0.1561158379517602,-13.91794022478752,53.546,6.4055,1107859.3799
2026-01-08,600654.SH,仓储物流,3.92,0.018181818181818077,0.020460358056265893,2.9203,-0.020000000000000018,0.18121141806816454,0.018342027454346696,0.15332955120440364,-13.935958730364343,54.5196,6.5219,1128002.2778
2026-01-09,600654.SH,仓储物流,3.91,-0.0025510204081632404,-0.048661800486618056,2.6958,0.002564102564102555,0.2244286484631599,0.018388944566526604,0.15372081226077197,-13.93340445049803,54.3805,6.5053,1125124.7209
2026-01-12,600654.SH,仓储物流,4.11,0.051150895140664954,-0.012562814070351758,5.1976,0.09600000000000009,0.3163196370814041,0.017494108858841784,0.1462394524794899,-13.983290104992895,57.1621,6.8381,1182675.8575
2026-01-13,600654.SH,仓储物流,3.98,-0.031630170316301776,-0.03694581280788167,4.4495,0.041884816753926746,0.3428820717365164,0.01806550914927711,0.15101633996798453,-13.951148895782586,55.3541,6.6218,1145267.6187
2026-01-14,600654.SH,仓储物流,4.06,0.02010050251256268,-0.007518796992481258,5.654,0.07692307692307687,0.4414769536108938,0.017709552709827207,0.14804068157929798,-13.971050050145044,56.4667,6.7549,1168288.0734
2026-01-15,600654.SH,仓储物流,3.99,-0.01724137931034464,0.03324808184143224,3.5078,0.0901639344262295,0.4627256526411734,0.0180202259015519,0.15063870812243915,-13.95365830744819,55.4932,6.6384,1148145.1756
2026-01-16,600654.SH,仓储物流,3.91,-0.020050125313283207,0.040712468193384144,3.2365,0.05962059620596216,0.4871023447829257,0.018388944566526604,0.15372081226077197,-13.93340445049803,54.3805,6.5053,1125124.7209
2026-01-19,600654.SH,仓储物流,3.93,0.005115089514066584,0.03069053708439906,2.1793,0.07671232876712342,0.27167371217564207,0.0182953491392953,0.1529379377848469,-13.93850650241562,54.6587,6.5386,1130879.8346
2026-01-20,600654.SH,仓储物流,3.91,-0.0050890585241730735,0.02020202020202011,2.2511,0.0625,0.12053880573163567,0.018388944566526604,0.15372081226077197,-13.93340445049803,54.3805,6.5053,1125124.7209
2026-01-21,600654.SH,仓储物流,3.96,0.012787723785166127,-0.022277227722772297,2.9326,0.07317073170731714,-0.07543283890216967,0.018156761850464543,0.15177961599757153,-13.946111101806869,55.0759,6.5885,1139512.5051
2026-01-22,600654.SH,仓储物流,4.04,0.02020202020202011,-0.03667481662591687,3.2485,0.10989010989010994,-0.10791014681345878,0.017797204415130472,0.14877410140442754,-13.966111768471833,56.1886,6.7216,1162532.9597
2026-01-23,600654.SH,仓储物流,4.09,0.012376237623762387,-0.037220843672456705,3.623,0.10242587601078168,-0.0991008096352447,0.01757963574994726,0.14695509052433575,-13.978412046591972,56.884,6.8048,1176920.7439
2026-01-26,600654.SH,仓储物流,4.03,-0.014669926650366705,-0.06435643564356441,3.4592,0.07466666666666666,-0.0422426525626326,0.017841372358361803,0.14914243102162564,-13.963633452484046,56.0495,6.705,1159655.4029
2026-01-27,600654.SH,仓储物流,4.04,0.002481389578163684,-0.03544303797468362,2.6911,0.08021390374331538,-0.01779184160951508,0.017797204415130472,0.14877410140442754,-13.966111768471833,56.1886,6.7216,1162532.9597
2026-01-28,600654.SH,仓储物流,3.95,-0.022277227722772297,-0.025380710659898553,2.734,0.05898123324396787,-0.04252219239434796,0.01820273477887318,0.15216299700238894,-13.94358265539286,54.9368,6.5719,1136634.9482
2026-01-29,600654.SH,仓储物流,3.94,-0.0025316455696202667,-0.02577319587628868,3.6916,0.053475935828877,-0.03439169997347358,0.018248907802867996,0.15255064681474248,-13.941047799816912,54.7978,6.5552,1133757.3914
2026-01-30,600654.SH,仓储物流,3.88,-0.015228426395939132,-0.007936507936507908,2.7156,0.02917771883289122,-0.08954915074104575,0.018531112811855467,0.15490906837686277,-13.925702230129522,53.9633,6.4554,1116492.0504
2026-02-02,600654.SH,仓储物流,3.78,-0.02577319587628868,0.02887139107611536,3.3096,-0.023255813953488413,-0.09765174562216372,0.019021351467021733,0.1590077913817777,-13.899591086134366,52.5725,6.289,1087716.4821
2026-02-03,600654.SH,仓储物流,3.81,0.007936507936507908,0.015625,2.4845,-0.03299492385786795,-0.09529225228936145,0.018871592026374936,0.15775607755288773,-13.907496265647994,52.9897,6.3389,1096349.1526
2026-02-04,600654.SH,仓储物流,3.84,0.007874015748031482,0.023809523809523947,2.0627,-0.0025974025974027093,-0.12281322114312876,0.018724137285374576,0.15652391685449538,-13.915339443115434,53.407,6.3888,1104981.8231
2026-02-05,600654.SH,仓储物流,3.78,-0.015625,0.013333333333333197,1.869,-0.0357142857142857,-0.2223274420639758,0.019021351467021733,0.1590077913817777,-13.899591086134366,52.5725,6.289,1087716.4821
2026-02-06,600654.SH,仓储物流,3.75,-0.007936507936507908,-0.04081632653061229,1.8022,-0.04092071611253201,-0.2692165060206594,0.019173543577629844,0.16027952749595295,-13.891622916478571,52.1552,6.2391,1079083.8116
2026-02-09,600654.SH,仓储物流,3.92,0.045333333333333226,-0.033333333333333326,3.0283,-0.04622871046228716,-0.2616654166003337,0.018342027454346696,0.15332955120440364,-13.935958730364343,54.5196,6.5219,1128002.2778
2026-02-10,600654.SH,仓储物流,3.9,-0.005102040816326481,-0.01808785529715773,1.5886,-0.02010050251256279,-0.28700240402829713,0.018436102312993398,0.15411407523849155,-13.930843629663931,54.2414,6.4887,1122247.1641
2026-02-11,600654.SH,仓储物流,3.87,-0.007692307692307665,-0.010526315789473717,1.4441,-0.046798029556650134,-0.27721303470338465,0.01857900349656846,0.15530844256693796,-13.923121583563804,53.8242,6.4388,1113614.4936
2026-02-12,600654.SH,仓储物流,3.8,-0.01808785529715773,0.005319148936170137,1.7124,-0.04761904761904767,-0.26431942286305865,0.01892126106420741,0.1581702861300476,-13.904868143270049,52.8506,6.3223,1093471.5958
2026-02-13,600654.SH,仓储物流,3.76,-0.010526315789473717,-0.039787798408488007,2.3529,-0.038363171355498826,-0.2085783006352051,0.019122542992257283,0.1598542129577825,-13.894286033961889,52.2943,6.2557,1081961.3685
2026-02-24,600654.SH,仓储物流,3.77,0.0026595744680850686,-0.09210526315789469,2.0313,-0.040712468193384255,-0.28442966513365064,0.01907181300468785,0.15942860786939608,-13.896942077991321,52.4334,6.2724,1084838.9253
2026-02-25,600654.SH,仓储物流,3.8,0.007957559681697646,-0.08776595744680837,2.0926,-0.02813299232736577,-0.2425727977858937,0.01892126106420741,0.1581702861300476,-13.904868143270049,52.8506,6.3223,1093471.5958
2026-02-26,600654.SH,仓储物流,3.76,-0.010526315789473717,-0.0714285714285714,1.8077,-0.0505050505050505,-0.1962113735178065,0.019122542992257283,0.1598542129577825,-13.894286033961889,52.2943,6.2557,1081961.3685
2026-02-27,600654.SH,仓储物流,3.78,0.005319148936170137,-0.02209944751381221,1.8351,-0.06435643564356441,-0.16255340277849617,0.019021351467021733,0.1590077913817777,-13.899591086134366,52.5725,6.289,1087716.4821
2026-03-02,600654.SH,仓储物流,3.62,-0.042328042328042215,0.02318840579710124,3.3306,-0.11491442542787278,-0.07605462595044854,0.019862077732227413,0.16603573088928736,-13.856341102335978,50.3472,6.0228,1041675.5728
2026-03-03,600654.SH,仓储物流,3.45,-0.046961325966850764,0.04956268221574334,2.9693,-0.14392059553349879,0.012365098458148038,0.02084080128712789,0.17421602787456444,-13.808241307567723,47.9828,5.74,992757.1067
2026-03-04,600654.SH,仓储物流,3.43,-0.005797101449275366,0.028490028490028463,1.933,-0.150990099009901,0.015123378302428936,0.020962339061641855,0.17523262130478212,-13.802427337663833,47.7046,5.7067,987001.993
2026-03-05,600654.SH,仓储物流,3.51,0.023323615160349753,0.011299435028248705,2.0748,-0.11139240506329118,0.052785358040051245,0.020484541340877106,0.17123874105277578,-13.825483114016004,48.8173,5.8398,1010022.4477
2026-03-06,600654.SH,仓储物流,3.54,0.008547008547008517,-0.011331444759206666,1.6156,-0.10152284263959388,0.0824627382268226,0.020310960810001118,0.16978793486934818,-13.833993803690626,49.2345,5.8897,1018655.1182
2026-03-09,600654.SH,仓储物流,3.53,-0.0028248587570621764,-0.01666666666666672,1.9977,-0.09020618556701032,-0.022620091366342132,0.02036846554164842,0.17026783129863274,-13.831164947422293,49.0955,5.8731,1015777.5613
2026-03-10,600654.SH,仓储物流,3.6,0.019830028328611915,-0.02216066481994461,2.2825,-0.04761904761904756,-0.06381912754136221,0.019972438035510992,0.16695884464479507,-13.850800922020095,50.069,5.9895,1035920.4592
2026-03-11,600654.SH,仓储物流,3.61,0.002777777777777768,-0.008379888268156499,1.9073,-0.05249343832021003,-0.053335473684462675,0.01991710500895274,0.16649462222370218,-13.853574848872872,50.2081,6.0062,1038798.016
