date,ticker,industry,close,return_1d,forward_return_5d,turnover,momentum_20,turnover_shock_5_20,earnings_yield,book_yield,size_inv,pe_ttm,pb,total_mv
2025-11-17,000001.SZ,银行,11.67,-0.006808510638297904,0.0008628127696290733,0.5129,0.02189141856392296,0.07523929075788471,0.1903927803057708,1.9577133907595927,-16.93552499257018,5.2523,0.5108,22646706.5371
2025-11-18,000001.SZ,银行,11.59,-0.006855184233076295,0.0,0.3453,0.013998250218722585,0.036266367156326584,0.19170676533174855,1.9712201852946976,-16.928646203622673,5.2163,0.5073,22491459.1915
2025-11-19,000001.SZ,银行,11.8,0.018119068162208984,-0.013502109704641385,0.6879,0.02430555555555558,0.04890374896716043,0.18829554869322887,1.9364833462432225,-16.946603077740086,5.3108,0.5164,22898983.4736
2025-11-20,000001.SZ,银行,11.85,0.004237288135593209,0.0017108639863132602,0.8436,0.018916595012897552,0.16401433963695689,0.18750117188232426,1.928268414963363,-16.950831413850047,5.3333,0.5186,22996013.0646
2025-11-21,000001.SZ,银行,11.69,-0.013502109704641385,0.0008620689655172153,0.7551,0.011245674740484324,0.16538817861775068,0.19006709368407046,1.954652071931196,-16.937237321755866,5.2613,0.5116,22685518.3735
2025-11-24,000001.SZ,银行,11.6,-0.007698887938408894,-0.009322033898305215,0.5757,0.00694444444444442,0.19563880346659213,0.19154152620288079,1.9696671262556626,-16.92950864438342,5.2208,0.5077,22510865.1097
2025-11-25,000001.SZ,银行,11.8,0.017241379310344973,-0.004277159965782595,0.5298,0.028770706190061057,0.25199771162825013,0.18829554869322887,1.9364833462432225,-16.946603077740086,5.3108,0.5164,22898983.4736
2025-11-26,000001.SZ,银行,11.69,-0.009322033898305215,-0.013663535439795038,0.4232,0.026338893766461702,0.16231057262582804,0.19006709368407046,1.954652071931196,-16.937237321755866,5.2613,0.5116,22685518.3735
2025-11-27,000001.SZ,银行,11.71,0.0017108639863132602,-0.01033591731266148,0.5214,0.02899824253075578,0.039174646687288206,0.18974251940117262,1.9512195121951221,-16.938946723881685,5.2703,0.5125,22724330.2099
2025-11-28,000001.SZ,银行,11.61,-0.008539709649872052,-0.01368691189050475,0.4557,0.025618374558303847,-0.06791277258566997,0.19137657168009492,1.96811651249754,-16.93037034198099,5.2253,0.5081,22530271.0279
2025-12-01,000001.SZ,银行,11.69,0.006890611541774394,-0.010309278350515538,0.5345,0.022747156605424257,-0.08695692441628933,0.19006709368407046,1.954652071931196,-16.937237321755866,5.2613,0.5116,22685518.3735
2025-12-02,000001.SZ,银行,11.64,-0.004277159965782595,-0.010389610389610504,0.3958,0.004314063848144922,-0.10521567197128223,0.19088340841414064,1.9630938358853554,-16.932950988574742,5.2388,0.5094,22588488.7825
2025-12-03,000001.SZ,银行,11.55,-0.0077319587628865705,-0.013925152306353383,0.4868,0.0026041666666667407,-0.08755883305703238,0.19237058269049498,1.9782393669634029,-16.92518898323846,5.1983,0.5055,22413835.5187
2025-12-04,000001.SZ,银行,11.49,-0.0051948051948051965,-0.013876843018213347,0.4566,-0.0017376194613378804,-0.11743421675791377,0.19337497341094118,1.9884668920262476,-16.919980638130788,5.1713,0.5029,22297400.0095
2025-12-05,000001.SZ,银行,11.53,0.003481288076588207,-0.01475694444444442,0.459,-0.0017316017316018062,-0.12285550447935167,0.1927042182953385,1.9817677368212443,-16.923455880551447,5.1893,0.5046,22375023.6823
2025-12-08,000001.SZ,银行,11.52,-0.0008673026886383273,0.006999125109361293,0.4411,-0.009458297506448887,-0.1591457404365172,0.19287147045209072,1.9833399444664817,-16.922588201538137,5.1848,0.5042,22355617.7641
2025-12-09,000001.SZ,银行,11.43,-0.0078125,0.013239187996469504,0.3782,-0.020565552699228773,-0.1595532395804764,0.1943936860930757,1.998800719568259,-16.9147450240763,5.1442,0.5003,22180964.5003
2025-12-10,000001.SZ,银行,11.33,-0.008748906386701671,0.014072119613016687,0.538,-0.02996575342465746,-0.13609152587468398,0.19610919359899592,2.016535591853196,-16.90595762130858,5.0992,0.4959,21986905.3183
2025-12-11,000001.SZ,银行,11.37,0.003530450132391838,0.02555066079295165,0.4768,-0.028205128205128216,-0.12611350882708816,0.1954193699679512,2.009646302250804,-16.90948185403148,5.1172,0.4976,22064528.9911
2025-12-12,000001.SZ,银行,11.35,-0.0017590149516270026,0.009556907037358675,0.6142,-0.03404255319148941,-0.06119866559300591,0.19576367409263537,2.01328769881216,-16.90772129019626,5.1082,0.4967,22025717.1547
2025-12-15,000001.SZ,银行,11.51,0.014096916299559448,0.0034843205574912606,0.4848,-0.01371036846615259,-0.04186091219301202,0.1930390131845646,1.984914648670107,-16.921719769004092,5.1803,0.5038,22336211.8459
2025-12-16,000001.SZ,银行,11.48,-0.0026064291920069316,0.002601908065915204,0.3336,-0.009490940465918807,-0.05794953713504869,0.19354339242858248,1.9904458598726116,-16.91910993716145,5.1668,0.5024,22277994.0913
2025-12-17,000001.SZ,银行,11.53,0.00435540069686402,-0.0085910652920963,0.3615,-0.02288135593220353,-0.09754207483060773,0.1927042182953385,1.9817677368212443,-16.923455880551447,5.1893,0.5046,22375023.6823
2025-12-18,000001.SZ,银行,11.64,0.009540329575021822,-0.005163511187607495,0.4073,-0.017721518987341645,-0.0855220114029348,0.19088340841414064,1.9630938358853554,-16.932950988574742,5.2388,0.5094,22588488.7825
2025-12-19,000001.SZ,银行,11.62,-0.001718213058419349,0.0017361111111111605,0.3349,-0.005988023952095856,-0.16511201120655017,0.19121190102872002,1.966181675186787,-16.931231297695042,5.2298,0.5086,22549676.9461
2025-12-22,000001.SZ,银行,11.52,-0.008605851979345935,0.0,0.3826,-0.006896551724137945,-0.19257303844362095,0.19287147045209072,1.9833399444664817,-16.922588201538137,5.1848,0.5042,22355617.7641
2025-12-23,000001.SZ,银行,11.56,0.003472222222222321,-0.005199306759098632,0.3433,-0.02033898305084747,-0.17112341861755753,0.19220419773967864,1.9766752322593397,-16.92605440951498,5.2028,0.5059,22433241.4369
2025-12-24,000001.SZ,银行,11.54,-0.0017301038062285112,-0.012975778546712835,0.2604,-0.01283147989734823,-0.20221542721975416,0.19253725595902807,1.9798059790140567,-16.924322807350524,5.1938,0.5051,22394429.6005
2025-12-25,000001.SZ,银行,11.56,0.0017331022530331364,-0.0034662045060658286,0.2821,-0.012809564474807855,-0.2389880387317258,0.19220419773967864,1.9766752322593397,-16.92605440951498,5.2028,0.5059,22433241.4369
2025-12-26,000001.SZ,银行,11.54,-0.0017301038062285112,0.009515570934256035,0.2249,-0.006029285099052539,-0.27124103264847976,0.19253725595902807,1.9798059790140567,-16.924322807350524,5.1938,0.5051,22394429.6005
2025-12-29,000001.SZ,银行,11.56,0.0017331022530331364,0.013937282229965264,0.3341,-0.01112061591103497,-0.2772386193096549,0.19220419773967864,1.9766752322593397,-16.92605440951498,5.2028,0.5059,22433241.4369
2025-12-30,000001.SZ,银行,11.48,-0.00692041522491349,0.00876424189307623,0.3002,-0.013745704467354014,-0.29031441446002726,0.19354339242858248,1.9904458598726116,-16.91910993716145,5.1668,0.5024,22277994.0913
2025-12-31,000001.SZ,银行,11.41,-0.0060975609756097615,-0.003478260869565153,0.3044,-0.0121212121212122,-0.25073853329878193,0.19473438230253934,2.002402883460152,-16.912993710143382,5.1352,0.4994,22142152.6639
2026-01-05,000001.SZ,银行,11.5,0.007887817703768674,-0.016281062553556103,0.4512,0.0008703220191470518,-0.16251328994113523,0.19320684725066659,1.986886548778065,-16.920850581639417,5.1758,0.5033,22316805.9277
2026-01-06,000001.SZ,银行,11.67,0.014782608695652177,-0.014604810996563522,0.6723,0.012142237640936804,0.040739852887369254,0.1903927803057708,1.9577133907595927,-16.93552499257018,5.2523,0.5108,22646706.5371
2026-01-07,000001.SZ,银行,11.64,-0.0025706940874035134,-0.013032145960034769,0.4979,0.01041666666666674,0.11541207862001568,0.19088340841414064,1.9630938358853554,-16.932950988574742,5.2388,0.5094,22588488.7825
2026-01-08,000001.SZ,银行,11.51,-0.011168384879725157,-0.01308900523560208,0.5669,0.006999125109361293,0.2202070636610618,0.1930390131845646,1.984914648670107,-16.921719769004092,5.1803,0.5038,22336211.8459
2026-01-09,000001.SZ,银行,11.46,-0.004344048653344812,-0.025261324041811917,0.5068,0.011473962930273585,0.3243409252843912,0.19388487116350311,1.993620414673046,-16.917366257556445,5.1577,0.5016,22239182.2549
2026-01-12,000001.SZ,银行,11.48,0.0017452006980802626,-0.03051438535309514,0.4407,0.009674582233949014,0.32505768684986625,0.19354339242858248,1.9904458598726116,-16.91910993716145,5.1668,0.5024,22277994.0913
2026-01-13,000001.SZ,银行,11.47,-0.0008710801393727596,-0.017605633802816878,0.547,0.010572687224669641,0.27377471413107046,0.19371585758010149,1.9920318725099602,-16.918238477411222,5.1622,0.502,22258588.1731
2026-01-14,000001.SZ,银行,11.36,-0.00959023539668713,-0.021220159151193685,0.6569,-0.013032145960034769,0.32454622974783764,0.19559137050873315,2.011263073209976,-16.90860195956195,5.1127,0.4972,22045123.0729
2026-01-15,000001.SZ,银行,11.31,-0.004401408450704136,-0.010723860589812229,0.456,-0.014808362369338024,0.25184242744316676,0.19645593493379435,2.0202020202020203,-16.90419083639651,5.0902,0.495,21948093.4819
2026-01-16,000001.SZ,银行,11.19,-0.010610079575596898,-0.011690647482014316,0.5769,-0.02948829141370335,0.2531005756540461,0.1985624081648862,2.0420665713702264,-16.893524068595795,5.0362,0.4897,21715222.4636
2026-01-19,000001.SZ,银行,11.12,-0.006255585344057235,-0.017921146953404965,0.4147,-0.04467353951890041,0.23985878282013484,0.1998121765540392,2.054653790836244,-16.88724883509376,5.0047,0.4867,21579381.0362
2026-01-20,000001.SZ,银行,11.16,0.003597122302158251,-0.011743450767841113,0.398,-0.03958691910499135,0.16161674770519752,0.1990961036892508,2.0475020475020473,-16.890839503224854,5.0227,0.4884,21657004.709
2026-01-21,000001.SZ,银行,11.07,-0.008064516129032251,-0.020776874435411097,0.4638,-0.03906249999999989,0.06197620279358529,0.200714543775842,2.063983488132095,-16.88274229299141,4.9822,0.4845,21482351.4452
2026-01-22,000001.SZ,银行,11.07,0.0,-0.0027297543221109777,0.4064,-0.042387543252595195,0.03168371073776477,0.200714543775842,2.063983488132095,-16.88274229299141,4.9822,0.4845,21482351.4452
2026-01-23,000001.SZ,银行,10.99,-0.0072267389340560095,-0.011861313868613221,0.572,-0.04766031195840548,-0.005907507825243519,0.20217540738344586,2.079002079002079,-16.875489314685648,4.9462,0.481,21327104.0996
2026-01-26,000001.SZ,银行,10.96,-0.0027297543221109777,-0.007312614259597838,0.5701,-0.05190311418685123,0.02991069521001566,0.2027287286881424,2.0846362309776945,-16.872755827789707,4.9327,0.4797,21268886.345
2026-01-27,000001.SZ,银行,10.94,-0.0018248175182482562,0.0,0.4607,-0.051993067590987874,0.030738772533083214,0.20309929524544548,2.0885547201336676,-16.870929343263484,4.9237,0.4788,21230074.5086
2026-01-28,000001.SZ,银行,10.84,-0.009140767824497242,0.0009124087591241281,0.7414,-0.06228373702422152,0.09976710014693646,0.20497263615307357,2.1079258010118043,-16.86174654228019,4.8787,0.4744,21036015.3266
2026-01-29,000001.SZ,银行,10.96,0.011070110701107083,0.024007386888273308,0.9549,-0.04529616724738672,0.2380523501266536,0.2027287286881424,2.0846362309776945,-16.872755827789707,4.9327,0.4797,21268886.345
2026-01-30,000001.SZ,银行,10.83,-0.011861313868613221,0.017495395948434744,0.5626,-0.05083260297984227,0.20532737331916606,0.20516187271757416,2.109704641350211,-16.860823607281493,4.8742,0.474,21016609.4084
2026-02-02,000001.SZ,银行,10.86,0.0027700831024930483,0.02121771217712176,0.6303,-0.05565217391304356,0.2075736957364167,0.20459520838021975,2.103934357248054,-16.863589860774674,4.8877,0.4753,21074827.163
2026-02-03,000001.SZ,银行,10.84,-0.0018416206261510082,0.008204193254329972,0.4157,-0.07112253641816624,0.2195540466987096,0.20497263615307357,2.1079258010118043,-16.86174654228019,4.8787,0.4744,21036015.3266
2026-02-04,000001.SZ,银行,10.97,0.011992619926199266,-0.0018034265103696878,0.3584,-0.05756013745704469,0.09227864899721516,0.20254395203759218,2.082899395959175,-16.87366782055707,4.9372,0.4801,21288292.2632
2026-02-05,000001.SZ,银行,11.09,0.010938924339106482,-0.008144796380090469,0.6068,-0.036490008688097264,-0.041424195305444056,0.2003526206122776,2.0601565718994643,-16.884547347633323,4.9912,0.4854,21521163.2816
2026-02-06,000001.SZ,银行,11.05,-0.0036068530207393756,-0.014453477868112019,0.375,-0.035776614310645716,-0.10025168971465737,0.20107777688409875,2.0678246484698097,-16.88093397423444,4.9732,0.4836,21443539.6088
2026-02-09,000001.SZ,银行,11.07,0.0018099547511312153,-0.013562386980108476,0.3193,-0.0357142857142857,-0.20846007876493533,0.200714543775842,2.063983488132095,-16.88274229299141,4.9822,0.4845,21482351.4452
2026-02-10,000001.SZ,银行,11.06,-0.0009033423667569318,-0.018970189701897122,0.3094,-0.03574542284219706,-0.2315963041378435,0.20089599614279688,2.065688907250568,-16.88183854236496,4.9777,0.4841,21462945.527
2026-02-11,000001.SZ,银行,11.07,0.0009041591320071429,-0.008211678832116931,0.2221,-0.02552816901408439,-0.25310509959753424,0.200714543775842,2.063983488132095,-16.88274229299141,4.9822,0.4845,21482351.4452
2026-02-12,000001.SZ,银行,10.96,-0.009936766034326916,-0.0009165902841429263,0.3511,-0.030946065428824054,-0.35037488671006,0.2027287286881424,2.0846362309776945,-16.872755827789707,4.9327,0.4797,21268886.345
2026-02-13,000001.SZ,银行,10.91,-0.0045620437956205295,-0.005499541704858002,0.286,-0.02502234137622872,-0.368108125325151,0.20365769215103255,2.094240837696335,-16.868183346114343,4.9102,0.4775,21171856.754
2026-02-24,000001.SZ,银行,10.91,0.0,0.0018416206261511192,0.3105,-0.018884892086330818,-0.36481829405765187,0.20365769215103255,2.094240837696335,-16.868183346114343,4.9102,0.4775,21171856.754
2026-02-25,000001.SZ,银行,10.86,-0.004582951420714965,-0.014719411223550916,0.5478,-0.026881720430107614,-0.27411430322369335,0.20459520838021975,2.103934357248054,-16.863589860774674,4.8877,0.4753,21074827.163
2026-02-26,000001.SZ,银行,10.87,0.0009208103130755596,-0.008256880733944927,0.3673,-0.01806684733514008,-0.20463716133990917,0.20440701524876334,2.102165230187093,-16.864510247402098,4.8922,0.4757,21094233.0812
2026-02-27,000001.SZ,银行,10.9,0.002759889604415866,-0.0027649769585252892,0.3155,-0.015356820234869062,-0.21219372850844587,0.20384450740974783,2.0959966464053656,-16.867266335504365,4.9057,0.4771,21152450.8358
2026-03-02,000001.SZ,银行,10.85,-0.004587155963302836,-0.011029411764705954,0.4323,-0.01273885350318471,-0.13610296370879482,0.20478374836173,2.105706464518846,-16.862668626255257,4.8832,0.4749,21055421.2448
2026-03-03,000001.SZ,银行,10.88,0.0027649769585254003,0.00933706816059754,0.5301,-0.007299270072992692,-0.03574726289407726,0.2042191680111095,2.099958000839983,-16.865429787696872,4.8967,0.4762,21113638.9994
2026-03-04,000001.SZ,银行,10.71,-0.015625,0.007400555041628065,0.5615,-0.02102376599634359,-0.04035659926070889,0.20746027135803494,2.1335609131640707,-16.84968143073189,4.8202,0.4687,20783738.3901
2026-03-05,000001.SZ,银行,10.81,0.00933706816059754,0.01109057301293892,0.3672,-0.0027675276752766598,0.00029465763049918436,0.2055413960371619,2.113718030014796,-16.85897517791952,4.8652,0.4731,20977797.572
2026-03-06,000001.SZ,银行,10.82,0.0009250693802034249,0.01579925650557623,0.2456,-0.012773722627737238,0.05327500154045217,0.20535145902211635,2.1114864864864864,-16.859899819686834,4.8697,0.4736,20997203.4902
2026-03-09,000001.SZ,银行,10.76,-0.005545286506469571,0.010175763182238562,0.4307,-0.006463527239150557,0.06987698243680018,0.2064963759886014,2.1235931195582927,-16.854339101001553,4.8427,0.4709,20880767.981
2026-03-10,000001.SZ,银行,10.81,0.004646840148698983,0.012855831037649201,0.4072,-0.004604051565377465,0.03728333011147633,0.2055413960371619,2.113718030014796,-16.85897517791952,4.8652,0.4731,20977797.572
2026-03-11,000001.SZ,银行,10.89,0.007400555041628065,0.001828153564899626,0.3713,0.004612546125461359,-0.05535897136783696,0.2040316657145189,2.09819555182543,-16.86634848321404,4.9012,0.4766,21133044.9176
2025-11-17,000007.SZ,其他商业,9.9,0.011235955056179803,-0.028955532574974074,3.6047,0.3769123783031989,0.20471953441474589,0.01652076081407701,0.053259763846207106,-12.745437805466372,60.5299,18.7759,342983.5636
2025-11-18,000007.SZ,其他商业,9.67,-0.02323232323232327,-0.02672147995888996,3.2304,0.3102981029810299,-0.07674335791274745,0.016913719732898538,0.054526518972502276,-12.72193135753113,59.1236,18.3397,335015.2585
2025-11-19,000007.SZ,其他商业,9.73,0.006204756980351611,-0.03200000000000003,2.7998,0.3202170963364994,-0.2822250940977977,0.016809406543901968,0.05419055566995785,-12.728116944371518,59.4905,18.4534,337093.9468
2025-11-20,000007.SZ,其他商业,10.0,0.027749229188078095,0.030526315789473513,5.2016,0.3531799729364007,-0.23329875347856865,0.016355556718617367,0.0527273206612006,-12.75548814120325,61.1413,18.9655,346448.044
2025-11-21,000007.SZ,其他商业,9.5,-0.050000000000000044,0.052183173588924436,5.0829,0.2872628726287263,-0.20900380916642092,0.01721638586741317,0.055502519814399576,-12.704194846815698,58.0842,18.0172,329125.6418
2025-11-24,000007.SZ,其他商业,9.39,-0.011578947368421022,0.14783526927138313,3.4714,0.2845417236662109,-0.22919206990451624,0.017418052417886947,0.05615264535112249,-12.692548341380192,57.4117,17.8086,325314.7133
2025-11-25,000007.SZ,其他商业,9.47,0.008519701810436597,0.11466942148760317,2.4609,0.27972972972972965,-0.2665308361867055,0.017270918536531447,0.05567835726574723,-12.701031955504726,57.9008,17.9603,328086.2977
2025-11-26,000007.SZ,其他商业,9.68,0.022175290390707314,0.07252298263534218,2.9371,0.2115143929912391,-0.23761551604213949,0.016896230113137158,0.05447038445197346,-12.722964949521543,59.1848,18.3586,335361.7066
2025-11-27,000007.SZ,其他商业,9.79,0.011363636363636243,0.027327935222672073,2.3219,0.19244823386114462,-0.31455479145541587,0.016706400054796993,0.05385841699340773,-12.734264504822383,59.8573,18.5672,339172.6351
2025-11-28,000007.SZ,其他商业,9.88,0.009193054136874546,-0.0846366145354186,4.9514,0.19036144578313263,-0.32219238706670494,0.01655420841086221,0.05336777333639309,-12.743415560050781,60.4076,18.7379,342290.6675
2025-12-01,000007.SZ,其他商业,10.87,0.10020242914979738,-0.08341056533827607,4.8328,0.2639534883720931,-0.26021457204984566,0.015046508758572748,0.048507191191094076,-12.83890974926797,66.4606,20.6155,376589.0238
2025-12-02,000007.SZ,其他商业,10.79,-0.007359705611775569,-0.0323809523809524,6.689,0.25757575757575757,-0.10542136748002806,0.015158083654432072,0.048866779386037784,-12.831522827543449,65.9714,20.4638,373817.4395
2025-12-03,000007.SZ,其他商业,10.5,-0.02687673772011112,0.009852216748768461,4.9004,0.18376550169109374,-0.0352338831576644,0.015576736455638233,0.050216432825477816,-12.804278305372682,64.1983,19.9138,363770.4462
2025-12-04,000007.SZ,其他商业,10.15,-0.033333333333333326,0.01407035175879412,3.2416,0.1328125,0.027340216296868114,0.016113854047155582,0.05194805194805195,-12.770376753810751,62.0584,19.25,351644.7647
2025-12-05,000007.SZ,其他商业,9.95,-0.019704433497537033,0.0667340748230536,2.6081,0.028955532574974185,-0.022349716101760175,0.0164377436895502,0.05299220484666706,-12.750475599437724,60.8356,18.8707,344715.8038
2025-12-08,000007.SZ,其他商业,9.89,-0.0060301507537686705,0.14271653543307083,5.3981,0.010214504596527174,0.04555162586272021,0.016537481374661604,0.05331371388662305,-12.744427193797128,60.4687,18.7569,342637.1155
2025-12-09,000007.SZ,其他商业,10.16,0.027300303336703635,0.1707317073170731,3.7333,0.10917030567685582,-0.028873923104633215,0.016098004652323344,0.051896829103741764,-12.771361490348175,62.1195,19.269,351991.2127
2025-12-10,000007.SZ,其他商业,10.25,0.008858267716535417,0.1417244796828543,3.0984,0.06770833333333348,-0.06979077431254954,0.015956648976061836,0.05144112306259871,-12.780180753793621,62.6698,19.4397,355109.2451
2025-12-11,000007.SZ,其他商业,10.09,-0.01560975609756099,0.09004739336492884,2.6342,0.05213764337851923,-0.09219220662484962,0.016209662255477243,0.05225697891953471,-12.764447882586165,61.6916,19.1362,349566.0764
2025-12-12,000007.SZ,其他商业,10.55,0.04558969276511404,0.012058570198105079,5.6483,0.07763023493360599,0.04062207104201465,0.015502890513936324,0.049978509241026356,-12.80902890807656,64.5041,20.0086,365502.6864
2025-12-15,000007.SZ,其他商业,11.61,0.10047393364928903,-0.019166666666666665,9.9613,0.17272727272727262,0.1772134516548145,0.014087483271113616,0.045415323130024075,-12.904769843958782,70.985,22.019,402226.1791
2025-12-16,000007.SZ,其他商业,12.0,0.033591731266150004,0.02604166666666674,11.2712,0.24095139607032068,0.3990607408328928,0.013629641744866736,0.04393943388433383,-12.937809697997203,73.3695,22.7586,415737.6528
2025-12-17,000007.SZ,其他商业,11.52,-0.040000000000000036,0.026086956521739202,6.7514,0.18396711202466598,0.49251661345764663,0.01419752735863522,0.04577015145343116,-12.896987703507016,70.4348,21.8483,399108.1467
2025-12-18,000007.SZ,其他商业,11.5,-0.0017361111111110494,-0.016170212765957426,3.2338,0.1499999999999999,0.5485442755506549,0.014222222222222223,0.04584989660848315,-12.895250083578407,70.3125,21.8103,398415.2506
2025-12-19,000007.SZ,其他商业,11.75,0.021739130434782705,-0.03228547153780792,3.8625,0.23684210526315796,0.49266172448676726,0.013919628067538036,0.04487423994256097,-12.916756288799371,71.841,22.2845,407076.4517
2025-12-22,000007.SZ,其他商业,11.77,0.0017021276595743373,-0.03891708967851104,3.293,0.25346112886048977,0.21122428425417805,0.01389597197460372,0.04479805038884708,-12.918456969510817,71.9633,22.3224,407769.3478
2025-12-23,000007.SZ,其他商业,11.82,0.004248088360238045,-0.015254237288135686,2.6319,0.24815205913410776,-0.15861008067047022,0.013837191603592133,0.04460860410756026,-12.92269606016762,72.269,22.4172,409501.588
2025-12-24,000007.SZ,其他商业,11.8,-0.0016920473773265332,-0.01038062283737029,2.7676,0.21900826446280997,-0.3269203305545548,0.013860647818957763,0.0446841500851233,-12.9210025796319,72.1467,22.3793,408808.6919
2025-12-25,000007.SZ,其他商业,11.56,-0.02033898305084747,0.0114135206321333,3.1392,0.18079673135852925,-0.3367305000132069,0.014148414033528912,0.04561190653208114,-12.900453911543323,70.6793,21.9241,400493.9389
2025-12-26,000007.SZ,其他商业,11.39,-0.014705882352941124,0.022007042253521236,2.8276,0.15283400809716596,-0.3662467021963022,0.014359584089006446,0.04629265289305934,-12.885638825627748,69.6399,21.6017,394604.3221
2025-12-29,000007.SZ,其他商业,11.36,-0.0026338893766463256,-0.0103270223752151,2.1346,0.04507819687212522,-0.3987943290045699,0.014397500593896898,0.04641491218298615,-12.883001461542863,69.4565,21.5448,393564.978
2025-12-30,000007.SZ,其他商业,11.62,0.022887323943661997,0.06293706293706292,2.9794,0.07692307692307687,-0.35675525657863416,0.014075348153736582,0.04537637433693773,-12.905630799563415,71.0462,22.0379,402572.6271
2025-12-31,000007.SZ,其他商业,11.44,-0.015490533562822706,0.05729166666666674,2.3252,0.08952380952380956,-0.35810928086549443,0.014296824961112637,0.046090170810173026,-12.890019034070024,69.9456,21.6966,396336.5623
2026-01-05,000007.SZ,其他商业,11.52,0.006993006993007089,0.02239448751076667,2.3882,0.13497536945812794,-0.3878140899509356,0.01419752735863522,0.04577015145343116,-12.896987703507016,70.4348,21.8483,399108.1467
2026-01-06,000007.SZ,其他商业,11.61,0.0078125,0.01565217391304352,3.3516,0.16683417085427132,-0.3681470152509625,0.014087483271113616,0.045415323130024075,-12.904769843958782,70.985,22.019,402226.1791
2026-01-07,000007.SZ,其他商业,11.5,-0.009474590869939625,-0.052631578947368474,2.4634,0.16279069767441845,-0.3287724498453962,0.014222222222222223,0.04584989660848315,-12.895250083578407,70.3125,21.8103,398415.2506
2026-01-08,000007.SZ,其他商业,12.16,0.05739130434782602,-0.07471264367816088,4.8208,0.1968503937007875,-0.24743698488421695,0.013450297117063316,0.04336118566826091,-12.95105492473773,74.3478,23.0621,421280.8215
2026-01-09,000007.SZ,其他商业,12.18,0.00164473684210531,-0.048020219039595524,4.4144,0.1882926829268292,-0.15857736346134366,0.013428208099626561,0.04329004329004329,-12.952698310509913,74.4701,23.1,421973.7176
2026-01-12,000007.SZ,其他商业,11.87,-0.02545155993431858,-0.02825342465753422,4.7877,0.17641228939544096,-0.06703459368324038,0.013778906423312805,0.04442055605652071,-12.926917256762692,72.5747,22.5121,411233.8282
2026-01-13,000007.SZ,其他商业,11.68,-0.01600673967986521,-0.04687499999999989,3.2764,0.10710900473933638,-0.04390840965056131,0.014003052665481075,0.04514326214240893,-12.910781025629054,71.413,22.1517,404651.3154
2026-01-14,000007.SZ,其他商业,11.52,-0.013698630136986356,0.0008873114463177068,2.5828,-0.007751937984496138,0.056116181757094985,0.01419752735863522,0.04577015145343116,-12.896987703507016,70.4348,21.8483,399108.1467
2026-01-15,000007.SZ,其他商业,11.27,-0.02170138888888884,0.003539823008849474,2.4841,-0.060833333333333406,0.055114890341513734,0.014512482185928117,0.04678559565081103,-12.875047376291622,68.9062,21.3741,390446.9456
2026-01-16,000007.SZ,其他商业,11.3,0.0026619343389531203,0.016740088105726914,2.3042,-0.0190972222222221,-0.005278048088882548,0.014473958453949652,0.04666137837711726,-12.87770577387641,69.0896,21.431,391486.2897
2026-01-19,000007.SZ,其他商业,11.35,0.004424778761061843,0.06739526411657559,1.9729,-0.013043478260869601,-0.16981293425975408,0.014410177043435156,0.046455665036072825,-12.88212079203489,69.3954,21.5259,393218.5299
2026-01-20,000007.SZ,其他商业,10.98,-0.032599118942731264,0.01684397163120588,1.9986,-0.06553191489361698,-0.23027436396826817,0.014895781663590688,0.04802128303264006,-12.848978484259042,67.1331,20.8241,380399.9523
2026-01-21,000007.SZ,其他商业,11.28,0.027322404371584508,-0.014991181657848296,2.0627,-0.041631265930331396,-0.24991293168125917,0.01449960416080641,0.04674404364023914,-12.875934294197231,68.9674,21.3931,390793.3936
2026-01-22,000007.SZ,其他商业,11.34,0.005319148936170359,-0.07105719237434993,1.4924,-0.040609137055837574,-0.3049220663982267,0.014422896636868963,0.04649670570840055,-12.88123934651899,69.3342,21.5069,392872.0819
2026-01-23,000007.SZ,其他商业,11.54,0.017636684303350858,-0.07167235494880542,3.1348,-0.022033898305084842,-0.25105635657961756,0.014172938191816545,0.04569089197759319,-12.898722309349187,70.557,21.8862,399801.0428
2026-01-26,000007.SZ,其他商业,11.72,0.015597920277296451,-0.04184829991281602,2.4231,0.01384083044982698,-0.20948903421793563,0.013955253873978475,0.044989112634742395,-12.91419983243688,71.6576,22.2276,406037.1076
2026-01-27,000007.SZ,其他商业,11.47,-0.021331058020477855,0.0026857654431511335,2.8133,0.0070237050043897575,-0.1513130975296475,0.01425941584877034,0.045969825406603104,-12.892637979431012,70.1291,21.7534,397375.9065
2026-01-28,000007.SZ,其他商业,11.17,-0.026155187445510042,0.04477611940298498,2.374,-0.016725352112676006,-0.13285385296722774,0.014642403228357064,0.04720432391607071,-12.866134661166276,68.2948,21.1845,386982.4651
2026-01-29,000007.SZ,其他商业,10.72,-0.040286481647269445,0.028492647058823373,2.4747,-0.07745266781411353,-0.05479816892571865,0.015257043032489875,0.049185972160739756,-12.825014203938021,65.5435,20.331,371392.3032
2026-01-30,000007.SZ,其他商业,10.88,0.014925373134328401,0.07552320291173786,2.1003,-0.04895104895104885,-0.1252467677906116,0.015032688581320081,0.048462526351498704,-12.839829289711282,66.5217,20.6345,376935.4719
2026-02-02,000007.SZ,其他商业,10.99,0.010110294117646967,0.09821428571428581,2.2055,-0.04600694444444442,-0.1380413664951916,0.01488221471166453,0.04797750814418201,-12.849888816740297,67.1943,20.8431,380746.4004
2026-02-03,000007.SZ,其他商业,11.2,0.019108280254777066,0.0848214285714286,1.8243,-0.03531438415159349,-0.18691215025254404,0.014603187583785789,0.047077876222847835,-12.868816826561796,68.4782,21.2414,388021.8093
2026-02-04,000007.SZ,其他商业,11.2,0.0,0.0813226094727435,1.1395,-0.026086956521739202,-0.2602051758989494,0.014603187583785789,0.047077876222847835,-12.868816826561796,68.4782,21.2414,388021.8093
2026-02-05,000007.SZ,其他商业,11.19,-0.0008928571428571397,0.03384094754653133,1.3892,-0.07976973684210531,-0.29681716945928227,0.01461622898368975,0.04712002412545235,-12.867923570440176,68.4171,21.2224,387675.3612
2026-02-06,000007.SZ,其他商业,11.82,0.05630026809651478,0.008943089430894169,4.8125,-0.029556650246305383,-0.08396270114595294,0.013837191603592133,0.04460860410756026,-12.92269606016762,72.269,22.4172,409501.588
2026-02-09,000007.SZ,其他商业,12.3,0.040609137055837685,0.04526748971193406,3.6242,0.03622577927548454,0.05504903123356586,0.01329720040742622,0.042867676057545566,-12.962502310540641,75.2038,23.3276,426131.0941
2026-02-10,000007.SZ,其他商业,12.15,-0.012195121951219523,0.04214876033057857,2.789,0.04023972602739723,0.1461498559438026,0.013461359839648282,0.043396938779938464,-12.950232218090788,74.2867,23.0431,420934.3735
2026-02-11,000007.SZ,其他商业,12.1,-0.004115226337448652,0.07692307692307687,1.5798,0.05034722222222232,0.20808270796674821,0.013516984090509726,0.0435762126170566,-12.946108500716479,73.981,22.9483,419202.1332
2026-02-12,000007.SZ,其他商业,12.22,0.009917355371900971,0.09750201450443186,1.8297,0.08429458740017748,0.2631606203082557,0.013384264922786175,0.04314827040158096,-12.955977002028238,74.7146,23.1759,423359.5098
2026-02-13,000007.SZ,其他商业,12.41,0.015548281505728179,0.06299212598425208,2.2503,0.09823008849557513,0.043231052390539926,0.013179345856347766,0.04248774228635038,-12.971405647416416,75.8763,23.5362,429942.0226
2026-02-24,000007.SZ,其他商业,12.7,0.023368251410152974,-0.0007930214115781098,2.3761,0.11894273127753308,-0.07269456461215584,0.01287839957552795,0.04151754946816019,-12.994505041719204,77.6494,24.0862,439989.0159
2026-02-25,000007.SZ,其他商业,12.61,-0.007086614173228312,0.0007598784194529085,2.4284,0.14845173041894344,-0.11176093608749693,0.012970303193807459,0.04181388639167067,-12.987393198222655,77.0992,23.9155,436870.9835
2026-02-26,000007.SZ,其他商业,13.16,0.04361617763679626,-0.027900146842878004,3.1697,0.16666666666666674,-0.0002902709471954701,0.012428242435239536,0.04006634987539365,-13.030084974097601,80.4619,24.9586,455925.6259
2026-02-27,000007.SZ,其他商业,13.62,0.03495440729483268,-0.017037037037037073,2.4314,0.20105820105820094,0.029566929293997513,0.012008492405829402,0.0387131740931439,-13.06444234887123,83.2744,25.831,471862.2359
2026-03-02,000007.SZ,其他商业,13.5,-0.008810572687224627,0.050000000000000044,2.569,0.16984402079722716,0.0677804295942721,0.01211523527181136,0.039057312700656946,-13.055592733653587,82.5407,25.6034,467704.8594
2026-03-03,000007.SZ,其他商业,12.6,-0.06666666666666665,0.06985573272589218,3.7762,0.07508532423208192,0.15096352670591373,0.012980606973182067,0.041846957307734155,-12.986599862075003,77.038,23.8966,436524.5354
2026-03-04,000007.SZ,其他商业,13.17,0.0452380952380953,0.06873111782477337,2.6711,0.14821272885789005,0.1737371750219312,0.01241879659377247,0.04003587214143873,-13.030844563859192,80.5231,24.9776,456272.0739
2026-03-05,000007.SZ,其他商业,13.24,0.005315110098709219,0.05350414468726461,1.5522,0.18531781557743954,0.061365784161443226,0.012353136646691645,0.03982429520953553,-13.03614559881399,80.9511,25.1103,458697.2103
2026-03-06,000007.SZ,其他商业,13.27,0.0022658610271901747,0.034769463340891926,1.6275,0.237873134328358,0.013253464988711494,0.012325213072120984,0.039734257287262785,-13.038408896579421,81.1345,25.1672,459736.5544
2026-03-09,000007.SZ,其他商业,13.23,-0.0030143180105500766,-0.0014194464158977516,2.1333,0.21599264705882337,-0.02361407172019303,0.012362482831601969,0.03985429270586735,-13.035390026309887,80.8899,25.0914,458350.7622
2026-03-10,000007.SZ,其他商业,14.09,0.06500377928949352,0.030388692579505383,3.4501,0.28207461328480443,-0.07459406962275006,0.011607917063754162,0.03742178846211418,-13.098368374127986,86.1481,26.7224,488145.294
2026-03-11,000007.SZ,其他商业,14.15,0.004258339247693366,0.06723891273247484,1.834,0.2633928571428572,-0.14251151048283328,0.011558702604984806,0.03726309984274972,-13.102617672380045,86.5149,26.8362,490223.9823
2025-11-17,000009.SZ,电气设备,11.43,0.02327663384064449,-0.10559566787003605,3.6869,0.05248618784530379,0.18455434522944603,0.0023906807439511594,0.3418569670449884,-14.89665163056376,418.2909,2.9252,2948041.562
2025-11-18,000009.SZ,电气设备,11.08,-0.03062117235345574,-0.08612873980054392,3.1091,0.012797074954296273,0.27833198611573406,0.0024661988945016834,0.3526590492312033,-14.865551834067483,405.4823,2.8356,2857769.0732
2025-11-19,000009.SZ,电气设备,11.03,-0.004512635379061436,-0.0951509606587373,2.194,0.02795899347623476,0.27185231605991156,0.002477378438136764,0.3542581833640357,-14.861028986022513,403.6525,2.8228,2844873.0034
2025-11-20,000009.SZ,电气设备,10.93,-0.00906618313689933,0.009980039920159722,2.0494,-0.0072661217075385975,0.2117997574101771,0.00250004437578767,0.35750035750035747,-14.85192145492783,399.9929,2.7972,2819080.8637
2025-11-21,000009.SZ,电气设备,10.02,-0.0832570905763953,0.021190716448032276,2.6466,-0.08659981768459446,0.262709205986013,0.002727093978658308,0.389969972312132,-14.764993248400454,366.6907,2.5643,2584372.3929
2025-11-24,000009.SZ,电气设备,9.91,-0.010978043912175606,0.015873015873015817,1.4576,-0.08999081726354452,0.06271943453719886,0.002757364852587139,0.3942906710827222,-14.753954501091373,362.6651,2.5362,2556001.0393
2025-11-25,000009.SZ,电气设备,10.08,0.017154389505549927,0.022244691607684386,1.2907,-0.06666666666666676,-0.1036015717640495,0.0027108616636449595,0.387641973872931,-14.770963415390876,368.8864,2.5797,2599847.6767
2025-11-26,000009.SZ,电气设备,9.89,-0.018849206349206282,-0.006916996047430679,1.2266,-0.11853832442067735,-0.17916798803432565,0.002762940785758256,0.39508514084785273,-14.751934298395845,361.9332,2.5311,2550842.6114
2025-11-27,000009.SZ,电气设备,10.12,0.02325581395348819,-0.011857707509881354,1.6886,-0.09400179051029545,-0.2073049168443295,0.002700146320929131,0.3861152940267964,-14.774923816622326,370.3503,2.5899,2610164.5326
2025-11-28,000009.SZ,电气设备,10.12,0.0,0.0009765625,0.9448,-0.11692844677137881,-0.33338545226200356,0.002700146320929131,0.3861152940267964,-14.774923816622326,370.3503,2.5899,2610164.5326
2025-12-01,000009.SZ,电气设备,10.24,0.011857707509881577,0.027695351137487778,1.8215,-0.08489722966934754,-0.292022278522144,0.002668504020635008,0.3815920018316416,-14.786711772381851,374.7418,2.6206,2641115.1002
2025-12-02,000009.SZ,电气设备,10.11,-0.012695312500000111,0.020895522388059584,0.9857,-0.07247706422018352,-0.3145130818997094,0.0027028173898189733,0.3864883667001623,-14.773935185781973,369.9843,2.5874,2607585.3186
2025-12-03,000009.SZ,电气设备,10.05,-0.0059347181008900796,0.028999999999999915,0.8864,-0.08386508659981773,-0.33202596093191183,0.002718953964030958,0.38880248833592534,-14.767982787250785,367.7885,2.572,2592110.0348
2025-12-04,000009.SZ,电气设备,10.0,-0.004975124378109541,-0.0029268292682925745,0.6314,-0.08675799086757985,-0.4342445348041387,0.002732548782143996,0.39074710847139726,-14.76299524574939,365.9587,2.5592,2579213.965
2025-12-05,000009.SZ,电气设备,10.25,0.02499999999999991,-0.009624639076034835,1.2264,-0.08400357462019659,-0.3875111364871313,0.002665901019893753,0.38121378469045436,-14.787687858330306,375.1077,2.6232,2643694.3141
2025-12-08,000009.SZ,电气设备,10.39,0.013658536585365866,-0.021442495126705707,1.1944,-0.07644444444444443,-0.4432311880082652,0.002629979504569721,0.37608123354644607,-14.80125395785342,380.2311,2.659,2679803.3096
2025-12-09,000009.SZ,电气设备,10.26,-0.012512030798845108,-0.04761904761904745,0.8755,-0.09363957597173145,-0.44284313073066006,0.002663302383096339,0.38085082073351867,-14.788662992501747,375.4737,2.6257,2646273.5281
2025-12-10,000009.SZ,电气设备,10.29,0.0029239766081869956,-0.027397260273972712,0.8566,-0.06539509536784749,-0.4292871606609785,0.0026555374860982614,0.379737221842485,-14.791582702606956,376.5716,2.6334,2654011.17
2025-12-11,000009.SZ,电气设备,10.22,-0.006802721088435271,-0.048590864917395504,0.6959,-0.10272168568920104,-0.3801767253087901,0.00267372673122469,0.3823360734085261,-14.784756737519523,374.0098,2.6155,2635956.6722
2025-12-12,000009.SZ,电气设备,10.29,0.006849315068492956,-0.009960159362549792,1.2063,-0.0787824529991048,-0.3703283519808048,0.0026555374860982614,0.379737221842485,-14.791582702606956,376.5716,2.6334,2654011.17
2025-12-15,000009.SZ,电气设备,10.04,-0.024295432458697808,0.02346938775510199,1.4756,-0.12160979877515321,-0.28189129082917885,0.0027216616506442444,0.38919592122674557,-14.766987267034375,367.4226,2.5694,2589530.8209
2025-12-16,000009.SZ,电气设备,9.8,-0.02390438247011939,0.0090543259557343,1.3375,-0.1155234657039711,-0.16499260064065335,0.0027883145084926487,0.39872408293460926,-14.742792538431871,358.6396,2.508,2527629.6857
2025-12-17,000009.SZ,电气设备,9.94,0.014285714285714235,0.03575076608784489,0.9472,-0.09882139619220309,-0.10983426804010277,0.002749042645898566,0.3930972129407603,-14.756977173419926,363.763,2.5439,2563738.6812
2025-12-18,000009.SZ,电气设备,9.79,-0.015090543259557387,0.01810865191146882,0.7436,-0.10430009149130837,-0.05377626983831063,0.002791162954792092,0.39912193175014965,-14.741771609283903,358.2736,2.5055,2525050.4717
2025-12-19,000009.SZ,电气设备,9.94,0.01532175689479054,0.012961116650049842,0.7151,-0.007984031936127733,-0.05995298864342513,0.002749042645898566,0.3930972129407603,-14.756977173419926,363.763,2.5439,2563738.6812
2025-12-22,000009.SZ,电气设备,10.03,0.0090543259557343,-0.00598205383848438,0.792,0.012108980827447047,-0.15784196306715303,0.0027243754777873494,0.38957497370368926,-14.765990754731122,367.0566,2.5669,2586951.6069
2025-12-23,000009.SZ,电气设备,10.03,0.0,-0.018737672583826526,0.8836,-0.004960317460317554,-0.22752629561810667,0.0027243754777873494,0.38957497370368926,-14.765990754731122,367.0566,2.5669,2586951.6069
2025-12-24,000009.SZ,电气设备,10.14,0.010967098703888567,-0.02667984189723316,1.0273,0.025278058645096024,-0.20486830917966703,0.002694820716272567,0.3853564547206165,-14.776898150914558,371.0822,2.595,2615322.9605
2025-12-25,000009.SZ,电气设备,10.12,-0.0019723865877713243,-0.007874015748031482,0.6845,0.0,-0.1766718678661201,0.002700146320929131,0.3861152940267964,-14.774923816622326,370.3503,2.5899,2610164.5326
2025-12-26,000009.SZ,电气设备,10.16,0.0039525691699606735,0.020060180541624728,1.1159,0.0039525691699606735,-0.10392788920725893,0.0026895160780615905,0.3845858010922237,-14.778868594890417,371.8141,2.6002,2620481.3884
2025-12-29,000009.SZ,电气设备,9.97,-0.01870078740157477,0.016080402010050232,0.9568,-0.0263671875,-0.029385009642524773,0.0027407705237804322,0.3919263178522438,-14.759990736727147,364.8609,2.5515,2571476.3231
2025-12-30,000009.SZ,电气设备,9.95,-0.0020060180541626726,0.03248730964467006,0.8604,-0.015825914935707286,-0.027877189677905534,0.0027462794778773457,0.3927112786679233,-14.757982703935587,364.129,2.5464,2566317.8952
2025-12-31,000009.SZ,电气设备,9.85,-0.01005025125628134,0.016865079365079305,0.6891,-0.019900497512437942,-0.0892567313944943,0.002774160580620713,0.3966994604887337,-14.747881607929502,360.4694,2.5208,2540525.7555
2026-01-05,000009.SZ,电气设备,10.08,0.023350253807106647,0.008849557522123908,1.1882,0.008000000000000007,-0.01182729985260833,0.0027108616636449595,0.387641973872931,-14.770963415390876,368.8864,2.5797,2599847.6767
2026-01-06,000009.SZ,电气设备,10.17,0.008928571428571397,-0.004945598417408381,1.1716,-0.007804878048780495,0.002435997136544854,0.002686871943683164,0.38421639067122604,-14.779852362813907,372.18,2.6027,2623060.6024
2026-01-07,000009.SZ,电气设备,10.11,-0.005899705014749346,-0.008849557522123908,1.2172,-0.02694898941289714,0.05484081708239241,0.0027028173898189733,0.3864883667001623,-14.773935185781973,369.9843,2.5874,2607585.3186
2026-01-08,000009.SZ,电气设备,10.17,0.005934718100890191,-0.014634146341463428,1.4564,-0.00877192982456143,0.1433109566051305,0.002686871943683164,0.38421639067122604,-14.779852362813907,372.18,2.6027,2623060.6024
2026-01-09,000009.SZ,电气设备,10.25,0.007866273352999054,-0.007797270955165692,1.52,-0.0038872691933915515,0.26732481797700647,0.002665901019893753,0.38121378469045436,-14.787687858330306,375.1077,2.6232,2643694.3141
2026-01-12,000009.SZ,电气设备,10.26,0.0009756097560975618,0.008946322067594492,1.9021,0.003913894324853118,0.32794284252457695,0.002663302383096339,0.38085082073351867,-14.788662992501747,375.4737,2.6257,2646273.5281
2026-01-13,000009.SZ,电气设备,10.06,-0.019493177387914118,-0.007936507936507908,1.7492,-0.02235179786200181,0.3987955405580099,0.0027162509218276567,0.38840985007379786,-14.768977317430792,368.1545,2.5746,2594689.2488
2026-01-14,000009.SZ,电气设备,10.08,0.001988071570576455,0.007920792079207928,2.1445,0.003984063745019917,0.5188510185177169,0.0027108616636449595,0.387641973872931,-14.770963415390876,368.8864,2.5797,2599847.6767
2026-01-15,000009.SZ,电气设备,10.1,0.001984126984126977,-0.0029469548133594925,1.5035,0.030612244897959107,0.5161121186855879,0.00270549374855087,0.386877127824203,-14.772945576621753,369.6183,2.5848,2605006.1047
2026-01-16,000009.SZ,电气设备,10.18,0.007920792079207928,0.025615763546797954,1.5494,0.024144869215291687,0.48279040150144126,0.002684232282724818,0.38383295589759336,-14.780835163889147,372.546,2.6053,2625639.8164
2026-01-19,000009.SZ,电气设备,10.15,-0.0029469548133594925,0.02499999999999991,1.1573,0.036772216547497516,0.3348487281801673,0.002692166146495298,0.384970742223591,-14.777883858252691,371.4481,2.5976,2617902.1745
2026-01-20,000009.SZ,电气设备,10.0,-0.014778325123152691,-0.025540275049115935,1.7285,0.006036217303823088,0.2781025793062555,0.002732548782143996,0.39074710847139726,-14.76299524574939,365.9587,2.5592,2579213.965
2026-01-21,000009.SZ,电气设备,10.18,0.018000000000000016,-0.002955665024630627,1.6367,0.014955134596211339,0.1591067316446204,0.002684232282724818,0.38383295589759336,-14.780835163889147,372.546,2.6053,2625639.8164
2026-01-22,000009.SZ,电气设备,10.15,-0.0029469548133594925,-0.03554274735830942,1.0661,0.011964107676969205,0.08460875147674995,0.002692166146495298,0.384970742223591,-14.777883858252691,371.4481,2.5976,2617902.1745
2026-01-23,000009.SZ,电气设备,10.41,0.025615763546797954,-0.06243902439024396,2.2622,0.026627218934911268,0.13946501400600875,0.002624926141140704,0.37536128523704065,-14.803177035395258,380.9631,2.6641,2684961.7376
2026-01-26,000009.SZ,电气设备,10.25,-0.015369836695485084,-0.06451612903225812,1.5492,0.012845849802371578,0.1599511685424091,0.002665901019893753,0.38121378469045436,-14.787687858330306,375.1077,2.6232,2643694.3141
2026-01-27,000009.SZ,电气设备,9.92,-0.03219512195121954,-0.0662055335968379,2.7745,-0.023622047244094557,0.23508039450983786,0.0027545849377642855,0.3939023909875133,-14.754963074059942,363.0311,2.5387,2558580.2533
2026-01-28,000009.SZ,电气设备,10.12,0.020161290322580516,-0.05179282868525892,2.2203,0.015045135406218435,0.25976826685041976,0.002700146320929131,0.3861152940267964,-14.774923816622326,370.3503,2.5899,2610164.5326
2026-01-29,000009.SZ,电气设备,10.04,-0.007905138339920903,-0.023933402705514917,1.9039,0.009045226130653283,0.32264687448865215,0.0027216616506442444,0.38919592122674557,-14.766987267034375,367.4226,2.5694,2589530.8209
2026-01-30,000009.SZ,电气设备,9.61,-0.042828685258964105,0.018318965517241326,2.4182,-0.024365482233502544,0.2739060347606903,0.002843442339538862,0.406603236561763,-14.723214375751667,351.6864,2.4594,2478624.6204
2026-02-02,000009.SZ,电气设备,9.28,-0.03433922996878258,0.022222222222222365,1.3724,-0.07936507936507942,0.24644931085146604,0.002944556648411397,0.4210703608572993,-14.688271699545098,339.6097,2.3749,2393510.5595
2026-02-03,000009.SZ,电气设备,9.45,0.018318965517241326,0.005252100840336116,0.7205,-0.07079646017699126,0.02035619651365783,0.0028915857745546235,0.41347942939838744,-14.70642489425074,345.831,2.4185,2437357.1969
2026-02-04,000009.SZ,电气设备,9.52,0.007407407407407529,0.01705756929637503,0.845,-0.05835806132542032,-0.1326138966962268,0.002870324205989391,0.41044163519947463,-14.713805001566763,348.3927,2.4364,2455411.6947
2026-02-05,000009.SZ,电气设备,9.38,-0.014705882352941013,0.005291005291005346,0.7971,-0.07767944936086524,-0.2500807419730292,0.002913164678577432,0.41657987919183503,-14.698989915785878,343.2693,2.4005,2419302.6992
2026-02-06,000009.SZ,电气设备,9.45,0.00746268656716409,-0.03416149068322982,0.9586,-0.07804878048780495,-0.4180140859041761,0.0028915857745546235,0.41347942939838744,-14.70642489425074,345.831,2.4185,2437357.1969
2026-02-09,000009.SZ,电气设备,9.66,0.022222222222222365,-0.0031347962382446415,1.2546,-0.05847953216374269,-0.42099918700987293,0.0028287246807925633,0.404498017959712,-14.728403800983784,353.5162,2.4722,2491520.6902
2026-02-10,000009.SZ,电气设备,9.57,-0.009316770186335366,0.00524109014675056,0.6423,-0.04870775347912526,-0.4102436337887809,0.002855327684543397,0.4082965866405357,-14.719043358218181,350.2225,2.4492,2468307.7645
2026-02-11,000009.SZ,电气设备,9.54,-0.0031347962382446415,0.0,0.5311,-0.053571428571428714,-0.42076881009573786,0.002864306897881158,0.4095842719639566,-14.715903638211476,349.1246,2.4415,2460570.1226
2026-02-12,000009.SZ,电气设备,9.5,-0.004192872117400381,0.023579849946409492,0.4967,-0.05940594059405935,-0.44294700300524303,0.0028763668495268954,0.4113195129976966,-14.711701951382246,347.6608,2.4312,2450253.2668
2026-02-13,000009.SZ,电气设备,9.33,-0.017894736842105297,-0.01991614255765195,0.7549,-0.08349705304518662,-0.4566871292464776,0.0029287765475289177,0.4188130837207354,-14.693645167595898,341.4395,2.3877,2406406.6293
2026-02-24,000009.SZ,电气设备,9.54,0.022508038585209,-0.06673618352450472,0.7505,-0.06009852216748779,-0.5239719225133324,0.002864306897881158,0.4095842719639566,-14.715903638211476,349.1246,2.4415,2460570.1226
2026-02-25,000009.SZ,电气设备,9.59,0.00524109014675056,-0.06947368421052635,1.5086,-0.041000000000000036,-0.3890732105473974,0.0028493730239598078,0.4074481522226297,-14.721131041636541,350.9544,2.4543,2473466.1924
2026-02-26,000009.SZ,电气设备,9.5,-0.009384775808133461,-0.06282722513089023,1.0526,-0.06679764243614927,-0.2946795315174676,0.0028763668495268954,0.4113195129976966,-14.711701951382246,347.6608,2.4312,2450253.2668
2026-02-27,000009.SZ,电气设备,9.55,0.0052631578947368585,-0.0235294117647058,0.7852,-0.059113300492610765,-0.24185886617913632,0.002861307285517837,0.40916530278232405,-14.716951307258133,349.4906,2.444,2463149.3366
2026-03-02,000009.SZ,电气设备,9.35,-0.020942408376963484,0.01452513966480451,1.2643,-0.1018251681075889,-0.1282778805308834,0.002922511934077483,0.4179029629320072,-14.695786496066308,342.1714,2.3929,2411565.0573
2026-03-03,000009.SZ,电气设备,8.95,-0.042780748663101664,0.03846153846153855,1.7151,-0.12682926829268304,0.021674526778215464,0.003053126538966596,0.43658589827548566,-14.652063685052939,327.5331,2.2905,2308396.4987
2026-03-04,000009.SZ,电气设备,8.84,-0.012290502793296021,0.03798882681564253,0.9582,-0.1088709677419355,0.0066012784258020485,0.0030911184439309752,0.4420280245767581,-14.639697029422441,323.5075,2.2623,2280025.1451
2026-03-05,000009.SZ,电气设备,8.95,0.012443438914027105,0.006571741511500306,1.0528,-0.11561264822134387,0.06058964494596619,0.003053126538966596,0.43658589827548566,-14.652063685052939,327.5331,2.2905,2308396.4987
2026-03-06,000009.SZ,电气设备,9.13,0.02011173184357551,0.04295154185022043,1.3401,-0.090637450199203,0.19337568571267005,0.002992933982161515,0.4279722673970727,-14.671975847343113,334.1203,2.3366,2354822.35
2026-03-09,000009.SZ,电气设备,9.08,-0.005476451259583848,0.02178649237472774,1.1581,-0.055150884495317354,0.24743595524758621,0.0030094149546857343,0.4303296324984939,-14.666484345360006,332.2905,2.3238,2341926.2802
2026-03-10,000009.SZ,电气设备,9.18,0.011013215859030812,-0.008611410118406715,0.7475,-0.010775862068965525,0.08756685183461088,0.0029766325415589994,0.42564058908657526,-14.677437357400414,335.9501,2.3494,2367718.4199
2026-03-11,000009.SZ,电气设备,9.29,0.011982570806100101,-0.014145810663764857,1.3626,-0.016931216931216908,0.13358597109516968,0.0029413866932254274,0.4206098843322818,-14.689348705587353,339.9757,2.3775,2396089.7735
2025-11-17,000017.SZ,服饰,7.11,0.018624641833810962,0.1974063400576369,4.7681,-0.011126564673157202,-0.2647874879871035,0.008236635235666607,0.0763831071120311,-13.102182072714914,121.4088,13.0919,490010.4874
2025-11-18,000017.SZ,服饰,6.94,-0.023909985935302358,0.051114023591087854,3.5888,-0.03744798890429957,-0.3021091216917696,0.00843839842573239,0.07825460919648167,-13.077981603338788,118.5059,12.7788,478294.3435
2025-11-19,000017.SZ,服饰,7.63,0.09942363112391917,-0.07866507747318241,13.3654,0.08534850640113789,0.04074495839697634,0.007675292159996071,0.07117792345526111,-13.172767674160557,130.2882,14.0493,525848.1039
2025-11-20,000017.SZ,服饰,8.39,0.09960681520314552,-0.21018418201516798,11.5782,0.17178770949720668,0.3435969547660367,0.00698003291783524,0.06472994666252395,-13.267720349325852,143.2658,15.4488,578226.1588
2025-11-21,000017.SZ,服饰,9.23,0.10011918951132293,-0.07220216606498198,2.3036,0.3435225618631732,0.40775381379261955,0.006344799231517918,0.058839104468829985,-13.36313887740347,157.6094,16.9955,636117.6932
2025-11-24,000017.SZ,服饰,8.31,-0.09967497291440952,-0.03117206982543641,7.4847,0.23111111111111127,0.5051719702191926,0.0070472312485509135,0.06535349706562799,-13.258139437651453,141.8997,15.3014,572712.6793
2025-11-25,000017.SZ,服饰,8.02,-0.0348977135980747,0.019404915912031084,21.683,0.17941176470588238,0.897126561920703,0.0073020523148236045,0.06771626883358726,-13.222618250764192,136.9478,14.7675,552726.3163
2025-11-26,000017.SZ,服饰,7.73,-0.03615960099750615,0.06172839506172845,19.2156,0.15373134328358207,0.8691716999483663,0.0075759986302594475,0.07025678856219482,-13.185788691406692,131.9958,14.2335,532739.9532
2025-11-27,000017.SZ,服饰,7.29,-0.056921086675291166,-0.011673151750972721,13.2282,0.09131736526946121,0.8086816015077274,0.00803326414015154,0.07449732927074565,-13.127183374930409,124.4824,13.4233,502415.8162
2025-11-28,000017.SZ,服饰,7.71,0.057613168724279795,0.028314028314028405,15.6911,0.14053254437869822,1.026042816733817,0.00759565012308751,0.07043940098333404,-13.18319801631857,131.6543,14.1966,531361.5833
2025-12-01,000017.SZ,服饰,7.77,0.0077821011673151474,0.04695431472081224,12.3387,0.14264705882352935,1.048704887383273,0.007536999128722901,0.06989536663614569,-13.190949993127248,132.6788,14.3071,535496.6929
2025-12-02,000017.SZ,服饰,7.88,0.014157014157014203,0.03746770025839785,8.756,0.16740740740740745,0.6828063139024352,0.007431789180949946,0.06891941253092758,-13.205007732686678,134.5571,14.5097,543077.7272
2025-12-03,000017.SZ,服饰,7.74,-0.017766497461928932,0.09448818897637801,7.0788,0.138235294117647,0.3659773712027141,0.007566213828769014,0.07016608311874206,-13.187081516347156,132.1665,14.2519,533429.1381
2025-12-04,000017.SZ,服饰,7.62,-0.015503875968992276,-0.008760951188986232,4.7296,0.1424287856071964,0.17333719663289293,0.007685367214530878,0.07127126556386261,-13.171456198435218,130.1174,14.0309,525158.9189
2025-12-05,000017.SZ,服饰,7.99,0.04855643044619429,-0.07030303030303031,7.1513,0.1996996996996998,-0.060794836697667165,0.0073294707022732355,0.0679707997444298,-13.218870588662368,136.4355,14.7122,550658.7615
2025-12-08,000017.SZ,服饰,8.25,0.03254067584480591,-0.04483188044831876,8.326,0.215022091310751,-0.17849743235573678,0.007098481492839052,0.06582845105654664,-13.250893029126876,140.8752,15.191,568577.5697
2025-12-09,000017.SZ,服饰,8.03,-0.026666666666666727,-0.10431654676258995,5.8633,0.15373563218390807,-0.24777275017132683,0.007292961927092259,0.06763200075747841,-13.223864356784734,137.1185,14.7859,553415.5012
2025-12-10,000017.SZ,服饰,8.34,0.03860523038605246,-0.045454545454545525,10.7459,0.2069464544138928,-0.19916558222446512,0.007021880178636632,0.06511815689568723,-13.261743045156635,142.412,15.3567,574780.2341
2025-12-11,000017.SZ,服饰,7.92,-0.05035971223021585,0.0847457627118644,7.7718,0.13142857142857145,-0.15413456646221224,0.007394251117641057,0.0685715853064807,-13.210071034584637,135.2402,14.5833,545834.4669
2025-12-12,000017.SZ,服饰,7.67,-0.031565656565656575,0.09778357235984347,6.4841,0.09885386819484232,-0.18416546883147833,0.007635266379173436,0.07080648587410607,-13.177996444182611,130.9712,14.123,528604.8436
2025-12-15,000017.SZ,服饰,7.67,0.0,0.13119143239625153,3.939,0.07876230661040773,-0.272349235403357,0.007635266379173436,0.07080648587410607,-13.177996444182611,130.9712,14.123,528604.8436
2025-12-16,000017.SZ,服饰,7.47,-0.026075619295958252,0.09259259259259256,3.8165,0.07636887608069154,-0.3159558717583012,0.007839687792273361,0.07270242171766741,-13.15157482806416,127.5561,13.7547,514821.145
2025-12-17,000017.SZ,服饰,7.56,0.012048192771084265,-0.0036057692307693845,3.6524,-0.00917431192660556,-0.4354573141558026,0.0077463594047387585,0.07183650012571387,-13.16355101892357,129.0929,13.9205,521023.8093
2025-12-18,000017.SZ,服饰,8.32,0.10052910052910069,-0.028503562945368155,5.2239,-0.008343265792610244,-0.4730923420150611,0.007038758926026163,0.06527457751029707,-13.259342083734108,142.0705,15.3199,573401.8643
2025-12-19,000017.SZ,服饰,8.42,0.012019230769230616,-0.029585798816568087,16.5711,-0.0877573131094258,-0.30007430790878564,0.00695516215612809,0.06449948400412797,-13.271289657102617,143.7781,15.504,580293.7136
2025-12-22,000017.SZ,服饰,8.45,0.0035629453681709222,-0.012106537530266248,8.946,0.016847172081829065,-0.2006811277307996,0.006930472803785147,0.06427065658902771,-13.274846270219095,144.2903,15.5592,582361.2684
2025-12-23,000017.SZ,服饰,8.26,-0.022485207100591653,-0.049457177322074664,5.9088,0.029925187032419087,-0.08110723953348775,0.007089890595898215,0.06574881323392112,-13.252104416430921,141.0459,15.2094,569266.7547
2025-12-24,000017.SZ,服饰,8.29,0.00363196125907983,-0.03789731051344736,4.3238,0.07244501940491577,0.020854420189067024,0.007064232238047672,0.06551105171442423,-13.255729798046723,141.5582,15.2646,571334.3095
2025-12-25,000017.SZ,服饰,8.18,-0.013268998793727338,-0.035365853658536506,4.0593,0.12208504801097386,0.05191395809414079,0.007159226202195162,0.06639180459564072,-13.242371979449555,139.6799,15.0621,563753.2752
2025-12-26,000017.SZ,服饰,8.2,0.0024449877750609694,-0.022058823529411686,5.0726,0.06355382619974059,-0.1954895924875798,0.007141765472991985,0.06622999026419144,-13.244813983165242,140.0214,15.0989,565131.6451
2025-12-29,000017.SZ,服饰,8.16,-0.004878048780487698,-0.0038071065989847552,5.1636,0.050193050193050315,-0.26553668932909524,0.0071767725192768105,0.06655485451108804,-13.239923997750482,139.3384,15.0252,562374.9053
2025-12-30,000017.SZ,服饰,7.88,-0.03431372549019607,0.003811944091486774,4.8838,0.0,-0.2752197952997264,0.007431789180949946,0.06891941253092758,-13.205007732686678,134.5571,14.5097,543077.7272
2025-12-31,000017.SZ,服饰,7.87,-0.0012690355329948444,0.010113780025284402,3.2284,0.01679586563307489,-0.2878599600194498,0.007441229171999547,0.06900692139421584,-13.203737891307036,134.3864,14.4913,542388.5423
2026-01-05,000017.SZ,服饰,7.91,0.0050825921219821435,0.015037593984962294,3.4927,0.03805774278215224,-0.29897780769881954,0.007403601407868844,0.06865821255209442,-13.208807610598315,135.0694,14.5649,545145.282
2026-01-06,000017.SZ,服饰,7.98,0.008849557522123908,0.025477707006369643,4.5463,-0.0012515644555693983,-0.3012646360043041,0.00733865777417042,0.06805591473955001,-13.217618240224152,136.2647,14.6938,549969.5765
2026-01-07,000017.SZ,服饰,7.85,-0.01629072681704269,0.0,3.5725,-0.048484848484848575,-0.3272139020925111,0.00746018684783979,0.0691830861191056,-13.20119336060933,134.0449,14.4544,541010.1724
2026-01-08,000017.SZ,服饰,7.9,0.006369426751592355,-0.03379224030037553,2.9715,-0.016189290161892744,-0.377082203997412,0.007412969880362079,0.06874505894888805,-13.207542588352332,134.8987,14.5465,544456.0971
2026-01-09,000017.SZ,服饰,7.99,0.0113924050632912,-0.05679012345679013,3.7547,-0.04196642685851315,-0.31692226315573824,0.0073294707022732355,0.0679707997444298,-13.218870588662368,136.4355,14.7122,550658.7615
2026-01-12,000017.SZ,服饰,8.1,0.013767209011263937,-0.03354037267080756,4.3717,0.022727272727272707,-0.26077318630887636,0.0072299365645365835,0.0670474964464827,-13.232543890448909,138.3138,14.9148,558239.7957
2026-01-13,000017.SZ,服饰,8.05,-0.006172839506172756,-0.016455696202531733,5.5658,0.049543676662320735,-0.21461920896061093,0.007274843590862796,0.06746409223690691,-13.226351920317814,137.46,14.8227,554793.8711
2026-01-14,000017.SZ,服饰,7.9,-0.018633540372670843,0.03886010362694292,5.338,0.02998696219035213,-0.15753460063524616,0.007412969880362079,0.06874505894888805,-13.207542588352332,134.8987,14.5465,544456.0971
2026-01-15,000017.SZ,服饰,7.72,-0.0227848101265824,0.03141361256544495,3.5391,0.03346720214190091,-0.13349970245522436,0.0075858145268348194,0.07034772882357493,-13.18449419290605,131.825,14.2151,532050.7683
2026-01-16,000017.SZ,服饰,7.64,-0.010362694300518172,0.0424164524421593,2.8113,0.010582010582010692,-0.16296208134121748,0.007665243486459347,0.07108432022064573,-13.174077431979894,130.459,14.0678,526537.2888
2026-01-19,000017.SZ,服饰,7.78,0.01832460732984309,0.05791505791505802,2.3389,-0.06490384615384615,-0.21986384617145716,0.007527309077332562,0.06980559142787338,-13.192236167063047,132.8496,14.3255,536185.8779
2026-01-20,000017.SZ,服饰,7.77,-0.0012853470437018677,0.02244389027431426,2.0909,-0.0771971496437055,-0.25013927706191097,0.007536999128722901,0.06989536663614569,-13.190949993127248,132.6788,14.3071,535496.6929
2026-01-21,000017.SZ,服饰,8.02,0.03217503217503226,0.08502538071066001,9.4513,-0.05088757396449706,-0.06427704226166375,0.0073020523148236045,0.06771626883358726,-13.222618250764192,136.9478,14.7675,552726.3163
2026-01-22,000017.SZ,服饰,7.88,-0.0174563591022443,-0.024660912453760675,5.611,-0.04600484261501214,0.035114262906789095,0.007431789180949946,0.06891941253092758,-13.205007732686678,134.5571,14.5097,543077.7272
2026-01-23,000017.SZ,服饰,8.11,0.029187817258883086,-0.08272506082725073,9.067,-0.021712907117008462,0.25630592189190904,0.007221019521304174,0.06696488361503228,-13.233777697017775,138.4846,14.9332,558928.9807
2026-01-26,000017.SZ,服饰,8.22,0.01356350184956856,-0.13170731707317063,10.2639,0.004889975550122383,0.5024079888814539,0.007124389706966727,0.06606896278335327,-13.247250037846449,140.3629,15.1357,566510.0149
2026-01-27,000017.SZ,服饰,8.2,-0.0024330900243311193,-0.13333333333333341,7.5398,0.0,0.6840190276921598,0.007141765472991985,0.06622999026419144,-13.244813983165242,140.0214,15.0989,565131.6451
2026-01-28,000017.SZ,服饰,8.55,0.04268292682926855,-0.04804045512010113,14.6744,0.047794117647058876,0.7287069368452888,0.00684941358745571,0.06351868084403624,-13.286611111747469,145.9979,15.7434,589253.1177
2026-01-29,000017.SZ,服饰,7.91,-0.07485380116959073,-0.0013262599469495706,13.9595,0.0038071065989848663,0.8785078438124798,0.007403601407868844,0.06865821255209442,-13.208807610598315,135.0694,14.5649,545145.282
2026-01-30,000017.SZ,服饰,7.54,-0.04677623261694064,0.0828651685393258,9.3878,-0.041931385006353294,0.7957781421670294,0.007766905835587031,0.07202742804459938,-13.16090201087876,128.7514,13.8836,519645.4395
2026-02-02,000017.SZ,服饰,7.12,-0.0557029177718833,0.05263157894736836,5.4566,-0.09987357774968397,0.6156216353157262,0.008225064073249131,0.07627590520430501,-13.103587554256292,121.5796,13.1103,490699.6723
2026-02-03,000017.SZ,服饰,7.41,0.04073033707865159,0.02921646746347939,5.4675,-0.07142857142857151,0.5387744708142215,0.007903170356788626,0.07329067815864501,-13.143510268224285,126.5315,13.6443,510686.0354
2026-02-04,000017.SZ,服饰,7.53,0.0161943319838056,0.021248339973439556,4.0442,-0.04076433121019096,0.20012936073713727,0.00777722300253693,0.07212301301099155,-13.159574870541638,128.5806,13.8652,518956.2545
2026-02-05,000017.SZ,服饰,7.53,0.0,-0.012970168612191912,3.5507,-0.04683544303797471,-0.12984383879218064,0.00777722300253693,0.07212301301099155,-13.159574870541638,128.5806,13.8652,518956.2545
2026-02-06,000017.SZ,服饰,7.71,0.0239043824701195,-0.02564102564102566,4.2636,-0.03504380475594493,-0.29242738347581,0.00759565012308751,0.07043940098333404,-13.18319801631857,131.6543,14.1966,531361.5833
2026-02-09,000017.SZ,服饰,7.8,0.011673151750972721,0.012903225806451646,2.8073,-0.03703703703703698,-0.3670196795374623,0.007508009168780797,0.06962624630980895,-13.194803562445392,133.1911,14.3624,537564.2477
2026-02-10,000017.SZ,服饰,7.75,-0.0064102564102563875,0.011703511053315907,2.2549,-0.037267080745341685,-0.45380845512787904,0.007556448559854251,0.07007561158490011,-13.188372672236317,132.3373,14.2703,534118.3231
2026-02-11,000017.SZ,服饰,7.69,-0.007741935483870921,0.005256241787122251,1.7071,-0.02658227848101269,-0.5150390566545954,0.0076154096290762426,0.07062246641901722,-13.180600612385206,131.3127,14.1598,529983.2135
2026-02-12,000017.SZ,服饰,7.61,-0.01040312093628093,0.013157894736842257,1.5377,-0.014248704663212375,-0.5749061169003105,0.007695462832068841,0.07136485280999108,-13.170143000673063,129.9467,14.0125,524469.734
2026-02-13,000017.SZ,服饰,7.6,-0.0013140604467806183,-0.026751592356687892,1.3526,-0.005235602094240788,-0.6692673849385455,0.007705590945622415,0.07145868616059625,-13.168828076154725,129.7759,13.9941,523780.5491
2026-02-24,000017.SZ,服饰,7.85,0.03289473684210531,-0.04884318766066842,2.076,0.008997429305912519,-0.6936167146232363,0.00746018684783979,0.0691830861191056,-13.20119336060933,134.0449,14.4544,541010.1724
2026-02-25,000017.SZ,服饰,7.78,-0.008917197452229186,-0.033986928104575265,1.7507,0.0012870012870014325,-0.7100726530584149,0.007527309077332562,0.06980559142787338,-13.192236167063047,132.8496,14.3255,536185.8779
2026-02-26,000017.SZ,服饰,7.65,-0.016709511568123392,-0.042857142857142816,1.519,-0.04613466334164584,-0.695783502460493,0.0076552269506857925,0.07099146682568755,-13.175385476577349,130.6297,14.0862,527226.4737
2026-02-27,000017.SZ,服饰,7.7,0.006535947712418277,-0.014397905759162222,1.1738,-0.022842639593908642,-0.6968015706650001,0.007605517042062313,0.0705308149130355,-13.18190015766505,131.4835,14.1782,530672.3984
2026-03-02,000017.SZ,服饰,7.64,-0.007792207792207906,0.009459459459459474,2.7226,-0.0579531442663378,-0.620874641189543,0.007665243486459347,0.07108432022064573,-13.174077431979894,130.459,14.0678,526537.2888
2026-03-03,000017.SZ,服饰,7.4,-0.03141361256544495,0.023004059539918797,2.3977,-0.0997566909975669,-0.5732518252857148,0.007913846699292819,0.07339018626429274,-13.142159828995164,126.3608,13.6258,509996.8504
2026-03-04,000017.SZ,服饰,7.39,-0.0013513513513514486,0.004070556309362372,1.7525,-0.09878048780487803,-0.5437141201246894,0.007924558205880023,0.07348942487176095,-13.140807563809892,126.19,13.6074,509307.6655
2026-03-05,000017.SZ,服饰,7.37,-0.0027063599458727605,-0.04116865869853925,1.6596,-0.1380116959064328,-0.45194758996857753,0.007946062130259796,0.07368870941594328,-13.138097534984157,125.8485,13.5706,507929.2956
2026-03-06,000017.SZ,服饰,7.53,0.02170963364993228,-0.04417670682730923,1.5143,-0.04804045512010113,-0.3118250845089233,0.00777722300253693,0.07212301301099155,-13.159574870541638,128.5806,13.8652,518956.2545
2026-03-09,000017.SZ,服饰,7.47,-0.007968127490039945,-0.051587301587301515,1.6079,-0.009283819628647216,-0.29414042511997096,0.007839687792273361,0.07270242171766741,-13.15157482806416,127.5561,13.7547,514821.145
2026-03-10,000017.SZ,服饰,7.56,0.012048192771084265,-0.04189189189189191,1.1831,0.061797752808988804,-0.33388573845343805,0.0077463594047387585,0.07183650012571387,-13.16355101892357,129.0929,13.9205,521023.8093
2026-03-11,000017.SZ,服饰,7.4,-0.021164021164021052,-0.006925207756232621,1.7439,-0.0013495276653171517,-0.27649510079963946,0.007913846699292819,0.07339018626429274,-13.142159828995164,126.3608,13.6258,509996.8504
2025-11-17,600601.SH,元器件,10.84,0.0027752081406104967,0.04224058769513306,2.3952,0.1117948717948718,-0.5088640351941257,0.007858225046992186,0.09613628279448948,-15.34865845860369,127.2552,10.4019,4632737.2895
2025-11-18,600601.SH,元器件,10.89,0.004612546125461359,0.023356401384083014,3.2196,0.06451612903225801,-0.5278454641458574,0.00782214323595808,0.09569561139926124,-15.353260399529546,127.8422,10.4498,4654106.0039
2025-11-19,600601.SH,元器件,11.56,0.06152433425160697,-0.05528455284552858,6.7978,0.07835820895522394,-0.4115392551876993,0.0073687840622043265,0.09014856483484783,-15.412966325843815,135.7076,11.0928,4940446.7774
2025-11-20,600601.SH,元器件,12.3,0.06401384083044981,-0.014468085106382977,11.6244,0.15492957746478875,-0.16534559796719472,0.006925461945625428,0.08472494048072932,-15.475014724970386,144.3947,11.8029,5256703.751
2025-11-21,600601.SH,元器件,11.75,-0.04471544715447162,0.05638766519823801,7.2243,0.0025597269624573205,0.0037236728144594,0.007249628637773031,0.0886910093923779,-15.429268703179106,137.9381,11.2751,5021647.8922
2025-11-24,600601.SH,元器件,11.35,-0.03404255319148941,0.04395604395604402,6.9746,-0.05337781484570481,0.2161778353882513,0.007505124123495317,0.09181640391872413,-15.39463320651205,133.2423,10.8913,4850698.1767
2025-11-25,600601.SH,元器件,11.83,0.04229074889867834,0.029259896729776358,7.5875,-0.10310841546626226,0.42263091508320794,0.007200606003001213,0.08809098036452047,-15.436054140580058,138.8772,11.3519,5055837.8353
2025-11-26,600601.SH,元器件,11.62,-0.01775147928994092,-0.002590673575129432,6.7128,-0.14053254437869822,0.4867613410036218,0.0073307387405351,0.0896836856407451,-15.41814321401889,136.4119,11.1503,4966089.2347
2025-11-27,600601.SH,元器件,11.58,-0.0034423407917383297,-0.03336113427856546,5.9745,-0.10302091402013946,0.32079852417468535,0.007356056682830375,0.08999280057595392,-15.414694934729471,135.9424,11.112,4948994.2631
2025-11-28,600601.SH,元器件,11.99,0.03540587219343694,-0.06639676113360327,7.1696,-0.027575020275750206,0.31590089930790843,0.007104518118297331,0.08691570914527091,-15.449488431630803,140.7555,11.5054,5124217.7215
2025-12-01,600601.SH,元器件,12.35,0.030025020850708906,-0.0050167224080267525,7.5885,0.013957307060755264,0.30753074243720624,0.006897422226391331,0.08438248894589395,-15.479071525659377,144.9817,11.8508,5278072.4654
2025-12-02,600601.SH,元器件,11.96,-0.03157894736842093,0.06406926406926394,4.4896,0.005042016806722671,0.1907547319310381,0.007122339717086422,0.08713382012094174,-15.446983211125794,140.4033,11.4766,5111396.4929
2025-12-03,600601.SH,元器件,11.55,-0.03428093645484953,0.03882657463330452,3.5519,-0.022842639593908642,0.07152240073212135,0.007375164281784376,0.09022664934315,-15.412100899564757,135.5902,11.0832,4936173.0345
2025-12-04,600601.SH,元器件,11.59,0.0034632034632033903,0.08586296617519507,3.0385,-0.04135649296939614,-0.011623080910184491,0.00734970946598481,0.08991512012660048,-15.415558119938915,136.0598,11.1216,4953268.006
2025-12-05,600601.SH,元器件,11.53,-0.0051768766177739955,0.04621848739495782,2.5612,-0.027824620573355774,-0.18094108228803474,0.007387957924102031,0.09038322487346348,-15.410367796872652,135.3554,11.064,4927625.5487
2025-12-08,600601.SH,元器件,11.9,0.03209019947961855,-0.03173311635475984,4.4091,0.0,-0.30647122671866456,0.007158247374712775,0.08757334267448988,-15.441953862705502,139.699,11.419,5085754.0355
2025-12-09,600601.SH,元器件,12.29,0.03277310924369736,-0.026578073089700838,7.6772,0.07336244541484715,-0.21154583296595164,0.0069310972689397435,0.08479390840562014,-15.474201386167481,144.2773,11.7933,5252430.0081
2025-12-10,600601.SH,元器件,12.04,-0.020341741253051215,-0.034345047923322714,4.7785,0.07596067917783733,-0.1775545937060381,0.007075012823460743,0.08655460730174667,-15.453649902465264,141.3425,11.5534,5145586.4359
2025-12-11,600601.SH,元器件,12.52,0.039867109634551534,-0.05783132530120472,9.4985,0.11586452762923338,-0.002521758247442607,0.00680376710977334,0.083236224404861,-15.492742828261385,146.9774,12.014,5350726.0945
2025-12-12,600601.SH,元器件,12.45,-0.005591054313099031,-0.008403361344537785,7.8227,0.15171137835337634,0.1292197925612737,0.006842023158879988,0.08370442294170824,-15.487136085501815,146.1556,11.9468,5320809.8943
2025-12-15,600601.SH,元器件,11.9,-0.04417670682730912,0.026450511945392385,4.0221,0.09778597785977872,0.1016362879299626,0.007158247374712775,0.08757334267448988,-15.441953862705502,139.699,11.419,5085754.0355
2025-12-16,600601.SH,元器件,11.72,-0.015126050420168013,0.008271298593879317,3.2274,0.07621671258034901,-0.043460193741256314,0.0072681866383110475,0.08891813307487796,-15.42671224674997,137.5859,11.2463,5008826.6636
2025-12-17,600601.SH,元器件,12.09,0.031569965870307026,0.06308610400682024,4.6395,0.045847750865051884,-0.030949039747073193,0.007045751587936265,0.08619723651659728,-15.457794127223908,141.9295,11.6013,5166955.1504
2025-12-18,600601.SH,元器件,11.73,-0.02977667493796521,0.04067796610169472,3.0674,-0.04634146341463419,-0.18657256055863747,0.007261990090288322,0.08884229604029886,-15.427565125269075,137.7033,11.2559,5013100.4065
2025-12-19,600601.SH,元器件,11.8,0.0059676044330776445,0.015793848711554537,2.2649,0.004255319148936287,-0.35654984307278437,0.007218913553510196,0.08831503740141834,-15.433514994073468,138.525,11.3231,5043016.6067
2025-12-22,600601.SH,元器件,12.03,0.019491525423728673,-0.014766201804757961,4.1733,0.05991189427312782,-0.33345930687057757,0.007080894260297922,0.0866265874322147,-15.45281899258809,141.2251,11.5438,5141312.6931
2025-12-23,600601.SH,元器件,12.19,0.013300083125519446,-0.03368083400160382,4.8712,0.030431107354184306,-0.2508725762864099,0.006987954164611044,0.08548981388867516,-15.46603140609612,143.1034,11.6973,5209692.5793
2025-12-24,600601.SH,元器件,12.47,0.022969647251845915,-0.04560260586319209,6.1562,0.07314974182444067,-0.18666531988932666,0.006831049030537522,0.08357011532675916,-15.488741222287926,146.3904,11.966,5329357.3801
2025-12-25,600601.SH,元器件,12.28,-0.015236567762630382,0.00572831423895237,3.3883,0.060449050086355705,-0.15224257995276202,0.006936741770769819,0.0848629887047362,-15.473387385306054,144.1599,11.7837,5248156.2652
2025-12-26,600601.SH,元器件,12.22,-0.004885993485341911,0.04912572855953368,3.314,0.019182652210175233,-0.07328115083562514,0.006970797933297829,0.08527984581403876,-15.468489416334686,143.4556,11.7261,5222513.8079
2025-12-29,600601.SH,元器件,12.01,-0.017184942716857665,0.10622406639004134,4.4669,-0.027530364372469585,-0.02879070296570485,0.00709268651815054,0.08677090745015012,-15.451155098688341,140.9903,11.5246,5132765.2073
2025-12-30,600601.SH,元器件,12.05,0.0033305578684430515,0.1083617747440273,4.3712,0.007525083612040184,-0.04943702081051471,0.007069141148834404,0.08648274669203493,-15.454480122523785,141.4599,11.563,5149860.1788
2025-12-31,600601.SH,元器件,11.72,-0.027385892116182586,0.05939788445890981,4.2857,0.014718614718614687,-0.13831222876812643,0.0072681866383110475,0.08891813307487796,-15.42671224674997,137.5859,11.2463,5008826.6636
2026-01-05,600601.SH,元器件,12.29,0.04863481228668931,0.013492063492063444,6.3955,0.060396893874029356,-0.04253659682065769,0.0069310972689397435,0.08479390840562014,-15.474201386167481,144.2773,11.7933,5252430.0081
2026-01-06,600601.SH,元器件,12.6,0.02522375915378361,-0.08852213053263314,6.9694,0.0928013876843019,0.06168198078137044,0.006760566427297545,0.08270819720942543,-15.499112276547635,147.9166,12.0907,5384916.0376
2026-01-07,600601.SH,元器件,13.33,0.05793650793650795,-0.05773672055427248,11.2715,0.12016806722689077,0.24856039766963467,0.006390335767412227,0.07817874788917381,-15.555432596789625,156.4863,12.7912,5696899.2684
2026-01-08,600601.SH,元器件,12.99,-0.02550637659414856,-0.03533026113671267,6.3877,0.05695687550854367,0.3403877124736292,0.006557596352402605,0.08022462896109106,-15.529595293274083,152.4949,12.465,5551592.0102
2026-01-09,600601.SH,元器件,13.02,0.002309468822170757,-0.022709475332811202,4.7033,0.08139534883720945,0.35720872543963855,0.0065424859222059165,0.08003969969104675,-15.531902099379012,152.8471,12.4938,5564413.2389
2026-01-12,600601.SH,元器件,12.77,-0.01920122887864828,0.03292181069958855,5.4007,0.01996805111821076,0.37284496175353654,0.006670566724678363,0.08160667216151593,-15.512514132638549,149.9123,12.2539,5457569.6667
2026-01-13,600601.SH,元器件,12.15,-0.04855129209083786,0.004084967320261423,4.8231,-0.02409638554216864,0.3273536573071296,0.007010960936327855,0.08577138495055281,-15.462744632379511,142.6338,11.6589,5192597.6077
2026-01-14,600601.SH,元器件,12.24,0.007407407407407307,-0.017515923566879033,3.942,0.02857142857142847,0.02963742060677199,0.006959407169859642,0.08514043915438516,-15.47012473968039,143.6904,11.7453,5231061.2937
2026-01-15,600601.SH,元器件,12.56,0.026143790849673332,0.0032051282051281937,4.2586,0.07167235494880542,-0.0669649340799432,0.006782097974187335,0.08297171494237614,-15.495932623639186,147.447,12.0523,5367821.0661
2026-01-16,600601.SH,元器件,12.48,-0.006369426751592355,-0.003984063745020028,3.8717,0.032258064516129004,-0.0934941747829392,0.006825575157090612,0.08350312301680082,-15.489542825539697,146.5078,11.9756,5333631.123
2026-01-19,600601.SH,元器件,12.55,0.00560897435897445,-0.008136696501220508,3.9904,0.06990622335890873,-0.15872619469596883,0.006787502307750785,0.08303716743614442,-15.495136128174506,147.3296,12.0428,5363547.3232
2026-01-20,600601.SH,元器件,12.29,-0.0207171314741037,-0.038087520259319385,3.3765,0.041525423728813404,-0.22566253590022411,0.0069310972689397435,0.08479390840562014,-15.474201386167481,144.2773,11.7933,5252430.0081
2026-01-21,600601.SH,元器件,12.34,0.00406834825061031,-0.0678913738019169,2.6277,0.025768911055694232,-0.26672977882425286,0.006903011991222131,0.08445090024659663,-15.478261481079123,144.8643,11.8412,5273798.7226
2026-01-22,600601.SH,元器件,12.52,0.014586709886547755,-0.10719999999999996,3.4158,0.027071369975389725,-0.29038086067820346,0.00680376710977334,0.083236224404861,-15.492742828261385,146.9774,12.014,5350726.0945
2026-01-23,600601.SH,元器件,12.5,-0.0015974440894568342,-0.07383100902379003,4.1209,0.002405773857257376,-0.264787813912429,0.006814653686114325,0.0833694600993764,-15.491144106911532,146.7426,11.9948,5342178.6088
2026-01-26,600601.SH,元器件,12.19,-0.024800000000000044,-0.07160909856781805,2.8872,-0.007328990228013033,-0.30741422304853083,0.006987954164611044,0.08548981388867516,-15.46603140609612,143.1034,11.6973,5209692.5793
2026-01-27,600601.SH,元器件,11.87,-0.02625102543068092,-0.04027420736932308,4.131,-0.02864157119476285,-0.2817899867080196,0.007176339894421687,0.08779477094344261,-15.439429671221605,139.3468,11.3902,5072932.8069
2026-01-28,600601.SH,元器件,11.67,-0.0168491996630159,-0.015232974910394215,2.8951,-0.02830974188176516,-0.25843293492695885,0.007299328680741232,0.08929926863898985,-15.422436908886567,136.9989,11.1983,4987457.9491
2026-01-29,600601.SH,元器件,11.16,-0.04370179948586117,-0.051372896368467535,3.6601,-0.0738589211618258,-0.24232689139410724,0.00763290024257357,0.0933802724836351,-15.377751419548758,131.0118,10.7089,4769497.0619
2026-01-30,600601.SH,元器件,11.29,0.011648745519713177,0.00453720508166966,2.7757,-0.036689419795222,-0.2884262800599322,0.007545011653270498,0.09230456815307789,-15.38933284075072,132.5379,10.8337,4825055.7194
2026-02-02,600601.SH,元器件,11.02,-0.023914968999114272,-0.008928571428571397,2.2464,-0.10333604556550036,-0.2839913030398338,0.007729868909153169,0.09456622472717643,-15.365127266324206,129.3683,10.5746,4709664.6615
2026-02-03,600601.SH,元器件,11.2,0.016333938294010864,0.01273885350318471,2.0962,-0.11111111111111116,-0.34009478581494557,0.007605638516170347,0.0930466256641203,-15.38132924088661,131.4814,10.7473,4786592.0334
2026-02-04,600601.SH,元器件,10.99,-0.018749999999999933,0.02894491129785237,2.3335,-0.17554388597149284,-0.2907080531648444,0.007750970615295301,0.09482447988772781,-15.362401231006679,129.0161,10.5458,4696843.4328
2026-02-05,600601.SH,元器件,10.71,-0.02547770700636942,0.009033423667569984,2.7338,-0.17551963048498842,-0.30654989280079425,0.007953608194125305,0.09730371408276653,-15.3365933470586,125.7291,10.2771,4577178.632
2026-02-06,600601.SH,元器件,11.07,0.03361344537815114,-0.0018018018018017834,4.0147,-0.14976958525345618,-0.22848345787638413,0.0076949535724976205,0.09413891137762882,-15.36965420931256,129.9553,10.6226,4731033.3759
2026-02-09,600601.SH,元器件,11.1,0.0027100271002709064,0.035938903863432126,2.2985,-0.13077525450274075,-0.18935801945596076,0.007674161252545903,0.09388437200743564,-15.372360570918529,130.3074,10.6514,4743854.6046
2026-02-10,600601.SH,元器件,11.13,0.002702702702702897,0.05807622504537213,1.5896,-0.08395061728395059,-0.17995618458114537,0.007653475136920669,0.09363208209660959,-15.375059627874853,130.6596,10.6801,4756675.8332
2026-02-11,600601.SH,元器件,11.02,-0.009883198562443907,0.0680393912264996,1.4414,-0.09967320261437917,-0.2049344357259466,0.007729868909153169,0.09456622472717643,-15.365127266324206,129.3683,10.5746,4709664.6615
2026-02-12,600601.SH,元器件,11.17,0.013611615245009201,0.02436823104693131,1.691,-0.11066878980891726,-0.2415305203686775,0.00762606650540078,0.09329663665624854,-15.378647075679424,131.1292,10.7185,4773770.8048
2026-02-13,600601.SH,元器件,11.08,-0.008057296329453845,-0.03902862098872506,1.7953,-0.11217948717948723,-0.3716554290031505,0.007688008321500207,0.0940539117021877,-15.3705571439139,130.0727,10.6322,4735307.1188
2026-02-24,600601.SH,元器件,11.53,0.04061371841155226,-0.09862778730703259,3.3483,-0.08127490039840646,-0.28869277758851597,0.007387957924102031,0.09038322487346348,-15.410367796872652,135.3554,11.064,4927625.5487
2026-02-25,600601.SH,元器件,11.66,0.011274934952298477,-0.11735121542330262,2.6154,-0.05126118795768908,-0.20381010863049553,0.007305589140972302,0.08937588817288872,-15.421579643507835,136.8815,11.1887,4983184.2062
2026-02-26,600601.SH,元器件,11.93,0.023156089193824947,-0.04052863436123344,4.1103,-0.03322528363047006,-0.034857527197411975,0.007140245852945209,0.08735302852949911,-15.444471698705506,140.0512,11.4478,5098575.2642
2026-02-27,600601.SH,元器件,11.35,-0.04861693210393969,-0.03429602888086647,5.843,-0.0934504792332268,0.20846566622432494,0.007505124123495317,0.09181640391872413,-15.39463320651205,133.2423,10.8913,4850698.1767
2026-03-02,600601.SH,元器件,11.08,-0.023788546255506526,0.0,2.7767,-0.11360000000000003,0.3053530529020725,0.007688008321500207,0.0940539117021877,-15.3705571439139,130.0727,10.6322,4735307.1188
2026-03-03,600601.SH,元器件,10.51,-0.051444043321299704,0.031339031339031376,2.7922,-0.1378178835110746,0.2686253457881169,0.008104962506443445,0.09915519771546424,-15.317742647474539,123.3812,10.0852,4491703.7742
2026-03-04,600601.SH,元器件,10.53,0.0019029495718363432,-0.015610651974288348,1.718,-0.11288963774220728,0.25897851582467957,0.00808956769350246,0.09896678674636791,-15.319643788737357,123.616,10.1044,4500251.26
2026-03-05,600601.SH,元器件,10.89,0.03418803418803429,-0.016822429906542036,2.7079,-0.06683804627249357,0.16053345057521806,0.00782214323595808,0.09569561139926124,-15.353260399529546,127.8422,10.4498,4654106.0039
2026-03-06,600601.SH,元器件,10.7,-0.017447199265381186,0.0009514747859180606,1.6749,-0.04121863799283165,-0.11261757929235694,0.007961041845624253,0.09739469198928659,-15.335659204063964,125.6117,10.2675,4572904.8891
2026-03-09,600601.SH,元器件,10.51,-0.017757009345794383,-0.011970534069981498,2.2771,-0.06908768821966338,-0.14247987686213393,0.008104962506443445,0.09915519771546424,-15.317742647474539,123.3812,10.0852,4491703.7742
2026-03-10,600601.SH,元器件,10.86,0.033301617507136116,-0.02985074626865669,2.0397,-0.014519056261342977,-0.19706344236234885,0.007843752451172642,0.09595915978159696,-15.350501777103585,127.49,10.4211,4641284.7753
2026-03-11,600601.SH,元器件,10.72,-0.012891344383056946,0.0,1.5508,-0.042857142857142705,-0.2015594298967326,0.007946188412073438,0.09721290598539863,-15.33752661824443,125.8465,10.2867,4581452.3749
2025-11-17,600602.SH,软件服务,19.09,0.007919746568109787,-0.00990099009901002,1.0609,0.0020997375328084544,-0.2239911283198316,0.007264717591368353,0.18464492780383324,-14.775201190930805,137.6516,5.4158,2610888.6256
2025-11-18,600602.SH,软件服务,19.19,0.005238344683080154,0.00421940928270037,0.9718,0.0,-0.2158550642268039,0.00722685905529053,0.18368509028122187,-14.780425863193697,138.3727,5.4441,2624565.3601
2025-11-19,600602.SH,软件服务,18.96,-0.011985409067222563,0.003171247357293794,0.8601,-0.002105263157894721,-0.2279863635046695,0.007314529141815553,0.18591161761698488,-14.768368050025822,136.7142,5.3789,2593108.8707
2025-11-20,600602.SH,软件服务,18.92,-0.002109704641350185,0.022925764192139653,0.8639,-0.012526096033402823,-0.325952323968828,0.007329991834389096,0.18630647414997673,-14.766256116830425,136.4258,5.3675,2587638.1769
2025-11-21,600602.SH,软件服务,18.32,-0.031712473572938715,-0.0057894736842104555,1.37,-0.04533611255862435,-0.32997232559735223,0.007570057093370598,0.19240759625190001,-14.734029912453183,132.0994,5.1973,2505577.7696
2025-11-24,600602.SH,软件服务,19.0,0.037117903930131035,-0.0021008403361344463,1.7964,-0.01605385810460891,-0.24437927978731977,0.007299131549328261,0.1855218730288301,-14.770475532357674,137.0026,5.3902,2598579.5645
2025-11-25,600602.SH,软件服务,19.04,0.00210526315789461,-0.011591148577449917,1.3238,-0.06114398422090739,-0.08583113281795918,0.007283793341301803,0.1851303317535545,-14.772578582546773,137.2911,5.4016,2604050.2583
2025-11-26,600602.SH,软件服务,18.98,-0.0031512605042015585,-0.02828175026680879,1.3264,-0.05666003976143141,0.05117402472749011,0.0073068222337832394,0.18571481632804665,-14.769422346376867,136.8584,5.3846,2595844.2176
2025-11-27,600602.SH,软件服务,18.74,-0.012644889357218192,-0.046585494970884045,0.9509,-0.05161943319838069,0.10055861379215036,0.007400396217213469,0.1880936706479827,-14.756696830013215,135.1279,5.3165,2563020.0547
2025-11-28,600602.SH,软件服务,18.89,0.008004268943436532,-0.044736842105263186,0.6968,-0.05502751375687831,0.03181731603563964,0.007341631824505633,0.1866019779809666,-14.764669234706588,136.2095,5.359,2583535.1565
2025-12-01,600602.SH,软件服务,19.0,0.0058231868713605195,-0.026119402985074758,0.9028,-0.049049049049049054,-0.09994072522898656,0.007299131549328261,0.1855218730288301,-14.770475532357674,137.0026,5.3902,2598579.5645
2025-12-02,600602.SH,软件服务,18.76,-0.012631578947368327,-0.0049423393739703725,0.7651,-0.0462633451957295,-0.17257851769990362,0.007392507398051779,0.18789575543488474,-14.757763496777107,135.2721,5.3221,2565755.4016
2025-12-03,600602.SH,软件服务,18.21,-0.029317697228145034,0.013881177123820088,1.3869,-0.0603715170278637,-0.16258197213948944,0.007615786611751768,0.19356961731286657,-14.72800744694882,131.3062,5.1661,2490533.3616
2025-12-04,600602.SH,软件服务,18.01,-0.010982976386600729,-0.01597796143250685,1.2577,-0.07164948453608233,-0.11680595225501589,0.007700357527600006,0.19571769679414414,-14.716963712397368,129.8641,5.1094,2463179.8925
2025-12-05,600602.SH,软件服务,18.15,0.007773459189339027,0.008757525998905225,0.8605,-0.05714285714285716,-0.07986890844491101,0.0076409604381632345,0.1942086966654367,-14.724707113892022,130.8736,5.1491,2482327.3208
2025-12-08,600602.SH,软件服务,18.27,0.006611570247933907,-0.02041942604856517,0.969,-0.051894135962636256,-0.0683796399199822,0.007590772353496196,0.19293473018077986,-14.731296923587152,131.7389,5.1831,2498739.4023
2025-12-09,600602.SH,软件服务,18.12,-0.008210180623973606,-0.05640744797371311,1.1423,-0.0557582073996874,-0.006483225869221121,0.0076536098633601035,0.19452982142162392,-14.723052853822207,130.6573,5.1406,2478224.3005
2025-12-10,600602.SH,软件服务,18.26,0.007726269315673218,-0.025755879059350506,1.0906,-0.03488372093023251,-0.062475493975372776,0.00759493478609246,0.1930390131845646,-14.730749428346044,131.6667,5.1803,2497371.7288
2025-12-11,600602.SH,软件服务,17.86,-0.02190580503833528,-0.05208898534997297,1.012,-0.08174807197943446,-0.07700842613602776,0.007765030186554851,0.19736322728349254,-14.708600128627305,128.7825,5.0668,2442664.7906
2025-12-12,600602.SH,软件服务,18.43,0.03191489361702127,-0.009577464788732448,2.5159,-0.026927138331573452,0.16413392262517412,0.0075248734692526156,0.19125944343501958,-14.74001632488685,132.8926,5.2285,2520622.1776
2025-12-15,600602.SH,软件服务,17.75,-0.03689636462289747,0.026697620429483537,1.5996,-0.0701938187532739,0.244230322239831,0.007813153130769525,0.19858606720152516,-14.70242206910236,127.9893,5.0356,2427620.3826
2025-12-16,600602.SH,软件服务,17.23,-0.02929577464788735,0.008620689655172598,1.2249,-0.10213652944241791,0.24487782033484407,0.00804895049734465,0.2045784660706614,-14.672688603745925,124.2398,4.8881,2356501.363
2025-12-17,600602.SH,软件服务,17.4,0.009866511897852481,0.022896393817973815,1.1166,-0.08227848101265833,0.2359703956213981,0.007970312181187513,0.2025808804165063,-14.682506759411718,125.4656,4.9363,2379751.8117
2025-12-18,600602.SH,软件服务,17.47,0.004022988505747227,0.017633674630261886,1.011,-0.07663847780126865,0.22832987927234427,0.007938379125873321,0.20176748315241516,-14.686521677343476,125.9703,4.9562,2389325.5259
2025-12-19,600602.SH,软件服务,17.58,0.00629650829994266,0.016393442622950838,0.9517,-0.04039301310043675,-0.011953524762665757,0.007888706133863456,0.2005052732886875,-14.692798445452423,126.7635,4.9874,2404369.9339
2025-12-22,600602.SH,软件服务,17.69,0.006257110352673623,0.07065527065527055,0.8877,-0.06894736842105254,-0.09675455154356671,0.00783965091602401,0.19925875742238872,-14.699036061364994,127.5567,5.0186,2419414.3419
2025-12-23,600602.SH,软件服务,17.55,-0.007914075749010818,0.04085058757694471,0.736,-0.07825630252100835,-0.1603435039545803,0.007902189854852576,0.2008475767739862,-14.691090503092694,126.5472,4.9789,2400266.9135
2025-12-24,600602.SH,软件服务,17.87,0.018233618233618243,0.04471771939631086,1.0279,-0.05848261327713378,-0.16505548292537298,0.007760685299554692,0.1972503303943034,-14.709159882368708,128.8546,5.0697,2444032.4641
2025-12-25,600602.SH,软件服务,17.89,0.0011191941801902416,0.046162402669632785,0.7203,-0.04535752401280668,-0.2094096995241208,0.00775201009621795,0.1970326877228932,-14.710278450713906,128.9988,5.0753,2446767.811
2025-12-26,600602.SH,软件服务,17.98,0.005030743432084872,0.014369345396487487,0.9528,-0.04817363684489151,-0.21835590317785214,0.007713204543386005,0.19604383540159578,-14.715296582238775,129.6478,5.1009,2459076.8721
2025-12-29,600602.SH,软件服务,18.79,0.045050055617352536,0.027956989247311714,3.9056,-0.011052631578947425,0.16854790901603822,0.007380705654506215,0.18759262385802988,-14.759361366599098,135.4884,5.3307,2569858.4219
2025-12-30,600602.SH,软件服务,18.6,-0.010111761575305911,0.03424291064740492,2.0684,-0.008528784648187626,0.3125345154969854,0.00745609849207864,0.18950879320800487,-14.74919813391039,134.1184,5.2768,2543872.6263
2025-12-31,600602.SH,软件服务,18.69,0.004838709677419395,0.06060606060606055,1.2353,0.02635914332784184,0.3516651576136163,0.007420197629543665,0.18859740112781245,-14.754025174660661,134.7673,5.3023,2556181.6874
2026-01-05,600602.SH,软件服务,18.81,0.006420545746388395,0.10440713536201485,1.5036,0.04441976679622406,0.45723040739945064,0.007372858737501161,0.18739576110788375,-14.760425196521664,135.6326,5.3363,2572593.7689
2026-01-06,600602.SH,软件服务,19.06,0.013290802764486909,0.06694560669456062,1.9834,0.050137741046831996,0.5471277834428994,0.007276151032522211,0.1849351802193331,-14.77362845140578,137.4353,5.4073,2606785.6052
2026-01-07,600602.SH,软件服务,19.12,0.0031479538300105414,0.08173823072943631,2.1294,0.046524356869184436,0.23825785181329207,0.00725332002590886,0.18435558505244917,-14.776771460829785,137.8679,5.4243,2614991.646
2026-01-08,600602.SH,软件服务,19.33,0.010983263598326243,0.026065162907268125,2.0739,0.06677704194260481,0.2002178400220529,0.007174517262605985,0.1823519757836576,-14.787694846405799,139.3822,5.4839,2643712.7885
2026-01-09,600602.SH,软件服务,19.95,0.032074495602690156,-0.04845605700712585,2.9506,0.0925520262869659,0.3466681009662538,0.00695155047381768,0.17668781030796685,-14.819265696517943,143.8528,5.6597,2728508.5427
2026-01-12,600602.SH,软件服务,21.05,0.05513784461152893,-0.04019607843137252,5.5619,0.1786114221724524,0.6261750999128786,0.00658828800042165,0.16745369905221205,-14.872937113328307,151.7845,5.9718,2878952.6228
2026-01-13,600602.SH,软件服务,20.4,-0.030878859857482288,-0.07651841224294598,4.7819,0.10689093868692345,0.8216097338798884,0.006798207448659937,0.17278916266371774,-14.841571454041404,147.0976,5.7874,2790053.8482
2026-01-14,600602.SH,软件服务,20.91,0.025000000000000133,-0.05813385442110397,5.3587,0.17802816901408458,0.9655015456976503,0.00663239927043608,0.16857436658181757,-14.866264066630027,150.775,5.9321,2859805.1944
2026-01-15,600602.SH,软件服务,20.47,-0.021042563366810207,-0.02246630054917642,2.9016,0.18804410911201375,0.9658491095186088,0.006774962178773636,0.17219706231811685,-14.84499695286979,147.6023,5.8073,2799627.5624
2026-01-16,600602.SH,软件服务,20.03,-0.02149487054225685,0.0005107252298264253,2.8627,0.15114942528735642,0.882870951048583,0.006923788475492559,0.1759819794453048,-14.823267702881736,144.4296,5.6824,2739449.9304
2026-01-19,600602.SH,软件服务,19.58,-0.02246630054917642,0.04350077679958564,1.953,0.12077847738981107,0.534632109035285,0.007082915441322296,0.18002448332973284,-14.800545190297333,141.1848,5.5548,2677904.6249
2026-01-20,600602.SH,软件服务,19.31,-0.013789581205311485,0.1498962655601659,1.8224,0.0984072810011376,0.2567955442234977,0.007181952614913037,0.18254171078091344,-14.786659649629764,139.2379,5.4782,2640977.4416
2026-01-21,600602.SH,软件服务,19.28,-0.0015535991714136221,0.17466802860061303,1.4287,0.08988128886376479,-0.08516809464928787,0.0071931268234576495,0.18282538347624186,-14.785104842358464,139.0216,5.4697,2636874.4212
2026-01-22,600602.SH,软件服务,19.58,0.01556016597510368,0.10872894333843797,1.8007,0.11566951566951555,-0.1948644304282905,0.007082915441322296,0.18002448332973284,-14.800545190297333,141.1848,5.5548,2677904.6249
2026-01-23,600602.SH,软件服务,19.59,0.0005107252298264253,0.052605459057072146,1.6877,0.09625069949636256,-0.30015739916993067,0.007079300197016925,0.17993378436735283,-14.801055785130888,141.2569,5.5576,2679272.2983
2026-01-26,600602.SH,软件服务,20.15,0.028586013272077437,-0.05457825890843482,4.576,0.1263275572945779,-0.1545865296432647,0.006882554033211075,0.17493221376716522,-14.829240841574855,145.2949,5.7165,2755862.0118
2026-01-27,600602.SH,软件服务,22.17,0.10024813895781648,-0.05913043478260871,11.6468,0.2330367074527253,0.31646539202239365,0.0062554578870064135,0.15899515064790523,-14.924776576807911,159.8604,6.2895,3032132.0497
2026-01-28,600602.SH,软件服务,23.0,0.03743797925124026,-0.06998158379373842,17.0692,0.22405534858967546,0.9008965591200568,0.006029715644639914,0.1532567049808429,-14.961530769120383,165.8453,6.525,3145648.9465
2026-01-29,600602.SH,软件服务,21.72,-0.05565217391304356,-0.06647807637906644,12.2867,0.16774193548387073,1.1579333030490493,0.006385059981253464,0.16228760609552248,-14.904270048270433,156.6156,6.1619,2970586.7443
2026-01-30,600602.SH,软件服务,21.21,-0.023480662983425327,-0.03673664122137399,7.3207,0.1348314606741572,1.2582551046109054,0.006538588789458749,0.16619025460347006,-14.880509321783338,152.9382,6.0172,2900835.3981
2026-02-02,600602.SH,软件服务,20.96,-0.011786892975011787,-0.032809611829944574,5.8615,0.11430090377458813,1.2103316931392296,0.006616579162407243,0.1681718043152885,-14.868652412651052,151.1355,5.9463,2866643.5617
2026-02-03,600602.SH,软件服务,21.64,0.03244274809160297,0.054455445544554504,6.5385,0.13536201469045128,0.9130827987985881,0.006408662460875116,0.16288767266093301,-14.900580007162757,156.0388,6.1392,2959645.3566
2026-02-04,600602.SH,软件服务,20.2,-0.06654343807763408,0.11262626262626263,6.8683,0.05648535564853541,0.4485386790124031,0.006865519575655967,0.17449875233392081,-14.831719157598393,145.6554,5.7307,2762700.3791
2026-02-05,600602.SH,软件服务,19.8,-0.01980198019801971,0.11144130757800896,3.3077,0.024314536989136215,0.10131666072663603,0.0070042137349829664,0.1780246386099836,-14.811718490891723,142.7712,5.6172,2707993.4409
2026-02-06,600602.SH,软件服务,20.19,0.01969696969696977,0.06641184902054476,4.645,0.012030075187970057,-0.01265600105912501,0.00686891971812701,0.1745871015049408,-14.831223985499683,145.5833,5.7278,2761332.7056
2026-02-09,600602.SH,软件服务,20.93,0.036651807825656135,-0.023474178403755874,4.13,-0.005700712589073675,-0.06329755860936093,0.00662606215776389,0.1684125433662299,-14.867220089643903,150.9192,5.9378,2862540.5413
2026-02-10,600602.SH,软件服务,21.3,0.017677974199713287,-0.079891057648661,4.4603,0.044117647058823595,-0.137118962978525,0.006510959246603884,0.16548893706455722,-14.884743625923777,153.5872,6.0427,2913144.4592
2026-02-11,600602.SH,软件服务,22.03,0.034272300469483596,-0.06951871657754016,7.8852,0.053562888570062306,-0.12012224826591356,0.006295207458561797,0.16000512016384524,-14.918441714017103,158.851,6.2498,3012984.6214
2026-02-12,600602.SH,软件服务,22.44,0.018610985020426796,-0.01120071684587809,7.8035,0.09623839765510511,-0.002230183192387325,0.006180190881375562,0.1570820439515559,-14.936881633839212,161.8073,6.3661,3069059.233
2026-02-13,600602.SH,软件服务,22.32,-0.005347593582887722,0.024038461538461453,5.6855,0.11432850723914134,0.009097690301353545,0.006213418498589553,0.15792549075346252,-14.931519690717447,160.942,6.3321,3052647.1516
2026-02-24,600602.SH,软件服务,20.8,-0.06810035842293904,-0.04588061174148983,6.4349,0.06230847803881523,0.04720374040741748,0.006667475653712651,0.16946567472758392,-14.860989539898506,149.9818,5.9009,2844760.7864
2026-02-25,600602.SH,软件服务,20.27,-0.02548076923076925,-0.0780651340996168,4.2301,0.04971517348524079,0.019812679541963973,0.0068418078245651,0.17389792191983305,-14.835178513660553,146.1602,5.7505,2772274.0933
2026-02-26,600602.SH,软件服务,20.88,0.030093734583127807,-0.10285455369279561,6.0338,0.08298755186721984,-0.07308472036606439,0.006641927699960215,0.1688162603822,-14.864828316191664,150.5587,5.9236,2855702.174
2026-02-27,600602.SH,软件服务,22.07,0.05699233716475094,-0.04976525821596256,10.578,0.12717058222676214,-0.05178159704392826,0.006283798983784028,0.1597137928831534,-14.920255773464849,159.1394,6.2612,3018455.3152
2026-03-02,600602.SH,软件服务,21.3,-0.03488898957861353,0.15098241985522232,6.2063,0.08728943338437989,-0.06711523459266677,0.006510959246603884,0.16548893706455722,-14.884743625923777,153.5872,6.0427,2913144.4592
2026-03-03,600602.SH,软件服务,19.34,-0.09201877934272307,0.21506493506493518,6.9284,-0.04019851116625306,-0.0686264566160728,0.007170807927758413,0.1822589170175151,-14.788212043227723,139.4543,5.4867,2645080.462
2026-03-04,600602.SH,软件服务,19.25,-0.004653567735263708,0.148989898989899,3.0751,-0.13170951736580971,-0.04413802242030662,0.007204335857492474,0.18310993920750018,-14.783547613934523,138.8053,5.4612,2632771.4009
2026-03-05,600602.SH,软件服务,19.8,0.028571428571428692,0.09832015810276684,6.0343,-0.13913043478260867,0.03938287028020704,0.0070042137349829664,0.1780246386099836,-14.811718490891723,142.7712,5.6172,2707993.4409
2026-03-06,600602.SH,软件服务,20.24,0.022222222222222143,-0.07681940700808632,6.8127,-0.06813996316758753,-0.0381711985620633,0.00685194790601046,0.17415534656913967,-14.833697397603274,145.9439,5.742,2768171.0729
2026-03-09,600602.SH,软件服务,22.26,0.09980237154150218,-0.08892689183411717,11.316,0.04950495049504955,0.09477222351726389,0.006230164713094685,0.15835061994267707,-14.928827899028779,160.5094,6.3151,3044441.1108
2026-03-10,600602.SH,软件服务,23.39,0.050763701707097875,-0.09670329670329669,22.1014,0.11593511450381677,0.3989580010632645,0.005929175992766406,0.15070000150700003,-14.978345133773255,168.6575,6.6357,3198988.2112
2026-03-11,600602.SH,软件服务,22.75,-0.027362120564343728,0.017094017094017033,13.9376,0.05129390018484292,0.6218855679206006,0.0060959775082813855,0.15494027052571233,-14.950601698580158,164.0426,6.4541,3111457.1101
2025-11-18,600603.SH,区域地产,7.28,-0.029333333333333322,-0.014306151645207543,1.4405,-0.1515151515151515,0.19852904607409183,0.046651800292973306,0.8410428931875525,-13.674803334136346,21.4354,1.189,868743.6219
2025-11-19,600603.SH,区域地产,6.99,-0.039835164835164805,-0.01980198019801993,1.6225,-0.1872093023255813,0.11777406284532344,0.0485873235672813,0.8758868354208637,-13.634153028146958,20.5815,1.1417,834137.0765
2025-11-20,600603.SH,区域地产,7.07,0.011444921316166035,-0.012931034482758563,0.9555,-0.18735632183908035,-0.09135222203169246,0.04803743076605291,0.8660258075690656,-13.64553295191943,20.8171,1.1547,843683.7098
2025-11-21,600603.SH,区域地产,6.96,-0.015558698727015652,0.017621145374449254,1.2847,-0.2036613272311213,-0.23590090774693617,0.04879667401869888,0.8796622097114708,-13.629851946311126,20.4932,1.1368,830557.0891
2025-11-24,600603.SH,区域地产,6.81,-0.02155172413793105,0.0,1.2332,-0.22789115646258506,-0.28877185728431054,0.049871580679749644,0.8990380293086397,-13.608064592083256,20.0515,1.1123,812657.1518
2025-11-25,600603.SH,区域地产,6.89,0.011747430249632984,-0.0331890331890331,0.7375,-0.20986238532110102,-0.35334970263664023,0.04929240749047425,0.888651915044877,-13.619743556938117,20.2871,1.1253,822203.785
2025-11-26,600603.SH,区域地产,6.93,0.005805515239477588,-0.042212518195050897,0.6883,-0.15281173594132025,-0.41580040960270925,0.049007836353032845,0.8834702712253734,-13.625532285109797,20.4049,1.1319,826977.1016
2025-11-27,600603.SH,区域地产,6.87,-0.008658008658008587,-0.05627705627705626,0.5771,-0.12595419847328249,-0.43330617361328727,0.04943593597057573,0.8911861687906603,-13.616836578149108,20.2282,1.1221,819817.1267
2025-11-28,600603.SH,区域地产,6.93,0.008733624454148492,-0.020319303338171224,0.482,-0.12610340479192939,-0.5095728333344325,0.049007836353032845,0.8834702712253734,-13.625532285109797,20.4049,1.1319,826977.1016
2025-12-01,600603.SH,区域地产,6.89,-0.005772005772005762,0.023880597014925398,0.5791,-0.123409669211196,-0.5824404204214436,0.04929240749047425,0.888651915044877,-13.619743556938117,20.2871,1.1253,822203.785
2025-12-02,600603.SH,区域地产,6.7,-0.027576197387518042,0.012158054711246313,0.8245,-0.12073490813648291,-0.5562378092146494,0.0506904032928486,0.9138261902586128,-13.591779998394424,19.7276,1.0943,799530.5312
2025-12-03,600603.SH,区域地产,6.58,-0.017910447761193993,0.02599388379204881,0.8854,-0.13648293963254599,-0.5169819486772582,0.05161476801742514,0.9304922303898763,-13.573707217350696,19.3743,1.0747,785210.5814
2025-12-04,600603.SH,区域地产,6.54,-0.006079027355623157,-0.026666666666666616,0.6058,-0.1233243967828418,-0.4876552809755913,0.051930516968296425,0.9361542782250515,-13.567609637488031,19.2565,1.0682,780437.2648
2025-12-05,600603.SH,区域地产,6.75,0.032110091743119185,-0.042274052478134094,0.9764,-0.10358565737051795,-0.4005528070053189,0.050314718564621705,0.9070294784580498,-13.599214976813384,19.8749,1.1025,805497.1769
2025-12-08,600603.SH,区域地产,6.86,0.016296296296296253,-0.024024024024024038,1.1502,-0.12051282051282042,-0.276604406520217,0.04950813666226044,0.8925383791503034,-13.615379913714879,20.1987,1.1204,818623.7976
2025-12-09,600603.SH,区域地产,6.66,-0.029154518950437303,-0.058122205663189264,0.7668,-0.14175257731958757,-0.2571936809114397,0.05099465066114565,0.9192866335723477,-13.58579195655506,19.6099,1.0878,794757.2146
2025-12-10,600603.SH,区域地产,6.71,0.007507507507507505,-0.027397260273972712,0.4695,-0.14847715736040612,-0.2809805058337562,0.05061471572244914,0.9124920156948626,-13.593271422917347,19.7571,1.0959,800723.8603
2025-12-11,600603.SH,区域地产,6.57,-0.020864381520119157,-0.03348554033485551,0.4543,-0.190886699507389,-0.228680976171593,0.05169321113058222,0.9318796011555307,-13.572186304447573,19.3449,1.0731,784017.2522
2025-12-12,600603.SH,区域地产,6.57,0.0,0.0,0.3385,-0.14341590612777044,-0.28076237875745835,0.05169321113058222,0.9318796011555307,-13.572186304447573,19.3449,1.0731,784017.2522
2025-12-15,600603.SH,区域地产,6.5,-0.010654490106544956,0.025316455696202445,0.4681,-0.1333333333333333,-0.3960785736310376,0.0522498798252764,0.9419743782969102,-13.561474648926035,19.1388,1.0616,775663.9482
2025-12-16,600603.SH,区域地产,6.32,-0.027692307692307683,-0.0015649452269169695,0.7148,-0.13186813186813184,-0.3815178763389865,0.053738016422337824,0.968804495252858,-13.533391680076319,18.6088,1.0322,754184.0234
2025-12-17,600603.SH,区域地产,6.39,0.011075949367088445,0.04409448818897643,0.8462,-0.0858369098712447,-0.24938987491604547,0.05314936566232081,0.9581297307655456,-13.54440674036385,18.8149,1.0437,762537.3275
2025-12-18,600603.SH,区域地产,6.35,-0.006259780907668211,0.03384615384615386,0.5312,-0.10183875530410191,-0.2065473257787266,0.053484230174732986,0.9642271719217048,-13.538127284884377,18.6971,1.0371,757764.0109
2025-12-19,600603.SH,区域地产,6.5,0.023622047244094446,0.020061728395061706,0.6049,-0.06609195402298851,-0.09136057644002371,0.0522498798252764,0.9419743782969102,-13.561474648926035,19.1388,1.0616,775663.9482
2025-12-22,600603.SH,区域地产,6.48,-0.003076923076922977,0.012539184952978122,0.4921,-0.048458149779735615,-0.03304099994694032,0.052411176159204195,0.9448223733938019,-13.558392982262092,19.0799,1.0584,773277.2898
2025-12-23,600603.SH,区域地产,6.38,-0.015432098765432167,-0.02714932126696823,0.4239,-0.07402031930333819,-0.09984393319408946,0.05323282975076389,0.9596928982725528,-13.542840569266769,18.7854,1.042,761343.9983
2025-12-24,600603.SH,区域地产,6.63,0.03918495297805635,-0.07440476190476186,1.2434,-0.04329004329004327,-0.018772982388232995,0.05122557180544528,0.9234463015975621,-13.581277276141321,19.5215,1.0829,791177.2271
2025-12-25,600603.SH,区域地产,6.72,0.013574660633484115,-0.04689863842662645,1.1115,-0.02183406113537123,0.10986068754205847,0.05053950926136507,0.9110787172011663,-13.594760626529956,19.7865,1.0976,801917.1895
2025-12-26,600603.SH,区域地产,6.61,-0.01636904761904756,0.006191950464396356,0.6935,-0.04617604617604609,0.11829958886044523,0.05138059663148809,0.9262689885142646,-13.578256125809633,19.4626,1.0796,788790.5688
2025-12-29,600603.SH,区域地产,6.46,-0.0226928895612708,0.018604651162790642,0.8555,-0.062409288824383125,0.19746826686957442,0.052573471426318276,0.9477774618519572,-13.555301789694822,19.021,1.0551,770890.6315
2025-12-30,600603.SH,区域地产,6.45,-0.001547987616099089,0.059485530546623755,0.7297,-0.03731343283582089,0.2905435985990512,0.05265513519205961,0.9492168960607498,-13.553752602774159,18.9915,1.0535,769697.3024
2025-12-31,600603.SH,区域地产,6.22,-0.03565891472868221,0.05555555555555558,1.3011,-0.054711246200607966,0.2698580264457888,0.05460214149598947,0.984348853233586,-13.51744237868143,18.3143,1.0159,742250.7319
2026-01-05,600603.SH,区域地产,6.3,0.012861736334405238,0.006153846153846176,1.2656,-0.03669724770642202,0.25551265773585885,0.05390864640779734,0.9718172983479106,-13.530222105317565,18.5499,1.029,751797.3651
2026-01-06,600603.SH,区域地产,6.5,0.031746031746031855,-0.009132420091324311,1.7245,-0.03703703703703709,0.45228077329428595,0.0522498798252764,0.9419743782969102,-13.561474648926035,19.1388,1.0616,775663.9482
2026-01-07,600603.SH,区域地产,6.57,0.010769230769230864,-0.03338391502276172,1.4238,-0.042274052478134094,0.5662529087606094,0.05169321113058222,0.9318796011555307,-13.572186304447573,19.3449,1.0731,784017.2522
2026-01-08,600603.SH,区域地产,6.59,0.003044140030441289,-0.0586466165413535,0.9298,-0.010510510510510551,0.5990470403503809,0.05153629701398695,0.9291089844838799,-13.575225820462954,19.4038,1.0763,786403.9105
2026-01-09,600603.SH,区域地产,6.65,0.009104704097116834,-0.050458715596330306,1.0148,-0.00894187779433675,0.4815462043897665,0.05107147964290821,0.9207255317189945,-13.584289326608843,19.5804,1.0861,793563.8854
2026-01-12,600603.SH,区域地产,6.54,-0.016541353383458746,-0.03533026113671267,1.6999,-0.004566210045662156,0.475669099756691,0.051930516968296425,0.9361542782250515,-13.567609637488031,19.2565,1.0682,780437.2648
2026-01-13,600603.SH,区域地产,6.51,-0.004587155963302836,-0.01883830455259028,1.2384,-0.009132420091324311,0.3062285439115193,0.052169739464321116,0.9404683532399135,-13.563011928179172,19.1682,1.0633,776857.2773
2026-01-14,600603.SH,区域地产,6.37,-0.021505376344086002,-0.009584664536741117,1.6926,-0.020000000000000018,0.2807003875893501,0.05331627212625293,0.9611687812379854,-13.541271941561156,18.756,1.0404,760150.6692
2026-01-15,600603.SH,区域地产,6.26,-0.017268445839874413,0.06602254428341392,0.9818,-0.009493670886076,0.27426192787994763,0.05425317787989432,0.9780907668231612,-13.523852657037185,18.4321,1.0224,747024.0485
2026-01-16,600603.SH,区域地产,6.21,-0.007987220447284282,0.07484076433121012,0.8197,-0.028169014084507005,0.23832763010342828,0.05468993541118628,0.9859016070196195,-13.515833367944502,18.2849,1.0143,741057.4028
2026-01-19,600603.SH,区域地产,6.28,0.011272141706924366,0.08479999999999999,0.8497,-0.011023622047244053,0.058427584114674636,0.05408036342004218,0.9749439407234084,-13.527042452402727,18.491,1.0257,749410.7068
2026-01-20,600603.SH,区域地产,6.25,-0.004777070063694322,0.0903225806451613,0.6994,-0.038461538461538436,-0.04803522299876806,0.05434014758784085,0.9796238244514107,-13.522253935741812,18.4026,1.0208,745830.7194
2026-01-21,600603.SH,区域地产,6.2,-0.008000000000000007,-0.0015105740181268201,0.8997,-0.04320987654320996,-0.21284545542936262,0.054778312170645396,0.9875567845151096,-13.514221763983995,18.2554,1.0126,739864.0736
2026-01-22,600603.SH,区域地产,6.62,0.06774193548387086,-0.022222222222222254,2.7881,0.037617554858934144,0.011013041210224284,0.05130283550771851,0.924898261191269,-13.579767841957,19.4921,1.0812,789983.898
2026-01-23,600603.SH,区域地产,6.75,0.01963746223564944,-0.03539823008849563,2.3594,0.018099547511312153,0.21160356480650755,0.050314718564621705,0.9070294784580498,-13.599214976813384,19.8749,1.1025,805497.1769
2026-01-26,600603.SH,区域地产,6.78,0.004444444444444473,-0.053254437869822424,1.5075,0.008928571428571397,0.2960568411548803,0.05009216959204937,0.9030160736861117,-13.603649573939478,19.9632,1.1074,809077.1644
2026-01-27,600603.SH,区域地产,6.76,-0.002949852507374673,-0.01966717095310133,1.4121,0.0226928895612708,0.3693377263477784,0.05024040031550971,0.9057150620414817,-13.600695362044606,19.9043,1.1041,806690.5061
2026-01-28,600603.SH,区域地产,6.61,-0.022189349112425982,-0.0015151515151514694,0.9888,0.023219814241486114,0.3759420201774646,0.05138059663148809,0.9262689885142646,-13.578256125809633,19.4626,1.0796,788790.5688
2026-01-29,600603.SH,区域地产,6.6,-0.001512859304084846,0.012232415902140747,0.851,0.02325581395348819,0.07666073042268318,0.05145832904513925,0.9276437847866419,-13.57674212104315,19.4332,1.078,787597.2397
2026-01-30,600603.SH,区域地产,6.54,-0.009090909090909038,0.04531250000000009,0.8948,0.05144694533762073,-0.13150598662130297,0.051930516968296425,0.9361542782250515,-13.567609637488031,19.2565,1.0682,780437.2648
2026-02-02,600603.SH,区域地产,6.4,-0.021406727828746086,0.04938271604938271,1.0663,0.01587301587301604,-0.19309963199585178,0.05306644449515238,0.9566631589017508,-13.545970462273234,18.8443,1.0453,763730.6566
2026-02-03,600603.SH,区域地产,6.48,0.012499999999999956,0.02427921092564489,0.4724,-0.003076923076922977,-0.30487189914599433,0.052411176159204195,0.9448223733938019,-13.558392982262092,19.0799,1.0584,773277.2898
2026-02-04,600603.SH,区域地产,6.59,0.016975308641975273,0.04682779456193353,0.8318,0.003044140030441289,-0.3138928244020335,0.05153629701398695,0.9291089844838799,-13.575225820462954,19.4038,1.0763,786403.9105
2026-02-05,600603.SH,区域地产,6.62,0.004552352048558417,0.022421524663676973,0.7598,0.004552352048558417,-0.3243075373510156,0.05130283550771851,0.924898261191269,-13.579767841957,19.4921,1.0812,789983.898
2026-02-06,600603.SH,区域地产,6.69,0.010574018126888296,-0.002941176470588225,1.4053,0.006015037593984918,-0.25088671883064584,0.05076605984303134,0.9151642719868216,-13.59028634607632,19.6982,1.0927,798337.202
2026-02-09,600603.SH,区域地产,6.8,0.01644245142002987,0.004444444444444473,1.1313,0.039755351681957096,-0.2218825449579067,0.04994481098386284,0.9004141905276427,-13.60659508416669,20.0221,1.1106,811463.8227
2026-02-10,600603.SH,区域地产,6.75,-0.007352941176470562,0.024531024531024626,0.6282,0.03686635944700467,-0.17422535883713774,0.050314718564621705,0.9070294784580498,-13.599214976813384,19.8749,1.1025,805497.1769
2026-02-11,600603.SH,区域地产,6.93,0.026666666666666616,0.032163742690058506,1.5873,0.08791208791208782,-0.03866680619506058,0.049007836353032845,0.8834702712253734,-13.625532285109797,20.4049,1.1319,826977.1016
2026-02-12,600603.SH,区域地产,6.84,-0.012987012987012991,0.05604719764011801,1.0046,0.09265175718849838,0.003031728608018369,0.04965267950684959,0.8950948800572861,-13.612460203614043,20.1399,1.1172,816237.1393
2026-02-13,600603.SH,区域地产,6.78,-0.00877192982456132,0.05752212389380529,0.7334,0.09178743961352653,-0.11069525029622806,0.05009216959204937,0.9030160736861117,-13.603649573939478,19.9632,1.1074,809077.1644
2026-02-24,600603.SH,区域地产,6.78,0.0,-0.005633802816901401,0.6818,0.07961783439490455,-0.18331498039906613,0.05009216959204937,0.9030160736861117,-13.603649573939478,19.9632,1.1074,809077.1644
2026-02-25,600603.SH,区域地产,7.1,0.0471976401179941,-0.004249291784702458,1.7807,0.1359999999999999,-0.026618399532464698,0.047834530791087466,0.8623663332183512,-13.64976725599545,20.9054,1.1596,847263.6972
2026-02-26,600603.SH,区域地产,7.06,-0.005633802816901401,0.0,0.9303,0.1387096774193548,-0.13822018988112483,0.0481056014162289,0.8672274737663689,-13.64411752345801,20.7876,1.1531,842490.3806
2026-02-27,600603.SH,区域地产,7.16,0.014164305949008638,0.023709902370990132,1.2756,0.08157099697885206,-0.031171533108544036,0.04743360481166487,0.8551393877201984,-13.65818245291381,21.0821,1.1694,854423.6721
2026-03-02,600603.SH,区域地产,7.17,0.0013966480446927498,0.08073654390934859,1.4487,0.06222222222222218,0.14382681133336783,0.04736754849252777,0.853898044573478,-13.65957812661008,21.1115,1.1711,855617.0013
2026-03-03,600603.SH,区域地产,7.06,-0.015341701534170249,0.049786628733997196,2.2749,0.041297935103244754,0.39178937772743483,0.0481056014162289,0.8672274737663689,-13.64411752345801,20.7876,1.1531,842490.3806
2026-03-04,600603.SH,区域地产,7.03,-0.004249291784702458,0.04469273743016755,1.4379,0.03994082840236701,0.32836298563437305,0.04831081244293285,0.8709284096847238,-13.63985917783858,20.6993,1.1482,838910.3932
2026-03-05,600603.SH,区域地产,7.16,0.01849217638691325,0.08446866485013627,1.875,0.08320726172465953,0.44112764454230624,0.04743360481166487,0.8551393877201984,-13.65818245291381,21.0821,1.1694,854423.6721
2026-03-06,600603.SH,区域地产,7.34,0.025139664804469275,0.05504587155963314,2.6448,0.11212121212121207,0.5574243210308509,0.046270376316970584,0.8341675008341675,-13.68301131454759,21.6121,1.1988,875903.5968
2026-03-09,600603.SH,区域地产,7.63,0.03950953678474112,0.0907859078590787,5.7461,0.16666666666666674,0.881626856731345,0.04451170657883023,0.8024394158241053,-13.72176031724207,22.466,1.2462,910510.1422
2026-03-10,600603.SH,区域地产,7.38,-0.032765399737876844,0.026737967914438387,2.2673,0.15312499999999996,0.8075504896950565,0.046019751677419944,0.8296001327360212,-13.688446110529215,21.7298,1.2054,880676.9134
2026-03-11,600603.SH,区域地产,7.48,0.013550135501354976,-0.002512562814070307,1.5824,0.154320987654321,0.7629514912324524,0.045404394237274284,0.8185315543914218,-13.701905263892593,22.0243,1.2217,892610.2049
2025-11-17,600605.SH,房产服务,28.57,-0.018213058419244033,0.006597222222222143,1.112,-0.1160272277227723,-0.07754372862989745,0.0038982996006971717,0.24121378778010952,-13.286773646680885,256.5221,4.1457,589348.8997
2025-11-18,600605.SH,房产服务,28.8,0.00805040252012601,0.03274021352313161,0.9817,-0.11275415896487984,-0.1213132999443517,0.00386716743906891,0.2392916965781287,-13.29479181746669,258.5872,4.179,594093.3955
2025-11-19,600605.SH,房产服务,28.1,-0.02430555555555558,0.03553481694185212,0.8479,-0.1718243442381373,-0.17546814472294092,0.003963502483728831,0.24524831391784183,-13.270186006715406,252.3021,4.0775,579653.6255
2025-11-20,600605.SH,房产服务,27.86,-0.008540925266903976,0.06245461147421949,0.8201,-0.1688544152744631,-0.23218332233121397,0.003997646185925727,0.24736555681986838,-13.261608398720554,250.1472,4.0426,574702.8472
2025-11-21,600605.SH,房产服务,27.54,-0.011486001435750182,0.03794411866160741,1.0865,-0.1791356184798807,-0.25514295810351983,0.004044096831854542,0.25023772583954756,-13.250055923718811,247.274,3.9962,568101.8095
2025-11-24,600605.SH,房产服务,28.99,0.05265068990559185,0.021709166092350074,1.7791,-0.16189650187915594,-0.1257143310057306,0.003841821453653034,0.23772167546236866,-13.301367373340511,260.2932,4.2066,598012.7617
2025-11-25,600605.SH,房产服务,29.02,0.0010348395998620585,0.013171577123050282,0.8609,-0.0854081311062087,0.009426239094332711,0.003837850803550012,0.23747328425552125,-13.302401677884655,260.5625,4.211,598631.609
2025-11-26,600605.SH,房产服务,28.85,-0.005858028945554761,0.004784688995215225,0.4782,-0.07768542199488493,-0.01686077509672801,0.0038604657806382975,0.23887442371545278,-13.296526423371374,259.0361,4.1863,595124.8077
2025-11-27,600605.SH,房产服务,29.26,0.014211438474869942,-0.04320372216683288,0.8309,-0.06785600509716472,-7.942811755368151e-05,0.0038063714089740536,0.2355268736162796,-13.310637826026644,262.7174,4.2458,603582.3873
2025-11-28,600605.SH,房产服务,30.09,0.028366370471633484,-0.04519392917369314,1.8759,-0.03464870067372483,0.09652734965104082,0.003701375949495465,0.22903211030186432,-13.33860932106324,270.1698,4.3662,620703.8289
2025-12-01,600605.SH,房产服务,29.65,-0.0146227982718512,-0.04036948340745805,1.0362,-0.04662379421221874,-0.05108132961764844,0.0037563044875442817,0.2324284120490889,-13.323878555826713,266.2191,4.3024,611627.402
2025-12-02,600605.SH,房产服务,29.23,-0.014165261382799277,-0.03673469387755102,0.59,-0.040065681444991785,-0.07351758866545655,0.0038102771557500317,0.23577120762012546,-13.309612009536337,262.4481,4.2414,602963.54
2025-12-03,600605.SH,房产服务,29.4,0.005815942524803219,-0.028134769017019723,0.9833,-0.046073977936405,0.014982363862863002,0.0037882461329583473,0.23440613206441482,-13.315411104769044,263.9744,4.2661,606470.3413
2025-12-04,600605.SH,房产服务,28.79,-0.02074829931972788,0.0021193924408338116,0.8421,-0.056993121519816614,0.008857685261020043,0.0038685108631653546,0.23937188816545385,-13.294444534997693,258.4974,4.1776,593887.1131
2025-12-05,600605.SH,房产服务,28.31,-0.016672455713789502,-0.004278074866310155,0.7322,-0.06444150693985473,-0.21284641869390986,0.0039341022142700905,0.24343338445434407,-13.277631529483974,254.1876,4.1079,583985.5565
2025-12-08,600605.SH,房产服务,28.05,-0.009184033910279,-0.01836158192090398,1.2451,-0.057776284850520665,-0.17467683751690988,0.003970566981082631,0.24568817257137243,-13.268405062249387,251.8532,4.0702,578622.2133
2025-12-09,600605.SH,房产服务,28.32,0.009625668449197766,-0.005718370264474637,0.9296,-0.034106412005457054,-0.09594903095777085,0.003932712856116981,0.2433445271815837,-13.277984699136043,254.2774,4.1094,584191.8389
2025-12-10,600605.SH,房产服务,27.98,-0.012005649717514166,-0.020796616143813895,0.5457,-0.024066968957098034,-0.14195665529521628,0.003980501909446766,0.24630541871921185,-13.26590639952302,251.2246,4.06,577178.2363
2025-12-11,600605.SH,房产服务,28.37,0.013938527519656851,0.0032223415682062218,1.5187,-0.012186629526462323,-0.020761518309138083,0.003925782300453467,0.24291891366661808,-13.27974867922535,254.7263,4.1166,585223.2511
2025-12-12,600605.SH,房产服务,27.93,-0.015509340853013809,0.08345323741007205,0.6243,-0.04020618556701039,-0.013529137340013153,0.003987627190353771,0.246742992499013,-13.264117810320746,250.7757,4.0528,576146.8242
2025-12-15,600605.SH,房产服务,27.8,-0.0046544933762978635,0.05571531272465857,0.5959,-0.02695134756737838,-0.1222382487255459,0.004006273824809652,0.24789905550459854,-13.25945245102017,249.6085,4.0339,573465.1526
2025-12-16,600605.SH,房产服务,27.82,0.0007194244604316058,0.05831533477321815,0.6823,-0.03402777777777777,-0.16066205057947958,0.004003393276140858,0.24772096710265554,-13.260171616892086,249.7881,4.0368,573877.7175
2025-12-17,600605.SH,房产服务,27.78,-0.0014378145219265948,0.07316202712348319,0.8712,-0.011387900355871894,-0.09290899293118215,0.004009158521727034,0.24807740014884647,-13.258732767750963,249.4289,4.031,573052.5878
2025-12-18,600605.SH,房产服务,28.02,0.008639308855291628,0.004648074369189903,0.7567,0.005743000717875146,-0.2514312370128493,0.003974818728391892,0.24595405578237983,-13.267334971339979,251.5838,4.0658,578003.3661
2025-12-19,600605.SH,房产服务,30.12,0.07494646680942196,0.04630575417092264,3.2561,0.09368191721132901,0.17183280721104466,0.003697690163885326,0.22880153754633234,-13.339605833212891,270.4391,4.3706,621322.6761
2025-12-22,600605.SH,房产服务,29.37,-0.02490039840637448,0.06462585034013624,1.242,0.013107968264919112,0.32862376995994613,0.0037921147524261,0.2346481451064129,-13.314390175613548,263.7051,4.2617,605851.494
2025-12-23,600605.SH,房产服务,29.4,0.0010214504596526286,0.004988360492184762,1.0391,0.013094417643004785,0.3862010592246865,0.0037882461329583473,0.23440613206441482,-13.315411104769044,263.9744,4.2661,606470.3413
2025-12-24,600605.SH,房产服务,30.07,0.022789115646258518,-0.008592200925313986,1.4256,0.04228769497400342,0.4280230681360968,0.0037038381393102414,0.22918433295899893,-13.337944427354055,269.9902,4.3633,620291.264
2025-12-25,600605.SH,房产服务,30.26,0.006318589956767484,-0.03254149040026033,0.7254,0.03417634996582364,0.4292061308522408,0.0036805828276519244,0.2277437427406682,-13.344243138792356,271.6961,4.3909,624210.6302
2025-12-26,600605.SH,房产服务,30.73,0.01553205551883674,-0.038019169329073565,1.4117,0.02126952475905619,0.1102920221154029,0.0036242901374729498,0.22426050099795922,-13.359655806474029,275.9161,4.4591,633905.9043
2025-12-29,600605.SH,房产服务,31.3,0.018548649528148387,-0.003970880211780159,2.2214,0.05564924114671177,0.22728253831210887,0.003558288320986073,0.22017702232595004,-13.378034527951025,281.034,4.5418,645664.0028
2025-12-30,600605.SH,房产服务,30.22,-0.03450479233226844,0.006000000000000005,1.3244,0.033869312350324865,0.23772461345591323,0.0036854538820728466,0.2280449704681763,-13.34292038714209,271.337,4.3851,623385.5004
2025-12-31,600605.SH,房产服务,30.0,-0.007279947054930513,0.030272452068617506,0.7145,0.020408163265306145,0.12709654686398864,0.003712480282089102,0.2297160709363227,-13.33561381202061,269.3617,4.3532,618847.287
2026-01-05,600605.SH,房产服务,29.73,-0.009000000000000008,-0.0026569246097641885,1.1772,0.032650225772837826,0.18914367314695446,0.003746196673826897,0.23180343069077422,-13.32657306734074,266.9374,4.314,613277.6614
2026-01-06,600605.SH,房产服务,30.11,0.012781701984527327,0.0023255813953488857,1.0236,0.0635817732250088,0.10775165555817479,0.003698918399270869,0.22888008972099516,-13.339273772821507,270.3493,4.3691,621116.3937
2026-01-07,600605.SH,房产服务,30.1,-0.00033211557622048193,-0.020212060967528145,1.0289,0.07308377896613183,-0.08825272666704154,0.0037001474508759173,0.22895345376285,-13.338941602129388,270.2595,4.3677,620910.1113
2026-01-08,600605.SH,房产服务,30.18,0.0026578073089700283,-0.035912504080966356,0.8776,0.06567796610169485,-0.16369139244567976,0.003690339208599376,0.22834699609526637,-13.34159588366282,270.9778,4.3793,622560.3707
2026-01-09,600605.SH,房产服务,30.63,0.01491053677932408,-0.05261405261405272,1.1877,0.09471050750536092,-0.10649122733006244,0.0036361216689943902,0.22499212527561532,-13.356396351160406,275.0183,4.4446,631843.08
2026-01-12,600605.SH,房产服务,30.03,-0.0195886385896179,-0.050381173351011,1.6077,0.05851251321818829,-0.03746012532939946,0.0037087723592613615,0.22948938611589215,-13.336613312374679,269.631,4.3575,619466.1343
2026-01-13,600605.SH,房产服务,30.17,0.004662004662004726,0.017247210010145286,1.6109,0.08020050125313283,0.019019447213265428,0.003691562564602345,0.22842523642011972,-13.341264483540671,270.888,4.3778,622354.0883
2026-01-14,600605.SH,房产服务,29.57,-0.019887305270135935,0.016593294954283744,2.4129,0.06366906474820144,0.15754843609593583,0.0037664669936964407,0.23305677262981261,-13.321176764299892,265.5008,4.2908,609977.1426
2026-01-15,600605.SH,房产服务,29.53,-0.001352722353736846,0.043233743409490266,1.2875,0.06146657081236517,0.19206972991055848,0.0037715681841068377,0.23337222870478413,-13.319823126053544,265.1417,4.285,609152.0128
2026-01-16,600605.SH,房产服务,28.45,-0.036572976633931664,0.017452006980802848,1.9543,0.024118070554355553,0.25483291615403103,0.003914743157616172,0.2422363257594109,-13.282564590922274,255.4446,4.1282,586873.5105
2026-01-19,600605.SH,房产服务,28.65,0.007029876977152849,-0.025265957446808485,0.8858,0.0224839400428265,0.1475067131690735,0.0038874142630784276,0.24054073557356936,-13.289569873544583,257.2404,4.1573,590999.1591
2026-01-20,600605.SH,房产服务,30.08,0.04991273996509604,-0.04497001998667549,3.8812,-0.0013280212483400833,0.4355255273869296,0.00370260663507109,0.22910557184750735,-13.33827692938852,270.08,4.3648,620497.5464
2026-01-21,600605.SH,房产服务,30.02,-0.0019946808510638014,-0.0475067385444744,1.3325,0.02213142662580858,0.28270951839862146,0.0037100079690971176,0.22956314134202616,-13.336280256631593,269.5412,4.3561,619259.8519
2026-01-22,600605.SH,房产服务,29.68,-0.011325782811459018,-0.039451114922812947,0.9018,0.00952380952380949,0.23557045590943892,0.003752507143835475,0.23219634522952606,-13.324889848703366,266.4885,4.3067,612246.2493
2026-01-23,600605.SH,房产服务,29.15,-0.017857142857142905,-0.05252387448840379,1.2476,-0.030595277685400823,0.14510005344512855,0.003820734207568263,0.2364177975317982,-13.306871343096748,261.7298,4.2298,601313.2805
2026-01-26,600605.SH,房产服务,29.32,0.005831903945111572,-0.031391698639693155,1.3437,-0.031064111037673592,0.18327449894505787,0.0037985824450031736,0.2350452462098954,-13.31268630733061,263.2561,4.2545,604820.0818
2026-01-27,600605.SH,房产服务,28.67,-0.022169167803547052,0.018747789175804774,0.9344,-0.06703547022453626,-0.20429899570376708,0.0038847020433532744,0.24037305898754868,-13.290267710181025,257.42,4.1602,591411.7239
2026-01-28,600605.SH,房产服务,28.27,-0.013951866062085871,0.031785714285714306,0.8659,-0.09680511182108631,-0.2328433592631911,0.003939667925390569,0.2437775773384364,-13.276217602093103,253.8285,4.1021,583160.4268
2026-01-29,600605.SH,房产服务,28.0,-0.009550760523523105,0.025197984161267062,1.0925,-0.07346128391793516,-0.1984712184213797,0.003977658288922778,0.2461296118536021,-13.266620940533658,251.4042,4.0629,577590.8012
2026-01-30,600605.SH,房产服务,27.78,-0.007857142857142785,0.028447965430320465,0.7347,-0.07399999999999995,-0.2739700018986141,0.004009158521727034,0.24807740014884647,-13.258732767750963,249.4289,4.031,573052.5878
2026-02-02,600605.SH,房产服务,27.77,-0.00035997120230391033,-0.002777777777777879,1.0269,-0.06592667339387825,-0.3164868327820223,0.004010602428580194,0.2481635894381576,-13.258372731619556,249.3391,4.0296,572846.3053
2026-02-03,600605.SH,房产服务,28.8,0.03709038530788633,0.00692281066112832,1.1903,-0.043507140484888684,-0.2832934376459598,0.00386716743906891,0.2392916965781287,-13.29479181746669,258.5872,4.179,594093.3955
2026-02-04,600605.SH,房产服务,28.89,0.0031250000000000444,0.001404494382022392,0.8234,-0.04019933554817279,-0.28412863566341784,0.003855119965550648,0.23854392786431622,-13.29791194486848,259.3953,4.1921,595949.9374
2026-02-05,600605.SH,房产服务,28.48,-0.014191761855313234,-0.021358543417366982,0.8039,-0.0563286944996686,-0.32474120388120453,0.003910618894546251,0.24197841552533514,-13.283618516915846,255.714,4.1326,587492.3578
2026-02-06,600605.SH,房产服务,28.56,0.002808988764044784,-0.034470752089136414,0.4612,-0.06758080313418213,-0.34759897117704763,0.0038996647458218016,0.24130109550697362,-13.2864235677891,256.4323,4.1442,589142.6172
2026-02-09,600605.SH,房产服务,28.72,0.0056022408963585235,-0.04743898246820211,0.6397,-0.0436230436230437,-0.3836680285162656,0.003877939526635434,0.23995776743293182,-13.292010174558731,257.8689,4.1674,592443.1361
2026-02-10,600605.SH,房产服务,29.09,0.0128830083565461,-0.016479663394109334,0.908,-0.035797149486244684,-0.41181323347433285,0.0038286158405151788,0.23690507213759449,-13.304810902930555,261.191,4.2211,600075.586
2026-02-11,600605.SH,房产服务,28.52,-0.01959436232382261,0.006797853309481239,0.6876,-0.035508961785593485,-0.39131153028531185,0.0039051333759253216,0.2416392808815001,-13.285022025890951,256.0732,4.1384,588317.4875
2026-02-12,600605.SH,房产服务,27.95,-0.01998597475455821,-0.0039668229354489215,0.6302,-0.05350491026075188,-0.4045002148073894,0.003984773383945268,0.2465665606430456,-13.26483363003761,250.9553,4.0557,576559.3891
2026-02-13,600605.SH,房产服务,27.73,-0.007871198568872972,-0.025983399494767356,0.4585,-0.025307557117750346,-0.3622960412090285,0.0040163868583822,0.2485212982752622,-13.256931289956421,248.98,4.0238,572021.1756
2026-02-24,600605.SH,房产服务,27.71,-0.0007212405337180261,-0.06916221033868097,0.6238,-0.0328097731239092,-0.357269839419462,0.0040192861426267806,0.24870053968017108,-13.256209789305068,248.8004,4.0209,571608.6108
2026-02-25,600605.SH,房产服务,28.05,0.012269938650306678,-0.061833688699360456,0.7026,-0.0674867021276595,-0.28711256117455153,0.003970566981082631,0.24568817257137243,-13.268405062249387,251.8532,4.0702,578622.2133
2026-02-26,600605.SH,房产服务,28.14,0.0032085561497325887,-0.02353367125271555,0.7352,-0.06262491672218518,-0.250459495952272,0.003957869273161055,0.24489995836700706,-13.27160848203436,252.6612,4.0833,580478.7552
2026-02-27,600605.SH,房产服务,27.62,-0.018479033404406486,0.01593182660244552,0.9522,-0.06940700808625333,-0.17631639811888056,0.004032383263512617,0.24951344877488899,-13.25295657834311,247.9923,4.0078,569752.0689
2026-03-02,600605.SH,房产服务,26.99,-0.022809558291093546,0.049023362696285044,1.6829,-0.07409948542024014,0.08609286837480346,0.004126507155157081,0.2553365335512205,-13.229882857440455,242.3357,3.9164,556756.2759
2026-03-03,600605.SH,房产服务,26.11,-0.032604668395702086,0.07537878787878793,1.0828,-0.10948158253751705,0.21049264235444687,0.0042655855966530504,0.26394277720590176,-13.196734813034215,234.4344,3.7887,538603.4221
2026-03-04,600605.SH,房产服务,26.4,0.011106855610877098,0.04449388209121263,0.887,-0.07917683990233704,0.25728546791215634,0.004218727522092422,0.2610420799832933,-13.207780440584175,237.0383,3.8308,544585.6126
2026-03-05,600605.SH,房产服务,26.97,0.021590909090908994,0.025893508388037834,0.7643,-0.0459851432614079,0.2717421555333175,0.004129567663172639,0.25552574421873003,-13.229141567486725,242.1561,3.9135,556343.711
2026-03-06,600605.SH,房产服务,27.42,0.01668520578420485,0.06717780211756108,1.1028,-0.020714285714285685,0.3066161675937982,0.004061794517064818,0.2513320599175631,-13.2456891044608,246.1966,3.9788,565626.4203
2026-03-09,600605.SH,房产服务,27.39,-0.001094091903720007,0.10109193377949977,0.8725,-0.01403887688984884,0.10576550558236186,0.004066243994157621,0.25161030595813205,-13.244594413578573,245.9272,3.9744,565007.573
2026-03-10,600605.SH,房产服务,28.39,0.03650967506389202,0.029463968761093362,1.712,0.022326251350378135,0.20504037605313497,0.003923016297386605,0.24274790629930815,-13.2804534007904,254.9059,4.1195,585635.8159
2026-03-11,600605.SH,房产服务,28.17,-0.007749207467418029,0.07643085673658034,0.8589,-0.021874999999999978,0.2215417349550015,0.004150319595360441,0.24426585896089306,-13.272674012258781,240.9453,4.0939,581097.6025
2025-11-17,600651.SH,电器仪表,8.1,-0.039145907473309594,-0.010139416983523497,1.9727,-0.08163265306122458,-0.07985497668515895,0.002444691303939669,0.12275963663147556,-14.523887520497773,409.0496,8.146,2030692.6922
2025-11-18,600651.SH,电器仪表,7.89,-0.025925925925925908,0.04968152866242037,1.2392,-0.13770491803278695,-0.010358267773159735,0.002509759198643927,0.12602712103644703,-14.497619593634846,398.4446,7.9348,1978045.1038
2025-11-19,600651.SH,电器仪表,7.85,-0.005069708491761693,0.026348808030112858,0.8358,-0.13163716814159288,-0.025808616126346773,0.0025225477934517687,0.12666886226027918,-14.492536990601778,396.4246,7.8946,1968016.9918
2025-11-20,600651.SH,电器仪表,7.97,0.015286624203821653,0.09234828496042202,0.6551,-0.07861271676300585,-0.00684877066553613,0.0024845671113876157,0.12476295039425092,-14.507707951619402,402.4846,8.0152,1998101.328
2025-11-21,600651.SH,电器仪表,7.58,-0.04893350062735258,0.0729833546734957,1.2717,-0.11551925320886813,-0.1966410735655988,0.0026124011728636304,0.13118194936376754,-14.457536658464825,382.7896,7.623,1900327.2354
2025-11-24,600651.SH,电器仪表,7.81,0.03034300791556732,-0.01820388349514568,1.3081,-0.09396751740139209,-0.27449480113131763,0.0025354673855223797,0.12731879352711253,-14.487428422638692,394.4046,7.8543,1957988.8797
2025-11-25,600651.SH,电器仪表,8.24,0.055057618437900135,-0.022004889975550057,2.0804,0.006105006105006083,-0.1521892691869018,0.002403155246712724,0.12067384273784815,-14.5410238027355,416.1196,8.2868,2065791.0844
2025-11-26,600651.SH,电器仪表,8.18,-0.00728155339805836,-0.03623188405797084,1.5466,-0.0036540803897686658,-0.05612830899799859,0.0024207823193805895,0.12155985607313041,-14.533715609424043,413.0896,8.2264,2050748.9163
2025-11-27,600651.SH,电器仪表,8.28,0.012224938875305513,-0.04653937947494036,1.6601,0.017199017199017064,0.10040809475351686,0.0023915457899706225,0.12009126936471719,-14.545866427182292,418.1396,8.327,2075819.1964
2025-11-28,600651.SH,电器仪表,8.38,0.012077294685990614,-0.003708281829418958,1.3703,0.02444987775061147,0.1063040791100125,0.002363007030418517,0.11865774360434762,-14.557871373303028,423.1896,8.4276,2100889.4766
2025-12-01,600651.SH,电器仪表,8.09,-0.03460620525059677,-0.0024999999999999467,1.5013,-0.007361963190184118,0.11872587534365864,0.0024477131750119817,0.12291203185879866,-14.522652189847902,408.5446,8.1359,2028185.6641
2025-12-02,600651.SH,电器仪表,8.0,-0.011124845488257096,0.03132832080200498,1.0561,-0.03730445246690739,0.00689431307379107,0.002475249975495025,0.12429462798617842,-14.511465000474594,403.9996,8.0454,2005622.412
2025-12-03,600651.SH,电器仪表,7.98,-0.0024999999999999467,0.03629536921151422,0.9074,-0.012376237623762387,-0.07057076931332373,0.0024814536156764345,0.12460593373456444,-14.50896187027147,402.9896,8.0253,2000608.356
2025-12-04,600651.SH,电器仪表,7.99,0.0012531328320801727,-0.002481389578163906,0.9559,-0.0024968789013731785,-0.17020712581585784,0.002478347913454108,0.12444931179530579,-14.51021421858043,403.4946,8.0354,2003115.384
2025-12-05,600651.SH,电器仪表,8.06,0.008760951188986343,0.02130325814536338,0.8671,0.026751592356688114,-0.22894763703174437,0.002456823778909445,0.12336997421567537,-14.518937015318244,407.0296,8.1057,2020664.5801
2025-12-08,600651.SH,电器仪表,7.98,-0.00992555831265507,-0.04495747266099637,1.3474,-0.013597033374536438,-0.2488615290076922,0.0024814536156764345,0.12460593373456444,-14.50896187027147,402.9896,8.0253,2000608.356
2025-12-09,600651.SH,电器仪表,8.23,0.03132832080200498,-0.09782608695652173,3.5916,0.014796547472256671,0.03794830152930051,0.0024060752437474525,0.1208211001969384,-14.539809473461926,415.6146,8.2767,2063284.0563
2025-12-10,600651.SH,电器仪表,8.28,0.006075334143377686,-0.07711442786069644,1.9059,0.022222222222222143,0.16094424912104466,0.0023915457899706225,0.12009126936471719,-14.545866427182292,418.1396,8.327,2075819.1964
2025-12-11,600651.SH,电器仪表,8.04,-0.02898550724637683,-0.09570552147239264,1.6909,-0.009852216748768461,0.23083065262992553,0.0024629352868679242,0.12367665974077373,-14.516452542005478,406.0196,8.0856,2015650.5241
2025-12-12,600651.SH,电器仪表,8.15,0.013681592039801238,-0.0483460559796437,1.5923,-0.033214709371292894,0.3800428533957396,0.0024296931832042115,0.12200627112233568,-14.530041386035293,411.5746,8.1963,2043227.8322
2025-12-15,600651.SH,电器仪表,7.86,-0.03558282208588959,-0.01338688085676032,1.4397,-0.02962962962962956,0.4183721971071612,0.00251933844187987,0.12650861523669762,-14.493810065240947,396.9296,7.9046,1970524.0198
2025-12-16,600651.SH,电器仪表,7.47,-0.04961832061068705,-0.03369272237196763,1.5137,-0.05323193916349811,0.11934399637080961,0.002650870307230567,0.13311325275544433,-14.442918457936813,377.2346,7.5124,1872749.9272
2025-12-17,600651.SH,电器仪表,7.42,-0.00669344042838016,0.006784260515603879,1.3951,-0.054777070063694255,0.02933907009208725,0.0026687333337603305,0.1340105332279117,-14.43620251595792,374.7096,7.4621,1860214.7871
2025-12-18,600651.SH,电器仪表,7.37,-0.006738544474393482,-0.02941176470588247,0.8336,-0.07528230865746544,-0.09175738724727833,0.0026868387354017334,0.1349199924444804,-14.429441165020357,372.1846,7.4118,1847679.6471
2025-12-19,600651.SH,电器仪表,7.48,0.014925373134328401,-0.02170963364993217,1.0226,-0.01319261213720313,-0.1611330996650452,0.002647326359216773,0.13293452974410103,-14.444256250770477,377.7396,7.5225,1875256.9552
2025-12-22,600651.SH,电器仪表,7.37,-0.014705882352941235,0.002789400278940146,0.8718,-0.05633802816901401,-0.2265058422356243,0.0026868387354017334,0.1349199924444804,-14.429441165020357,372.1846,7.4118,1847679.6471
2025-12-23,600651.SH,电器仪表,7.17,-0.027137042062415184,-0.030997304582210172,1.2154,-0.12985436893203883,-0.2450362031904062,0.0027617847426306607,0.1386827908524831,-14.40192911343132,362.0847,7.2107,1797539.0868
2025-12-24,600651.SH,电器仪表,7.42,0.03486750348675027,0.004132231404958775,1.1682,-0.09290953545232272,-0.26732219132528734,0.0026687333337603305,0.1340105332279117,-14.43620251595792,374.7096,7.4621,1860214.7871
2025-12-25,600651.SH,电器仪表,7.26,-0.021563342318059342,0.012482662968099856,0.9525,-0.12318840579710144,-0.23077488712737337,0.002727547713674042,0.13696378677477675,-14.414403287636956,366.6297,7.3012,1820102.3389
2025-12-26,600651.SH,电器仪表,7.21,-0.00688705234159781,0.03198887343532686,0.8882,-0.13961813842482107,-0.23701654770237313,0.0027464627619473193,0.13791391413479706,-14.407492410083316,364.1047,7.2509,1807567.1988
2025-12-29,600651.SH,电器仪表,7.19,-0.002773925104022079,0.033379694019471495,0.7831,-0.11124845488257096,-0.22958632228782416,0.002754102442145259,0.13829728384134535,-14.404714630536034,363.0947,7.2308,1802553.1428
2025-12-30,600651.SH,电器仪表,7.19,0.0,0.026063100137174278,0.7405,-0.10124999999999995,-0.29408283332489715,0.002754102442145259,0.13829728384134535,-14.404714630536034,363.0947,7.2308,1802553.1428
2025-12-31,600651.SH,电器仪表,7.29,0.013908205841446364,0.046575342465753344,1.2919,-0.08646616541353391,-0.2855137067755126,0.0027163232283392916,0.13639959625719508,-14.418527004796173,368.1447,7.3314,1827623.4229
2026-01-05,600651.SH,电器仪表,7.3,0.00137174211248281,0.13207547169811318,1.2659,-0.08635794743429293,-0.2463851630562528,0.002712602234587469,0.13621380118233578,-14.419897806976424,368.6497,7.3414,1830130.451
2026-01-06,600651.SH,电器仪表,7.42,0.016438356164383494,0.15343203230148061,1.5376,-0.07940446650124078,-0.16902975831765132,0.0026687333337603305,0.1340105332279117,-14.43620251595792,374.7096,7.4621,1860214.7871
2026-01-07,600651.SH,电器仪表,7.43,0.0013477088948787852,0.17914438502673802,1.2963,-0.06892230576441116,-0.09141824216203398,0.0026651414950271124,0.13382939428816146,-14.437549317500267,375.2146,7.4722,1862721.8151
2026-01-08,600651.SH,电器仪表,7.48,0.006729475100942128,0.19371727748691092,1.4244,-0.0911300121506683,0.09806037954699254,0.002647326359216773,0.13293452974410103,-14.444256250770477,377.7396,7.5225,1875256.9552
2026-01-09,600651.SH,电器仪表,7.64,0.021390374331550666,0.03809523809523818,1.6069,-0.07729468599033817,0.16280889990460912,0.0025918849120158747,0.13015071452742277,-14.46542106199407,385.8196,7.6834,1915369.4035
2026-01-12,600651.SH,电器仪表,8.4,0.09947643979057608,-0.0175029171528589,4.3161,0.044776119402985204,0.4996869913609614,0.00235738081789799,0.11837541579364798,-14.560255164644026,424.1996,8.4477,2105903.5326
2026-01-13,600651.SH,电器仪表,8.57,0.020238095238095166,-0.052154195011338,4.6244,0.05153374233128827,0.7580686301465156,0.002310618261370668,0.11602812521755272,-14.58029119142539,432.7846,8.6186,2148523.0089
2026-01-14,600651.SH,电器仪表,8.82,0.029171528588098017,-0.0910087719298246,4.9491,0.12213740458015265,1.008576354782134,0.002245124487662592,0.112738300582857,-14.60904532879989,445.4096,8.8701,2211198.7092
2026-01-15,600651.SH,电器仪表,9.12,0.034013605442176686,-0.04816513761467889,3.2788,0.22088353413654604,1.1177698068940622,0.0021712716443213864,0.1090298523735799,-14.642493262889746,460.5596,9.1718,2286409.5497
2026-01-16,600651.SH,电器仪表,8.72,-0.04385964912280682,0.05581947743467941,3.1596,0.17520215633423186,1.1842269971445378,0.002270871351504543,0.11403158674952961,-14.597642696724794,440.3596,8.7695,2186128.4291
2026-01-19,600651.SH,电器仪表,8.42,-0.034403669724770714,0.004784688995215447,2.4964,0.1424694708276797,0.9036711520016867,0.002351781333253059,0.11809442830487257,-14.562633287034782,425.2096,8.4678,2110917.5886
2026-01-20,600651.SH,电器仪表,8.36,-0.0071258907363420665,0.02050663449939716,2.1561,0.11764705882352922,0.6030702192728217,0.0023686601626416812,0.11894142134998513,-14.555481885872283,422.1796,8.4075,2095875.4205
2026-01-21,600651.SH,电器仪表,8.29,-0.00837320574162681,0.013253012048192625,1.0992,0.12483039348710978,0.21142045087526662,0.0023886609310140388,0.11994578450540357,-14.54707342792512,418.6446,8.3371,2078326.2244
2026-01-22,600651.SH,电器仪表,8.3,0.0012062726176118588,-0.08098987626546683,1.1879,0.1576011157601116,0.004318414045660468,0.002385783023531455,0.11980208695235472,-14.548278973621338,419.1496,8.3471,2080833.2525
2026-01-23,600651.SH,电器仪表,8.89,0.07108433734939767,-0.02619047619047632,2.8679,0.19811320754716988,-0.06423235089259305,0.0022274463263395974,0.11185056764163077,-14.616950508304868,448.9446,8.9405,2228747.9053
2026-01-26,600651.SH,电器仪表,8.4,-0.055118110236220486,-0.06737588652482285,2.2977,0.1570247933884299,-0.1116945548673387,0.00235738081789799,0.11837541579364798,-14.560255164644026,424.1996,8.4477,2105903.5326
2026-01-27,600651.SH,电器仪表,8.46,0.0071428571428571175,-0.030915576694411362,1.9058,0.1733703190013871,-0.15471394764889723,0.0023406617893516743,0.11753643629525154,-14.567372632417603,427.2296,8.508,2120945.7007
2026-01-28,600651.SH,电器仪表,8.41,-0.005910165484633634,-0.014687882496939975,1.5179,0.16968011126564675,-0.1313093619781256,0.0023545777465089853,0.11823545408326139,-14.561444932772499,424.7046,8.4577,2108410.5606
2026-01-29,600651.SH,电器仪表,8.17,-0.028537455410225898,-0.020782396088019572,1.6366,0.13630041724617525,-0.10917426197554236,0.002423745336108037,0.12170780390438635,-14.532492367688638,412.5846,8.2164,2048241.8883
2026-01-30,600651.SH,电器仪表,8.18,0.001223990208078396,0.006337135614702172,1.2661,0.12208504801097386,-0.24829213762265567,0.0024207823193805895,0.12155985607313041,-14.533715609424043,413.0896,8.2264,2050748.9163
2026-02-02,600651.SH,电器仪表,7.89,-0.03545232273838628,0.0,1.1239,0.08082191780821923,-0.3485891402378646,0.002509759198643927,0.12602712103644703,-14.497619593634846,398.4446,7.9348,1978045.1038
2026-02-03,600651.SH,电器仪表,8.15,0.03295310519645134,0.027329192546583725,1.057,0.09838274932614555,-0.416675318822747,0.0024296931832042115,0.12200627112233568,-14.530041386035293,411.5746,8.1963,2043227.8322
2026-02-04,600651.SH,电器仪表,8.05,-0.012269938650306678,0.056179775280899014,0.9365,0.08344549125168244,-0.46378731771187065,0.0024598757369172736,0.12352236372395221,-14.517695550237617,406.5246,8.0957,2018157.5521
2026-02-05,600651.SH,电器仪表,8.01,-0.00496894409937898,0.021410579345088054,0.7206,0.07085561497326198,-0.5381375199357531,0.0024721597727195193,0.1241387871640494,-14.512714219867556,404.5046,8.0555,2008129.44
2026-02-06,600651.SH,电器仪表,7.94,-0.008739076154806402,-0.008588957055214785,0.78,0.03926701570680646,-0.5741580908118475,0.0024939546539189004,0.12523324692239296,-14.503936734048779,400.9696,7.9851,1990580.2439
2026-02-09,600651.SH,电器仪表,8.15,0.026448362720403074,-0.044740024183796745,0.9723,-0.029761904761904767,-0.5537370921571272,0.0024296931832042115,0.12200627112233568,-14.530041386035293,411.5746,8.1963,2043227.8322
2026-02-10,600651.SH,电器仪表,8.27,0.014723926380368013,-0.0520094562647756,1.0611,-0.03500583430571769,-0.5096859105304288,0.002394437625618184,0.12023710757614015,-14.544657967827947,417.6346,8.3169,2073312.1684
2026-02-11,600651.SH,电器仪表,8.46,0.02297460701330123,-0.013563501849568338,2.5481,-0.04081632653061218,-0.2859184901451445,0.0023406617893516743,0.11753643629525154,-14.567372632417603,427.2296,8.508,2120945.7007
2026-02-12,600651.SH,电器仪表,8.11,-0.0413711583924351,-0.006188118811881305,1.4493,-0.11074561403508776,-0.1549875930521093,0.002441676885084431,0.12260912211868562,-14.525121326939294,409.5546,8.156,2033199.7202
2026-02-13,600651.SH,电器仪表,8.08,-0.0036991368680640013,-0.032911392405063356,1.0576,-0.07339449541284415,-0.05920764483376473,0.0024507425259705186,0.12306329145079314,-14.521415331317888,408.0396,8.1259,2025678.6361
2026-02-24,600651.SH,电器仪表,7.9,-0.022277227722772297,-0.07356608478802995,1.0949,-0.061757719714964354,0.003740887025211803,0.0025065822850806217,0.12586849259893262,-14.498886218292979,398.9496,7.9448,1980552.1319
2026-02-25,600651.SH,电器仪表,8.02,0.015189873417721378,-0.08125000000000004,0.9117,-0.04066985645933008,0.027436972803096094,0.0024690772761929596,0.12398487384539086,-14.51396188065826,405.0096,8.0655,2010636.468
2026-02-26,600651.SH,电器仪表,8.0,-0.0024937655860348684,-0.06102117061021162,0.9165,-0.03498190591073569,-0.20466945447355134,0.002475249975495025,0.12429462798617842,-14.511465000474594,403.9996,8.0454,2005622.412
2026-02-27,600651.SH,电器仪表,8.03,0.00374999999999992,-0.01308900523560208,0.8501,-0.03253012048192783,-0.28357235017574045,0.0024660024571248485,0.12382980831145673,-14.515207986731074,405.5146,8.0756,2013143.496
2026-03-02,600651.SH,电器仪表,7.64,-0.04856787048567868,0.0013458950201885589,1.4595,-0.14060742407199112,-0.18121361957814353,0.0025918849120158747,0.13015071452742277,-14.46542106199407,385.8196,7.6834,1915369.4035
2026-03-03,600651.SH,电器仪表,7.43,-0.027486910994764413,0.03265306122448974,1.1593,-0.11547619047619051,-0.13250466738724576,0.0026651414950271124,0.13382939428816146,-14.437549317500267,375.2146,7.4722,1862721.8151
2026-03-04,600651.SH,电器仪表,7.35,-0.010767160161507361,-0.003978779840848823,0.7868,-0.13120567375886538,-0.11228964463781554,0.002694149869091258,0.13528687582017668,-14.426723772005936,371.1746,7.3917,1842665.591
2026-03-05,600651.SH,电器仪表,7.54,0.025850340136054584,-0.023872679045092826,0.9595,-0.10344827586206895,-0.08293695103616239,0.0026262600795861854,0.13187740676267343,-14.452245640809332,380.7696,7.5828,1890299.1233
2026-03-06,600651.SH,电器仪表,7.54,0.0,-0.02284946236559149,0.6303,-0.07711138310893506,-0.08092966777209976,0.0026262600795861854,0.13187740676267343,-14.452245640809332,380.7696,7.5828,1890299.1233
2026-03-09,600651.SH,电器仪表,7.44,-0.013262599469495928,-0.031620553359683834,0.8172,-0.09046454767726153,-0.1822169620800106,0.0026615593117846393,0.13365053059260645,-14.438894307661203,375.7196,7.4822,1865228.8432
2026-03-10,600651.SH,电器仪表,7.59,0.020161290322580516,-0.03462050599201061,0.7087,-0.03802281368821292,-0.25228720601619026,0.0026089592704932447,0.13100837143493468,-14.458855050210179,383.2946,7.6331,1902834.2634
2026-03-11,600651.SH,电器仪表,7.51,-0.010540184453227908,-0.009510869565217406,0.6577,-0.07852760736196329,-0.26292503552645075,0.002636751142899783,0.13240473479331621,-14.44825892458939,379.2546,7.5526,1882778.0393
2025-11-17,600653.SH,汽车服务,2.21,0.004545454545454408,-0.07075471698113212,1.8956,0.08333333333333326,0.031279243017526825,0.0013444098363476794,0.1699379726399864,-12.971889380520485,743.8208,5.8845,430150.0501
2025-11-18,600653.SH,汽车服务,2.12,-0.040723981900452455,-0.03883495145631066,3.7768,0.0,0.20286323412060359,0.0014014839472627197,0.17715105670605324,-12.930312953565085,713.5294,5.6449,412632.6272
2025-11-19,600653.SH,汽车服务,2.06,-0.028301886792452824,-0.019607843137254943,2.7509,-0.032863849765258135,0.2839847348335307,0.0014423038091820521,0.1823120818216623,-12.90160284768736,693.3352,5.4851,400954.3453
2025-11-20,600653.SH,汽车服务,2.04,-0.009708737864077666,0.02051282051282044,2.0659,-0.051162790697674376,0.24361581548133815,0.0014564440220109472,0.18409764539111545,-12.891846672827576,686.6038,5.4319,397061.5847
2025-11-21,600653.SH,汽车服务,1.95,-0.044117647058823595,0.025380710659898442,2.6536,-0.07142857142857151,0.23095078650738277,0.0015236646450684154,0.19259658718847503,-12.846726237426994,656.3124,5.1922,379544.1618
2025-11-24,600653.SH,汽车服务,1.97,0.01025641025641022,0.025252525252525082,1.3183,-0.0574162679425837,0.19493894784891053,0.0015081957620000728,0.19063959584405682,-12.856930407512964,663.0439,5.2455,383436.9224
2025-11-25,600653.SH,汽车服务,1.98,0.0050761421319796,0.020000000000000018,1.1045,-0.04807692307692313,-0.05553725793440545,0.001500578623117074,0.18967773752394682,-12.861993709685526,666.4096,5.2721,385383.3028
2025-11-26,600653.SH,汽车服务,2.0,0.010101010101010166,0.010050251256281229,1.2967,-0.03846153846153855,-0.1907073758406157,0.001485572859178092,0.18777932174108986,-12.872044045450805,673.141,5.3254,389276.0634
2025-11-27,600653.SH,汽车服务,1.99,-0.0050000000000000044,-0.01980198019801982,1.2365,-0.02450980392156865,-0.26385721368368864,0.001493038038279405,0.18872553645233736,-12.86703150367115,669.7753,5.2987,387329.6831
2025-11-28,600653.SH,汽车服务,2.02,0.015075376884422065,-0.004926108374384119,1.5932,-0.014634146341463317,-0.3663117256326772,0.0014708642386424278,0.1859219871341985,-12.881994376217495,679.8724,5.3786,393168.824
2025-12-01,600653.SH,汽车服务,2.03,0.004950495049504955,-0.014705882352941346,1.3481,-0.03333333333333344,-0.34954767907459594,0.0014636186126037174,0.18500703026715015,-12.88693265806857,683.2381,5.4052,395115.2044
2025-12-02,600653.SH,汽车服务,2.04,0.0049261083743843415,-0.00995024875621886,1.4652,-0.023923444976076458,-0.31419112560529705,0.0014564440220109472,0.18409764539111545,-12.891846672827576,686.6038,5.4319,397061.5847
2025-12-03,600653.SH,汽车服务,2.01,-0.014705882352941346,0.0,1.4251,-0.06074766355140204,-0.26492068733311314,0.0014781819603560467,0.18684603886397608,-12.87703158691839,676.5067,5.352,391222.4437
2025-12-04,600653.SH,汽车服务,1.98,-0.01492537313432829,-0.044554455445544594,1.3595,-0.0660377358490567,-0.23943945002644096,0.001500578623117074,0.18967773752394682,-12.861993709685526,666.4096,5.2721,385383.3028
2025-12-05,600653.SH,汽车服务,2.02,0.02020202020202011,-0.03980099502487555,1.1505,-0.03809523809523818,-0.27210755947212595,0.0014708642386424278,0.1859219871341985,-12.881994376217495,679.8724,5.3786,393168.824
2025-12-08,600653.SH,汽车服务,2.01,-0.004950495049505066,-0.025125628140703515,1.1428,-0.05633802816901412,-0.278895933037424,0.0014781819603560467,0.18684603886397608,-12.87703158691839,676.5067,5.352,391222.4437
2025-12-09,600653.SH,汽车服务,1.99,-0.00995024875621886,-0.04040404040404044,1.2567,-0.07441860465116279,-0.29205933219154157,0.001493038038279405,0.18872553645233736,-12.86703150367115,669.7753,5.2987,387329.6831
2025-12-10,600653.SH,汽车服务,1.98,-0.005025125628140725,-0.020725388601036343,0.78,-0.07042253521126762,-0.3470926429579646,0.001500578623117074,0.18967773752394682,-12.861993709685526,666.4096,5.2721,385383.3028
2025-12-11,600653.SH,汽车服务,1.93,-0.025252525252525304,-0.015544041450777257,1.6248,-0.10648148148148162,-0.29838906840494495,0.0015394538941255979,0.1945903872348706,-12.836416867858231,649.581,5.139,375651.4012
2025-12-12,600653.SH,汽车服务,1.93,0.0,0.015463917525773141,0.789,-0.1227272727272728,-0.30157303090183174,0.0015394538941255979,0.1945903872348706,-12.836416867858231,649.581,5.139,375651.4012
2025-12-15,600653.SH,汽车服务,1.94,0.005181347150259086,0.04210526315789487,0.5957,-0.12217194570135748,-0.3432377382556012,0.001531518575712229,0.19358835372463992,-12.841584837971393,652.9467,5.1656,377597.7815
2025-12-16,600653.SH,汽车服务,1.9,-0.020618556701030966,0.02645502645502651,1.3513,-0.10377358490566047,-0.2735982026472802,0.0015637610266654096,0.19766361605819216,-12.820750750982132,639.4839,5.0591,369812.2602
2025-12-17,600653.SH,汽车服务,1.89,-0.0052631578947368585,0.015789473684210575,1.1038,-0.08252427184466027,-0.18014192909546478,0.001572034882825236,0.19870839542970692,-12.815473693927071,636.1182,5.0325,367865.8799
2025-12-18,600653.SH,汽车服务,1.9,0.005291005291005346,-0.015228426395939132,1.1575,-0.06862745098039225,-0.2238047901587401,0.0015637610266654096,0.19766361605819216,-12.820750750982132,639.4839,5.0591,369812.2602
2025-12-19,600653.SH,汽车服务,1.97,0.03684210526315801,-0.025252525252525304,1.8687,0.01025641025641022,-0.02642993603787258,0.0015081957620000728,0.19063959584405682,-12.856930407512964,663.0439,5.2455,383436.9224
2025-12-22,600653.SH,汽车服务,1.98,0.0050761421319796,0.0,1.3908,0.0050761421319796,0.09776201658120476,0.001500578623117074,0.18967773752394682,-12.861993709685526,666.4096,5.2721,385383.3028
2025-12-23,600653.SH,汽车服务,1.94,-0.02020202020202022,-0.010362694300518172,1.2529,-0.02020202020202022,0.07566855110207715,0.001531518575712229,0.19358835372463992,-12.841584837971393,652.9467,5.1656,377597.7815
2025-12-24,600653.SH,汽车服务,1.93,-0.005154639175257714,-0.020618556701030966,0.7939,-0.03500000000000003,0.04736287774447079,0.0015394538941255979,0.1945903872348706,-12.836416867858231,649.581,5.139,375651.4012
2025-12-25,600653.SH,汽车服务,1.94,0.005181347150259086,-0.010362694300518172,0.8288,-0.025125628140703515,0.010795648789247991,0.001531518575712229,0.19358835372463992,-12.841584837971393,652.9467,5.1656,377597.7815
2025-12-26,600653.SH,汽车服务,1.93,-0.005154639175257714,0.0,0.8817,-0.044554455445544594,-0.12621145000594058,0.0015394538941255979,0.1945903872348706,-12.836416867858231,649.581,5.139,375651.4012
2025-12-29,600653.SH,汽车服务,1.94,0.005181347150259086,0.005235602094240788,0.7987,-0.044334975369458074,-0.20825114913065756,0.001531518575712229,0.19358835372463992,-12.841584837971393,652.9467,5.1656,377597.7815
2025-12-30,600653.SH,汽车服务,1.91,-0.015463917525773252,0.021052631578947434,0.9207,-0.06372549019607854,-0.24819671693461887,0.0015555738076215649,0.19662976581394892,-12.82600010682297,642.8496,5.0857,371758.6405
2025-12-31,600653.SH,汽车服务,1.9,-0.005235602094240788,0.020942408376963373,0.8143,-0.05472636815920395,-0.2234597774230288,0.0015637610266654096,0.19766361605819216,-12.820750750982132,639.4839,5.0591,369812.2602
2026-01-05,600653.SH,汽车服务,1.91,0.0052631578947368585,0.020618556701030855,0.6669,-0.03535353535353536,-0.22864498452963,0.0015555738076215649,0.19662976581394892,-12.82600010682297,642.8496,5.0857,371758.6405
2026-01-06,600653.SH,汽车服务,1.94,0.015706806282722585,0.02083333333333326,1.195,-0.03960396039603964,-0.17118883756010195,0.001531518575712229,0.19358835372463992,-12.841584837971393,652.9467,5.1656,377597.7815
2026-01-07,600653.SH,汽车服务,1.92,-0.010309278350515427,0.010309278350515427,0.9766,-0.04477611940298498,-0.13083552675338983,0.0015474718719906508,0.19560667409972027,-12.83122205102688,646.2153,5.1123,373705.0209
2026-01-08,600653.SH,汽车服务,1.94,0.01041666666666674,-0.01025641025641022,1.0305,-0.025125628140703515,-0.1002996887847235,0.001531518575712229,0.19358835372463992,-12.841584837971393,652.9467,5.1656,377597.7815
2026-01-09,600653.SH,汽车服务,1.95,0.005154639175257714,-0.025252525252525304,1.0661,-0.015151515151515138,-0.06477730875462506,0.0015236646450684154,0.19259658718847503,-12.846726237426994,656.3124,5.1922,379544.1618
2026-01-12,600653.SH,汽车服务,1.98,0.01538461538461533,-0.010204081632653073,1.7789,0.02590673575129543,0.13764591897205292,0.001500578623117074,0.18967773752394682,-12.861993709685526,666.4096,5.2721,385383.3028
2026-01-13,600653.SH,汽车服务,1.96,-0.010101010101010055,0.0,1.23,0.015544041450777257,0.12097978141069365,0.001515890856464691,0.19161493063539511,-12.851841338049404,659.6781,5.2188,381490.5421
2026-01-14,600653.SH,汽车服务,1.96,0.0,0.005181347150259086,1.5439,0.010309278350515427,0.17423513310670602,0.001515890856464691,0.19161493063539511,-12.851841338049404,659.6781,5.2188,381490.5421
2026-01-15,600653.SH,汽车服务,1.93,-0.015306122448979553,0.02590673575129543,0.8811,0.015789473684210575,0.1721849527519299,0.0015394538941255979,0.1945903872348706,-12.836416867858231,649.581,5.139,375651.4012
2026-01-16,600653.SH,汽车服务,1.93,0.0,0.030927835051546504,0.8356,0.021164021164021163,0.14445570128601792,0.0015394538941255979,0.1945903872348706,-12.836416867858231,649.581,5.139,375651.4012
2026-01-19,600653.SH,汽车服务,1.94,0.005181347150259086,-0.005102040816326481,0.7126,0.021052631578947434,-0.030506295504408754,0.001531518575712229,0.19358835372463992,-12.841584837971393,652.9467,5.1656,377597.7815
2026-01-20,600653.SH,汽车服务,1.96,0.010309278350515427,-0.005154639175257714,1.2597,-0.005076142131979711,0.0034949445555092495,0.001515890856464691,0.19161493063539511,-12.851841338049404,659.6781,5.2188,381490.5421
2026-01-21,600653.SH,汽车服务,1.94,-0.010204081632653073,-0.030303030303030276,0.748,-0.02020202020202022,-0.12207717687562758,0.001531518575712229,0.19358835372463992,-12.841584837971393,652.9467,5.1656,377597.7815
2026-01-22,600653.SH,汽车服务,1.98,0.020618556701030855,-0.040000000000000036,2.0604,0.020618556701030855,0.06858072433573992,0.001500578623117074,0.18967773752394682,-12.861993709685526,666.4096,5.2721,385383.3028
2026-01-23,600653.SH,汽车服务,2.0,0.010101010101010166,-0.02051282051282055,1.6989,0.0362694300518136,0.1819558198500575,0.001485572859178092,0.18777932174108986,-12.872044045450805,673.141,5.3254,389276.0634
2026-01-26,600653.SH,汽车服务,1.95,-0.025000000000000022,-0.020725388601036343,1.9893,0.005154639175257714,0.3437279385332346,0.0015236646450684154,0.19259658718847503,-12.846726237426994,656.3124,5.1922,379544.1618
2026-01-27,600653.SH,汽车服务,1.93,-0.01025641025641022,0.0,1.4579,0.0,0.3445115380877324,0.0015394538941255979,0.1945903872348706,-12.836416867858231,649.581,5.139,375651.4012
2026-01-28,600653.SH,汽车服务,1.92,-0.005181347150259086,0.005208333333333259,1.2211,-0.010309278350515427,0.3994976647638815,0.0015474718719906508,0.19560667409972027,-12.83122205102688,646.2153,5.1123,373705.0209
2026-01-29,600653.SH,汽车服务,1.92,0.0,0.005235602094240788,1.1286,0.005235602094240788,0.23411016077117464,0.0015474718719906508,0.19560667409972027,-12.83122205102688,646.2153,5.1123,373705.0209
2026-01-30,600653.SH,汽车服务,1.91,-0.00520833333333337,0.015873015873015817,1.2723,0.0052631578947368585,0.14234004217602414,0.0015555738076215649,0.19662976581394892,-12.82600010682297,642.8496,5.0857,371758.6405
2026-02-02,600653.SH,汽车服务,1.89,-0.010471204188481686,0.015625,1.1116,-0.010471204188481686,-0.017148118310507665,0.001572034882825236,0.19870839542970692,-12.815473693927071,636.1182,5.0325,367865.8799
2026-02-03,600653.SH,汽车服务,1.92,0.015873015873015817,0.020725388601036343,0.854,-0.010309278350515427,-0.10084442674326466,0.0015474718719906508,0.19560667409972027,-12.83122205102688,646.2153,5.1123,373705.0209
2026-02-04,600653.SH,汽车服务,1.93,0.005208333333333259,0.02604166666666674,1.3433,0.005208333333333259,-0.09453769852282379,0.0015394538941255979,0.1945903872348706,-12.836416867858231,649.581,5.139,375651.4012
2026-02-05,600653.SH,汽车服务,1.92,-0.005181347150259086,0.005208333333333259,0.8348,-0.010309278350515427,-0.13441291987805704,0.0015474718719906508,0.19560667409972027,-12.83122205102688,646.2153,5.1123,373705.0209
2026-02-06,600653.SH,汽车服务,1.92,0.0,-0.02051282051282055,1.0029,-0.015384615384615441,-0.17538624228416722,0.0015474718719906508,0.19560667409972027,-12.83122205102688,646.2153,5.1123,373705.0209
2026-02-09,600653.SH,汽车服务,1.95,0.015625,-0.015228426395939132,1.2077,-0.015151515151515138,-0.14031901679532,0.0015236646450684154,0.19259658718847503,-12.846726237426994,656.3124,5.1922,379544.1618
2026-02-10,600653.SH,汽车服务,1.97,0.01025641025641022,-0.005076142131979711,2.1572,0.005102040816326481,0.03407066889407573,0.0015081957620000728,0.19063959584405682,-12.856930407512964,663.0439,5.2455,383436.9224
2026-02-11,600653.SH,汽车服务,1.97,0.0,0.020725388601036343,1.6713,0.005102040816326481,0.0804493816875782,0.0015081957620000728,0.19063959584405682,-12.856930407512964,663.0439,5.2455,383436.9224
2026-02-12,600653.SH,汽车服务,1.93,-0.020304568527918843,0.03664921465968596,1.4413,0.0,0.15045465905377053,0.0015394538941255979,0.1945903872348706,-12.836416867858231,649.581,5.139,375651.4012
2026-02-13,600653.SH,汽车服务,1.91,-0.010362694300518172,-0.015463917525773252,1.0961,-0.010362694300518172,0.15323765655335198,0.0015555738076215649,0.19662976581394892,-12.82600010682297,642.8496,5.0857,371758.6405
2026-02-24,600653.SH,汽车服务,1.94,0.015706806282722585,-0.04591836734693866,1.2799,0.0,0.13962058853120585,0.001531518575712229,0.19358835372463992,-12.841584837971393,652.9467,5.1656,377597.7815
2026-02-25,600653.SH,汽车服务,1.96,0.010309278350515427,-0.060913705583756306,1.9817,0.0,0.08429039527111604,0.001515890856464691,0.19161493063539511,-12.851841338049404,659.6781,5.2188,381490.5421
2026-02-26,600653.SH,汽车服务,1.97,0.005102040816326481,-0.0505050505050505,1.85,0.015463917525773141,0.06753941863832558,0.0015081957620000728,0.19063959584405682,-12.856930407512964,663.0439,5.2455,383436.9224
2026-02-27,600653.SH,汽车服务,1.98,0.0050761421319796,0.0,1.6181,0.0,0.10933446736125885,0.001500578623117074,0.18967773752394682,-12.861993709685526,666.4096,5.2721,385383.3028
2026-03-02,600653.SH,汽车服务,1.91,-0.03535353535353536,0.010695187165775222,2.2629,-0.04500000000000004,0.24975331804600076,0.0015555738076215649,0.19662976581394892,-12.82600010682297,642.8496,5.0857,371758.6405
2026-03-03,600653.SH,汽车服务,1.87,-0.020942408376963262,0.027027027027026973,2.4818,-0.04102564102564099,0.3929529112367418,0.001588848066085911,0.2008354755784062,-12.804835295815051,629.3868,4.9792,363973.1193
2026-03-04,600653.SH,汽车服务,1.85,-0.010695187165775444,0.005319148936170137,1.543,-0.041450777202072464,0.3291461736535921,0.0016060247771078513,0.20300446609825415,-12.79408250385612,622.6554,4.926,360080.3586
2026-03-05,600653.SH,汽车服务,1.88,0.01621621621621605,-0.005235602094240788,1.052,-0.02083333333333337,0.22749524674123434,0.0015803967586062479,0.19976826880818252,-12.810168641743648,632.7525,5.0058,365919.4996
2026-03-06,600653.SH,汽车服务,1.91,0.015957446808510634,0.015873015873015817,1.0417,-0.00520833333333337,0.1519399661897496,0.0015555738076215649,0.19662976581394892,-12.82600010682297,642.8496,5.0857,371758.6405
2026-03-09,600653.SH,汽车服务,1.89,-0.010471204188481686,0.010526315789473717,1.1102,-0.010471204188481686,-0.00092255066254332,0.001572034882825236,0.19870839542970692,-12.815473693927071,636.1182,5.0325,367865.8799
2026-03-10,600653.SH,汽车服务,1.9,0.005291005291005346,0.021164021164021163,0.7263,0.005291005291005346,-0.23334337201728517,0.0015637610266654096,0.19766361605819216,-12.820750750982132,639.4839,5.0591,369812.2602
2026-03-11,600653.SH,汽车服务,1.89,-0.0052631578947368585,0.010526315789473717,0.8285,-0.015625,-0.33283095051996614,0.001572034882825236,0.19870839542970692,-12.815473693927071,636.1182,5.0325,367865.8799
2025-11-28,600654.SH,仓储物流,4.15,-0.02810304449648693,-0.06553398058252424,11.5184,0.1657303370786518,-0.23988066401036168,0.01733252448219083,0.14469267276305128,-13.992568566309528,57.695,6.9112,1193700.3357
2025-12-01,600654.SH,仓储物流,4.12,-0.0072289156626507145,-0.03015075376884424,6.3862,0.08136482939632539,-0.14234411582140116,0.01745874063120331,0.14574709963271731,-13.98531339538891,57.2779,6.8612,1185071.1766
2025-12-02,600654.SH,仓储物流,3.98,-0.03398058252427183,0.030927835051546504,4.8783,0.044619422572178546,-0.1339086717479263,0.018072855294262228,0.1508727991430425,-13.950742051335695,55.3316,6.6281,1144801.7677
2025-12-03,600654.SH,仓储物流,3.88,-0.025125628140703515,0.029023746701847042,4.081,0.01041666666666674,-0.0975557033473462,0.018538670740230585,0.15476282596920218,-13.925295385683535,53.9413,6.4615,1116037.9042
2025-12-04,600654.SH,仓储物流,3.79,-0.02319587628865971,-0.025974025974025983,3.081,-0.005249343832021025,-0.16137993998434497,0.018978897364020943,0.1584384308257811,-13.901826251105334,52.6901,6.3116,1090150.427
2025-12-05,600654.SH,仓储物流,3.85,0.0158311345646438,-0.010362694300518172,2.7276,0.02393617021276606,-0.4014458717673024,0.018683102814983102,0.1559673092519808,-13.917533380305688,53.5243,6.4116,1107408.7451
2025-12-08,600654.SH,仓储物流,3.86,0.0025974025974024872,-0.057499999999999996,2.7173,-0.005154639175257714,-0.49339185988396095,0.018634709382389827,0.15556454372919323,-13.92012741552695,53.6633,6.4282,1110285.1315
2025-12-09,600654.SH,仓储物流,4.0,0.0362694300518136,-0.06153846153846143,7.966,0.025641025641025772,-0.4088162186238308,0.017982506617562434,0.1501185936890143,-13.955754593157492,55.6096,6.6614,1150554.5404
2025-12-10,600654.SH,仓储物流,3.9,-0.025000000000000022,-0.016000000000000014,4.3622,-0.09090909090909094,-0.3887421702567949,0.018443582924193184,0.15396932930960153,-13.930436785182117,54.2194,6.4948,1121790.6769
2025-12-11,600654.SH,仓储物流,3.75,-0.038461538461538436,-0.04450261780104714,3.2025,-0.1071428571428572,-0.332790462436939,0.019181340392066596,0.16012810248198558,-13.891216071996743,52.134,6.245,1078644.8816
2025-12-12,600654.SH,仓储物流,3.82,0.01866666666666661,-0.023872679045092826,2.8869,-0.09692671394799068,-0.2839607811250696,0.018829838515304894,0.15719315895372232,-13.909710654672466,53.1072,6.3616,1098779.5861
2025-12-15,600654.SH,仓储物流,3.77,-0.01308900523560208,0.008196721311475308,2.1654,-0.12325581395348828,-0.25655498858176384,0.019079563688537568,0.15927878565853815,-13.896535233472623,52.4121,6.2783,1084397.6543
2025-12-16,600654.SH,仓储物流,3.66,-0.02917771883289122,-0.013550135501354976,2.7444,-0.18666666666666665,-0.4017360147605068,0.01965300651693696,0.16406621712523173,-13.866923379483172,50.8828,6.0951,1052757.4045
2025-12-17,600654.SH,仓储物流,3.69,0.008196721311475308,0.016438356164383494,2.7461,-0.10218978102189791,-0.42675966761544315,0.01949321538638477,0.162731281834307,-13.875086690072136,51.2999,6.1451,1061386.5635
2025-12-18,600654.SH,仓储物流,3.65,-0.01084010840108407,0.01902173913043481,1.6279,-0.08750000000000002,-0.4481815863300178,0.019706841032796126,0.16451427161306242,-13.864187399617714,50.7438,6.0785,1049881.0181
2025-12-19,600654.SH,仓储物流,3.68,0.008219178082191858,0.013550135501354976,2.0265,-0.036649214659685736,-0.46365925483334036,0.019546215070913666,0.16317206494248185,-13.872372984248672,51.1608,6.1285,1058510.1772
2025-12-22,600654.SH,仓储物流,3.69,0.0027173913043476716,0.024725274725274637,1.9731,-0.03655352480417762,-0.45789785484944445,0.01949321538638477,0.162731281834307,-13.875086690072136,51.2999,6.1451,1061386.5635
2025-12-23,600654.SH,仓储物流,3.64,-0.013550135501354976,0.008086253369272267,2.1892,-0.08080808080808077,-0.4632164427696992,0.019761010340936712,0.16496750140222377,-13.861443913720635,50.6047,6.0618,1047004.6318
2025-12-24,600654.SH,仓储物流,3.71,0.019230769230769162,0.005333333333333412,2.5141,-0.04381443298969068,-0.46747286989534576,0.01938814880016441,0.16185420173507706,-13.880492108637267,51.5779,6.1784,1067139.3362
2025-12-25,600654.SH,仓储物流,3.75,0.010781671159029615,0.03475935828876997,1.8658,-0.12177985948477743,-0.4260812192251143,0.019181340392066596,0.16012810248198558,-13.891216071996743,52.134,6.245,1078644.8816
2025-12-26,600654.SH,仓储物流,3.74,-0.002666666666666595,0.05630026809651478,2.5122,-0.09879518072289162,-0.31608554498814445,0.019232618521011637,0.16055487765718324,-13.88854584348821,51.995,6.2284,1075768.4953
2025-12-29,600654.SH,仓储物流,3.73,-0.002673796791443861,0.02941176470588225,1.8855,-0.09466019417475735,-0.2707396139843399,0.019284171551990126,0.1609865254278217,-13.885868465671887,51.856,6.2117,1072892.1089
2025-12-30,600654.SH,仓储物流,3.74,0.002680965147453085,0.039787798408488007,2.4103,-0.06030150753768837,-0.22420733292883777,0.019232618521011637,0.16055487765718324,-13.88854584348821,51.995,6.2284,1075768.4953
2025-12-31,600654.SH,仓储物流,3.77,0.008021390374331583,0.010335917312661591,2.6369,-0.028350515463917536,-0.19555341397452752,0.019079563688537568,0.15927878565853815,-13.896535233472623,52.4121,6.2783,1084397.6543
2026-01-05,600654.SH,仓储物流,3.87,0.02652519893899208,0.043147208121827596,3.3695,0.02110817941952514,-0.09325766769150223,0.0185865660018252,0.15516144548402613,-13.922714739046052,53.8023,6.4449,1113161.5178
2026-01-06,600654.SH,仓储物流,3.94,0.018087855297157507,0.033766233766233666,3.573,0.023376623376623273,-0.032662423224133263,0.018248907802867996,0.15255064681474248,-13.941047799816912,54.7978,6.5552,1133757.3914
2026-01-07,600654.SH,仓储物流,3.85,-0.022842639593908642,0.03571428571428559,3.0521,-0.002590673575129432,0.04258563566546969,0.018675531318866023,0.1561158379517602,-13.91794022478752,53.546,6.4055,1107859.3799
2026-01-08,600654.SH,仓储物流,3.92,0.018181818181818077,0.020460358056265893,2.9203,-0.020000000000000018,0.18121141806816454,0.018342027454346696,0.15332955120440364,-13.935958730364343,54.5196,6.5219,1128002.2778
2026-01-09,600654.SH,仓储物流,3.91,-0.0025510204081632404,-0.048661800486618056,2.6958,0.002564102564102555,0.2244286484631599,0.018388944566526604,0.15372081226077197,-13.93340445049803,54.3805,6.5053,1125124.7209
2026-01-12,600654.SH,仓储物流,4.11,0.051150895140664954,-0.012562814070351758,5.1976,0.09600000000000009,0.3163196370814041,0.017494108858841784,0.1462394524794899,-13.983290104992895,57.1621,6.8381,1182675.8575
2026-01-13,600654.SH,仓储物流,3.98,-0.031630170316301776,-0.03694581280788167,4.4495,0.041884816753926746,0.3428820717365164,0.01806550914927711,0.15101633996798453,-13.951148895782586,55.3541,6.6218,1145267.6187
2026-01-14,600654.SH,仓储物流,4.06,0.02010050251256268,-0.007518796992481258,5.654,0.07692307692307687,0.4414769536108938,0.017709552709827207,0.14804068157929798,-13.971050050145044,56.4667,6.7549,1168288.0734
2026-01-15,600654.SH,仓储物流,3.99,-0.01724137931034464,0.03324808184143224,3.5078,0.0901639344262295,0.4627256526411734,0.0180202259015519,0.15063870812243915,-13.95365830744819,55.4932,6.6384,1148145.1756
2026-01-16,600654.SH,仓储物流,3.91,-0.020050125313283207,0.040712468193384144,3.2365,0.05962059620596216,0.4871023447829257,0.018388944566526604,0.15372081226077197,-13.93340445049803,54.3805,6.5053,1125124.7209
2026-01-19,600654.SH,仓储物流,3.93,0.005115089514066584,0.03069053708439906,2.1793,0.07671232876712342,0.27167371217564207,0.0182953491392953,0.1529379377848469,-13.93850650241562,54.6587,6.5386,1130879.8346
2026-01-20,600654.SH,仓储物流,3.91,-0.0050890585241730735,0.02020202020202011,2.2511,0.0625,0.12053880573163567,0.018388944566526604,0.15372081226077197,-13.93340445049803,54.3805,6.5053,1125124.7209
2026-01-21,600654.SH,仓储物流,3.96,0.012787723785166127,-0.022277227722772297,2.9326,0.07317073170731714,-0.07543283890216967,0.018156761850464543,0.15177961599757153,-13.946111101806869,55.0759,6.5885,1139512.5051
2026-01-22,600654.SH,仓储物流,4.04,0.02020202020202011,-0.03667481662591687,3.2485,0.10989010989010994,-0.10791014681345878,0.017797204415130472,0.14877410140442754,-13.966111768471833,56.1886,6.7216,1162532.9597
2026-01-23,600654.SH,仓储物流,4.09,0.012376237623762387,-0.037220843672456705,3.623,0.10242587601078168,-0.0991008096352447,0.01757963574994726,0.14695509052433575,-13.978412046591972,56.884,6.8048,1176920.7439
2026-01-26,600654.SH,仓储物流,4.03,-0.014669926650366705,-0.06435643564356441,3.4592,0.07466666666666666,-0.0422426525626326,0.017841372358361803,0.14914243102162564,-13.963633452484046,56.0495,6.705,1159655.4029
2026-01-27,600654.SH,仓储物流,4.04,0.002481389578163684,-0.03544303797468362,2.6911,0.08021390374331538,-0.01779184160951508,0.017797204415130472,0.14877410140442754,-13.966111768471833,56.1886,6.7216,1162532.9597
2026-01-28,600654.SH,仓储物流,3.95,-0.022277227722772297,-0.025380710659898553,2.734,0.05898123324396787,-0.04252219239434796,0.01820273477887318,0.15216299700238894,-13.94358265539286,54.9368,6.5719,1136634.9482
2026-01-29,600654.SH,仓储物流,3.94,-0.0025316455696202667,-0.02577319587628868,3.6916,0.053475935828877,-0.03439169997347358,0.018248907802867996,0.15255064681474248,-13.941047799816912,54.7978,6.5552,1133757.3914
2026-01-30,600654.SH,仓储物流,3.88,-0.015228426395939132,-0.007936507936507908,2.7156,0.02917771883289122,-0.08954915074104575,0.018531112811855467,0.15490906837686277,-13.925702230129522,53.9633,6.4554,1116492.0504
2026-02-02,600654.SH,仓储物流,3.78,-0.02577319587628868,0.02887139107611536,3.3096,-0.023255813953488413,-0.09765174562216372,0.019021351467021733,0.1590077913817777,-13.899591086134366,52.5725,6.289,1087716.4821
2026-02-03,600654.SH,仓储物流,3.81,0.007936507936507908,0.015625,2.4845,-0.03299492385786795,-0.09529225228936145,0.018871592026374936,0.15775607755288773,-13.907496265647994,52.9897,6.3389,1096349.1526
2026-02-04,600654.SH,仓储物流,3.84,0.007874015748031482,0.023809523809523947,2.0627,-0.0025974025974027093,-0.12281322114312876,0.018724137285374576,0.15652391685449538,-13.915339443115434,53.407,6.3888,1104981.8231
2026-02-05,600654.SH,仓储物流,3.78,-0.015625,0.013333333333333197,1.869,-0.0357142857142857,-0.2223274420639758,0.019021351467021733,0.1590077913817777,-13.899591086134366,52.5725,6.289,1087716.4821
2026-02-06,600654.SH,仓储物流,3.75,-0.007936507936507908,-0.04081632653061229,1.8022,-0.04092071611253201,-0.2692165060206594,0.019173543577629844,0.16027952749595295,-13.891622916478571,52.1552,6.2391,1079083.8116
2026-02-09,600654.SH,仓储物流,3.92,0.045333333333333226,-0.033333333333333326,3.0283,-0.04622871046228716,-0.2616654166003337,0.018342027454346696,0.15332955120440364,-13.935958730364343,54.5196,6.5219,1128002.2778
2026-02-10,600654.SH,仓储物流,3.9,-0.005102040816326481,-0.01808785529715773,1.5886,-0.02010050251256279,-0.28700240402829713,0.018436102312993398,0.15411407523849155,-13.930843629663931,54.2414,6.4887,1122247.1641
2026-02-11,600654.SH,仓储物流,3.87,-0.007692307692307665,-0.010526315789473717,1.4441,-0.046798029556650134,-0.27721303470338465,0.01857900349656846,0.15530844256693796,-13.923121583563804,53.8242,6.4388,1113614.4936
2026-02-12,600654.SH,仓储物流,3.8,-0.01808785529715773,0.005319148936170137,1.7124,-0.04761904761904767,-0.26431942286305865,0.01892126106420741,0.1581702861300476,-13.904868143270049,52.8506,6.3223,1093471.5958
2026-02-13,600654.SH,仓储物流,3.76,-0.010526315789473717,-0.039787798408488007,2.3529,-0.038363171355498826,-0.2085783006352051,0.019122542992257283,0.1598542129577825,-13.894286033961889,52.2943,6.2557,1081961.3685
2026-02-24,600654.SH,仓储物流,3.77,0.0026595744680850686,-0.09210526315789469,2.0313,-0.040712468193384255,-0.28442966513365064,0.01907181300468785,0.15942860786939608,-13.896942077991321,52.4334,6.2724,1084838.9253
2026-02-25,600654.SH,仓储物流,3.8,0.007957559681697646,-0.08776595744680837,2.0926,-0.02813299232736577,-0.2425727977858937,0.01892126106420741,0.1581702861300476,-13.904868143270049,52.8506,6.3223,1093471.5958
2026-02-26,600654.SH,仓储物流,3.76,-0.010526315789473717,-0.0714285714285714,1.8077,-0.0505050505050505,-0.1962113735178065,0.019122542992257283,0.1598542129577825,-13.894286033961889,52.2943,6.2557,1081961.3685
2026-02-27,600654.SH,仓储物流,3.78,0.005319148936170137,-0.02209944751381221,1.8351,-0.06435643564356441,-0.16255340277849617,0.019021351467021733,0.1590077913817777,-13.899591086134366,52.5725,6.289,1087716.4821
2026-03-02,600654.SH,仓储物流,3.62,-0.042328042328042215,0.02318840579710124,3.3306,-0.11491442542787278,-0.07605462595044854,0.019862077732227413,0.16603573088928736,-13.856341102335978,50.3472,6.0228,1041675.5728
2026-03-03,600654.SH,仓储物流,3.45,-0.046961325966850764,0.04956268221574334,2.9693,-0.14392059553349879,0.012365098458148038,0.02084080128712789,0.17421602787456444,-13.808241307567723,47.9828,5.74,992757.1067
2026-03-04,600654.SH,仓储物流,3.43,-0.005797101449275366,0.028490028490028463,1.933,-0.150990099009901,0.015123378302428936,0.020962339061641855,0.17523262130478212,-13.802427337663833,47.7046,5.7067,987001.993
2026-03-05,600654.SH,仓储物流,3.51,0.023323615160349753,0.011299435028248705,2.0748,-0.11139240506329118,0.052785358040051245,0.020484541340877106,0.17123874105277578,-13.825483114016004,48.8173,5.8398,1010022.4477
2026-03-06,600654.SH,仓储物流,3.54,0.008547008547008517,-0.011331444759206666,1.6156,-0.10152284263959388,0.0824627382268226,0.020310960810001118,0.16978793486934818,-13.833993803690626,49.2345,5.8897,1018655.1182
2026-03-09,600654.SH,仓储物流,3.53,-0.0028248587570621764,-0.01666666666666672,1.9977,-0.09020618556701032,-0.022620091366342132,0.02036846554164842,0.17026783129863274,-13.831164947422293,49.0955,5.8731,1015777.5613
2026-03-10,600654.SH,仓储物流,3.6,0.019830028328611915,-0.02216066481994461,2.2825,-0.04761904761904756,-0.06381912754136221,0.019972438035510992,0.16695884464479507,-13.850800922020095,50.069,5.9895,1035920.4592
2026-03-11,600654.SH,仓储物流,3.61,0.002777777777777768,-0.008379888268156499,1.9073,-0.05249343832021003,-0.053335473684462675,0.01991710500895274,0.16649462222370218,-13.853574848872872,50.2081,6.0062,1038798.016
