date,ticker,industry,close,return_1d,forward_return_5d,turnover,momentum_20,turnover_shock_5_20,earnings_yield,book_yield,size_inv,pe_ttm,pb,total_mv
2025-07-29,000001.SZ,银行,12.34,-0.0096308186195827,-0.0016012810248198,0.5219,0.0032520325203251,-0.1077432797960318,0.182368603421235,1.7921146953405016,-16.991349564746116,5.4834,0.558,23946903.0563
2025-07-30,000001.SZ,银行,12.49,0.0121555915721232,0.0188062142273099,0.8839,0.0137987012987013,-0.0776081991513293,0.1801801801801802,1.7705382436260624,-17.003431870407617,5.55,0.5648,24237991.8293
2025-07-31,000001.SZ,银行,12.23,-0.0208166533226581,0.0154723127035831,0.8709,-0.0097165991902833,-0.1382413290153519,0.1840095684975618,1.807991321641656,-16.982395495971232,5.4345,0.5531,23733437.9562
2025-08-01,000001.SZ,银行,12.28,0.0040883074407194,0.0081300813008129,0.5216,-0.0253968253968254,-0.129314440270854,0.1832609452599556,1.8008283810552854,-16.98647546898736,5.4567,0.5553,23830467.5471
2025-08-04,000001.SZ,银行,12.3,0.001628664495114,-0.0136327185244586,0.5322,-0.0375586854460092,-0.1432081138616092,0.1829625292740046,1.7979144192736425,-16.988102808646907,5.4656,0.5562,23869279.3835
2025-08-05,000001.SZ,银行,12.47,0.0138211382113822,-0.0104333868378813,0.5834,-0.0173364854215917,-0.1285750069043475,0.1804695818519788,1.7733640716439083,-17.00182930596191,5.5411,0.5639,24199179.9929
2025-08-06,000001.SZ,银行,12.46,-0.0008019246190857,-0.0168404170008019,0.3558,-0.0295950155763239,-0.2514734517322041,0.1806130005237777,1.774622892635315,-17.001027059629187,5.5367,0.5635,24179774.0747
2025-08-07,000001.SZ,银行,12.47,0.0008025682182986,-0.0161290322580646,0.3721,-0.0538694992412746,-0.342918264155137,0.1804695818519788,1.7733640716439083,-17.00182930596191,5.5411,0.5639,24199179.9929
2025-08-08,000001.SZ,银行,12.4,-0.0056134723336006,-0.0178861788617886,0.4276,-0.0395042602633617,-0.3303503637797714,0.1814882032667876,1.7834849295523454,-16.996200018880373,5.51,0.5607,24063338.5655
2025-08-11,000001.SZ,银行,12.3,-0.0080645161290322,-0.0202757502027575,0.4815,-0.0523882896764252,-0.3210979720691315,0.1829625292740046,1.7979144192736425,-16.988102808646907,5.4656,0.5562,23869279.3835
2025-08-12,000001.SZ,银行,12.33,0.0024390243902439,-0.0163132137030994,0.3504,-0.0314218381775334,-0.3640167364016737,0.1825183887276643,1.793400286944046,-16.990538863445042,5.4789,0.5576,23927497.1381
2025-08-13,000001.SZ,银行,12.26,-0.0056772100567721,-0.0106557377049179,0.5771,-0.0300632911392405,-0.268842120943782,0.183560336282536,1.803751803751804,-16.98484547677626,5.4478,0.5544,23791655.7107
2025-08-14,000001.SZ,银行,12.2,-0.0048939641109299,0.005794701986755,0.6395,-0.0309769658459094,-0.1905524681268389,0.184464407592555,1.8125793003443904,-16.979939498011113,5.4211,0.5517,23675220.2016
2025-08-15,000001.SZ,银行,12.08,-0.0098360655737704,-0.0016556291390728,1.0041,-0.0488188976377952,-0.0309590889250428,0.1862960617012556,1.8304960644334611,-16.970054738777563,5.3678,0.5463,23442349.1832
2025-08-18,000001.SZ,银行,12.08,0.0,0.0323383084577113,0.6385,-0.0420301348136399,0.0122526216194904,0.1862960617012556,1.8304960644334611,-16.970054738777563,5.3678,0.5463,23442349.1832
2025-08-19,000001.SZ,银行,12.06,-0.0016556291390728,0.0240265120132558,0.4601,-0.0344275420336268,0.0931515420968562,0.1866054600757618,1.8335166850018336,-16.968397737569763,5.3589,0.5454,23403537.3468
2025-08-20,000001.SZ,银行,12.07,0.0008291873963515,-0.0074074074074074,0.5404,-0.0367118914604946,0.0960358600656099,0.1864488943580564,1.832172957127153,-16.96922658138025,5.3634,0.5458,23422943.265
2025-08-21,000001.SZ,银行,12.15,0.0066280033140015,0.001658374792703,0.6274,-0.0161943319838056,0.1279919983444852,0.1852229157791401,1.8201674554058973,-16.975832716058044,5.3989,0.5494,23578190.6106
2025-08-22,000001.SZ,银行,12.06,-0.0074074074074074,-0.0321285140562247,0.8473,-0.0234817813765181,0.0489312604221059,0.1866054600757618,1.8335166850018336,-16.968397737569763,5.3589,0.5454,23403537.3468
2025-08-25,000001.SZ,银行,12.45,0.0323383084577113,-0.0380258899676374,1.5692,-0.0008025682182987,0.2633913579957672,0.1800439307190954,1.8214936247723128,-17.000224169180516,5.5542,0.549,24160368.1565
2025-08-26,000001.SZ,银行,12.36,-0.0072289156626506,-0.0066334991708125,0.713,0.0016207455429497,0.3226531240381658,0.1813532580112801,1.8348623853211008,-16.99296899829859,5.5141,0.545,23985714.8927
2025-08-27,000001.SZ,银行,12.06,-0.024271844660194,-0.0273178807947019,0.9585,-0.0344275420336268,0.4430554067908128,0.1858666964053381,1.88040616773223,-16.968397737569763,5.3802,0.5318,23403537.3468
2025-08-28,000001.SZ,银行,12.08,0.001658374792703,-0.0257261410788381,0.8521,-0.0122649223221587,0.51399806923183,0.1855562977807467,1.877581674802854,-16.970054738777563,5.3892,0.5326,23442349.1832
2025-08-29,000001.SZ,银行,12.05,-0.0024834437086092,-0.0142977291841883,0.9302,-0.0187296416938109,0.4926748090695669,0.1860188251051006,1.8821757952192733,-16.967568206207304,5.3758,0.5313,23384131.4286
2025-09-01,000001.SZ,银行,11.89,-0.0132780082987552,-0.0233722871452422,0.9577,-0.0333333333333333,0.2707854730337971,0.1885227358419425,1.9073049780659928,-16.95420125697195,5.3044,0.5243,23073636.7374
2025-09-02,000001.SZ,银行,11.98,0.007569386038688,0.0,0.7692,-0.0392943063352044,0.2699815942636638,0.1871047412341429,1.893222264293828,-16.961742138957344,5.3446,0.5282,23248290.0012
2025-09-03,000001.SZ,银行,11.75,-0.0191986644407345,0.002555366269165,0.7046,-0.0569823434991975,0.168836032037724,0.1907705221389191,1.9301293186643504,-16.94235678686257,5.2419,0.5181,22801953.8827
2025-09-04,000001.SZ,银行,11.74,-0.0008510638297871,0.0110921501706484,0.6675,-0.0585404971932638,0.0951963522448506,0.1909307875894988,1.9316206297083247,-16.94150536067227,5.2375,0.5177,22782547.9645
2025-09-05,000001.SZ,银行,11.72,-0.0017035775127768,0.0017094017094019,0.4224,-0.0548387096774193,-0.0424928793327304,0.191255785487511,1.934984520123839,-16.939800330421015,5.2286,0.5168,22743736.1281
2025-09-08,000001.SZ,银行,11.7,-0.0017064846416383,-0.0085106382978723,0.4764,-0.0487804878048782,-0.173076923076923,0.1915855621120392,1.938360147315371,-16.938092388075685,5.2196,0.5159,22704924.2917
2025-09-09,000001.SZ,银行,11.75,0.0042735042735042,-0.0110450297366184,0.4434,-0.0470397404703973,-0.2663360047572067,0.1907705221389191,1.9301293186643504,-16.94235678686257,5.2419,0.5181,22801953.8827
2025-09-10,000001.SZ,银行,11.77,0.0017021276595743,-0.0177215189873416,0.4085,-0.0399673735725938,-0.3388380041011619,0.1904435430116742,1.9267822736030829,-16.944057467540382,5.2509,0.519,22840765.719
2025-09-11,000001.SZ,银行,11.85,0.0067969413763806,-0.0264505119453924,0.4967,-0.0286885245901639,-0.3794798166657464,0.189157492528279,1.9138755980861248,-16.950831413850047,5.2866,0.5225,22996013.0646
2025-09-12,000001.SZ,银行,11.72,-0.010970464135021,-0.017167381974249,0.4846,-0.0298013245033111,-0.3385883144683808,0.191255785487511,1.934984520123839,-16.939800330421015,5.2286,0.5168,22743736.1281
2025-09-15,000001.SZ,银行,11.65,-0.0059726962457338,-0.0223367697594502,0.4331,-0.0355960264900662,-0.3413019626079944,0.1924075962519,1.9466614755693985,-16.93380972628325,5.1973,0.5137,22607894.7007
2025-09-16,000001.SZ,银行,11.64,-0.0008583690987123,-0.0103092783505155,0.3649,-0.0348258706467661,-0.3596885952396632,0.1925706252768202,1.9485580670303972,-16.932950988574742,5.1929,0.5132,22588488.7825
2025-09-17,000001.SZ,银行,11.64,0.0,0.0043821209465382,0.3974,-0.0356255178127589,-0.3562011520175095,0.1925706252768202,1.9485580670303972,-16.932950988574742,5.1929,0.5132,22588488.7825
2025-09-18,000001.SZ,银行,11.41,-0.0197594501718213,-0.0043668122270741,0.7143,-0.0609053497942386,-0.2963632356182499,0.1964520755161778,1.9876764062810572,-16.912993710143382,5.0903,0.5031,22142152.6639
2025-09-19,000001.SZ,银行,11.45,0.0035056967572304,0.0017574692442881,0.4301,-0.0505804311774461,-0.2906365110885416,0.1957675065092695,1.9805902158843331,-16.91649327627001,5.1081,0.5049,22219776.3367
2025-09-22,000001.SZ,银行,11.38,-0.0061135371179038,-0.0130208333333333,0.3073,-0.0859437751004015,-0.2577879465969376,0.196970592290571,1.9928258270227184,-16.91036097496731,5.0769,0.5018,22083934.9093
2025-09-23,000001.SZ,银行,11.52,0.0123022847100173,-0.0104712041884817,0.6913,-0.0679611650485436,-0.146815334755084,0.1945790282723327,1.968503937007874,-16.922588201538137,5.1393,0.508,22355617.7641
2025-09-24,000001.SZ,银行,11.46,-0.0052083333333332,0.0,0.5872,-0.0497512437810945,-0.0535666311346835,0.1955951961819818,1.9790223629527013,-16.917366257556445,5.1126,0.5053,22239182.2549
2025-09-25,000001.SZ,银行,11.4,-0.0052356020942408,0.0026315789473683,0.3985,-0.0562913907284767,-0.1287921842439987,0.1966258995634905,1.989258006763477,-16.91211690166976,5.0858,0.5027,22122746.7457
2025-09-26,000001.SZ,银行,11.4,0.0,0.0026385224274407,0.3882,-0.0539419087136929,-0.0999023076266443,0.1966258995634905,1.989258006763477,-16.91211690166976,5.0858,0.5027,22122746.7457
2025-09-29,000001.SZ,银行,11.37,-0.0026315789473685,0.0202821869488536,0.606,-0.0437342304457528,0.0483927940657011,0.1971453355413611,1.9948134849391583,-16.90948185403148,5.0724,0.5013,22064528.9911
2025-09-30,000001.SZ,银行,11.34,-0.0026385224274405,0.0,0.429,-0.0534223706176961,-0.0219055159672737,0.1976675232259339,2.0,-16.906839844568363,5.059,0.5,22006311.2365
2025-10-09,000001.SZ,银行,11.4,0.0052910052910053,0.0096237970253718,0.5398,-0.0297872340425531,-0.0248384366031425,0.1966258995634905,1.989258006763477,-16.91211690166976,5.0858,0.5027,22122746.7457
2025-10-10,000001.SZ,银行,11.43,0.0026315789473683,0.0,0.5606,-0.0264054514480409,0.0537281960812969,0.1961091935989959,1.984126984126984,-16.9147450240763,5.0992,0.504,22180964.5003
2025-10-13,000001.SZ,银行,11.4,-0.0026246719160104,-0.0129645635263613,0.6023,-0.0273037542662116,0.1220541825484649,0.1966258995634905,1.989258006763477,-16.91211690166976,5.0858,0.5027,22122746.7457
2025-10-14,000001.SZ,银行,11.57,0.0149122807017543,0.0026315789473683,0.9499,-0.011111111111111,0.2045616675298782,0.1937383756974581,1.9600156801254407,-16.92691908747642,5.1616,0.5102,22452647.3551
2025-10-15,000001.SZ,银行,11.4,-0.0146931719965427,-0.0017331022530329,0.655,-0.0297872340425531,0.2667094315777381,0.1966258995634905,1.968503937007874,-16.91211690166976,5.0858,0.508,22122746.7457
2025-10-16,000001.SZ,银行,11.54,0.0122807017543857,0.0201754385964911,0.6503,-0.0195412064570943,0.2794085996350535,0.1942388749684362,1.944768572539868,-16.924322807350524,5.1483,0.5142,22394429.6005
2025-10-17,000001.SZ,银行,11.4,-0.0121317157712304,0.0122591943957968,0.5358,-0.0379746835443037,0.2654956366077423,0.1966258995634905,1.968503937007874,-16.91211690166976,5.0858,0.508,22122746.7457
2025-10-20,000001.SZ,银行,11.42,0.0017543859649122,0.0078740157480314,0.4909,-0.0255972696245734,0.223231673794948,0.1962824111331383,1.9654088050314464,-16.913869750497355,5.0947,0.5088,22161558.5821
2025-10-21,000001.SZ,银行,11.43,0.0008756567425569,-0.0043402777777776,0.3922,-0.0188841201716738,0.0192498363109157,0.1961091935989959,1.9634792852935403,-16.9147450240763,5.0992,0.5093,22180964.5003
2025-10-22,000001.SZ,银行,11.52,0.0078740157480314,-0.0206362854686156,0.4296,-0.0103092783505155,-0.070706695054715,0.1945790282723327,1.948178453146308,-16.922588201538137,5.1393,0.5133,22355617.7641
2025-10-23,000001.SZ,银行,11.63,0.0095486111111111,-0.0155709342560553,0.7076,-0.0008591065292096,-0.0760444247643661,0.1927376455169223,1.92975685063682,-16.932091512801936,5.1884,0.5182,22569082.8643
2025-10-24,000001.SZ,银行,11.56,-0.0060189165950129,-0.017361111111111,0.5053,0.0131463628396144,-0.0694949755455056,0.193903668657411,1.9413706076490005,-16.92605440951498,5.1572,0.5151,22433241.4369
2025-10-27,000001.SZ,银行,11.52,-0.0034602076124568,-0.003487358326068,0.6387,0.0061135371179039,-0.0336089648005059,0.1928714704520907,1.9833399444664817,-16.922588201538137,5.1848,0.5042,22355617.7641
2025-10-28,000001.SZ,银行,11.47,-0.0043402777777776,0.0175592625109743,0.4234,0.007908611599297,-0.032481934606854,0.1937158575801014,1.99203187250996,-16.918238477411222,5.1622,0.502,22258588.1731
2025-10-29,000001.SZ,银行,11.39,-0.006974716652136,0.0123022847100173,0.4979,-0.011284722222222,0.0094100944649715,0.1950762748234559,2.0060180541624875,-16.911239323728307,5.1262,0.4985,22103340.8275
2025-10-30,000001.SZ,银行,11.38,-0.0008779631255486,0.0167844522968196,0.4863,-0.0069808027923211,-0.0625407584984341,0.1952476716715153,2.007628990162618,-16.91036097496731,5.1217,0.4981,22083934.9093
2025-10-31,000001.SZ,银行,11.32,-0.0052724077328647,0.010498687664042,0.5,-0.0070175438596491,-0.073129004076878,0.1962824111331383,2.0185708518369,-16.90507461904361,5.0947,0.4954,21967499.4001
2025-11-03,000001.SZ,银行,11.43,0.0097173144876323,0.003451251078516,0.4907,0.0026315789473683,-0.135069829506009,0.1943936860930757,1.998800719568259,-16.9147450240763,5.1442,0.5003,22180964.5003
2025-11-04,000001.SZ,银行,11.59,0.0139982502187225,0.0130208333333332,0.7745,0.019349164467898,-0.0232863816408815,0.1917067653317485,1.9712201852946976,-16.928646203622673,5.2163,0.5073,22491459.1915
2025-11-05,000001.SZ,银行,11.52,-0.0060396893874029,0.0147697654213727,0.4096,0.0158730158730158,-0.0530230240916692,0.1928714704520907,1.9833399444664817,-16.922588201538137,5.1848,0.5042,22355617.7641
2025-11-06,000001.SZ,银行,11.51,-0.0008680555555555,0.0129870129870128,0.395,0.0096491228070174,-0.0735787158873787,0.1930390131845646,1.984914648670107,-16.921719769004092,5.1803,0.5038,22336211.8459
2025-11-07,000001.SZ,银行,11.55,0.0034752389226759,0.0103181427343077,0.3787,0.010498687664042,-0.1025958199327452,0.1923705826904949,1.9782393669634029,-16.92518898323846,5.1983,0.5055,22413835.5187
2025-11-10,000001.SZ,银行,11.63,0.006926406926407,0.0,0.4263,0.0201754385964911,-0.1118768451344329,0.1910475135166115,1.9646365422396856,-16.932091512801936,5.2343,0.509,22569082.8643
2025-11-11,000001.SZ,银行,11.67,0.0034393809114359,-0.0077054794520547,0.4568,0.0086430423509074,-0.1931749409444975,0.1903927803057708,1.9577133907595927,-16.93552499257018,5.2523,0.5108,22646706.5371
2025-11-12,000001.SZ,银行,11.68,0.0008568980291345,0.0085470085470087,0.5881,0.0245614035087717,-0.1177181485011349,0.1902297975954953,1.9561815336463224,-16.93638152367188,5.2568,0.5112,22666112.4553
2025-11-13,000001.SZ,银行,11.7,0.0017123287671232,0.0085106382978723,0.5045,0.0138648180242635,-0.0612346614300381,0.1899046678567359,1.9527436047646944,-16.938092388075685,5.2658,0.5121,22704924.2917
2025-11-14,000001.SZ,银行,11.75,0.0042735042735042,0.0017137960582689,0.6787,0.0307017543859648,0.0435192829343082,0.1890966851351096,1.9443904335990667,-16.94235678686257,5.2883,0.5143,22801953.8827
2025-11-17,000001.SZ,银行,11.67,-0.0068085106382979,0.000862812769629,0.5129,0.0218914185639229,0.0752392907578847,0.1903927803057708,1.9577133907595927,-16.93552499257018,5.2523,0.5108,22646706.5371
2025-11-18,000001.SZ,银行,11.59,-0.0068551842330762,0.0,0.3453,0.0139982502187225,0.0362663671563263,0.1917067653317485,1.9712201852946976,-16.928646203622673,5.2163,0.5073,22491459.1915
2025-11-19,000001.SZ,银行,11.8,0.0181190681622089,-0.0135021097046413,0.6879,0.0243055555555555,0.0489037489671604,0.1882955486932288,1.9364833462432225,-16.946603077740086,5.3108,0.5164,22898983.4736
2025-11-20,000001.SZ,银行,11.85,0.0042372881355932,0.0017108639863132,0.8436,0.0189165950128975,0.1640143396369568,0.1875011718823242,1.928268414963363,-16.950831413850047,5.3333,0.5186,22996013.0646
2025-11-21,000001.SZ,银行,11.69,-0.0135021097046413,0.0008620689655172,0.7551,0.0112456747404843,0.1653881786177504,0.1900670936840704,1.954652071931196,-16.937237321755866,5.2613,0.5116,22685518.3735
2025-11-24,000001.SZ,银行,11.6,-0.0076988879384088,-0.0093220338983052,0.5757,0.0069444444444444,0.1956388034665921,0.1915415262028807,1.9696671262556624,-16.92950864438342,5.2208,0.5077,22510865.1097
2025-11-25,000001.SZ,银行,11.8,0.0172413793103449,-0.0042771599657825,0.5298,0.028770706190061,0.2519977116282503,0.1882955486932288,1.9364833462432225,-16.946603077740086,5.3108,0.5164,22898983.4736
2025-11-26,000001.SZ,银行,11.69,-0.0093220338983052,-0.013663535439795,0.4232,0.0263388937664617,0.162310572625828,0.1900670936840704,1.954652071931196,-16.937237321755866,5.2613,0.5116,22685518.3735
2025-11-27,000001.SZ,银行,11.71,0.0017108639863132,-0.0103359173126614,0.5214,0.0289982425307557,0.0391746466872882,0.1897425194011726,1.951219512195122,-16.938946723881685,5.2703,0.5125,22724330.2099
2025-11-28,000001.SZ,银行,11.61,-0.008539709649872,-0.0136869118905047,0.4557,0.0256183745583038,-0.0679127725856699,0.1913765716800949,1.96811651249754,-16.93037034198099,5.2253,0.5081,22530271.0279
2025-12-01,000001.SZ,银行,11.69,0.0068906115417743,-0.0103092783505155,0.5345,0.0227471566054242,-0.0869569244162893,0.1900670936840704,1.954652071931196,-16.937237321755866,5.2613,0.5116,22685518.3735
2025-12-02,000001.SZ,银行,11.64,-0.0042771599657825,-0.0103896103896105,0.3958,0.0043140638481449,-0.1052156719712822,0.1908834084141406,1.9630938358853556,-16.932950988574742,5.2388,0.5094,22588488.7825
2025-12-03,000001.SZ,银行,11.55,-0.0077319587628865,-0.0139251523063533,0.4868,0.0026041666666667,-0.0875588330570326,0.1923705826904949,1.9782393669634029,-16.92518898323846,5.1983,0.5055,22413835.5187
2025-12-04,000001.SZ,银行,11.49,-0.0051948051948051,-0.0138768430182133,0.4566,-0.0017376194613378,-0.1174342167579137,0.1933749734109411,1.988466892026248,-16.919980638130788,5.1713,0.5029,22297400.0095
2025-12-05,000001.SZ,银行,11.53,0.0034812880765882,-0.0147569444444444,0.459,-0.0017316017316018,-0.1228555044793516,0.1927042182953385,1.9817677368212443,-16.923455880551447,5.1893,0.5046,22375023.6823
2025-12-08,000001.SZ,银行,11.52,-0.0008673026886383,0.0069991251093612,0.4411,-0.0094582975064488,-0.1591457404365172,0.1928714704520907,1.9833399444664817,-16.922588201538137,5.1848,0.5042,22355617.7641
2025-12-09,000001.SZ,银行,11.43,-0.0078125,0.0132391879964695,0.3782,-0.0205655526992287,-0.1595532395804764,0.1943936860930757,1.998800719568259,-16.9147450240763,5.1442,0.5003,22180964.5003
2025-12-10,000001.SZ,银行,11.33,-0.0087489063867016,0.0140721196130166,0.538,-0.0299657534246574,-0.1360915258746839,0.1961091935989959,2.016535591853196,-16.90595762130858,5.0992,0.4959,21986905.3183
2025-12-11,000001.SZ,银行,11.37,0.0035304501323918,0.0255506607929516,0.4768,-0.0282051282051282,-0.1261135088270881,0.1954193699679512,2.009646302250804,-16.90948185403148,5.1172,0.4976,22064528.9911
2025-12-12,000001.SZ,银行,11.35,-0.001759014951627,0.0095569070373586,0.6142,-0.0340425531914894,-0.0611986655930059,0.1957636740926353,2.01328769881216,-16.90772129019626,5.1082,0.4967,22025717.1547
2025-12-15,000001.SZ,银行,11.51,0.0140969162995594,0.0034843205574912,0.4848,-0.0137103684661525,-0.0418609121930118,0.1930390131845646,1.984914648670107,-16.921719769004092,5.1803,0.5038,22336211.8459
2025-12-16,000001.SZ,银行,11.48,-0.0026064291920069,0.0026019080659152,0.3336,-0.0094909404659188,-0.0579495371350486,0.1935433924285824,1.990445859872612,-16.91910993716145,5.1668,0.5024,22277994.0913
2025-12-17,000001.SZ,银行,11.53,0.004355400696864,-0.0085910652920963,0.3615,-0.0228813559322035,-0.0975420748306077,0.1927042182953385,1.9817677368212443,-16.923455880551447,5.1893,0.5046,22375023.6823
2025-12-18,000001.SZ,银行,11.64,0.0095403295750218,-0.0051635111876074,0.4073,-0.0177215189873416,-0.085522011402935,0.1908834084141406,1.9630938358853556,-16.932950988574742,5.2388,0.5094,22588488.7825
2025-12-19,000001.SZ,银行,11.62,-0.0017182130584193,0.0017361111111111,0.3349,-0.0059880239520958,-0.1651120112065501,0.19121190102872,1.966181675186787,-16.931231297695042,5.2298,0.5086,22549676.9461
2025-12-22,000001.SZ,银行,11.52,-0.0086058519793459,0.0,0.3826,-0.0068965517241379,-0.1925730384436211,0.1928714704520907,1.9833399444664817,-16.922588201538137,5.1848,0.5042,22355617.7641
2025-12-23,000001.SZ,银行,11.56,0.0034722222222223,-0.0051993067590986,0.3433,-0.0203389830508474,-0.1711234186175575,0.1922041977396786,1.97667523225934,-16.92605440951498,5.2028,0.5059,22433241.4369
2025-12-24,000001.SZ,银行,11.54,-0.0017301038062285,-0.0129757785467128,0.2604,-0.0128314798973482,-0.2022154272197541,0.192537255959028,1.9798059790140567,-16.924322807350524,5.1938,0.5051,22394429.6005
2025-12-25,000001.SZ,银行,11.56,0.0017331022530331,-0.0034662045060658,0.2821,-0.0128095644748078,-0.2389880387317258,0.1922041977396786,1.97667523225934,-16.92605440951498,5.2028,0.5059,22433241.4369
2025-12-26,000001.SZ,银行,11.54,-0.0017301038062285,0.009515570934256,0.2249,-0.0060292850990525,-0.2712410326484797,0.192537255959028,1.9798059790140567,-16.924322807350524,5.1938,0.5051,22394429.6005
2025-12-29,000001.SZ,银行,11.56,0.0017331022530331,0.0139372822299652,0.3341,-0.0111206159110349,-0.2772386193096547,0.1922041977396786,1.97667523225934,-16.92605440951498,5.2028,0.5059,22433241.4369
2025-12-30,000001.SZ,银行,11.48,-0.0069204152249134,0.0087642418930762,0.3002,-0.013745704467354,-0.2903144144600273,0.1935433924285824,1.990445859872612,-16.91910993716145,5.1668,0.5024,22277994.0913
2025-12-31,000001.SZ,银行,11.41,-0.0060975609756097,-0.0034782608695651,0.3044,-0.0121212121212122,-0.2507385332987819,0.1947343823025393,2.002402883460152,-16.912993710143382,5.1352,0.4994,22142152.6639
2026-01-05,000001.SZ,银行,11.5,0.0078878177037686,-0.0162810625535561,0.4512,0.000870322019147,-0.1625132899411352,0.1932068472506665,1.986886548778065,-16.920850581639417,5.1758,0.5033,22316805.9277
2026-01-06,000001.SZ,银行,11.67,0.0147826086956521,-0.0146048109965635,0.6723,0.0121422376409368,0.0407398528873692,0.1903927803057708,1.9577133907595927,-16.93552499257018,5.2523,0.5108,22646706.5371
2026-01-07,000001.SZ,银行,11.64,-0.0025706940874035,-0.0130321459600347,0.4979,0.0104166666666667,0.1154120786200159,0.1908834084141406,1.9630938358853556,-16.932950988574742,5.2388,0.5094,22588488.7825
2026-01-08,000001.SZ,银行,11.51,-0.0111683848797251,-0.013089005235602,0.5669,0.0069991251093612,0.2202070636610618,0.1930390131845646,1.984914648670107,-16.921719769004092,5.1803,0.5038,22336211.8459
2026-01-09,000001.SZ,银行,11.46,-0.0043440486533448,-0.0252613240418119,0.5068,0.0114739629302735,0.3243409252843912,0.1938848711635031,1.993620414673046,-16.917366257556445,5.1577,0.5016,22239182.2549
2026-01-12,000001.SZ,银行,11.48,0.0017452006980802,-0.0305143853530951,0.4407,0.009674582233949,0.3250576868498664,0.1935433924285824,1.990445859872612,-16.91910993716145,5.1668,0.5024,22277994.0913
2026-01-13,000001.SZ,银行,11.47,-0.0008710801393727,-0.0176056338028168,0.547,0.0105726872246696,0.2737747141310704,0.1937158575801014,1.99203187250996,-16.918238477411222,5.1622,0.502,22258588.1731
2026-01-14,000001.SZ,银行,11.36,-0.0095902353966871,-0.0212201591511936,0.6569,-0.0130321459600347,0.3245462297478376,0.1955913705087331,2.011263073209976,-16.90860195956195,5.1127,0.4972,22045123.0729
2026-01-15,000001.SZ,银行,11.31,-0.0044014084507041,-0.0107238605898122,0.456,-0.014808362369338,0.2518424274431667,0.1964559349337943,2.0202020202020203,-16.90419083639651,5.0902,0.495,21948093.4819
2026-01-16,000001.SZ,银行,11.19,-0.0106100795755968,-0.0116906474820143,0.5769,-0.0294882914137033,0.2531005756540463,0.1985624081648862,2.0420665713702264,-16.893524068595795,5.0362,0.4897,21715222.4636
2026-01-19,000001.SZ,银行,11.12,-0.0062555853440572,-0.0179211469534049,0.4147,-0.0446735395189004,0.2398587828201352,0.1998121765540392,2.054653790836244,-16.88724883509376,5.0047,0.4867,21579381.0362
2026-01-20,000001.SZ,银行,11.16,0.0035971223021582,-0.0117434507678411,0.398,-0.0395869191049913,0.1616167477051975,0.1990961036892508,2.047502047502048,-16.890839503224854,5.0227,0.4884,21657004.709
2026-01-21,000001.SZ,银行,11.07,-0.0080645161290322,-0.020776874435411,0.4638,-0.0390624999999998,0.0619762027935852,0.200714543775842,2.063983488132095,-16.88274229299141,4.9822,0.4845,21482351.4452
2026-01-22,000001.SZ,银行,11.07,0.0,-0.0027297543221109,0.4064,-0.0423875432525951,0.0316837107377647,0.200714543775842,2.063983488132095,-16.88274229299141,4.9822,0.4845,21482351.4452
2026-01-23,000001.SZ,银行,10.99,-0.007226738934056,-0.0118613138686132,0.572,-0.0476603119584054,-0.0059075078252435,0.2021754073834458,2.079002079002079,-16.875489314685648,4.9462,0.481,21327104.0996
2026-01-26,000001.SZ,银行,10.96,-0.0027297543221109,-0.0073126142595978,0.5701,-0.0519031141868512,0.0299106952100156,0.2027287286881424,2.0846362309776945,-16.872755827789707,4.9327,0.4797,21268886.345
2026-01-27,000001.SZ,银行,10.94,-0.0018248175182482,0.0,0.4607,-0.0519930675909878,0.0307387725330832,0.2030992952454454,2.088554720133668,-16.870929343263484,4.9237,0.4788,21230074.5086
2026-01-28,000001.SZ,银行,10.84,-0.0091407678244972,0.0009124087591241,0.7414,-0.0622837370242215,0.0997671001469364,0.2049726361530735,2.1079258010118043,-16.86174654228019,4.8787,0.4744,21036015.3266
2026-01-29,000001.SZ,银行,10.96,0.011070110701107,0.0240073868882733,0.9549,-0.0452961672473867,0.2380523501266536,0.2027287286881424,2.0846362309776945,-16.872755827789707,4.9327,0.4797,21268886.345
2026-01-30,000001.SZ,银行,10.83,-0.0118613138686132,0.0174953959484347,0.5626,-0.0508326029798422,0.205327373319166,0.2051618727175741,2.109704641350211,-16.860823607281493,4.8742,0.474,21016609.4084
2026-02-02,000001.SZ,银行,10.86,0.002770083102493,0.0212177121771217,0.6303,-0.0556521739130435,0.2075736957364164,0.2045952083802197,2.103934357248054,-16.863589860774674,4.8877,0.4753,21074827.163
2026-02-03,000001.SZ,银行,10.84,-0.001841620626151,0.0082041932543299,0.4157,-0.0711225364181662,0.2195540466987093,0.2049726361530735,2.1079258010118043,-16.86174654228019,4.8787,0.4744,21036015.3266
2026-02-04,000001.SZ,银行,10.97,0.0119926199261992,-0.0018034265103696,0.3584,-0.0575601374570446,0.0922786489972151,0.2025439520375921,2.082899395959175,-16.87366782055707,4.9372,0.4801,21288292.2632
2026-02-05,000001.SZ,银行,11.09,0.0109389243391064,-0.0081447963800904,0.6068,-0.0364900086880972,-0.041424195305444,0.2003526206122776,2.0601565718994643,-16.884547347633323,4.9912,0.4854,21521163.2816
2026-02-06,000001.SZ,银行,11.05,-0.0036068530207393,-0.014453477868112,0.375,-0.0357766143106457,-0.1002516897146573,0.2010777768840987,2.0678246484698097,-16.88093397423444,4.9732,0.4836,21443539.6088
2026-02-09,000001.SZ,银行,11.07,0.0018099547511312,-0.0135623869801084,0.3193,-0.0357142857142857,-0.2084600787649353,0.200714543775842,2.063983488132095,-16.88274229299141,4.9822,0.4845,21482351.4452
2026-02-10,000001.SZ,银行,11.06,-0.0009033423667569,-0.0189701897018971,0.3094,-0.035745422842197,-0.2315963041378435,0.2008959961427968,2.065688907250568,-16.88183854236496,4.9777,0.4841,21462945.527
2026-02-11,000001.SZ,银行,11.07,0.0009041591320071,-0.0082116788321169,0.2221,-0.0255281690140843,-0.2531050995975342,0.200714543775842,2.063983488132095,-16.88274229299141,4.9822,0.4845,21482351.4452
2026-02-12,000001.SZ,银行,10.96,-0.0099367660343269,-0.0009165902841429,0.3511,-0.030946065428824,-0.3503748867100602,0.2027287286881424,2.0846362309776945,-16.872755827789707,4.9327,0.4797,21268886.345
2026-02-13,000001.SZ,银行,10.91,-0.0045620437956205,-0.005499541704858,0.286,-0.0250223413762287,-0.368108125325151,0.2036576921510325,2.094240837696335,-16.868183346114343,4.9102,0.4775,21171856.754
2026-02-24,000001.SZ,银行,10.91,0.0,0.0018416206261511,0.3105,-0.0188848920863308,-0.3648182940576521,0.2036576921510325,2.094240837696335,-16.868183346114343,4.9102,0.4775,21171856.754
2026-02-25,000001.SZ,银行,10.86,-0.0045829514207149,-0.0147194112235509,0.5478,-0.0268817204301076,-0.2741143032236931,0.2045952083802197,2.103934357248054,-16.863589860774674,4.8877,0.4753,21074827.163
2026-02-26,000001.SZ,银行,10.87,0.0009208103130755,-0.0082568807339449,0.3673,-0.01806684733514,-0.204637161339909,0.2044070152487633,2.102165230187093,-16.864510247402098,4.8922,0.4757,21094233.0812
2026-02-27,000001.SZ,银行,10.9,0.0027598896044158,-0.0027649769585252,0.3155,-0.015356820234869,-0.2121937285084456,0.2038445074097478,2.0959966464053656,-16.867266335504365,4.9057,0.4771,21152450.8358
2026-03-02,000001.SZ,银行,10.85,-0.0045871559633028,-0.0110294117647059,0.4323,-0.0127388535031847,-0.1361029637087948,0.20478374836173,2.105706464518846,-16.862668626255257,4.8832,0.4749,21055421.2448
2026-03-03,000001.SZ,银行,10.88,0.0027649769585254,0.0093370681605975,0.5301,-0.0072992700729926,-0.0357472628940772,0.2042191680111095,2.099958000839983,-16.865429787696872,4.8967,0.4762,21113638.9994
2026-03-04,000001.SZ,银行,10.71,-0.015625,0.007400555041628,0.5615,-0.0210237659963435,-0.0403565992607088,0.2074602713580349,2.1335609131640707,-16.84968143073189,4.8202,0.4687,20783738.3901
2026-03-05,000001.SZ,银行,10.81,0.0093370681605975,0.0110905730129389,0.3672,-0.0027675276752766,0.0002946576304994,0.2055413960371619,2.113718030014796,-16.85897517791952,4.8652,0.4731,20977797.572
2026-03-06,000001.SZ,银行,10.82,0.0009250693802034,0.0157992565055762,0.2456,-0.0127737226277372,0.0532750015404521,0.2053514590221163,2.1114864864864864,-16.859899819686834,4.8697,0.4736,20997203.4902
2026-03-09,000001.SZ,银行,10.76,-0.0055452865064695,0.0101757631822385,0.4307,-0.0064635272391505,0.0698769824367999,0.2064963759886014,2.1235931195582927,-16.854339101001553,4.8427,0.4709,20880767.981
2026-03-10,000001.SZ,银行,10.81,0.0046468401486989,0.0128558310376492,0.4072,-0.0046040515653774,0.0372833301114763,0.2055413960371619,2.113718030014796,-16.85897517791952,4.8652,0.4731,20977797.572
2026-03-11,000001.SZ,银行,10.89,0.007400555041628,0.0018281535648996,0.3713,0.0046125461254613,-0.0553589713678369,0.2040316657145189,2.09819555182543,-16.86634848321404,4.9012,0.4766,21133044.9176
2025-07-29,000007.SZ,其他商业,7.19,-0.0123626373626373,0.0125698324022345,1.5511,-0.0476821192052979,0.2221962291328791,0.0231048265982763,0.0726733623057804,-12.425594219797636,43.281,13.7602,249096.1436
2025-07-30,000007.SZ,其他商业,7.16,-0.004172461752434,0.008462623413258,1.4039,-0.0516556291390728,0.2097994943839201,0.0232016408200387,0.0729783181416801,-12.421413029165633,43.1004,13.7027,248056.7995
2025-07-31,000007.SZ,其他商业,7.09,-0.0097765363128492,0.0014064697609001,1.5974,-0.0521390374331551,-0.0544082397395774,0.0234307270554605,0.0736984847591533,-12.411588388769523,42.679,13.5688,245631.6632
2025-08-01,000007.SZ,其他商业,7.11,0.002820874471086,0.0458970792767732,1.5481,-0.0326530612244897,-0.1391266050787606,0.0233648135254232,0.0734910451161525,-12.414405292089308,42.7994,13.6071,246324.5593
2025-08-04,000007.SZ,其他商业,7.19,0.0112517580872011,0.0455172413793103,1.6228,-0.0055325034578146,-0.1646219284986114,0.0231048265982763,0.0726733623057804,-12.425594219797636,43.281,13.7602,249096.1436
2025-08-05,000007.SZ,其他商业,7.25,0.0083449235048678,0.0461538461538462,2.109,-0.0041208791208791,-0.1066401646219278,0.0229136019724028,0.072072072072072,-12.433904517075788,43.6422,13.875,251174.8319
2025-08-06,000007.SZ,其他商业,7.15,-0.0137931034482757,0.050561797752809,2.2734,-0.0069444444444444,-0.0315284804097961,0.0232340927783792,0.0730801835774211,-12.4200154050766,43.0402,13.6836,247710.3515
2025-08-07,000007.SZ,其他商业,7.12,-0.0041958041958042,-0.0319148936170211,1.8307,-0.0028011204481792,-0.0105805880213194,0.0233319956322504,0.073388031879761,-12.415810773519576,42.8596,13.6262,246671.0073
2025-08-08,000007.SZ,其他商业,7.52,0.0561797752808987,-0.0329815303430078,6.6006,0.0546984572230013,0.3453738068445247,0.022090904070249,0.0694844945350445,-12.470469186217011,45.2675,14.3917,260528.9291
2025-08-11,000007.SZ,其他商业,7.58,0.0079787234042554,0.0053475935828875,4.9116,0.0631136044880784,0.540335913551468,0.0219160309191364,0.0689346155171819,-12.478416248046264,45.6287,14.5065,262607.6174
2025-08-12,000007.SZ,其他商业,7.48,-0.0131926121372031,0.0173796791443849,2.165,0.0716332378223496,0.558259574095171,0.0222090448556078,0.0698558175924891,-12.465135840149284,45.0267,14.3152,259143.1369
2025-08-13,000007.SZ,其他商业,7.48,0.0,0.0494505494505492,1.6664,0.0520393811533053,0.5064547749106942,0.0222090448556078,0.0698558175924891,-12.465135840149284,45.0267,14.3152,259143.1369
2025-08-14,000007.SZ,其他商业,7.28,-0.0267379679144385,0.0641200545702591,2.0763,0.0239099859353024,0.502538027282176,0.0228191717553419,0.0717751428325342,-12.438033910290924,43.8228,13.9324,252214.176
2025-08-15,000007.SZ,其他商业,7.33,0.0068681318681318,0.0345744680851065,1.7522,0.032394366197183,0.0725849455026341,0.0226635572266151,0.071285491263963,-12.44487856429678,44.1237,14.0281,253946.4163
2025-08-18,000007.SZ,其他商业,7.52,0.0259208731241473,0.0,4.7209,0.0415512465373961,-0.0094389250146513,0.022090904070249,0.0694844945350445,-12.470469186217011,45.2675,14.3917,260528.9291
2025-08-19,000007.SZ,其他商业,7.61,0.011968085106383,0.011780104712042,3.835,0.0673211781206171,0.086310369421138,0.0218296761349248,0.068662455369404,-12.482366220143485,45.8092,14.564,263646.9615
2025-08-20,000007.SZ,其他商业,7.64,0.0039421813403415,-0.0346153846153846,2.6165,0.0821529745042493,0.1328594488969443,0.0217439519197735,0.0683929035523274,-12.486300651327184,45.9898,14.6214,264686.3056
2025-08-21,000007.SZ,其他商业,7.8,0.0209424083769633,-0.0308483290488431,3.3349,0.0483870967741935,0.2483948304422685,0.0212978936383191,0.0669900050912403,-12.50702678183074,46.953,14.9276,270229.4743
2025-08-22,000007.SZ,其他商业,7.78,-0.0025641025641025,-0.0065703022339028,3.4679,0.0686813186813186,0.3529429474634951,0.0213526475147653,0.0671623246223798,-12.50445938628078,46.8326,14.8893,269536.5782
2025-08-25,000007.SZ,其他商业,7.61,-0.0218508997429305,-0.0129366106080207,3.2801,0.0453296703296703,0.2165742644921806,0.0218296761349248,0.068662455369404,-12.482366220143485,45.8092,14.564,263646.9615
2025-08-26,000007.SZ,其他商业,7.73,0.0157687253613665,-0.00265604249668,3.1408,0.0751043115438108,0.1323831395712511,0.0214907718625622,0.0675967986156175,-12.498011910763726,46.5316,14.7936,267804.338
2025-08-27,000007.SZ,其他商业,7.53,-0.0258732212160414,-0.0305039787798409,2.242,0.0516759776536313,0.0892948957240156,0.0220615650032982,0.0693919186171578,-12.47179808989834,45.3277,14.4109,260875.3771
2025-08-28,000007.SZ,其他商业,7.54,0.0013280212483399,-0.0185185185185184,2.2136,0.0634696755994359,-0.0005260609185512,0.0220323037637784,0.0693000693000693,-12.473125230320944,45.3879,14.43,261221.8252
2025-08-29,000007.SZ,其他商业,7.56,0.0026525198938991,-0.0170380078636959,1.7651,0.0632911392405062,-0.1224889283780594,0.0219740135315975,0.0691166204737253,-12.475774238538094,45.5083,14.4683,261914.7213
2025-09-01,000007.SZ,其他商业,7.63,0.0092592592592593,0.0146471371504661,2.3242,0.0611961057023642,-0.1985968569870829,0.0214549456868049,0.069094175361017,-12.484990893611494,46.6093,14.473,264339.8576
2025-09-02,000007.SZ,其他商业,7.51,-0.0157273918741809,0.039671682626539,3.0839,0.0358620689655171,-0.215609828485475,0.0217977474207815,0.0701980990354781,-12.469138513816135,45.8763,14.2454,260182.481
2025-09-03,000007.SZ,其他商业,7.31,-0.0266311584553928,0.0283018867924529,1.8474,0.0223776223776221,-0.2367435469324043,0.0223941094534493,0.0721188518678782,-12.44214632211304,44.6546,13.866,253253.5202
2025-09-04,000007.SZ,其他商业,7.42,0.015047879616963,0.0173333333333334,2.6628,0.0421348314606742,-0.2172870273601844,0.0220621490739412,0.0710494717471775,-12.457082105201769,45.3265,14.0747,257064.4486
2025-09-05,000007.SZ,其他商业,7.5,0.0107816711590296,-0.0065616797900261,1.9433,-0.002659574468085,-0.1381201419076149,0.0218268173008084,0.070291851768543,-12.467806068751468,45.8152,14.2264,259836.033
2025-09-08,000007.SZ,其他商业,7.62,0.016,-0.0078947368421051,1.9871,0.0052770448548813,-0.1156326857923392,0.0214830616800183,0.0691845220387294,-12.483679417801696,46.5483,14.4541,263993.4095
2025-09-09,000007.SZ,其他商业,7.6,-0.0026246719160105,-0.0131061598951506,1.2766,0.0160427807486629,-0.2413919628393543,0.02153960810837,0.0693668884094866,-12.481051295349571,46.4261,14.4161,263300.5134
2025-09-10,000007.SZ,其他商业,7.63,0.0039473684210526,-0.0235910878112712,1.4641,0.0200534759358288,-0.2684271681816489,0.0214549456868049,0.069094175361017,-12.484990893611494,46.6093,14.473,264339.8576
2025-09-11,000007.SZ,其他商业,7.63,0.0,-0.0449141347424042,1.6617,0.0480769230769231,-0.3415421937135643,0.0214549456868049,0.069094175361017,-12.484990893611494,46.6093,14.473,264339.8576
2025-09-12,000007.SZ,其他商业,7.57,-0.0078636959370903,-0.0530503978779841,1.4705,0.0327421555252387,-0.3754271093240945,0.0216249881062565,0.0696417627722992,-12.477096115628058,46.2428,14.3592,262261.1693
2025-09-15,000007.SZ,其他商业,7.54,-0.0039630118890356,-0.0637450199203187,1.3893,0.002659574468085,-0.3820298339814666,0.0217110005297484,0.0699188242450515,-12.473125230320944,46.0596,14.3023,261221.8252
2025-09-16,000007.SZ,其他商业,7.53,-0.0013262599469495,-0.0711409395973154,1.8747,-0.0105124835742443,-0.3020279044986846,0.0217398393425872,0.0700113418373776,-12.47179808989834,45.9985,14.2834,260875.3771
2025-09-17,000007.SZ,其他商业,7.45,-0.0106241699867197,-0.0359612724757953,1.8686,-0.0248691099476439,-0.2537190791582578,0.0219732892695639,0.0707633955107701,-12.46111708067816,45.5098,14.1316,258103.7928
2025-09-18,000007.SZ,其他商业,7.23,-0.0295302013422817,-0.0322128851540615,2.6159,-0.073076923076923,-0.1538242663998751,0.0226419024632125,0.0729165907118846,-12.431142084331968,44.1659,13.7143,250481.9358
2025-09-19,000007.SZ,其他商业,7.14,-0.012448132780083,-0.0156028368794325,2.8912,-0.0822622107969152,-0.0103272104904552,0.0229273135378908,0.0738356123925691,-12.418615824496014,43.6161,13.5436,247363.9034
2025-09-22,000007.SZ,其他商业,7.05,-0.0126050420168066,0.0404624277456648,2.2103,-0.0735873850197109,0.0932366078348605,0.0232200119350861,0.0747780960001196,-12.405930664951496,43.0663,13.3729,244245.871
2025-09-23,000007.SZ,其他商业,6.92,-0.0184397163120567,0.0459110473457675,2.3502,-0.1047865459249677,0.1604739624475908,0.023656209045188,0.0761829304526027,-12.387318817638567,42.2722,13.1263,239742.0464
2025-09-24,000007.SZ,其他商业,6.97,0.0072254335260115,0.0680173661360346,1.8103,-0.0743691899070385,0.167051494935005,0.023486528127466,0.0756366716838992,-12.394518273114157,42.5776,13.2211,241474.2867
2025-09-25,000007.SZ,其他商业,6.91,-0.0086083213773313,0.0561959654178674,1.2797,-0.0835543766578249,0.0600826107615224,0.0236904510898792,0.0762933632403317,-12.385872685972071,42.2111,13.1073,239395.5984
2025-09-26,000007.SZ,其他商业,6.94,0.0043415340086832,0.0055555555555555,1.3558,-0.0820105820105818,-0.084902305449151,0.0235880766989901,0.0759635982437216,-12.390204822578188,42.3943,13.1642,240434.9425
2025-09-29,000007.SZ,其他商业,7.2,0.0374639769452449,-0.0013717421124828,3.0523,-0.056356487549148,-0.017520582007547,0.0227362638861731,0.0732203786957986,-12.426984074311392,43.9826,13.6574,249442.5917
2025-09-30,000007.SZ,其他商业,7.29,0.0124999999999999,-0.018970189701897,2.7015,-0.029294274300932,0.0273233400397343,0.0224555604458776,0.0723165149225128,-12.439406594324796,44.5324,13.8281,252560.6241
2025-10-09,000007.SZ,其他商业,7.38,0.0123456790123457,-0.0190995907230558,3.1754,0.0095759233926129,0.1271280393164933,0.0221817036435666,0.0714346944023773,-12.451676686931098,45.0822,13.9988,255678.6565
2025-10-10,000007.SZ,其他商业,7.33,-0.0067750677506774,-0.0276243093922652,2.3784,-0.0121293800539082,0.2428226876921455,0.0223330437481994,0.071921749136939,-12.44487856429678,44.7767,13.904,253946.4163
2025-10-13,000007.SZ,其他商业,7.24,-0.0122783083219645,-0.0123626373626373,2.6144,-0.0346666666666666,0.3442116442985421,0.0226106224704366,0.0728157107177444,-12.432524254782248,44.227,13.7333,250828.3839
2025-10-14,000007.SZ,其他商业,7.28,0.0055248618784531,0.0193370165745856,2.2116,-0.0446194225721784,0.2562319188524098,0.0224864125851953,0.0724160155259937,-12.438033910290924,44.4713,13.8091,252214.176
2025-10-15,000007.SZ,其他商业,7.24,-0.0054945054945054,0.0250347705146036,1.2615,-0.0473684210526315,0.1183503292712802,0.0226106224704366,0.0728157107177444,-12.432524254782248,44.227,13.7333,250828.3839
2025-10-16,000007.SZ,其他商业,7.19,-0.0069060773480662,0.0497159090909089,1.3702,-0.0576671035386631,-0.0529348754919541,0.0227678927176895,0.0733223838573439,-12.425594219797636,43.9215,13.6384,249096.1436
2025-10-17,000007.SZ,其他商业,7.04,-0.0208623087621697,0.026425591098748,1.4592,-0.0773263433813892,-0.1372342226845021,0.0232530019625533,0.0748844906731366,-12.404511218477555,43.0052,13.3539,243899.423
2025-10-20,000007.SZ,其他商业,7.19,0.0213068181818181,-0.0094850948509485,1.4635,-0.0501981505944517,-0.2484637344558958,0.0227678927176895,0.0733223838573439,-12.425594219797636,43.9215,13.6384,249096.1436
2025-10-21,000007.SZ,其他商业,7.38,0.026425591098748,0.0040705563093623,1.5704,-0.0212201591511936,-0.3135220678740988,0.0221817036435666,0.0714346944023773,-12.451676686931098,45.0822,13.9988,255678.6565
2025-10-22,000007.SZ,其他商业,7.37,-0.0013550135501354,0.0811907983761841,1.2037,-0.0212483399734395,-0.3079049360862401,0.0222118073525524,0.0715312698946344,-12.450320754300789,45.0211,13.9799,255332.2084
2025-10-23,000007.SZ,其他商业,7.39,0.0027137042062415,0.1124661246612468,1.7409,-0.0080536912751678,-0.2693165407550766,0.0221516814233784,0.0713378704218921,-12.45303078310682,45.1433,14.0178,256025.1045
2025-10-24,000007.SZ,其他商业,7.38,-0.0013531799729363,0.1354309165526677,1.5186,0.0207468879668049,-0.2430822507326011,0.0221817036435666,0.0714346944023773,-12.451676686931098,45.0822,13.9988,255678.6565
2025-10-27,000007.SZ,其他商业,7.31,-0.0094850948509485,0.162162162162162,1.5249,0.0238095238095237,-0.2096264848586247,0.0223941094534493,0.0721188518678782,-12.44214632211304,44.6546,13.866,253253.5202
2025-10-28,000007.SZ,其他商业,7.4,0.0123119015047881,0.0738423028785981,1.4304,0.0496453900709221,-0.208121068825738,0.0221217892988056,0.0712413085603556,-12.454383048575352,45.2043,14.0368,256371.5526
2025-10-29,000007.SZ,其他商业,7.99,0.0797297297297296,0.0803897685749084,6.1501,0.1546242774566475,0.1983582407784301,0.0204882346312629,0.0659809051260565,-12.53109380814634,48.8085,15.1559,276811.9872
2025-10-30,000007.SZ,其他商业,8.21,0.0275344180225283,0.0795180722891566,7.8465,0.1779053084648494,0.5616901646621151,0.019939225241464,0.0642128785349189,-12.558255971589162,50.1524,15.5732,284433.8441
2025-10-31,000007.SZ,其他商业,8.3,0.0109622411693057,0.1244186046511628,4.6573,0.2011577424023156,0.7053185654591156,0.0197054818680008,0.0635267511148944,-12.569158562942205,50.7473,15.7414,287551.8765
2025-11-03,000007.SZ,其他商业,8.6,0.0361445783132527,0.1410256410256409,5.4528,0.239193083573487,0.864579910776218,0.0190180957180757,0.0613109507489132,-12.604665251334414,52.5815,16.3103,297945.3178
2025-11-04,000007.SZ,其他商业,8.58,-0.0023255813953487,0.0326944757609921,4.1603,0.1916666666666666,1.0229873540925647,0.0190624332814835,0.0614537499078193,-12.602336961870554,52.4592,16.2724,297252.4218
2025-11-05,000007.SZ,其他商业,8.87,0.0337995337995336,0.0714285714285714,3.8298,0.2167352537722906,0.8201855843310841,0.0184391958297914,0.0594445501236446,-12.635577844439576,54.2323,16.8224,307299.415
2025-11-06,000007.SZ,其他商业,8.96,0.0101465614430666,-0.0082730093071354,5.6446,0.2140921409214093,0.5965815586384735,0.0182539711514239,0.0588474145388422,-12.645673275118728,54.7826,16.9931,310417.4474
2025-11-07,000007.SZ,其他商业,9.67,0.0792410714285714,0.0,7.3244,0.3192360163710777,0.6395970519173553,0.0169137197328985,0.0545265189725022,-12.72193135753113,59.1236,18.3397,335015.2585
2025-11-10,000007.SZ,其他商业,9.79,0.0124095139607032,0.0807860262008735,9.1533,0.3522099447513811,0.6970947107391439,0.0167064000547969,0.0538584169934077,-12.734264504822384,59.8573,18.5672,339172.6351
2025-11-11,000007.SZ,其他商业,9.16,-0.0643513789581204,0.0072916666666666,9.2118,0.2582417582417582,0.8038735889563471,0.0178554210843954,0.0575625705141488,-12.667749226882638,56.0054,17.3724,317346.4083
2025-11-12,000007.SZ,其他商业,9.6,0.0480349344978165,0.0145985401459853,7.2451,0.3259668508287292,0.8380281522383868,0.0170370521810834,0.0549242320219257,-12.714666146562726,58.6956,18.2069,332590.1222
2025-11-13,000007.SZ,其他商业,9.59,-0.0010416666666666,0.0214504596527069,3.3921,0.3337969401947147,0.6900128751321533,0.0170548056178529,0.0549816086519059,-12.713623937116587,58.6345,18.1879,332243.6742
2025-11-14,000007.SZ,其他商业,9.79,0.0208550573514076,-0.0404040404040404,3.7879,0.3906249999999998,0.4852584805069506,0.0167064000547969,0.0538584169934077,-12.734264504822384,59.8573,18.5672,339172.6351
2025-11-17,000007.SZ,其他商业,9.9,0.0112359550561798,-0.028955532574974,3.6047,0.3769123783031989,0.2047195344147458,0.016520760814077,0.0532597638462071,-12.745437805466372,60.5299,18.7759,342983.5636
2025-11-18,000007.SZ,其他商业,9.67,-0.0232323232323232,-0.0267214799588899,3.2304,0.3102981029810299,-0.0767433579127474,0.0169137197328985,0.0545265189725022,-12.72193135753113,59.1236,18.3397,335015.2585
2025-11-19,000007.SZ,其他商业,9.73,0.0062047569803516,-0.032,2.7998,0.3202170963364994,-0.2822250940977978,0.0168094065439019,0.0541905556699578,-12.728116944371518,59.4905,18.4534,337093.9468
2025-11-20,000007.SZ,其他商业,10.0,0.027749229188078,0.0305263157894735,5.2016,0.3531799729364007,-0.2332987534785686,0.0163555567186173,0.0527273206612006,-12.75548814120325,61.1413,18.9655,346448.044
2025-11-21,000007.SZ,其他商业,9.5,-0.05,0.0521831735889244,5.0829,0.2872628726287263,-0.2090038091664209,0.0172163858674131,0.0555025198143995,-12.704194846815698,58.0842,18.0172,329125.6418
2025-11-24,000007.SZ,其他商业,9.39,-0.011578947368421,0.1478352692713831,3.4714,0.2845417236662109,-0.2291920699045162,0.0174180524178869,0.0561526453511224,-12.692548341380192,57.4117,17.8086,325314.7133
2025-11-25,000007.SZ,其他商业,9.47,0.0085197018104365,0.1146694214876031,2.4609,0.2797297297297296,-0.2665308361867055,0.0172709185365314,0.0556783572657472,-12.701031955504726,57.9008,17.9603,328086.2977
2025-11-26,000007.SZ,其他商业,9.68,0.0221752903907073,0.0725229826353421,2.9371,0.2115143929912391,-0.2376155160421394,0.0168962301131371,0.0544703844519734,-12.722964949521543,59.1848,18.3586,335361.7066
2025-11-27,000007.SZ,其他商业,9.79,0.0113636363636362,0.027327935222672,2.3219,0.1924482338611446,-0.3145547914554158,0.0167064000547969,0.0538584169934077,-12.734264504822384,59.8573,18.5672,339172.6351
2025-11-28,000007.SZ,其他商业,9.88,0.0091930541368745,-0.0846366145354186,4.9514,0.1903614457831326,-0.322192387066705,0.0165542084108622,0.053367773336393,-12.74341556005078,60.4076,18.7379,342290.6675
2025-12-01,000007.SZ,其他商业,10.87,0.1002024291497973,-0.083410565338276,4.8328,0.2639534883720931,-0.2602145720498456,0.0150465087585727,0.048507191191094,-12.83890974926797,66.4606,20.6155,376589.0238
2025-12-02,000007.SZ,其他商业,10.79,-0.0073597056117755,-0.0323809523809524,6.689,0.2575757575757575,-0.105421367480028,0.015158083654432,0.0488667793860377,-12.831522827543449,65.9714,20.4638,373817.4395
2025-12-03,000007.SZ,其他商业,10.5,-0.0268767377201111,0.0098522167487684,4.9004,0.1837655016910937,-0.0352338831576645,0.0155767364556382,0.0502164328254778,-12.804278305372682,64.1983,19.9138,363770.4462
2025-12-04,000007.SZ,其他商业,10.15,-0.0333333333333333,0.0140703517587941,3.2416,0.1328125,0.0273402162968683,0.0161138540471555,0.0519480519480519,-12.770376753810751,62.0584,19.25,351644.7647
2025-12-05,000007.SZ,其他商业,9.95,-0.019704433497537,0.0667340748230536,2.6081,0.0289555325749741,-0.0223497161017601,0.0164377436895502,0.052992204846667,-12.750475599437724,60.8356,18.8707,344715.8038
2025-12-08,000007.SZ,其他商业,9.89,-0.0060301507537686,0.1427165354330708,5.3981,0.0102145045965271,0.0455516258627202,0.0165374813746616,0.053313713886623,-12.744427193797128,60.4687,18.7569,342637.1155
2025-12-09,000007.SZ,其他商业,10.16,0.0273003033367036,0.1707317073170731,3.7333,0.1091703056768558,-0.0288739231046334,0.0160980046523233,0.0518968291037417,-12.771361490348175,62.1195,19.269,351991.2127
2025-12-10,000007.SZ,其他商业,10.25,0.0088582677165354,0.1417244796828543,3.0984,0.0677083333333334,-0.0697907743125497,0.0159566489760618,0.0514411230625987,-12.78018075379362,62.6698,19.4397,355109.2451
2025-12-11,000007.SZ,其他商业,10.09,-0.0156097560975609,0.0900473933649288,2.6342,0.0521376433785192,-0.0921922066248495,0.0162096622554772,0.0522569789195347,-12.764447882586165,61.6916,19.1362,349566.0764
2025-12-12,000007.SZ,其他商业,10.55,0.045589692765114,0.012058570198105,5.6483,0.0776302349336059,0.0406220710420146,0.0155028905139363,0.0499785092410263,-12.80902890807656,64.5041,20.0086,365502.6864
2025-12-15,000007.SZ,其他商业,11.61,0.100473933649289,-0.0191666666666666,9.9613,0.1727272727272726,0.1772134516548145,0.0140874832711136,0.045415323130024,-12.904769843958782,70.985,22.019,402226.1791
2025-12-16,000007.SZ,其他商业,12.0,0.03359173126615,0.0260416666666667,11.2712,0.2409513960703206,0.3990607408328925,0.0136296417448667,0.0439394338843338,-12.937809697997205,73.3695,22.7586,415737.6528
2025-12-17,000007.SZ,其他商业,11.52,-0.04,0.0260869565217392,6.7514,0.1839671120246659,0.4925166134576466,0.0141975273586352,0.0457701514534311,-12.896987703507016,70.4348,21.8483,399108.1467
2025-12-18,000007.SZ,其他商业,11.5,-0.001736111111111,-0.0161702127659574,3.2338,0.1499999999999999,0.5485442755506551,0.0142222222222222,0.0458498966084831,-12.895250083578407,70.3125,21.8103,398415.2506
2025-12-19,000007.SZ,其他商业,11.75,0.0217391304347827,-0.0322854715378079,3.8625,0.2368421052631579,0.4926617244867672,0.013919628067538,0.0448742399425609,-12.916756288799371,71.841,22.2845,407076.4517
2025-12-22,000007.SZ,其他商业,11.77,0.0017021276595743,-0.038917089678511,3.293,0.2534611288604897,0.211224284254178,0.0138959719746037,0.044798050388847,-12.918456969510816,71.9633,22.3224,407769.3478
2025-12-23,000007.SZ,其他商业,11.82,0.004248088360238,-0.0152542372881356,2.6319,0.2481520591341077,-0.1586100806704702,0.0138371916035921,0.0446086041075602,-12.92269606016762,72.269,22.4172,409501.588
2025-12-24,000007.SZ,其他商业,11.8,-0.0016920473773265,-0.0103806228373702,2.7676,0.2190082644628099,-0.3269203305545549,0.0138606478189577,0.0446841500851233,-12.9210025796319,72.1467,22.3793,408808.6919
2025-12-25,000007.SZ,其他商业,11.56,-0.0203389830508474,0.0114135206321333,3.1392,0.1807967313585292,-0.336730500013207,0.0141484140335289,0.0456119065320811,-12.900453911543323,70.6793,21.9241,400493.9389
2025-12-26,000007.SZ,其他商业,11.39,-0.0147058823529411,0.0220070422535212,2.8276,0.1528340080971659,-0.366246702196302,0.0143595840890064,0.0462926528930593,-12.885638825627748,69.6399,21.6017,394604.3221
2025-12-29,000007.SZ,其他商业,11.36,-0.0026338893766463,-0.0103270223752151,2.1346,0.0450781968721252,-0.3987943290045699,0.0143975005938968,0.0464149121829861,-12.883001461542865,69.4565,21.5448,393564.978
2025-12-30,000007.SZ,其他商业,11.62,0.0228873239436619,0.0629370629370629,2.9794,0.0769230769230768,-0.356755256578634,0.0140753481537365,0.0453763743369377,-12.905630799563417,71.0462,22.0379,402572.6271
2025-12-31,000007.SZ,其他商业,11.44,-0.0154905335628227,0.0572916666666667,2.3252,0.0895238095238095,-0.3581092808654943,0.0142968249611126,0.046090170810173,-12.890019034070024,69.9456,21.6966,396336.5623
2026-01-05,000007.SZ,其他商业,11.52,0.006993006993007,0.0223944875107666,2.3882,0.1349753694581279,-0.3878140899509357,0.0141975273586352,0.0457701514534311,-12.896987703507016,70.4348,21.8483,399108.1467
2026-01-06,000007.SZ,其他商业,11.61,0.0078125,0.0156521739130435,3.3516,0.1668341708542713,-0.3681470152509624,0.0140874832711136,0.045415323130024,-12.904769843958782,70.985,22.019,402226.1791
2026-01-07,000007.SZ,其他商业,11.5,-0.0094745908699396,-0.0526315789473684,2.4634,0.1627906976744184,-0.3287724498453962,0.0142222222222222,0.0458498966084831,-12.895250083578407,70.3125,21.8103,398415.2506
2026-01-08,000007.SZ,其他商业,12.16,0.057391304347826,-0.0747126436781608,4.8208,0.1968503937007875,-0.2474369848842167,0.0134502971170633,0.0433611856682609,-12.95105492473773,74.3478,23.0621,421280.8215
2026-01-09,000007.SZ,其他商业,12.18,0.0016447368421053,-0.0480202190395955,4.4144,0.1882926829268292,-0.1585773634613434,0.0134282080996265,0.0432900432900432,-12.952698310509913,74.4701,23.1,421973.7176
2026-01-12,000007.SZ,其他商业,11.87,-0.0254515599343185,-0.0282534246575342,4.7877,0.1764122893954409,-0.0670345936832403,0.0137789064233128,0.0444205560565207,-12.926917256762692,72.5747,22.5121,411233.8282
2026-01-13,000007.SZ,其他商业,11.68,-0.0160067396798652,-0.0468749999999998,3.2764,0.1071090047393363,-0.0439084096505613,0.014003052665481,0.0451432621424089,-12.910781025629054,71.413,22.1517,404651.3154
2026-01-14,000007.SZ,其他商业,11.52,-0.0136986301369863,0.0008873114463177,2.5828,-0.0077519379844961,0.0561161817570949,0.0141975273586352,0.0457701514534311,-12.896987703507016,70.4348,21.8483,399108.1467
2026-01-15,000007.SZ,其他商业,11.27,-0.0217013888888888,0.0035398230088494,2.4841,-0.0608333333333334,0.0551148903415139,0.0145124821859281,0.046785595650811,-12.875047376291622,68.9062,21.3741,390446.9456
2026-01-16,000007.SZ,其他商业,11.3,0.0026619343389531,0.0167400881057269,2.3042,-0.0190972222222221,-0.0052780480888825,0.0144739584539496,0.0466613783771172,-12.87770577387641,69.0896,21.431,391486.2897
2026-01-19,000007.SZ,其他商业,11.35,0.0044247787610618,0.0673952641165755,1.9729,-0.0130434782608696,-0.169812934259754,0.0144101770434351,0.0464556650360728,-12.88212079203489,69.3954,21.5259,393218.5299
2026-01-20,000007.SZ,其他商业,10.98,-0.0325991189427312,0.0168439716312058,1.9986,-0.0655319148936169,-0.2302743639682681,0.0148957816635906,0.04802128303264,-12.848978484259042,67.1331,20.8241,380399.9523
2026-01-21,000007.SZ,其他商业,11.28,0.0273224043715845,-0.0149911816578482,2.0627,-0.0416312659303313,-0.2499129316812591,0.0144996041608064,0.0467440436402391,-12.875934294197233,68.9674,21.3931,390793.3936
2026-01-22,000007.SZ,其他商业,11.34,0.0053191489361703,-0.0710571923743499,1.4924,-0.0406091370558375,-0.3049220663982267,0.0144228966368689,0.0464967057084005,-12.88123934651899,69.3342,21.5069,392872.0819
2026-01-23,000007.SZ,其他商业,11.54,0.0176366843033508,-0.0716723549488054,3.1348,-0.0220338983050848,-0.2510563565796175,0.0141729381918165,0.0456908919775931,-12.898722309349187,70.557,21.8862,399801.0428
2026-01-26,000007.SZ,其他商业,11.72,0.0155979202772964,-0.041848299912816,2.4231,0.0138408304498269,-0.2094890342179356,0.0139552538739784,0.0449891126347423,-12.91419983243688,71.6576,22.2276,406037.1076
2026-01-27,000007.SZ,其他商业,11.47,-0.0213310580204778,0.0026857654431511,2.8133,0.0070237050043897,-0.1513130975296475,0.0142594158487703,0.0459698254066031,-12.892637979431012,70.1291,21.7534,397375.9065
2026-01-28,000007.SZ,其他商业,11.17,-0.02615518744551,0.0447761194029849,2.374,-0.016725352112676,-0.1328538529672277,0.014642403228357,0.0472043239160707,-12.866134661166276,68.2948,21.1845,386982.4651
2026-01-29,000007.SZ,其他商业,10.72,-0.0402864816472694,0.0284926470588233,2.4747,-0.0774526678141135,-0.0547981689257186,0.0152570430324898,0.0491859721607397,-12.82501420393802,65.5435,20.331,371392.3032
2026-01-30,000007.SZ,其他商业,10.88,0.0149253731343284,0.0755232029117378,2.1003,-0.0489510489510488,-0.1252467677906116,0.01503268858132,0.0484625263514987,-12.839829289711282,66.5217,20.6345,376935.4719
2026-02-02,000007.SZ,其他商业,10.99,0.0101102941176469,0.0982142857142858,2.2055,-0.0460069444444444,-0.1380413664951916,0.0148822147116645,0.047977508144182,-12.849888816740297,67.1943,20.8431,380746.4004
2026-02-03,000007.SZ,其他商业,11.2,0.019108280254777,0.0848214285714286,1.8243,-0.0353143841515934,-0.186912150252544,0.0146031875837857,0.0470778762228478,-12.868816826561796,68.4782,21.2414,388021.8093
2026-02-04,000007.SZ,其他商业,11.2,0.0,0.0813226094727435,1.1395,-0.0260869565217392,-0.2602051758989494,0.0146031875837857,0.0470778762228478,-12.868816826561796,68.4782,21.2414,388021.8093
2026-02-05,000007.SZ,其他商业,11.19,-0.0008928571428571,0.0338409475465313,1.3892,-0.0797697368421053,-0.2968171694592822,0.0146162289836897,0.0471200241254523,-12.867923570440176,68.4171,21.2224,387675.3612
2026-02-06,000007.SZ,其他商业,11.82,0.0563002680965147,0.0089430894308941,4.8125,-0.0295566502463053,-0.0839627011459529,0.0138371916035921,0.0446086041075602,-12.92269606016762,72.269,22.4172,409501.588
2026-02-09,000007.SZ,其他商业,12.3,0.0406091370558376,0.045267489711934,3.6242,0.0362257792754845,0.0550490312335658,0.0132972004074262,0.0428676760575455,-12.96250231054064,75.2038,23.3276,426131.0941
2026-02-10,000007.SZ,其他商业,12.15,-0.0121951219512195,0.0421487603305785,2.789,0.0402397260273972,0.1461498559438026,0.0134613598396482,0.0433969387799384,-12.950232218090788,74.2867,23.0431,420934.3735
2026-02-11,000007.SZ,其他商业,12.1,-0.0041152263374486,0.0769230769230768,1.5798,0.0503472222222223,0.2080827079667482,0.0135169840905097,0.0435762126170566,-12.94610850071648,73.981,22.9483,419202.1332
2026-02-12,000007.SZ,其他商业,12.22,0.0099173553719009,0.0975020145044318,1.8297,0.0842945874001774,0.2631606203082557,0.0133842649227861,0.0431482704015809,-12.955977002028238,74.7146,23.1759,423359.5098
2026-02-13,000007.SZ,其他商业,12.41,0.0155482815057281,0.062992125984252,2.2503,0.0982300884955751,0.0432310523905399,0.0131793458563477,0.0424877422863503,-12.971405647416416,75.8763,23.5362,429942.0226
2026-02-24,000007.SZ,其他商业,12.7,0.0233682514101529,-0.0007930214115781,2.3761,0.118942731277533,-0.0726945646121558,0.0128783995755279,0.0415175494681601,-12.994505041719204,77.6494,24.0862,439989.0159
2026-02-25,000007.SZ,其他商业,12.61,-0.0070866141732283,0.0007598784194529,2.4284,0.1484517304189434,-0.1117609360874969,0.0129703031938074,0.0418138863916706,-12.987393198222655,77.0992,23.9155,436870.9835
2026-02-26,000007.SZ,其他商业,13.16,0.0436161776367962,-0.027900146842878,3.1697,0.1666666666666667,-0.0002902709471954,0.0124282424352395,0.0400663498753936,-13.0300849740976,80.4619,24.9586,455925.6259
2026-02-27,000007.SZ,其他商业,13.62,0.0349544072948326,-0.017037037037037,2.4314,0.2010582010582009,0.0295669292939975,0.0120084924058294,0.0387131740931439,-13.06444234887123,83.2744,25.831,471862.2359
2026-03-02,000007.SZ,其他商业,13.5,-0.0088105726872246,0.05,2.569,0.1698440207972271,0.0677804295942721,0.0121152352718113,0.0390573127006569,-13.055592733653588,82.5407,25.6034,467704.8594
2026-03-03,000007.SZ,其他商业,12.6,-0.0666666666666666,0.0698557327258921,3.7762,0.0750853242320819,0.1509635267059137,0.012980606973182,0.0418469573077341,-12.986599862075003,77.038,23.8966,436524.5354
2026-03-04,000007.SZ,其他商业,13.17,0.0452380952380953,0.0687311178247733,2.6711,0.14821272885789,0.1737371750219312,0.0124187965937724,0.0400358721414387,-13.030844563859192,80.5231,24.9776,456272.0739
2026-03-05,000007.SZ,其他商业,13.24,0.0053151100987092,0.0535041446872646,1.5522,0.1853178155774395,0.0613657841614432,0.0123531366466916,0.0398242952095355,-13.03614559881399,80.9511,25.1103,458697.2103
2026-03-06,000007.SZ,其他商业,13.27,0.0022658610271901,0.0347694633408919,1.6275,0.237873134328358,0.0132534649887114,0.0123252130721209,0.0397342572872627,-13.03840889657942,81.1345,25.1672,459736.5544
2026-03-09,000007.SZ,其他商业,13.23,-0.00301431801055,-0.0014194464158977,2.1333,0.2159926470588233,-0.023614071720193,0.0123624828316019,0.0398542927058673,-13.035390026309887,80.8899,25.0914,458350.7622
2026-03-10,000007.SZ,其他商业,14.09,0.0650037792894935,0.0303886925795053,3.4501,0.2820746132848044,-0.07459406962275,0.0116079170637541,0.0374217884621141,-13.098368374127986,86.1481,26.7224,488145.294
2026-03-11,000007.SZ,其他商业,14.15,0.0042583392476933,0.0672389127324748,1.834,0.2633928571428572,-0.1425115104828332,0.0115587026049848,0.0372630998427497,-13.102617672380044,86.5149,26.8362,490223.9823
2025-07-29,000009.SZ,电气设备,9.21,-0.012861736334405,-0.0010928961748634,1.2323,0.0087623220153341,0.4192801614240349,0.0113843481151504,0.4254051984515251,-14.680700003037296,87.8399,2.3507,2375456.0618
2025-07-30,000009.SZ,电气设备,9.15,-0.006514657980456,0.0,1.0305,0.0021905805038333,0.4230893900896095,0.0114590065499681,0.428192172647084,-14.674164032053367,87.2676,2.3354,2359980.778
2025-07-31,000009.SZ,电气设备,9.1,-0.005464480874317,-0.0043811610076671,1.0444,0.0088691796008868,0.4011081766868622,0.0115219718241701,0.430551967622492,-14.668684566299452,86.7907,2.3226,2347084.7082
2025-08-01,000009.SZ,电气设备,9.13,0.0032967032967035,-0.0205183585313174,0.9433,0.0212527964205817,0.3413279852342972,0.0114841019834192,0.4291292966570828,-14.671975847343113,87.0769,2.3303,2354822.35
2025-08-04,000009.SZ,电气设备,9.26,0.0142387732749178,0.0043763676148795,1.0051,0.0416197975253092,0.0669373461567743,0.0113228868379366,0.4231013327691982,-14.68611420141762,88.3167,2.3635,2388352.1316
2025-08-05,000009.SZ,电气设备,9.14,-0.0129589632829373,0.0109890109890109,0.7511,0.0269662921348314,-0.0213335109844777,0.0114715471216741,0.4286694101508916,-14.67307053821716,87.1722,2.3328,2357401.564
2025-08-06,000009.SZ,电气设备,9.1,-0.0043763676148798,0.0033003300330032,0.6101,0.0376282782212087,-0.0972189824534121,0.0115219718241701,0.430551967622492,-14.668684566299452,86.7907,2.3226,2347084.7082
2025-08-07,000009.SZ,电气设备,9.09,-0.001098901098901,-0.0143329658213893,0.5649,0.0306122448979591,-0.1960325571020237,0.0115346373625359,0.4310159044868755,-14.667585060951131,86.6954,2.3201,2344505.4942
2025-08-08,000009.SZ,电气设备,9.07,-0.0022002200220021,-0.0010893246187363,0.5622,0.0225479143179256,-0.2448988414317828,0.0115600788859783,0.4319654427645788,-14.665382416901624,86.5046,2.315,2339347.0663
2025-08-11,000009.SZ,电气设备,9.18,0.0121278941565601,0.0173913043478262,0.772,0.0337837837837837,-0.2996584538053403,0.0114215618528971,0.4268032437046521,-14.677437357400414,87.5537,2.343,2367718.4199
2025-08-12,000009.SZ,电气设备,9.2,0.0021786492374726,0.0208333333333334,0.7841,0.0550458715596329,-0.2991897686345234,0.0113967257207004,0.4258762403645501,-14.67961363681034,87.7445,2.3481,2372876.8478
2025-08-13,000009.SZ,电气设备,9.12,-0.0086956521739131,0.063758389261745,0.8801,0.04707233065442,-0.2555598499963439,0.0114966975736219,0.4296086265412209,-14.670879956850088,86.9815,2.3277,2352243.1361
2025-08-14,000009.SZ,电气设备,8.94,-0.0197368421052631,0.0359869138495092,1.0625,0.0170648464163822,-0.1764926564900202,0.0117281691858774,0.4382505039880796,-14.65094574193643,85.2648,2.2818,2305817.2847
2025-08-15,000009.SZ,电气设备,9.17,0.0257270693512303,0.017094017094017,1.1786,0.0420454545454545,-0.0805928488589232,0.0114340074824144,0.4272591326639607,-14.676347439021605,87.4584,2.3405,2365139.2059
2025-08-18,000009.SZ,电气设备,9.36,0.0207197382769901,0.0300751879699248,1.7333,0.0648464163822526,0.0619082370112291,0.0112019088052604,0.4185851820845542,-14.696855443228277,89.2705,2.389,2414144.2712
2025-08-19,000009.SZ,电气设备,9.31,-0.0053418803418802,0.0052576235541534,1.0365,0.0379041248606466,0.1348542422184655,0.011262072942194,0.42083999663328,-14.691499244038074,88.7936,2.3762,2401248.2014
2025-08-20,000009.SZ,电气设备,9.51,0.0214822771213747,-0.0073684210526315,1.2689,0.0673400673400672,0.1960327776746135,0.0110252246113883,0.4119803897334487,-14.712754029306527,90.7011,2.4273,2452832.4807
2025-08-21,000009.SZ,电气设备,9.5,-0.0010515247108306,-0.0073529411764706,1.1544,0.0520487264673312,0.209550431155173,0.0110368332235168,0.4124221553181836,-14.711701951382246,90.6057,2.4247,2450253.2668
2025-08-22,000009.SZ,电气设备,9.52,0.0021052631578946,0.0218978102189781,0.9008,0.0507726269315671,0.1736643426678481,0.0110136403936275,0.411556506708371,-14.713805001566763,90.7965,2.4298,2455411.6947
2025-08-25,000009.SZ,电气设备,9.59,0.0073529411764705,0.0188284518828452,1.2649,0.027867095391211,0.137613751263903,0.0109332514068361,0.4085467990358295,-14.72113104163654,91.4641,2.4477,2473466.1924
2025-08-26,000009.SZ,电气设备,9.56,-0.003128258602711,0.0455991516436902,0.7816,0.0380021715526601,0.1113904797380145,0.0109675579635438,0.4098360655737705,-14.717997879802432,91.178,2.44,2465728.5505
2025-08-27,000009.SZ,电气设备,9.43,-0.0135983263598327,0.035978835978836,1.2731,0.0306010928961748,0.0984728105089438,0.0111187583460179,0.4123031252576895,-14.704306249402766,89.9381,2.4254,2432198.769
2025-08-28,000009.SZ,电气设备,9.45,0.002120890774125,-0.0040816326530612,1.171,0.0384615384615383,0.0947838667918876,0.0110952326004562,0.411421048300831,-14.70642489425074,90.1288,2.4306,2437357.1969
2025-08-29,000009.SZ,电气设备,9.8,0.0370370370370372,0.057494866529774,2.7644,0.0733844468784228,0.3485380769159278,0.0087283417110866,0.3973299427844882,-14.742792538431871,114.5693,2.5168,2527629.6857
2025-09-01,000009.SZ,电气设备,9.74,-0.0061224489795919,0.1348884381338742,1.6432,0.0518358531317495,0.3779950085072008,0.0087821139953525,0.3997761253697929,-14.736651270405808,113.8678,2.5014,2512154.4019
2025-09-02,000009.SZ,电气设备,9.86,0.0123203285420943,0.1440245148110317,2.38,0.0787746170678336,0.5524202702361836,0.0086752314334865,0.394913513940447,-14.74889632137382,115.2707,2.5322,2543104.9695
2025-09-03,000009.SZ,电气设备,9.79,-0.0070993914807302,0.125,1.7157,0.0758241758241757,0.5545913981086443,0.0087372567110868,0.3977250129260629,-14.741771609283903,114.4524,2.5143,2525050.4717
2025-09-04,000009.SZ,电气设备,9.76,-0.0030643513789581,0.0650485436893204,2.298,0.0737073707370736,0.6227122323504337,0.008764118995702,0.3989626969878316,-14.738702553164456,114.1016,2.5065,2517312.8298
2025-09-05,000009.SZ,电气设备,10.3,0.0553278688524592,0.0169794459338696,3.7325,0.1356119073869901,0.5800185262253483,0.0083046407993715,0.3780432481475881,-14.792554048009755,120.4146,2.6452,2656590.384
2025-09-08,000009.SZ,电气设备,11.19,0.0864077669902911,-0.025892857142857,5.4332,0.2189542483660129,0.8062501451092381,0.0076441261770043,0.3479713271626418,-14.87543067506705,130.8194,2.8738,2886140.4268
2025-09-09,000009.SZ,电气设备,11.2,0.0008936550491509,-0.0136612021857923,3.9913,0.2173913043478261,0.8235662701784199,0.0076373014969874,0.3476567932137394,-14.876323931056394,130.9363,2.8764,2888719.6408
2025-09-10,000009.SZ,电气设备,10.98,-0.019642857142857,-0.0264357338195078,2.719,0.2039473684210528,0.8402699548640733,0.0077903279961796,0.3546225043441257,-14.856485588847322,128.3643,2.8199,2831976.9336
2025-09-11,000009.SZ,电气设备,10.97,-0.0009107468123861,-0.0852372583479789,2.1058,0.2270693512304251,0.7739566223221905,0.0077974290316996,0.3549497746068931,-14.855574427040716,128.2474,2.8173,2829397.7196
2025-09-12,000009.SZ,电气设备,11.38,0.0373746581586145,-0.0504124656278643,5.2293,0.2410032715376227,0.7470810751419941,0.0075165024811974,0.3421610894409088,-14.89226758146375,133.0406,2.9226,2935145.4922
2025-09-15,000009.SZ,电气设备,10.91,-0.0413005272407733,-0.0572483841181901,3.3241,0.1655982905982906,0.5042532968734101,0.0078403085945462,0.3569006745422749,-14.850089952594994,127.546,2.8019,2813922.4358
2025-09-16,000009.SZ,电气设备,10.83,-0.0073327222731439,-0.0365168539325843,2.047,0.1632653061224489,0.3072701925073413,0.0078982266111789,0.3595440980836299,-14.842730213770034,126.6107,2.7813,2793288.7241
2025-09-17,000009.SZ,电气设备,10.68,-0.0138504155124653,0.0874159462055714,1.7511,0.1230283911671923,0.2128505633342001,0.008009156067216,0.364590928977687,-14.828782986280132,124.8571,2.7428,2754600.5146
2025-09-18,000009.SZ,电气设备,10.41,-0.0252808988764045,0.1660231660231661,2.0622,0.0957894736842106,0.1866008619376722,0.0082168863588182,0.3740415186085655,-14.803177035395258,121.7006,2.6735,2684961.7376
2025-09-19,000009.SZ,电气设备,10.36,-0.0048030739673391,0.1449559255631731,1.3417,0.0882352941176469,-0.1412365309581452,0.0082565406250696,0.3758550702848981,-14.798362389571713,121.1161,2.6606,2672065.6677
2025-09-22,000009.SZ,电气设备,10.21,-0.0144787644787643,0.1681243926141886,1.1036,0.064650677789364,-0.3201576498225825,0.0083778406115823,0.3813737080965638,-14.78377778494521,119.3625,2.6221,2633377.4583
2025-09-23,000009.SZ,电气设备,10.29,0.007835455435847,0.1007067137809187,1.737,0.0763598326359831,-0.3580821785834712,0.0083127108830842,0.3784008778900367,-14.791582702606956,120.2977,2.6427,2654011.17
2025-09-24,000009.SZ,电气设备,11.32,0.1000971817298348,0.0173841059602648,3.8154,0.200424178154825,-0.231562765561295,0.0075563400715736,0.3439735828288387,-14.886981225537232,132.3392,2.9072,2919670.2084
2025-09-25,000009.SZ,电气设备,12.08,0.0671378091872791,0.0393498716852012,8.4749,0.2783068783068785,0.104257793777045,0.0070809393857426,0.3223310985043837,-14.951961345255594,141.2242,3.1024,3115690.4697
2025-09-26,000009.SZ,电气设备,11.69,-0.0322847682119206,-0.0108153078202993,4.211,0.1928571428571426,0.2659139996073043,0.0073171731126083,0.3330890680167876,-14.919143928244296,136.6648,3.0022,3015101.1251
2025-09-29,000009.SZ,电气设备,12.02,0.0282292557741659,-0.0834670947030498,5.4361,0.2340862422997947,0.4589309016174976,0.0071162879734021,0.3239390994493035,-14.94698208185273,140.5227,3.087,3100215.1859
2025-09-30,000009.SZ,电气设备,12.46,0.0366056572379369,-0.0561432058584214,5.3124,0.2636916835699798,0.6066791172928585,0.006864991700225,0.3125,-14.982933666117765,145.6666,3.2,3213700.6004
2025-10-09,000009.SZ,电气设备,12.29,-0.0136436597110756,-0.0567901234567901,3.717,0.2553626149131767,0.5550051114935584,0.006959949665644,0.3168266641320533,-14.96919607633802,143.6792,3.1563,3169853.963
2025-10-10,000009.SZ,电气设备,12.15,-0.0113913751017086,-0.0916736753574432,3.3065,0.2448770491803278,0.2410816486970561,0.0070401464350458,0.3204820049354229,-14.95773932254988,142.0425,3.1203,3133744.9675
2025-10-13,000009.SZ,电气设备,11.89,-0.0213991769547324,-0.0490367775831874,2.6894,0.1543689320388348,0.1724386889754756,0.0071940945116972,0.3274823159549384,-14.936107863462926,139.0029,3.0536,3066685.4044
2025-10-14,000009.SZ,电气设备,11.42,-0.039529015979815,-0.0568965517241379,2.7693,0.0205540661304737,0.0600842069519138,0.0074901710230749,0.3409594599202155,-14.895776356973023,133.5083,2.9329,2945462.348
2025-10-15,000009.SZ,电气设备,11.6,0.0157618213660244,-0.0636998254799302,2.071,0.0357142857142858,-0.1074914371747738,0.0073739460787566,0.3356718472021752,-14.911415250867664,135.6126,2.9791,2991888.1994
2025-10-16,000009.SZ,电气设备,11.46,-0.0120689655172412,0.0194444444444443,1.3865,0.0437158469945355,-0.2347815743301513,0.0074640289783461,0.3397777853283952,-14.899272864045322,133.9759,2.9431,2955779.2039
2025-10-17,000009.SZ,电气设备,10.8,-0.0575916230366492,0.0101289134438307,2.0828,-0.0154968094804011,-0.3111449654993166,0.0079201647394265,0.3605422555523507,-14.83995628688552,126.26,2.7736,2785551.0822
2025-10-20,000009.SZ,电气设备,10.86,0.0055555555555555,-0.0045703839122485,1.3009,-0.0456942003514939,-0.3586575886846658,0.0078764096804225,0.3585514521333811,-14.845496467264704,126.9614,2.789,2801026.366
2025-10-21,000009.SZ,电气设备,10.94,0.007366482504604,0.0065237651444547,1.6514,0.0027497708524288,-0.4169893181755774,0.0078188100240272,0.3559225512528474,-14.852835949745636,127.8967,2.8096,2821660.0777
2025-10-22,000009.SZ,电气设备,10.73,-0.0191956124314441,0.019073569482289,1.0123,-0.0092336103416434,-0.4804420565238282,0.007971830738901,0.3628842036506151,-14.833453709381692,125.4417,2.7557,2767496.5844
2025-10-23,000009.SZ,电气设备,11.01,0.0260950605778191,0.0182315405651776,2.8346,0.0308988764044944,-0.3907675423554426,0.0077690962443411,0.3536568114301882,-14.85921410350226,128.7151,2.8276,2839714.5755
2025-10-24,000009.SZ,电气设备,10.97,-0.0036330608537692,0.0523415977961432,1.7507,0.053794428434198,-0.4103974691618753,0.0077974290316996,0.3549497746068931,-14.855574427040716,128.2474,2.8173,2829397.7196
2025-10-27,000009.SZ,电气设备,10.89,-0.0072926162260711,0.0361111111111109,1.6898,0.0511583011583012,-0.3872560948441029,0.0078547067759413,0.3575514874141876,-14.848255089705557,127.3122,2.7968,2808764.0079
2025-10-28,000009.SZ,电气设备,10.8,-0.0082644628099173,-0.0285204991087344,1.4039,0.0577864838393731,-0.4072722746871852,0.0079201647394265,0.3605422555523507,-14.83995628688552,126.26,2.7736,2785551.0822
2025-10-29,000009.SZ,电气设备,11.22,0.0388888888888889,-0.0179051029543418,1.9814,0.0903790087463558,-0.343915595451744,0.0076236886302594,0.3470414714558389,-14.878108052839528,131.1701,2.8815,2893878.0687
2025-10-30,000009.SZ,电气设备,11.17,-0.0044563279857398,-0.0445026178010472,2.0094,-0.0132508833922261,-0.3809774869375893,0.0076578121936875,0.3485899536375361,-14.87364176583472,130.5856,2.8687,2880981.9989
2025-10-31,000009.SZ,电气设备,11.46,0.025962399283796,0.0,3.2253,-0.0513245033112582,-0.20451682718738,0.0023844228516409,0.3409594599202155,-14.899272864045322,419.3887,2.9329,2955779.2039
2025-11-03,000009.SZ,电气设备,11.19,-0.0235602094240838,0.0321100917431191,2.0822,-0.0427715996578271,-0.1388794457776554,0.0024419559285561,0.3491863956980236,-14.87543067506705,409.5078,2.8638,2886140.4268
2025-11-04,000009.SZ,电气设备,10.9,-0.0259159964253797,0.031905195989061,1.473,-0.0931780366056571,-0.0582428775644922,0.002506925381366,0.358487184083169,-14.849172942008227,398.895,2.7895,2811343.2219
2025-11-05,000009.SZ,电气设备,10.97,0.0064220183486238,0.0054794520547944,1.9036,-0.1195826645264848,0.0102264944143974,0.0024909286605504,0.3561887800534283,-14.855574427040716,401.4567,2.8075,2829397.7196
2025-11-06,000009.SZ,电气设备,10.95,-0.0018231540565178,0.0178731009830206,1.2606,-0.1090317331163547,-0.0026526529036268,0.0024954781935133,0.3568497305784534,-14.853749609026709,400.7248,2.8023,2824239.2917
2025-11-07,000009.SZ,电气设备,11.19,0.0219178082191779,-0.007111111111111,2.2302,-0.0790123456790123,-0.0775581512202285,0.0024419559285561,0.3491863956980236,-14.87543067506705,409.5078,2.8638,2886140.4268
2025-11-10,000009.SZ,电气设备,11.25,0.0053619302949061,0.0097173144876323,2.0714,-0.0538267451640034,-0.0637622642398724,0.0024289318820627,0.3473307630856865,-14.880778281397156,411.7036,2.8791,2901615.7106
2025-11-11,000009.SZ,电气设备,11.32,0.0062222222222223,0.0063578564940962,1.6913,-0.0087565674255691,-0.0130388038467029,0.0024139120510455,0.3451846738004833,-14.886981225537232,414.2653,2.897,2919670.2084
2025-11-12,000009.SZ,电气设备,11.01,-0.0273851590106007,-0.0316066725197542,1.8864,-0.0508620689655172,-0.0099681269074434,0.0024818785636673,0.3548993860240622,-14.85921410350226,402.9206,2.8177,2839714.5755
2025-11-13,000009.SZ,电气设备,11.39,0.0345140781108084,-0.0214861235452104,2.9365,-0.006108202443281,0.1243707394152977,0.0023990768352338,0.3430649421935572,-14.893145930202522,416.827,2.9149,2937724.7061
2025-11-14,000009.SZ,电气设备,11.17,-0.019315188762072,-0.1233595800524934,1.8234,0.0342592592592592,0.0894257463047807,0.0024463281714993,0.3498215909885958,-14.87364176583472,408.7759,2.8586,2880981.9989
2025-11-17,000009.SZ,电气设备,11.43,0.0232766338406444,-0.105595667870036,3.6869,0.0524861878453037,0.1845543452294464,0.0023906807439511,0.3418569670449884,-14.89665163056376,418.2909,2.9252,2948041.562
2025-11-18,000009.SZ,电气设备,11.08,-0.0306211723534557,-0.0861287398005439,3.1091,0.0127970749542962,0.2783319861157336,0.0024661988945016,0.3526590492312033,-14.865551834067483,405.4823,2.8356,2857769.0732
2025-11-19,000009.SZ,电气设备,11.03,-0.0045126353790614,-0.0951509606587373,2.194,0.0279589934762347,0.2718523160599115,0.0024773784381367,0.3542581833640357,-14.861028986022513,403.6525,2.8228,2844873.0034
2025-11-20,000009.SZ,电气设备,10.93,-0.0090661831368993,0.0099800399201597,2.0494,-0.0072661217075385,0.2117997574101773,0.0025000443757876,0.3575003575003574,-14.85192145492783,399.9929,2.7972,2819080.8637
2025-11-21,000009.SZ,电气设备,10.02,-0.0832570905763953,0.0211907164480322,2.6466,-0.0865998176845944,0.262709205986013,0.0027270939786583,0.389969972312132,-14.764993248400454,366.6907,2.5643,2584372.3929
2025-11-24,000009.SZ,电气设备,9.91,-0.0109780439121756,0.0158730158730158,1.4576,-0.0899908172635445,0.0627194345371988,0.0027573648525871,0.3942906710827222,-14.753954501091371,362.6651,2.5362,2556001.0393
2025-11-25,000009.SZ,电气设备,10.08,0.0171543895055499,0.0222446916076843,1.2907,-0.0666666666666667,-0.1036015717640492,0.0027108616636449,0.387641973872931,-14.770963415390876,368.8864,2.5797,2599847.6767
2025-11-26,000009.SZ,电气设备,9.89,-0.0188492063492062,-0.0069169960474306,1.2266,-0.1185383244206773,-0.1791679880343257,0.0027629407857582,0.3950851408478527,-14.751934298395843,361.9332,2.5311,2550842.6114
2025-11-27,000009.SZ,电气设备,10.12,0.0232558139534881,-0.0118577075098813,1.6886,-0.0940017905102954,-0.2073049168443295,0.0027001463209291,0.3861152940267964,-14.774923816622326,370.3503,2.5899,2610164.5326
2025-11-28,000009.SZ,电气设备,10.12,0.0,0.0009765625,0.9448,-0.1169284467713788,-0.3333854522620035,0.0027001463209291,0.3861152940267964,-14.774923816622326,370.3503,2.5899,2610164.5326
2025-12-01,000009.SZ,电气设备,10.24,0.0118577075098815,0.0276953511374877,1.8215,-0.0848972296693475,-0.292022278522144,0.002668504020635,0.3815920018316416,-14.786711772381851,374.7418,2.6206,2641115.1002
2025-12-02,000009.SZ,电气设备,10.11,-0.0126953125000001,0.0208955223880595,0.9857,-0.0724770642201835,-0.3145130818997093,0.0027028173898189,0.3864883667001623,-14.773935185781973,369.9843,2.5874,2607585.3186
2025-12-03,000009.SZ,电气设备,10.05,-0.00593471810089,0.0289999999999999,0.8864,-0.0838650865998177,-0.3320259609319119,0.0027189539640309,0.3888024883359253,-14.767982787250784,367.7885,2.572,2592110.0348
2025-12-04,000009.SZ,电气设备,10.0,-0.0049751243781095,-0.0029268292682925,0.6314,-0.0867579908675798,-0.4342445348041386,0.0027325487821439,0.3907471084713972,-14.76299524574939,365.9587,2.5592,2579213.965
2025-12-05,000009.SZ,电气设备,10.25,0.0249999999999999,-0.0096246390760348,1.2264,-0.0840035746201965,-0.3875111364871313,0.0026659010198937,0.3812137846904543,-14.787687858330306,375.1077,2.6232,2643694.3141
2025-12-08,000009.SZ,电气设备,10.39,0.0136585365853658,-0.0214424951267057,1.1944,-0.0764444444444444,-0.4432311880082651,0.0026299795045697,0.376081233546446,-14.80125395785342,380.2311,2.659,2679803.3096
2025-12-09,000009.SZ,电气设备,10.26,-0.0125120307988451,-0.0476190476190474,0.8755,-0.0936395759717314,-0.44284313073066,0.0026633023830963,0.3808508207335186,-14.788662992501749,375.4737,2.6257,2646273.5281
2025-12-10,000009.SZ,电气设备,10.29,0.0029239766081869,-0.0273972602739727,0.8566,-0.0653950953678474,-0.4292871606609785,0.0026555374860982,0.379737221842485,-14.791582702606956,376.5716,2.6334,2654011.17
2025-12-11,000009.SZ,电气设备,10.22,-0.0068027210884352,-0.0485908649173955,0.6959,-0.102721685689201,-0.3801767253087901,0.0026737267312246,0.3823360734085261,-14.784756737519524,374.0098,2.6155,2635956.6722
2025-12-12,000009.SZ,电气设备,10.29,0.0068493150684929,-0.0099601593625497,1.2063,-0.0787824529991048,-0.3703283519808048,0.0026555374860982,0.379737221842485,-14.791582702606956,376.5716,2.6334,2654011.17
2025-12-15,000009.SZ,电气设备,10.04,-0.0242954324586978,0.0234693877551019,1.4756,-0.1216097987751532,-0.2818912908291788,0.0027216616506442,0.3891959212267455,-14.766987267034375,367.4226,2.5694,2589530.8209
2025-12-16,000009.SZ,电气设备,9.8,-0.0239043824701193,0.0090543259557343,1.3375,-0.1155234657039711,-0.1649926006406533,0.0027883145084926,0.3987240829346092,-14.742792538431871,358.6396,2.508,2527629.6857
2025-12-17,000009.SZ,电气设备,9.94,0.0142857142857142,0.0357507660878448,0.9472,-0.098821396192203,-0.1098342680401027,0.0027490426458985,0.3930972129407603,-14.756977173419926,363.763,2.5439,2563738.6812
2025-12-18,000009.SZ,电气设备,9.79,-0.0150905432595573,0.0181086519114688,0.7436,-0.1043000914913083,-0.0537762698383106,0.002791162954792,0.3991219317501496,-14.741771609283903,358.2736,2.5055,2525050.4717
2025-12-19,000009.SZ,电气设备,9.94,0.0153217568947905,0.0129611166500498,0.7151,-0.0079840319361277,-0.0599529886434251,0.0027490426458985,0.3930972129407603,-14.756977173419926,363.763,2.5439,2563738.6812
2025-12-22,000009.SZ,电气设备,10.03,0.0090543259557343,-0.0059820538384843,0.792,0.012108980827447,-0.157841963067153,0.0027243754777873,0.3895749737036892,-14.765990754731122,367.0566,2.5669,2586951.6069
2025-12-23,000009.SZ,电气设备,10.03,0.0,-0.0187376725838265,0.8836,-0.0049603174603175,-0.2275262956181066,0.0027243754777873,0.3895749737036892,-14.765990754731122,367.0566,2.5669,2586951.6069
2025-12-24,000009.SZ,电气设备,10.14,0.0109670987038885,-0.0266798418972331,1.0273,0.025278058645096,-0.204868309179667,0.0026948207162725,0.3853564547206165,-14.776898150914558,371.0822,2.595,2615322.9605
2025-12-25,000009.SZ,电气设备,10.12,-0.0019723865877713,-0.0078740157480314,0.6845,0.0,-0.1766718678661201,0.0027001463209291,0.3861152940267964,-14.774923816622326,370.3503,2.5899,2610164.5326
2025-12-26,000009.SZ,电气设备,10.16,0.0039525691699606,0.0200601805416247,1.1159,0.0039525691699606,-0.1039278892072589,0.0026895160780615,0.3845858010922237,-14.778868594890415,371.8141,2.6002,2620481.3884
2025-12-29,000009.SZ,电气设备,9.97,-0.0187007874015747,0.0160804020100502,0.9568,-0.0263671875,-0.0293850096425247,0.0027407705237804,0.3919263178522438,-14.759990736727149,364.8609,2.5515,2571476.3231
2025-12-30,000009.SZ,电气设备,9.95,-0.0020060180541626,0.03248730964467,0.8604,-0.0158259149357072,-0.0278771896779055,0.0027462794778773,0.3927112786679233,-14.757982703935587,364.129,2.5464,2566317.8952
2025-12-31,000009.SZ,电气设备,9.85,-0.0100502512562813,0.0168650793650793,0.6891,-0.0199004975124379,-0.0892567313944943,0.0027741605806207,0.3966994604887337,-14.747881607929502,360.4694,2.5208,2540525.7555
2026-01-05,000009.SZ,电气设备,10.08,0.0233502538071066,0.0088495575221239,1.1882,0.008,-0.0118272998526083,0.0027108616636449,0.387641973872931,-14.770963415390876,368.8864,2.5797,2599847.6767
2026-01-06,000009.SZ,电气设备,10.17,0.0089285714285713,-0.0049455984174083,1.1716,-0.0078048780487804,0.0024359971365448,0.0026868719436831,0.384216390671226,-14.779852362813909,372.18,2.6027,2623060.6024
2026-01-07,000009.SZ,电气设备,10.11,-0.0058997050147493,-0.0088495575221239,1.2172,-0.0269489894128971,0.0548408170823924,0.0027028173898189,0.3864883667001623,-14.773935185781973,369.9843,2.5874,2607585.3186
2026-01-08,000009.SZ,电气设备,10.17,0.0059347181008901,-0.0146341463414634,1.4564,-0.0087719298245614,0.1433109566051305,0.0026868719436831,0.384216390671226,-14.779852362813909,372.18,2.6027,2623060.6024
2026-01-09,000009.SZ,电气设备,10.25,0.007866273352999,-0.0077972709551656,1.52,-0.0038872691933915,0.2673248179770064,0.0026659010198937,0.3812137846904543,-14.787687858330306,375.1077,2.6232,2643694.3141
2026-01-12,000009.SZ,电气设备,10.26,0.0009756097560975,0.0089463220675944,1.9021,0.0039138943248531,0.3279428425245769,0.0026633023830963,0.3808508207335186,-14.788662992501749,375.4737,2.6257,2646273.5281
2026-01-13,000009.SZ,电气设备,10.06,-0.0194931773879141,-0.0079365079365079,1.7492,-0.0223517978620018,0.3987955405580099,0.0027162509218276,0.3884098500737978,-14.768977317430792,368.1545,2.5746,2594689.2488
2026-01-14,000009.SZ,电气设备,10.08,0.0019880715705764,0.0079207920792079,2.1445,0.0039840637450199,0.5188510185177169,0.0027108616636449,0.387641973872931,-14.770963415390876,368.8864,2.5797,2599847.6767
2026-01-15,000009.SZ,电气设备,10.1,0.0019841269841269,-0.0029469548133594,1.5035,0.0306122448979591,0.5161121186855879,0.0027054937485508,0.386877127824203,-14.772945576621751,369.6183,2.5848,2605006.1047
2026-01-16,000009.SZ,电气设备,10.18,0.0079207920792079,0.0256157635467979,1.5494,0.0241448692152916,0.4827904015014412,0.0026842322827248,0.3838329558975933,-14.780835163889147,372.546,2.6053,2625639.8164
2026-01-19,000009.SZ,电气设备,10.15,-0.0029469548133594,0.0249999999999999,1.1573,0.0367722165474975,0.3348487281801673,0.0026921661464952,0.384970742223591,-14.777883858252691,371.4481,2.5976,2617902.1745
2026-01-20,000009.SZ,电气设备,10.0,-0.0147783251231526,-0.0255402750491159,1.7285,0.006036217303823,0.2781025793062555,0.0027325487821439,0.3907471084713972,-14.76299524574939,365.9587,2.5592,2579213.965
2026-01-21,000009.SZ,电气设备,10.18,0.018,-0.0029556650246306,1.6367,0.0149551345962113,0.1591067316446204,0.0026842322827248,0.3838329558975933,-14.780835163889147,372.546,2.6053,2625639.8164
2026-01-22,000009.SZ,电气设备,10.15,-0.0029469548133594,-0.0355427473583094,1.0661,0.0119641076769692,0.0846087514767499,0.0026921661464952,0.384970742223591,-14.777883858252691,371.4481,2.5976,2617902.1745
2026-01-23,000009.SZ,电气设备,10.41,0.0256157635467979,-0.0624390243902439,2.2622,0.0266272189349112,0.1394650140060087,0.0026249261411407,0.3753612852370406,-14.803177035395258,380.9631,2.6641,2684961.7376
2026-01-26,000009.SZ,电气设备,10.25,-0.015369836695485,-0.0645161290322581,1.5492,0.0128458498023715,0.1599511685424091,0.0026659010198937,0.3812137846904543,-14.787687858330306,375.1077,2.6232,2643694.3141
2026-01-27,000009.SZ,电气设备,9.92,-0.0321951219512195,-0.0662055335968379,2.7745,-0.0236220472440945,0.2350803945098378,0.0027545849377642,0.3939023909875133,-14.754963074059942,363.0311,2.5387,2558580.2533
2026-01-28,000009.SZ,电气设备,10.12,0.0201612903225805,-0.0517928286852589,2.2203,0.0150451354062184,0.2597682668504197,0.0027001463209291,0.3861152940267964,-14.774923816622326,370.3503,2.5899,2610164.5326
2026-01-29,000009.SZ,电气设备,10.04,-0.0079051383399209,-0.0239334027055149,1.9039,0.0090452261306532,0.3226468744886521,0.0027216616506442,0.3891959212267455,-14.766987267034375,367.4226,2.5694,2589530.8209
2026-01-30,000009.SZ,电气设备,9.61,-0.0428286852589641,0.0183189655172413,2.4182,-0.0243654822335025,0.2739060347606903,0.0028434423395388,0.406603236561763,-14.723214375751668,351.6864,2.4594,2478624.6204
2026-02-02,000009.SZ,电气设备,9.28,-0.0343392299687825,0.0222222222222223,1.3724,-0.0793650793650794,0.246449310851466,0.0029445566484113,0.4210703608572993,-14.688271699545098,339.6097,2.3749,2393510.5595
2026-02-03,000009.SZ,电气设备,9.45,0.0183189655172413,0.0052521008403361,0.7205,-0.0707964601769912,0.0203561965136578,0.0028915857745546,0.4134794293983874,-14.70642489425074,345.831,2.4185,2437357.1969
2026-02-04,000009.SZ,电气设备,9.52,0.0074074074074075,0.017057569296375,0.845,-0.0583580613254203,-0.1326138966962268,0.0028703242059893,0.4104416351994746,-14.713805001566763,348.3927,2.4364,2455411.6947
2026-02-05,000009.SZ,电气设备,9.38,-0.014705882352941,0.0052910052910053,0.7971,-0.0776794493608652,-0.2500807419730292,0.0029131646785774,0.416579879191835,-14.698989915785878,343.2693,2.4005,2419302.6992
2026-02-06,000009.SZ,电气设备,9.45,0.007462686567164,-0.0341614906832298,0.9586,-0.0780487804878049,-0.4180140859041761,0.0028915857745546,0.4134794293983874,-14.70642489425074,345.831,2.4185,2437357.1969
2026-02-09,000009.SZ,电气设备,9.66,0.0222222222222223,-0.0031347962382446,1.2546,-0.0584795321637426,-0.4209991870098729,0.0028287246807925,0.404498017959712,-14.728403800983784,353.5162,2.4722,2491520.6902
2026-02-10,000009.SZ,电气设备,9.57,-0.0093167701863353,0.0052410901467505,0.6423,-0.0487077534791252,-0.4102436337887809,0.0028553276845433,0.4082965866405357,-14.71904335821818,350.2225,2.4492,2468307.7645
2026-02-11,000009.SZ,电气设备,9.54,-0.0031347962382446,0.0,0.5311,-0.0535714285714287,-0.4207688100957378,0.0028643068978811,0.4095842719639566,-14.715903638211476,349.1246,2.4415,2460570.1226
2026-02-12,000009.SZ,电气设备,9.5,-0.0041928721174003,0.0235798499464094,0.4967,-0.0594059405940593,-0.442947003005243,0.0028763668495268,0.4113195129976966,-14.711701951382246,347.6608,2.4312,2450253.2668
2026-02-13,000009.SZ,电气设备,9.33,-0.0178947368421052,-0.0199161425576519,0.7549,-0.0834970530451866,-0.4566871292464776,0.0029287765475289,0.4188130837207354,-14.693645167595898,341.4395,2.3877,2406406.6293
2026-02-24,000009.SZ,电气设备,9.54,0.022508038585209,-0.0667361835245047,0.7505,-0.0600985221674877,-0.5239719225133324,0.0028643068978811,0.4095842719639566,-14.715903638211476,349.1246,2.4415,2460570.1226
2026-02-25,000009.SZ,电气设备,9.59,0.0052410901467505,-0.0694736842105263,1.5086,-0.041,-0.3890732105473974,0.0028493730239598,0.4074481522226297,-14.72113104163654,350.9544,2.4543,2473466.1924
2026-02-26,000009.SZ,电气设备,9.5,-0.0093847758081334,-0.0628272251308902,1.0526,-0.0667976424361492,-0.2946795315174676,0.0028763668495268,0.4113195129976966,-14.711701951382246,347.6608,2.4312,2450253.2668
2026-02-27,000009.SZ,电气设备,9.55,0.0052631578947368,-0.0235294117647058,0.7852,-0.0591133004926107,-0.2418588661791363,0.0028613072855178,0.409165302782324,-14.716951307258132,349.4906,2.444,2463149.3366
2026-03-02,000009.SZ,电气设备,9.35,-0.0209424083769634,0.0145251396648045,1.2643,-0.1018251681075889,-0.1282778805308834,0.0029225119340774,0.4179029629320072,-14.695786496066308,342.1714,2.3929,2411565.0573
2026-03-03,000009.SZ,电气设备,8.95,-0.0427807486631016,0.0384615384615385,1.7151,-0.126829268292683,0.0216745267782154,0.0030531265389665,0.4365858982754856,-14.65206368505294,327.5331,2.2905,2308396.4987
2026-03-04,000009.SZ,电气设备,8.84,-0.012290502793296,0.0379888268156425,0.9582,-0.1088709677419355,0.006601278425802,0.0030911184439309,0.4420280245767581,-14.63969702942244,323.5075,2.2623,2280025.1451
2026-03-05,000009.SZ,电气设备,8.95,0.0124434389140271,0.0065717415115003,1.0528,-0.1156126482213438,0.0605896449459661,0.0030531265389665,0.4365858982754856,-14.65206368505294,327.5331,2.2905,2308396.4987
2026-03-06,000009.SZ,电气设备,9.13,0.0201117318435755,0.0429515418502204,1.3401,-0.090637450199203,0.19337568571267,0.0029929339821615,0.4279722673970727,-14.671975847343113,334.1203,2.3366,2354822.35
2026-03-09,000009.SZ,电气设备,9.08,-0.0054764512595838,0.0217864923747277,1.1581,-0.0551508844953173,0.2474359552475862,0.0030094149546857,0.4303296324984939,-14.666484345360006,332.2905,2.3238,2341926.2802
2026-03-10,000009.SZ,电气设备,9.18,0.0110132158590308,-0.0086114101184067,0.7475,-0.0107758620689655,0.0875668518346108,0.0029766325415589,0.4256405890865752,-14.677437357400414,335.9501,2.3494,2367718.4199
2026-03-11,000009.SZ,电气设备,9.29,0.0119825708061001,-0.0141458106637648,1.3626,-0.0169312169312169,0.1335859710951696,0.0029413866932254,0.4206098843322818,-14.689348705587353,339.9757,2.3775,2396089.7735
2025-07-29,000017.SZ,服饰,6.31,-0.0140625,0.0079872204472843,4.167,-0.0336906584992343,-0.0393016796080409,0.0044919472861002,0.080361950223808,-12.982815505324488,222.6206,12.4437,434875.6927
2025-07-30,000017.SZ,服饰,6.26,-0.0079239302694136,0.0243111831442464,3.308,-0.0339506172839507,-0.0441247413245086,0.0045278248420015,0.0810037990781767,-12.974860014033611,220.8566,12.3451,431429.7681
2025-07-31,000017.SZ,服饰,6.17,-0.0143769968051118,0.0241545893719807,3.0834,-0.049306625577812,-0.0908906677474922,0.0045938718668071,0.0821848007429505,-12.960378666833268,217.6813,12.1677,425227.1037
2025-08-01,000017.SZ,服饰,6.21,0.0064829821717991,0.0143312101910828,1.8022,-0.0095693779904305,-0.0548123427665415,0.004564282209569,0.0816559833421794,-12.966840724786,219.0925,12.2465,427983.8434
2025-08-04,000017.SZ,服饰,6.28,0.0112721417069243,0.0206022187004755,2.1647,-0.0172143974960875,-0.0451357161169874,0.0045134052649775,0.0807454419198036,-12.978049809248912,221.5622,12.3846,432808.1379
2025-08-05,000017.SZ,服饰,6.31,0.0047770700636942,0.0522151898734177,1.9309,-0.0140625,-0.1806995174879372,0.0044919472861002,0.080361950223808,-12.982815505324488,222.6206,12.4437,434875.6927
2025-08-06,000017.SZ,服饰,6.32,0.0015847860538829,0.0251572327044022,2.4545,-0.0078492935635792,-0.2288208458511618,0.0044848398957005,0.0802342841096,-12.98439903708404,222.9734,12.4635,435564.8777
2025-08-07,000017.SZ,服饰,6.36,0.0063291139240506,0.0047095761381477,3.4293,0.0,-0.2214617416601825,0.0044566338331596,0.0797295573414976,-12.990708206203664,224.3846,12.5424,438321.6174
2025-08-08,000017.SZ,服饰,6.37,0.0015723270440251,-0.0031055900621118,3.8076,-0.0015673981191222,-0.0967843373612372,0.0044496376660048,0.0796045247211851,-12.992279298360494,224.7374,12.5621,439010.8023
2025-08-11,000017.SZ,服饰,6.44,0.0109890109890109,-0.0210526315789474,4.3954,0.0078247261345854,0.0249934008974777,0.0044012709109882,0.0787395374839568,-13.003208369048666,227.2071,12.7001,443835.0969
2025-08-12,000017.SZ,服饰,6.65,0.0326086956521738,0.0076687116564417,13.5375,0.0455974842767294,0.5332203855487889,0.0042622839022061,0.0762526402476685,-13.035296683393833,234.616,13.1143,458307.9804
2025-08-13,000017.SZ,服饰,6.52,-0.0195488721804512,0.0687499999999998,8.3349,0.0187499999999998,0.7433203773368924,0.0043472685025181,0.0777731978005739,-13.015554204727213,230.0295,12.8579,449348.5763
2025-08-14,000017.SZ,服饰,6.4,-0.01840490797546,0.0529595015576322,5.9441,0.001564945226917,0.7937730013993818,0.0044287783790582,0.079231768770006,-12.996977819144538,225.7959,12.6212,441078.3571
2025-08-15,000017.SZ,服饰,6.42,0.0031249999999998,0.0445468509984638,4.427,0.0031249999999998,0.7867796767216679,0.0044149817992375,0.0789845743126367,-13.000097946557768,226.5015,12.6607,442456.727
2025-08-18,000017.SZ,服饰,6.51,0.0140186915887849,0.0258751902587519,5.5439,0.0093023255813953,0.810003604449399,0.004353946220927,0.0778925394525712,-13.014019285082624,229.6767,12.8382,448659.3914
2025-08-19,000017.SZ,服饰,6.57,0.0092165898617513,-0.013157894736842,6.1409,0.0201863354037266,0.410299930275753,0.006558908177909,0.0799251900221392,-13.023193661362736,152.4644,12.5117,452794.501
2025-08-20,000017.SZ,服饰,6.84,0.0410958904109588,-0.0355029585798817,15.0451,0.0721003134796238,0.5152140131056353,0.0063000063000063,0.0767701272081007,-13.063467560518111,158.73,13.0259,471402.4942
2025-08-21,000017.SZ,服饰,6.76,-0.0116959064327485,-0.0411764705882353,8.6361,0.048062015503876,0.5510484086289322,0.0063745629440281,0.077678952887715,-13.051702718861955,156.8735,12.8735,465889.0147
2025-08-22,000017.SZ,服饰,6.8,0.0059171597633136,-0.0356083086053412,6.2706,0.057542768273717,0.5587416363818443,0.0063370633288086,0.0772218661436172,-13.057602440920965,157.8018,12.9497,468645.7544
2025-08-25,000017.SZ,服饰,6.74,-0.0088235294117646,-0.0103703703703703,5.3768,0.0531249999999998,0.5107299733424164,0.0063934776298611,0.0779095314520778,-13.048739753658054,156.4094,12.8354,464510.6448
2025-08-26,000017.SZ,服饰,6.75,0.0014836795252224,0.0368098159509202,5.0527,0.0697305863708399,0.4593153942337573,0.0063840042389788,0.0777937687191256,-13.050222333762434,156.6415,12.8545,465199.8298
2025-08-27,000017.SZ,服饰,6.52,-0.0340740740740741,0.0184049079754602,5.7061,0.0415335463258785,0.0980291589327198,0.0066092062277228,0.0805379937985744,-13.015554204727213,151.3041,12.4165,449348.5763
2025-08-28,000017.SZ,服饰,6.52,0.0,0.0276923076923076,5.1976,0.0567260940032414,-0.0415172498804231,0.0066092062277228,0.0805379937985744,-13.015554204727213,151.3041,12.4165,449348.5763
2025-08-29,000017.SZ,服饰,6.5,-0.0030674846625766,0.0149700598802395,3.9584,0.0466988727858292,-0.1379389386480745,0.0066295456308311,0.080785885090157,-13.012482005837462,150.8399,12.3784,447970.2065
2025-09-01,000017.SZ,服饰,6.68,0.0276923076923076,0.0088757396449705,5.9475,0.0636942675159235,-0.1460141377235178,0.0064509012231553,0.0786089362638744,-13.039797816277236,155.0171,12.7212,460375.5352
2025-09-02,000017.SZ,服饰,6.76,0.0119760479041917,0.1295180722891566,9.6742,0.0713153724247226,-0.053887253433809,0.0063745629440281,0.077678952887715,-13.051702718861955,156.8735,12.8735,465889.0147
2025-09-03,000017.SZ,服饰,6.64,-0.0177514792899408,0.0853293413173652,11.7688,0.0506329113924048,0.0578279164510888,0.0064897643436771,0.0790826413602214,-13.033791792286376,154.0888,12.645,457618.7955
2025-09-04,000017.SZ,服饰,6.68,0.0060240963855422,0.0516224188790559,8.7216,0.050314465408805,0.1170504882679106,0.0064509012231553,0.0786089362638744,-13.039797816277236,155.0171,12.7212,460375.5352
2025-09-05,000017.SZ,服饰,6.78,0.0149700598802395,0.0557184750733137,7.1075,0.0643642072213501,0.1777524802996455,0.006355755804235,0.0774497351219058,-13.054656930832202,157.3377,12.9116,467267.3846
2025-09-08,000017.SZ,服饰,6.82,0.0058997050147493,-0.0573333333333333,5.7472,0.0590062111801241,0.1615967489882779,0.006318480481266,0.0769953340827545,-13.06053930066686,158.2659,12.9878,470024.1243
2025-09-09,000017.SZ,服饰,7.5,0.0997067448680351,-0.0220689655172413,17.9263,0.1278195488721805,0.3445829041751869,0.0057456041818805,0.0700147731171277,-13.155582849463253,174.0461,14.2827,516888.6998
2025-09-10,000017.SZ,服饰,7.25,-0.0333333333333333,-0.0266479663394109,24.4908,0.1119631901840492,0.5174812903715365,0.005943727168658,0.0724286035040958,-13.121681297640803,168.2446,13.8067,499659.0764
2025-09-11,000017.SZ,服饰,7.13,-0.016551724137931,-0.0722222222222223,14.41,0.1140624999999999,0.5734045501783525,0.0060437641046344,0.0736480067166982,-13.104991063191443,165.4598,13.5781,491388.8572
2025-09-12,000017.SZ,服饰,7.2,0.0098176718092566,-0.050919377652051,16.8624,0.1214953271028038,0.6760167629737663,0.0059850063620617,0.0729320127776886,-13.114760854926876,167.0842,13.7114,496213.1518
2025-09-15,000017.SZ,服饰,7.07,-0.0180555555555554,-0.0479548660084625,10.1078,0.0860215053763442,0.7264587295079434,0.0060950560562305,0.0742726847347351,-13.096540308669116,164.0674,13.4639,487253.7476
2025-09-16,000017.SZ,服饰,7.09,0.0028288543140027,-0.0489913544668588,9.266,0.0791476407914764,0.5235092397103513,0.0060778598153789,0.0740631017627018,-13.099365169374432,164.5316,13.502,488632.1175
2025-09-17,000017.SZ,服饰,6.94,-0.0211565585331452,0.0074850299401199,7.7618,0.0146198830409356,0.2297055321800807,0.0062092286523614,0.0756641420064617,-13.077981603338788,161.0506,13.2163,478294.3435
2025-09-18,000017.SZ,服饰,6.68,-0.037463976945245,-0.0134128166915051,9.5722,-0.0118343195266272,0.1223220687773238,0.0064509012231553,0.0786089362638744,-13.039797816277236,155.0171,12.7212,460375.5352
2025-09-19,000017.SZ,服饰,6.71,0.0044910179640718,-0.0296296296296296,5.9752,-0.013235294117647,-0.1043844413471271,0.0064220631263117,0.0782576712082201,-13.044278779714862,155.7132,12.7783,462443.09
2025-09-22,000017.SZ,服饰,6.75,0.0059612518628913,-0.0015151515151514,4.9622,0.0014836795252224,-0.21063757417214,0.0063840042389788,0.0777937687191256,-13.050222333762434,156.6415,12.8545,465199.8298
2025-09-23,000017.SZ,服饰,6.6,-0.0222222222222222,-0.0193164933135217,4.9063,-0.0222222222222222,-0.3017789771026342,0.0065290942970972,0.0795620902552351,-13.027749477900604,153.1606,12.5688,454862.0558
2025-09-24,000017.SZ,服饰,6.73,0.0196969696969697,0.0407854984894258,5.1599,0.0322085889570553,-0.3546812351172966,0.0064029750783404,0.0780250304297618,-13.047254972461488,156.1774,12.8164,463821.4599
2025-09-25,000017.SZ,服饰,6.62,-0.0163447251114413,0.0854961832061069,4.3861,0.0153374233128835,-0.4618323563606381,0.0065093699125205,0.0793216413234022,-13.030775198672348,153.6247,12.6069,456240.4256
2025-09-26,000017.SZ,服饰,6.55,-0.0105740181268882,0.1153262518968132,2.8156,0.0076923076923076,-0.5259333345417749,0.0065789343836821,0.0801693175987686,-13.020144878438188,152.0003,12.4736,451416.1311
2025-09-29,000017.SZ,服饰,6.59,0.0061068702290076,0.0939393939393939,3.3654,-0.0134730538922155,-0.5538439665858144,0.0065390035212533,0.0796825447417488,-13.026233177235186,152.9285,12.5498,454172.8708
2025-09-30,000017.SZ,服饰,6.6,0.0015174506828528,0.0449927431059506,2.9596,-0.0236686390532544,-0.5807187527871627,0.0065290942970972,0.0795620902552351,-13.027749477900604,153.1606,12.5688,454862.0558
2025-10-09,000017.SZ,服饰,6.89,0.0439393939393939,0.0182841068917019,9.4651,0.0376506024096385,-0.4773670362393376,0.006254288096276,0.0762131223754106,-13.070750913771905,159.8903,13.1211,474848.4188
2025-10-10,000017.SZ,服饰,7.11,0.0319303338171264,-0.0176870748299319,15.2991,0.0643712574850301,-0.2570703902841194,0.0060607640077892,0.0738552437223042,-13.102182072714914,164.9957,13.54,490010.4874
2025-10-13,000017.SZ,服饰,7.35,0.0337552742616031,-0.0041551246537395,16.063,0.0840707964601767,-0.0151079362095436,0.0058628606538731,0.0714433704124425,-13.135380142137835,170.5652,13.9971,506550.9258
2025-10-14,000017.SZ,服饰,7.22,-0.0176870748299319,0.0013888888888888,16.1158,0.0586510263929618,0.1869504524185294,0.0059684246462514,0.0727299174515437,-13.117534781676738,167.5484,13.7495,497591.5216
2025-10-15,000017.SZ,服饰,7.2,-0.002770083102493,-0.0290055248618784,10.2744,-0.0399999999999999,0.3843651512444477,0.0059850063620617,0.0729320127776886,-13.114760854926876,167.0842,13.7114,496213.1518
2025-10-16,000017.SZ,服饰,7.24,0.0055555555555555,-0.0083102493074791,13.0795,-0.0013793103448275,0.5498672373219027,0.0059519380998437,0.0725289390466796,-13.120301035237912,168.0125,13.7876,498969.8915
2025-10-17,000017.SZ,服饰,7.22,-0.0027624309392265,-0.0445062586926287,11.3591,0.0126227208976157,0.488498051530821,0.0059684246462514,0.0727299174515437,-13.117534781676738,167.5484,13.7495,497591.5216
2025-10-20,000017.SZ,服饰,7.19,-0.0041551246537395,-0.0638002773925103,10.682,-0.0013888888888888,0.4174946896490932,0.0059933282270176,0.0730332155064123,-13.113371000502724,166.8522,13.6924,495523.9668
2025-10-21,000017.SZ,服饰,7.21,0.0027816411682892,-0.0327169274537696,6.6368,0.0198019801980198,0.2235212230556285,0.0059767040031365,0.0728305597028513,-13.1161487801352,167.3163,13.7305,496902.3367
2025-10-22,000017.SZ,服饰,7.03,-0.0249653259361997,-0.0642458100558659,7.0211,-0.008462623413258,0.162360106803161,0.0061297346070104,0.0746954293866758,-13.090866534648894,163.1392,13.3877,484497.0079
2025-10-23,000017.SZ,服饰,7.16,0.0184921763869132,-0.0276564774381369,10.5715,0.0317002881844379,0.0844442986138738,0.0060184405016972,0.0733390537795281,-13.109189809740068,166.156,13.6353,493456.412
2025-10-24,000017.SZ,服饰,6.87,-0.0405027932960894,0.0014814814814814,8.6633,0.0284431137724552,0.0267305211444324,0.0062724947342406,0.0764350684093862,-13.067843935119765,159.4262,13.083,473470.049
2025-10-27,000017.SZ,服饰,6.75,-0.0174672489082969,0.0,6.813,0.0059612518628913,-0.0690274491965946,0.0063840042389788,0.0777937687191256,-13.050222333762434,156.6415,12.8545,465199.8298
2025-10-28,000017.SZ,服饰,6.8,0.0074074074074073,0.007462686567164,4.5723,0.0074074074074073,-0.1154117087884359,0.0063370633288086,0.0772218661436172,-13.057602440920965,157.8018,12.9497,468645.7544
2025-10-29,000017.SZ,服饰,6.7,-0.0147058823529411,0.0179640718562874,4.9173,0.0151515151515151,-0.1649061008730473,0.0064316457552424,0.0783742054814919,-13.04278735519952,155.4812,12.7593,461753.9051
2025-10-30,000017.SZ,服饰,6.68,-0.0029850746268657,-0.0133136094674556,5.1228,-0.0074294205052006,-0.2927910458636242,0.0087668389058283,0.0813001520312843,-13.039797816277236,114.0662,12.3001,460375.5352
2025-10-31,000017.SZ,服饰,6.76,0.0119760479041917,-0.0205882352941175,4.425,0.0211480362537763,-0.3925474836639513,0.008663086501785,0.0803380625672831,-13.051702718861955,115.4323,12.4474,465889.0147
2025-11-03,000017.SZ,服饰,6.8,0.0059171597633136,0.0059259259259258,4.5497,0.0381679389312976,-0.4513217931584745,0.0086121294954239,0.0798658254133056,-13.057602440920965,116.1153,12.521,468645.7544
2025-11-04,000017.SZ,服饰,6.75,-0.0073529411764705,0.0235294117647058,4.6054,0.0242792109256448,-0.4544856168567598,0.0086759238774438,0.0804569957357792,-13.050222333762434,115.2615,12.429,465199.8298
2025-11-05,000017.SZ,服饰,6.8,0.0074074074074073,0.0359820089955023,4.4511,0.0303030303030302,-0.4698183554270976,0.0086121294954239,0.0798658254133056,-13.057602440920965,116.1153,12.521,468645.7544
2025-11-06,000017.SZ,服饰,6.67,-0.0191176470588234,0.0510510510510511,6.2533,-0.0319303338171262,-0.4335167414586924,0.0087799781378544,0.0814219529869643,-13.03829968872786,113.8955,12.2817,459686.3503
2025-11-07,000017.SZ,服饰,6.66,-0.0014992503748125,0.0279823269513992,2.2243,-0.0632911392405063,-0.4423307472757382,0.0087931645456088,0.0815441194458261,-13.036799313424485,113.7247,12.2633,458997.1654
2025-11-10,000017.SZ,服饰,6.79,0.0195195195195194,0.021551724137931,3.4229,-0.0761904761904761,-0.4248925978625226,0.008624816183605,0.0799833634604002,-13.056130770379902,115.9445,12.5026,467956.5695
2025-11-11,000017.SZ,服饰,6.96,0.0250368188512517,0.0043415340086832,5.0837,-0.0360110803324099,-0.3636001291486211,0.0084141512561486,0.0780292921962904,-13.080859303237297,118.8474,12.8157,479672.7134
2025-11-12,000017.SZ,服饰,6.91,-0.007183908045977,0.09,3.1284,-0.0402777777777777,-0.3694244900358593,0.0084750359341523,0.0785941085856204,-13.073649466597535,117.9936,12.7236,476226.7887
2025-11-13,000017.SZ,服饰,7.0,0.0130246020260491,0.2020057306590257,3.1752,-0.0331491712707182,-0.4209802665234513,0.0083660655648558,0.0775837322430232,-13.08658997787957,119.5305,12.8893,482429.4531
2025-11-14,000017.SZ,服饰,6.98,-0.0028571428571427,0.2981715893108299,2.8172,-0.0332409972299168,-0.3539308186185533,0.0083900430325307,0.0778058743435129,-13.08372874552786,119.1889,12.8525,481051.0832
2025-11-17,000017.SZ,服饰,7.11,0.0186246418338109,0.1974063400576369,4.7681,-0.0111265646731572,-0.2647874879871036,0.0082366352356666,0.0763831071120311,-13.102182072714914,121.4088,13.0919,490010.4874
2025-11-18,000017.SZ,服饰,6.94,-0.0239099859353023,0.0511140235910878,3.5888,-0.0374479889042995,-0.3021091216917696,0.0084383984257323,0.0782546091964816,-13.077981603338788,118.5059,12.7788,478294.3435
2025-11-19,000017.SZ,服饰,7.63,0.0994236311239191,-0.0786650774731824,13.3654,0.0853485064011378,0.0407449583969761,0.007675292159996,0.0711779234552611,-13.172767674160555,130.2882,14.0493,525848.1039
2025-11-20,000017.SZ,服饰,8.39,0.0996068152031455,-0.2101841820151679,11.5782,0.1717877094972066,0.3435969547660367,0.0069800329178352,0.0647299466625239,-13.267720349325852,143.2658,15.4488,578226.1588
2025-11-21,000017.SZ,服饰,9.23,0.1001191895113229,-0.0722021660649819,2.3036,0.3435225618631732,0.4077538137926193,0.0063447992315179,0.0588391044688299,-13.36313887740347,157.6094,16.9955,636117.6932
2025-11-24,000017.SZ,服饰,8.31,-0.0996749729144095,-0.0311720698254364,7.4847,0.2311111111111112,0.5051719702191924,0.0070472312485509,0.0653534970656279,-13.258139437651453,141.8997,15.3014,572712.6793
2025-11-25,000017.SZ,服饰,8.02,-0.0348977135980747,0.019404915912031,21.683,0.1794117647058823,0.897126561920703,0.0073020523148236,0.0677162688335872,-13.222618250764192,136.9478,14.7675,552726.3163
2025-11-26,000017.SZ,服饰,7.73,-0.0361596009975061,0.0617283950617284,19.2156,0.153731343283582,0.8691716999483663,0.0075759986302594,0.0702567885621948,-13.185788691406692,131.9958,14.2335,532739.9532
2025-11-27,000017.SZ,服饰,7.29,-0.0569210866752911,-0.0116731517509727,13.2282,0.0913173652694612,0.8086816015077274,0.0080332641401515,0.0744973292707456,-13.127183374930407,124.4824,13.4233,502415.8162
2025-11-28,000017.SZ,服饰,7.71,0.0576131687242797,0.0283140283140284,15.6911,0.1405325443786982,1.026042816733817,0.0075956501230875,0.070439400983334,-13.18319801631857,131.6543,14.1966,531361.5833
2025-12-01,000017.SZ,服饰,7.77,0.0077821011673151,0.0469543147208122,12.3387,0.1426470588235293,1.048704887383273,0.0075369991287229,0.0698953666361456,-13.190949993127248,132.6788,14.3071,535496.6929
2025-12-02,000017.SZ,服饰,7.88,0.0141570141570142,0.0374677002583978,8.756,0.1674074074074074,0.6828063139024352,0.0074317891809499,0.0689194125309275,-13.205007732686678,134.5571,14.5097,543077.7272
2025-12-03,000017.SZ,服饰,7.74,-0.0177664974619289,0.094488188976378,7.0788,0.138235294117647,0.3659773712027139,0.007566213828769,0.070166083118742,-13.187081516347156,132.1665,14.2519,533429.1381
2025-12-04,000017.SZ,服饰,7.62,-0.0155038759689922,-0.0087609511889862,4.7296,0.1424287856071964,0.1733371966328927,0.0076853672145308,0.0712712655638626,-13.171456198435218,130.1174,14.0309,525158.9189
2025-12-05,000017.SZ,服饰,7.99,0.0485564304461942,-0.0703030303030303,7.1513,0.1996996996996998,-0.0607948366976673,0.0073294707022732,0.0679707997444298,-13.218870588662368,136.4355,14.7122,550658.7615
2025-12-08,000017.SZ,服饰,8.25,0.0325406758448059,-0.0448318804483187,8.326,0.215022091310751,-0.1784974323557367,0.007098481492839,0.0658284510565466,-13.250893029126876,140.8752,15.191,568577.5697
2025-12-09,000017.SZ,服饰,8.03,-0.0266666666666667,-0.1043165467625899,5.8633,0.153735632183908,-0.2477727501713271,0.0072929619270922,0.0676320007574784,-13.223864356784734,137.1185,14.7859,553415.5012
2025-12-10,000017.SZ,服饰,8.34,0.0386052303860524,-0.0454545454545455,10.7459,0.2069464544138928,-0.1991655822244653,0.0070218801786366,0.0651181568956872,-13.261743045156637,142.412,15.3567,574780.2341
2025-12-11,000017.SZ,服饰,7.92,-0.0503597122302158,0.0847457627118644,7.7718,0.1314285714285714,-0.1541345664622122,0.007394251117641,0.0685715853064807,-13.210071034584637,135.2402,14.5833,545834.4669
2025-12-12,000017.SZ,服饰,7.67,-0.0315656565656565,0.0977835723598434,6.4841,0.0988538681948423,-0.1841654688314783,0.0076352663791734,0.070806485874106,-13.177996444182613,130.9712,14.123,528604.8436
2025-12-15,000017.SZ,服饰,7.67,0.0,0.1311914323962515,3.939,0.0787623066104077,-0.272349235403357,0.0076352663791734,0.070806485874106,-13.177996444182613,130.9712,14.123,528604.8436
2025-12-16,000017.SZ,服饰,7.47,-0.0260756192959582,0.0925925925925925,3.8165,0.0763688760806915,-0.3159558717583014,0.0078396877922733,0.0727024217176674,-13.15157482806416,127.5561,13.7547,514821.145
2025-12-17,000017.SZ,服饰,7.56,0.0120481927710842,-0.0036057692307693,3.6524,-0.0091743119266055,-0.4354573141558026,0.0077463594047387,0.0718365001257138,-13.16355101892357,129.0929,13.9205,521023.8093
2025-12-18,000017.SZ,服饰,8.32,0.1005291005291006,-0.0285035629453681,5.2239,-0.0083432657926102,-0.4730923420150613,0.0070387589260261,0.065274577510297,-13.259342083734108,142.0705,15.3199,573401.8643
2025-12-19,000017.SZ,服饰,8.42,0.0120192307692306,-0.029585798816568,16.5711,-0.0877573131094258,-0.3000743079087856,0.006955162156128,0.0644994840041279,-13.271289657102615,143.7781,15.504,580293.7136
2025-12-22,000017.SZ,服饰,8.45,0.0035629453681709,-0.0121065375302662,8.946,0.016847172081829,-0.2006811277307998,0.0069304728037851,0.0642706565890277,-13.274846270219095,144.2903,15.5592,582361.2684
2025-12-23,000017.SZ,服饰,8.26,-0.0224852071005916,-0.0494571773220746,5.9088,0.029925187032419,-0.0811072395334879,0.0070898905958982,0.0657488132339211,-13.25210441643092,141.0459,15.2094,569266.7547
2025-12-24,000017.SZ,服饰,8.29,0.0036319612590798,-0.0378973105134473,4.3238,0.0724450194049157,0.020854420189067,0.0070642322380476,0.0655110517144242,-13.255729798046724,141.5582,15.2646,571334.3095
2025-12-25,000017.SZ,服饰,8.18,-0.0132689987937273,-0.0353658536585365,4.0593,0.1220850480109738,0.0519139580941405,0.0071592262021951,0.0663918045956407,-13.242371979449556,139.6799,15.0621,563753.2752
2025-12-26,000017.SZ,服饰,8.2,0.0024449877750609,-0.0220588235294116,5.0726,0.0635538261997405,-0.1954895924875799,0.0071417654729919,0.0662299902641914,-13.244813983165242,140.0214,15.0989,565131.6451
2025-12-29,000017.SZ,服饰,8.16,-0.0048780487804876,-0.0038071065989847,5.1636,0.0501930501930503,-0.2655366893290953,0.0071767725192768,0.066554854511088,-13.239923997750482,139.3384,15.0252,562374.9053
2025-12-30,000017.SZ,服饰,7.88,-0.034313725490196,0.0038119440914867,4.8838,0.0,-0.2752197952997267,0.0074317891809499,0.0689194125309275,-13.205007732686678,134.5571,14.5097,543077.7272
2025-12-31,000017.SZ,服饰,7.87,-0.0012690355329948,0.0101137800252844,3.2284,0.0167958656330748,-0.28785996001945,0.0074412291719995,0.0690069213942158,-13.203737891307036,134.3864,14.4913,542388.5423
2026-01-05,000017.SZ,服饰,7.91,0.0050825921219821,0.0150375939849622,3.4927,0.0380577427821522,-0.2989778076988197,0.0074036014078688,0.0686582125520944,-13.208807610598315,135.0694,14.5649,545145.282
2026-01-06,000017.SZ,服饰,7.98,0.0088495575221239,0.0254777070063696,4.5463,-0.0012515644555693,-0.3012646360043043,0.0073386577741704,0.06805591473955,-13.217618240224152,136.2647,14.6938,549969.5765
2026-01-07,000017.SZ,服饰,7.85,-0.0162907268170426,0.0,3.5725,-0.0484848484848485,-0.3272139020925113,0.0074601868478397,0.0691830861191056,-13.20119336060933,134.0449,14.4544,541010.1724
2026-01-08,000017.SZ,服饰,7.9,0.0063694267515923,-0.0337922403003755,2.9715,-0.0161892901618927,-0.3770822039974122,0.007412969880362,0.068745058948888,-13.207542588352332,134.8987,14.5465,544456.0971
2026-01-09,000017.SZ,服饰,7.99,0.0113924050632912,-0.0567901234567901,3.7547,-0.0419664268585131,-0.3169222631557383,0.0073294707022732,0.0679707997444298,-13.218870588662368,136.4355,14.7122,550658.7615
2026-01-12,000017.SZ,服饰,8.1,0.0137672090112639,-0.0335403726708075,4.3717,0.0227272727272727,-0.2607731863088766,0.0072299365645365,0.0670474964464827,-13.232543890448907,138.3138,14.9148,558239.7957
2026-01-13,000017.SZ,服饰,8.05,-0.0061728395061727,-0.0164556962025317,5.5658,0.0495436766623207,-0.2146192089606111,0.0072748435908627,0.0674640922369069,-13.226351920317814,137.46,14.8227,554793.8711
2026-01-14,000017.SZ,服饰,7.9,-0.0186335403726708,0.0388601036269429,5.338,0.0299869621903521,-0.1575346006352465,0.007412969880362,0.068745058948888,-13.207542588352332,134.8987,14.5465,544456.0971
2026-01-15,000017.SZ,服饰,7.72,-0.0227848101265824,0.0314136125654449,3.5391,0.0334672021419009,-0.1334997024552245,0.0075858145268348,0.0703477288235749,-13.18449419290605,131.825,14.2151,532050.7683
2026-01-16,000017.SZ,服饰,7.64,-0.0103626943005181,0.0424164524421593,2.8113,0.0105820105820106,-0.1629620813412178,0.0076652434864593,0.0710843202206457,-13.174077431979894,130.459,14.0678,526537.2888
2026-01-19,000017.SZ,服饰,7.78,0.018324607329843,0.057915057915058,2.3389,-0.0649038461538461,-0.2198638461714575,0.0075273090773325,0.0698055914278733,-13.192236167063047,132.8496,14.3255,536185.8779
2026-01-20,000017.SZ,服饰,7.77,-0.0012853470437018,0.0224438902743142,2.0909,-0.0771971496437055,-0.2501392770619114,0.0075369991287229,0.0698953666361456,-13.190949993127248,132.6788,14.3071,535496.6929
2026-01-21,000017.SZ,服饰,8.02,0.0321750321750322,0.08502538071066,9.4513,-0.050887573964497,-0.0642770422616639,0.0073020523148236,0.0677162688335872,-13.222618250764192,136.9478,14.7675,552726.3163
2026-01-22,000017.SZ,服饰,7.88,-0.0174563591022443,-0.0246609124537606,5.611,-0.0460048426150121,0.0351142629067888,0.0074317891809499,0.0689194125309275,-13.205007732686678,134.5571,14.5097,543077.7272
2026-01-23,000017.SZ,服饰,8.11,0.029187817258883,-0.0827250608272507,9.067,-0.0217129071170084,0.2563059218919086,0.0072210195213041,0.0669648836150322,-13.233777697017777,138.4846,14.9332,558928.9807
2026-01-26,000017.SZ,服饰,8.22,0.0135635018495685,-0.1317073170731706,10.2639,0.0048899755501223,0.5024079888814537,0.0071243897069667,0.0660689627833532,-13.247250037846449,140.3629,15.1357,566510.0149
2026-01-27,000017.SZ,服饰,8.2,-0.0024330900243311,-0.1333333333333334,7.5398,0.0,0.6840190276921594,0.0071417654729919,0.0662299902641914,-13.244813983165242,140.0214,15.0989,565131.6451
2026-01-28,000017.SZ,服饰,8.55,0.0426829268292685,-0.0480404551201011,14.6744,0.0477941176470588,0.7287069368452888,0.0068494135874557,0.0635186808440362,-13.286611111747469,145.9979,15.7434,589253.1177
2026-01-29,000017.SZ,服饰,7.91,-0.0748538011695907,-0.0013262599469495,13.9595,0.0038071065989848,0.8785078438124792,0.0074036014078688,0.0686582125520944,-13.208807610598315,135.0694,14.5649,545145.282
2026-01-30,000017.SZ,服饰,7.54,-0.0467762326169406,0.0828651685393258,9.3878,-0.0419313850063532,0.7957781421670294,0.007766905835587,0.0720274280445993,-13.16090201087876,128.7514,13.8836,519645.4395
2026-02-02,000017.SZ,服饰,7.12,-0.0557029177718833,0.0526315789473683,5.4566,-0.0998735777496839,0.6156216353157258,0.0082250640732491,0.076275905204305,-13.103587554256292,121.5796,13.1103,490699.6723
2026-02-03,000017.SZ,服饰,7.41,0.0407303370786515,0.0292164674634793,5.4675,-0.0714285714285715,0.5387744708142213,0.0079031703567886,0.073290678158645,-13.143510268224285,126.5315,13.6443,510686.0354
2026-02-04,000017.SZ,服饰,7.53,0.0161943319838056,0.0212483399734395,4.0442,-0.0407643312101909,0.200129360737137,0.0077772230025369,0.0721230130109915,-13.159574870541638,128.5806,13.8652,518956.2545
2026-02-05,000017.SZ,服饰,7.53,0.0,-0.0129701686121919,3.5507,-0.0468354430379747,-0.1298438387921808,0.0077772230025369,0.0721230130109915,-13.159574870541638,128.5806,13.8652,518956.2545
2026-02-06,000017.SZ,服饰,7.71,0.0239043824701195,-0.0256410256410256,4.2636,-0.0350438047559449,-0.2924273834758101,0.0075956501230875,0.070439400983334,-13.18319801631857,131.6543,14.1966,531361.5833
2026-02-09,000017.SZ,服饰,7.8,0.0116731517509727,0.0129032258064516,2.8073,-0.0370370370370369,-0.3670196795374626,0.0075080091687807,0.0696262463098089,-13.194803562445392,133.1911,14.3624,537564.2477
2026-02-10,000017.SZ,服饰,7.75,-0.0064102564102563,0.0117035110533159,2.2549,-0.0372670807453416,-0.4538084551278792,0.0075564485598542,0.0700756115849001,-13.188372672236316,132.3373,14.2703,534118.3231
2026-02-11,000017.SZ,服饰,7.69,-0.0077419354838709,0.0052562417871222,1.7071,-0.0265822784810126,-0.5150390566545956,0.0076154096290762,0.0706224664190172,-13.180600612385206,131.3127,14.1598,529983.2135
2026-02-12,000017.SZ,服饰,7.61,-0.0104031209362809,0.0131578947368422,1.5377,-0.0142487046632123,-0.5749061169003107,0.0076954628320688,0.071364852809991,-13.170143000673065,129.9467,14.0125,524469.734
2026-02-13,000017.SZ,服饰,7.6,-0.0013140604467806,-0.0267515923566878,1.3526,-0.0052356020942407,-0.6692673849385458,0.0077055909456224,0.0714586861605962,-13.168828076154725,129.7759,13.9941,523780.5491
2026-02-24,000017.SZ,服饰,7.85,0.0328947368421053,-0.0488431876606684,2.076,0.0089974293059125,-0.6936167146232365,0.0074601868478397,0.0691830861191056,-13.20119336060933,134.0449,14.4544,541010.1724
2026-02-25,000017.SZ,服饰,7.78,-0.0089171974522291,-0.0339869281045752,1.7507,0.0012870012870014,-0.7100726530584152,0.0075273090773325,0.0698055914278733,-13.192236167063047,132.8496,14.3255,536185.8779
2026-02-26,000017.SZ,服饰,7.65,-0.0167095115681233,-0.0428571428571428,1.519,-0.0461346633416458,-0.6957835024604933,0.0076552269506857,0.0709914668256875,-13.175385476577349,130.6297,14.0862,527226.4737
2026-02-27,000017.SZ,服饰,7.7,0.0065359477124182,-0.0143979057591622,1.1738,-0.0228426395939086,-0.6968015706650004,0.0076055170420623,0.0705308149130355,-13.18190015766505,131.4835,14.1782,530672.3984
2026-03-02,000017.SZ,服饰,7.64,-0.0077922077922079,0.0094594594594594,2.7226,-0.0579531442663378,-0.6208746411895434,0.0076652434864593,0.0710843202206457,-13.174077431979894,130.459,14.0678,526537.2888
2026-03-03,000017.SZ,服饰,7.4,-0.0314136125654449,0.0230040595399187,2.3977,-0.0997566909975669,-0.5732518252857153,0.0079138466992928,0.0733901862642927,-13.142159828995164,126.3608,13.6258,509996.8504
2026-03-04,000017.SZ,服饰,7.39,-0.0013513513513514,0.0040705563093623,1.7525,-0.098780487804878,-0.5437141201246898,0.00792455820588,0.0734894248717609,-13.140807563809892,126.19,13.6074,509307.6655
2026-03-05,000017.SZ,服饰,7.37,-0.0027063599458727,-0.0411686586985392,1.6596,-0.1380116959064328,-0.4519475899685778,0.0079460621302597,0.0736887094159432,-13.138097534984157,125.8485,13.5706,507929.2956
2026-03-06,000017.SZ,服饰,7.53,0.0217096336499322,-0.0441767068273092,1.5143,-0.0480404551201011,-0.311825084508924,0.0077772230025369,0.0721230130109915,-13.159574870541638,128.5806,13.8652,518956.2545
2026-03-09,000017.SZ,服饰,7.47,-0.0079681274900399,-0.0515873015873015,1.6079,-0.0092838196286472,-0.2941404251199715,0.0078396877922733,0.0727024217176674,-13.15157482806416,127.5561,13.7547,514821.145
2026-03-10,000017.SZ,服饰,7.56,0.0120481927710842,-0.0418918918918919,1.1831,0.0617977528089888,-0.3338857384534386,0.0077463594047387,0.0718365001257138,-13.16355101892357,129.0929,13.9205,521023.8093
2026-03-11,000017.SZ,服饰,7.4,-0.021164021164021,-0.0069252077562326,1.7439,-0.0013495276653171,-0.27649510079964,0.0079138466992928,0.0733901862642927,-13.142159828995164,126.3608,13.6258,509996.8504
2025-07-29,600601.SH,元器件,6.12,0.0115702479338843,-0.0182119205298013,10.2311,0.1547169811320754,0.0986446278169328,0.0101463715560678,0.1642170949995894,-14.75247392742862,98.5574,6.0895,2552219.4916
2025-07-30,600601.SH,元器件,6.04,-0.0130718954248366,-0.0377049180327868,5.9483,0.1889763779527558,0.1874187060006704,0.0102807571983291,0.1663921196692124,-14.739315842849292,97.2691,6.0099,2518857.1453
2025-07-31,600601.SH,元器件,6.1,0.009933774834437,-0.0281923714759535,9.7552,0.0912343470483005,0.3635140136603747,0.0101796401090035,0.1647555028337946,-14.749200602112683,98.2353,6.0696,2543878.9051
2025-08-01,600601.SH,元器件,6.03,-0.0114754098360654,-0.0184254606365158,5.468,0.0767857142857144,0.4912799636977218,0.010297812744573,0.1666694444907415,-14.737658841676229,97.108,5.9999,2514686.8521
2025-08-04,600601.SH,元器件,5.97,-0.0099502487562189,-0.0016863406408094,3.7122,0.0698924731182795,0.2620157685482605,0.0104013030752492,0.1683445001851789,-14.72765875831047,96.1418,5.9402,2489665.0923
2025-08-05,600601.SH,元器件,5.93,-0.0067001675041875,0.0255536626916523,3.9188,0.0259515570934254,0.0825199478330809,0.0104714673457762,0.1694800352518473,-14.720936043934898,95.4976,5.9004,2472983.9192
2025-08-06,600601.SH,元器件,5.87,-0.0101180438448565,0.1006825938566553,3.2884,0.031634446397188,0.0029521611776417,0.0105784956109821,0.1712123546835139,-14.710766464774292,94.5314,5.8407,2447962.1595
2025-08-07,600601.SH,元器件,5.86,-0.0017035775127768,0.0477815699658701,3.989,0.050179211469534,-0.2120753958203228,0.010340053333995,0.1772641057912183,-14.733565066190025,96.7113,5.6413,2504413.3318
2025-08-08,600601.SH,元器件,5.86,0.0,0.1402027027027026,2.8622,0.0654545454545454,-0.3023935494191552,0.010340053333995,0.1772641057912183,-14.733565066190025,96.7113,5.6413,2504413.3318
2025-08-11,600601.SH,元器件,5.92,0.0102389078498292,0.23421926910299,3.9571,0.0882352941176469,-0.2995678552752565,0.0102352573911352,0.1754693805930865,-14.74375191148825,97.7015,5.699,2530055.7891
2025-08-12,600601.SH,元器件,6.02,0.0168918918918918,0.1829457364341085,5.5067,0.1005484460694698,-0.2373746117023242,0.0100652327736057,0.1725536210377374,-14.760502721924752,99.3519,5.7953,2572793.218
2025-08-13,600601.SH,元器件,6.45,0.0714285714285716,0.234527687296417,10.6364,0.2033582089552239,-0.0090686648491344,0.0093942141035336,0.161051343168202,-14.829495593396157,106.4485,6.2092,2756564.1621
2025-08-14,600601.SH,元器件,6.14,-0.048062015503876,0.0622222222222221,6.8673,0.1204379562043793,0.0807206446710209,0.0098685216855829,0.1691818366380185,-14.780240204746107,101.3323,5.9108,2624078.1326
2025-08-15,600601.SH,元器件,6.75,0.0993485342019544,0.0619111709286674,9.1835,0.2272727272727273,0.260219390631931,0.0089766929145167,0.1538935056940597,-14.874957967469689,111.3996,6.498,2884776.4487
2025-08-18,600601.SH,元器件,7.43,0.1007407407407408,0.0537352555701178,9.9295,0.355839416058394,0.388433293340541,0.0081551434489732,0.1398093001146436,-14.970941321310672,122.622,7.1526,3175390.965
2025-08-19,600601.SH,元器件,7.63,0.0269179004037685,0.0435356200527705,12.6727,0.4208566108007447,0.5181688117081222,0.0079413736035094,0.1361433316996133,-14.997503307896109,125.9228,7.3452,3260865.8228
2025-08-20,600601.SH,元器件,7.58,-0.0065530799475753,0.213389121338912,10.8148,0.4328922495274101,0.4340311271356873,0.0079937584733839,0.1370426202548992,-14.990928662233998,125.0976,7.297,3239497.1083
2025-08-21,600601.SH,元器件,7.17,-0.054089709762533,0.1419518377693283,9.5392,0.3131868131868132,0.4597720457924221,0.0084508637205265,0.1448792431508337,-14.9353211172123,118.3311,6.9023,3064273.65
2025-08-22,600601.SH,元器件,7.89,0.100418410041841,0.0796019900497513,6.4253,0.4345454545454545,0.3564948666002814,0.0076796834741659,0.1316569021130932,-15.031011597438948,130.2137,7.5955,3371983.1378
2025-08-25,600601.SH,元器件,8.04,0.0190114068441062,0.1618204804045511,12.7237,0.3289256198347106,0.4156118114840053,0.007536402709186,0.1292006356671275,-15.049844545770824,132.6893,7.7399,3436089.2811
2025-08-26,600601.SH,元器件,7.91,-0.0161691542288555,0.0126436781609196,9.206,0.292483660130719,0.330807906598372,0.0076602642178334,0.1313249372923424,-15.03354324436845,130.5438,7.6147,3380530.6236
2025-08-27,600601.SH,元器件,8.7,0.0998735777496837,0.0122086570477246,15.4327,0.4403973509933774,0.368332662983269,0.0069646758605031,0.1194001337281497,-15.128738488257143,143.5817,8.3752,3718156.3117
2025-08-28,600601.SH,元器件,9.01,0.035632183908046,0.0092165898617511,17.163,0.4770491803278689,0.4930068923706263,0.0067250490592328,0.1152910522614339,-15.16375053421754,148.6978,8.6737,3850642.3412
2025-08-29,600601.SH,元器件,8.68,-0.0366259711431742,0.0489662676822635,10.0915,0.4394693200663349,0.5392305859933304,0.0075553980674802,0.1220971404849698,-15.126436991261862,132.3557,8.1902,3709608.8259
2025-09-01,600601.SH,元器件,9.19,0.0587557603686634,0.0533484676503972,12.1626,0.5393634840871022,0.4527562448120548,0.0071361135155849,0.1153216320317365,-15.18353139897348,140.1323,8.6714,3927569.7132
2025-09-02,600601.SH,元器件,8.81,-0.0413492927094667,-0.0614035087719296,10.7409,0.4856661045531198,0.432169985124937,0.0074439101371168,0.120296410355115,-15.141302902529524,134.338,8.3128,3765167.4834
2025-09-03,600601.SH,元器件,9.12,0.035187287173666,0.0662100456621004,10.0965,0.5536626916524701,0.2685117836469992,0.0071908819616725,0.1162074535460704,-15.175885266668868,139.065,8.6053,3897653.5129
2025-09-04,600601.SH,元器件,8.76,-0.0394736842105262,0.0653526970954356,12.7052,0.4948805460750851,0.12314006666774,0.007486397216258,0.1209833526906697,-15.135611367539012,133.5756,8.2656,3743798.769
2025-09-05,600601.SH,元器件,9.64,0.1004566210045663,0.2176724137931036,14.0259,0.6450511945392492,0.1383830322493038,0.0068029941337781,0.109938434476693,-15.23133657122414,146.9941,9.096,4119888.1431
2025-09-08,600601.SH,元器件,9.28,-0.037344398340249,0.3936915887850465,12.347,0.5675675675675675,0.0980050432857593,0.0070669030781309,0.1142034877745166,-15.19327700938295,141.5047,8.7563,3966033.3991
2025-09-09,600601.SH,元器件,8.56,-0.0775862068965516,0.2858672376873661,9.2261,0.4219269102990035,0.0523132143909315,0.0076613147275751,0.1238098775520311,-15.11251565275522,130.5259,8.0769,3658323.9113
2025-09-10,600601.SH,元器件,9.34,0.0911214953271026,0.1528724440116846,13.1829,0.4480620155038759,0.0953614181760367,0.0070215054669441,0.1134700268923963,-15.19972171484519,142.4196,8.8129,3991675.8565
2025-09-11,600601.SH,元器件,10.27,0.0995717344753746,0.0336283185840706,8.8448,0.6726384364820848,0.0176280650450435,0.0063856715746938,0.1031949145546107,-15.29464248652322,156.6006,9.6904,4389133.9449
2025-09-12,600601.SH,元器件,11.3,0.1002921129503409,-0.0536462699077955,8.1363,0.6740740740740743,-0.0821327859647504,0.0058036149556835,0.0937883946240492,-15.390218188310142,172.3064,10.6623,4829329.4623
2025-09-15,600601.SH,元器件,11.93,0.0557522123893803,-0.0532889258950874,14.6454,0.6056527590847913,-0.0609972521803352,0.0054971392887141,0.0888359821262003,-15.444471698705506,181.9128,11.2567,5098575.2642
2025-09-16,600601.SH,元器件,12.01,0.0067057837384745,-0.0777027027027027,10.9852,0.5740498034076016,-0.0232679052058031,0.0054605212504375,0.0882441185295,-15.45115509868834,183.1327,11.3322,5132765.2073
2025-09-17,600601.SH,元器件,11.84,-0.0141548709408826,-0.0796232876712328,9.0301,0.5620052770448549,-0.0888495141155916,0.0055389233994588,0.0895110904241035,-15.436899092048195,180.5405,11.1718,5060111.5782
2025-09-18,600601.SH,元器件,11.68,-0.0135135135135134,-0.0487156775907882,10.7577,0.6290097629009763,-0.060150362744857,0.0056148010647908,0.0907375145180023,-15.423293439990791,178.1007,11.0208,4991731.692
2025-09-19,600601.SH,元器件,11.29,-0.0333904109589041,-0.1116974494283201,7.1521,0.4309252217997465,-0.0803549093046483,0.0058087560026232,0.0938711524561387,-15.38933284075072,172.1539,10.6529,4825055.7194
2025-09-22,600601.SH,元器件,11.37,0.0070859167404782,-0.0448717948717949,4.8683,0.4141791044776119,-0.2247579485888147,0.0057678875169647,0.0932114128053838,-15.396393770352452,173.3737,10.7283,4859245.6625
2025-09-23,600601.SH,元器件,10.92,-0.0395778364116093,0.0567441860465116,8.1517,0.3805309734513273,-0.272616235388237,0.0060055731719035,0.0970525151159292,-15.35601143290982,166.512,10.3037,4666927.2326
2025-09-24,600601.SH,元器件,10.75,-0.0155677655677655,0.0223463687150837,5.0814,0.2356321839080462,-0.312089232482595,0.0061005442905616,0.09858724478227,-15.340321217162147,163.9198,10.1433,4594273.6035
2025-09-25,600601.SH,元器件,10.74,-0.0009302325581395,0.0227722772277227,5.4071,0.1920088790233074,-0.3794616135402631,0.0061062251133162,0.0986786923099695,-15.339390551666355,163.7673,10.1339,4589999.8606
2025-09-26,600601.SH,元器件,10.1,-0.0595903165735568,-0.0249280920421859,5.624,0.1635944700460829,-0.3967527250438988,0.0064931565376671,0.1049317943336831,-15.27795088644808,154.0083,9.53,4316480.3159
2025-09-29,600601.SH,元器件,10.43,0.0326732673267327,-0.1470070422535211,4.4762,0.1349292709466811,-0.3802101304257815,0.0062877144975204,0.1016115593309894,-15.3101017315974,159.0403,9.8414,4457513.8311
2025-09-30,600601.SH,元器件,11.36,0.0891658676893576,-0.081967213114754,12.3505,0.2894438138479001,-0.2957736843005456,0.0057729621010811,0.0932931550812116,-15.395513875880331,173.2213,10.7189,4854971.9196
2025-10-09,600601.SH,元器件,10.98,-0.033450704225352,-0.0367860600193611,8.2261,0.2039473684210528,-0.2207510905714163,0.0059727558713683,0.0965213698312806,-15.36149089866976,167.4269,10.3604,4692569.6899
2025-10-10,600601.SH,元器件,10.33,-0.0591985428051001,-0.0589970501474925,5.6438,0.1792237442922375,-0.1845516399064674,0.0063485815681631,0.1025956704627064,-15.300467745732034,157.5155,9.747,4414776.4023
2025-10-13,600601.SH,元器件,10.17,-0.015488867376573,0.0061919504643963,4.0967,0.0549792531120332,-0.1727373993511396,0.0064484635568306,0.1042090015735559,-15.284857672659216,155.0757,9.5961,4346396.5161
2025-10-14,600601.SH,元器件,9.69,-0.0471976401179941,0.0148809523809523,4.8839,0.0441810344827586,-0.1241914706883049,0.0067678917678748,0.1093708985913028,-15.236509888495869,147.7565,9.1432,4141256.8575
2025-10-15,600601.SH,元器件,10.08,0.0402476780185758,0.0773869346733668,4.1437,0.1775700934579438,-0.3064534880360001,0.0065060369516874,0.1051403097433524,-15.275968725238068,153.7034,9.5111,4307932.8301
2025-10-16,600601.SH,元器件,9.95,-0.0128968253968254,0.1128526645768024,2.4952,0.0653104925053533,-0.4134270159627367,0.0065910410615267,0.1065132875326196,-15.262988013772649,151.7211,9.3885,4252374.1726
2025-10-17,600601.SH,元器件,9.57,-0.0381909547738692,0.2020512820512821,2.7585,-0.0681596884128529,-0.470808896733876,0.0068527555272612,0.1107431975990874,-15.224048668068804,145.9267,9.0299,4089971.9429
2025-10-20,600601.SH,元器件,9.75,0.0188087774294669,0.1720430107526882,3.2917,-0.1371681415929204,-0.4757039829401659,0.0067262432451702,0.1086980151742429,-15.242682747597671,148.6714,9.1998,4166899.3148
2025-10-21,600601.SH,元器件,10.23,0.0492307692307691,0.2304104477611939,5.1961,-0.1424979044425817,-0.4259284224041084,0.0064106426925725,0.103597957048287,-15.290740042557225,155.9906,9.6527,4372038.9734
2025-10-22,600601.SH,元器件,10.72,0.0478983382209188,0.2694835680751173,6.8396,-0.1074104912572855,-0.3166647852157801,0.0061176185579182,0.0988630746416213,-15.33752661824443,163.4623,10.115,4581452.3749
2025-10-23,600601.SH,元器件,10.65,-0.0065298507462686,0.1015358361774743,5.0462,-0.1005067567567566,-0.2057000356252225,0.0061578288480734,0.0995123892924669,-15.330975354759238,162.3949,10.049,4551536.1747
2025-10-24,600601.SH,元器件,11.72,0.100469483568075,0.0283569641367806,10.8599,0.0034246575342467,0.0715422149071081,0.0055956358516865,0.0904273597019514,-15.42671224674997,178.7107,11.0586,5008826.6636
2025-10-27,600601.SH,元器件,11.99,0.0230375426621161,-0.0765731614859742,13.6761,0.0620017714791851,0.352144753717408,0.0071045181182973,0.0869157091452709,-15.449488431630805,140.7555,11.5054,5124217.7215
2025-10-28,600601.SH,元器件,13.19,0.1000834028356962,-0.1198224852071005,12.4131,0.1600703605980651,0.4950050320867281,0.0064581627302012,0.079008287969408,-15.544874429331475,154.8428,12.6569,5637066.868
2025-10-29,600601.SH,元器件,13.52,0.0250189537528431,-0.0844306738962045,11.818,0.2380952380952381,0.6024471479470372,0.006300530252626,0.0770802019501291,-15.56958553320458,158.7168,12.9735,5778100.3832
2025-10-30,600601.SH,元器件,12.91,-0.0451183431952662,-0.0194647201946471,9.5209,0.2009302325581394,0.6801652838961341,0.006598229826902,0.0807219773655575,-15.523417667449388,151.5558,12.3882,5517402.0671
2025-10-31,600601.SH,元器件,12.33,-0.0449264136328427,-0.026272577996716,6.9473,0.1480446927374301,0.550178001888709,0.0069086108234442,0.084519422563305,-15.477450779775673,144.7469,11.8316,5269524.9797
2025-11-03,600601.SH,元器件,12.18,-0.0121654501216544,0.0,5.0407,0.2059405940594059,0.3094367332215895,0.0069936916900955,0.0855600331972928,-15.4652107248822,142.986,11.6877,5205418.8364
2025-11-04,600601.SH,元器件,11.9,-0.0229885057471264,-0.0313028764805415,4.3858,0.1409395973154363,0.0803315529621053,0.0071582473747127,0.0875733426744898,-15.441953862705502,139.699,11.419,5085754.0355
2025-11-05,600601.SH,元器件,11.82,-0.0067226890756302,-0.0744416873449131,3.4145,0.0404929577464789,-0.1029933174085562,0.007206698193569,0.0881655396171852,-15.43520847456514,138.7598,11.3423,5051564.0924
2025-11-06,600601.SH,元器件,12.09,0.0228426395939085,-0.0539629005059021,5.8846,0.1010928961748633,-0.1999488922631768,0.0070457515879362,0.0861972365165972,-15.457794127223908,141.9295,11.6013,5166955.1504
2025-11-07,600601.SH,元器件,11.86,-0.0190239867659223,-0.0915966386554621,3.4505,0.14811229428848,-0.2969063830124522,0.0071823910754481,0.0878688294114545,-15.438586856167047,139.2294,11.3806,5068659.064
2025-11-10,600601.SH,元器件,11.9,0.003372681281619,-0.0532751091703056,3.9806,0.1701081612586037,-0.3299002196801349,0.0071582473747127,0.0875733426744898,-15.441953862705502,139.699,11.419,5085754.0355
2025-11-11,600601.SH,元器件,11.45,-0.0378151260504202,-0.0268096514745307,4.0397,0.1816305469556243,-0.3364392301443979,0.0074395794554525,0.09101499927188,-15.4034051925911,134.4162,10.9872,4893435.6056
2025-11-12,600601.SH,元器件,11.19,-0.022707423580786,0.0303030303030302,3.2659,0.1101190476190476,-0.3365351590871982,0.0076124356749185,0.0931298136472428,-15.380435984927578,131.364,10.7377,4782318.2906
2025-11-13,600601.SH,元器件,11.22,0.002680965147453,0.1378353376503238,2.7651,0.1276381909547739,-0.4381210130759871,0.0075920805489377,0.0928806947475967,-15.383113362685547,131.7162,10.7665,4795139.5192
2025-11-14,600601.SH,元器件,10.81,-0.0365418894830659,0.0839483394833948,2.7172,0.12957157784744,-0.461484422356658,0.0078800343569497,0.0964031967300035,-15.34588709423486,126.903,10.3731,4619916.0608
2025-11-17,600601.SH,元器件,10.84,0.0027752081406104,0.042240587695133,2.3952,0.1117948717948718,-0.5088640351941257,0.0078582250469921,0.0961362827944894,-15.34865845860369,127.2552,10.4019,4632737.2895
2025-11-18,600601.SH,元器件,10.89,0.0046125461254613,0.023356401384083,3.2196,0.064516129032258,-0.5278454641458574,0.007822143235958,0.0956956113992612,-15.353260399529546,127.8422,10.4498,4654106.0039
2025-11-19,600601.SH,元器件,11.56,0.0615243342516069,-0.0552845528455285,6.7978,0.0783582089552239,-0.4115392551876993,0.0073687840622043,0.0901485648348478,-15.412966325843817,135.7076,11.0928,4940446.7774
2025-11-20,600601.SH,元器件,12.3,0.0640138408304498,-0.0144680851063829,11.6244,0.1549295774647887,-0.1653455979671947,0.0069254619456254,0.0847249404807293,-15.475014724970386,144.3947,11.8029,5256703.751
2025-11-21,600601.SH,元器件,11.75,-0.0447154471544716,0.056387665198238,7.2243,0.0025597269624573,0.0037236728144594,0.007249628637773,0.0886910093923779,-15.429268703179106,137.9381,11.2751,5021647.8922
2025-11-24,600601.SH,元器件,11.35,-0.0340425531914894,0.043956043956044,6.9746,-0.0533778148457048,0.2161778353882513,0.0075051241234953,0.0918164039187241,-15.39463320651205,133.2423,10.8913,4850698.1767
2025-11-25,600601.SH,元器件,11.83,0.0422907488986783,0.0292598967297763,7.5875,-0.1031084154662622,0.4226309150832077,0.0072006060030012,0.0880909803645204,-15.436054140580058,138.8772,11.3519,5055837.8353
2025-11-26,600601.SH,元器件,11.62,-0.0177514792899409,-0.0025906735751294,6.7128,-0.1405325443786982,0.486761341003622,0.0073307387405351,0.0896836856407451,-15.41814321401889,136.4119,11.1503,4966089.2347
2025-11-27,600601.SH,元器件,11.58,-0.0034423407917383,-0.0333611342785654,5.9745,-0.1030209140201394,0.3207985241746856,0.0073560566828303,0.0899928005759539,-15.414694934729471,135.9424,11.112,4948994.2631
2025-11-28,600601.SH,元器件,11.99,0.0354058721934369,-0.0663967611336032,7.1696,-0.0275750202757502,0.3159008993079084,0.0071045181182973,0.0869157091452709,-15.449488431630805,140.7555,11.5054,5124217.7215
2025-12-01,600601.SH,元器件,12.35,0.0300250208507089,-0.0050167224080267,7.5885,0.0139573070607552,0.3075307424372064,0.0068974222263913,0.0843824889458939,-15.479071525659377,144.9817,11.8508,5278072.4654
2025-12-02,600601.SH,元器件,11.96,-0.0315789473684209,0.0640692640692639,4.4896,0.0050420168067226,0.1907547319310381,0.0071223397170864,0.0871338201209417,-15.446983211125794,140.4033,11.4766,5111396.4929
2025-12-03,600601.SH,元器件,11.55,-0.0342809364548495,0.0388265746333045,3.5519,-0.0228426395939086,0.0715224007321213,0.0073751642817843,0.09022664934315,-15.412100899564756,135.5902,11.0832,4936173.0345
2025-12-04,600601.SH,元器件,11.59,0.0034632034632033,0.085862966175195,3.0385,-0.0413564929693961,-0.0116230809101843,0.0073497094659848,0.0899151201266004,-15.415558119938916,136.0598,11.1216,4953268.006
2025-12-05,600601.SH,元器件,11.53,-0.0051768766177739,0.0462184873949578,2.5612,-0.0278246205733557,-0.1809410822880347,0.007387957924102,0.0903832248734634,-15.410367796872652,135.3554,11.064,4927625.5487
2025-12-08,600601.SH,元器件,11.9,0.0320901994796185,-0.0317331163547598,4.4091,0.0,-0.3064712267186645,0.0071582473747127,0.0875733426744898,-15.441953862705502,139.699,11.419,5085754.0355
2025-12-09,600601.SH,元器件,12.29,0.0327731092436973,-0.0265780730897008,7.6772,0.0733624454148471,-0.2115458329659518,0.0069310972689397,0.0847939084056201,-15.47420138616748,144.2773,11.7933,5252430.0081
2025-12-10,600601.SH,元器件,12.04,-0.0203417412530512,-0.0343450479233227,4.7785,0.0759606791778373,-0.1775545937060381,0.0070750128234607,0.0865546073017466,-15.453649902465264,141.3425,11.5534,5145586.4359
2025-12-11,600601.SH,元器件,12.52,0.0398671096345515,-0.0578313253012047,9.4985,0.1158645276292333,-0.0025217582474426,0.0068037671097733,0.083236224404861,-15.492742828261385,146.9774,12.014,5350726.0945
2025-12-12,600601.SH,元器件,12.45,-0.005591054313099,-0.0084033613445377,7.8227,0.1517113783533763,0.1292197925612737,0.0068420231588799,0.0837044229417082,-15.487136085501817,146.1556,11.9468,5320809.8943
2025-12-15,600601.SH,元器件,11.9,-0.0441767068273091,0.0264505119453923,4.0221,0.0977859778597787,0.1016362879299626,0.0071582473747127,0.0875733426744898,-15.441953862705502,139.699,11.419,5085754.0355
2025-12-16,600601.SH,元器件,11.72,-0.015126050420168,0.0082712985938793,3.2274,0.076216712580349,-0.0434601937412563,0.007268186638311,0.0889181330748779,-15.42671224674997,137.5859,11.2463,5008826.6636
2025-12-17,600601.SH,元器件,12.09,0.031569965870307,0.0630861040068202,4.6395,0.0458477508650518,-0.0309490397470731,0.0070457515879362,0.0861972365165972,-15.457794127223908,141.9295,11.6013,5166955.1504
2025-12-18,600601.SH,元器件,11.73,-0.0297766749379652,0.0406779661016947,3.0674,-0.0463414634146341,-0.1865725605586374,0.0072619900902883,0.0888422960402988,-15.427565125269076,137.7033,11.2559,5013100.4065
2025-12-19,600601.SH,元器件,11.8,0.0059676044330776,0.0157938487115545,2.2649,0.0042553191489362,-0.3565498430727843,0.0072189135535101,0.0883150374014183,-15.433514994073468,138.525,11.3231,5043016.6067
2025-12-22,600601.SH,元器件,12.03,0.0194915254237286,-0.0147662018047579,4.1733,0.0599118942731278,-0.3334593068705775,0.0070808942602979,0.0866265874322147,-15.45281899258809,141.2251,11.5438,5141312.6931
2025-12-23,600601.SH,元器件,12.19,0.0133000831255194,-0.0336808340016038,4.8712,0.0304311073541843,-0.2508725762864097,0.006987954164611,0.0854898138886751,-15.46603140609612,143.1034,11.6973,5209692.5793
2025-12-24,600601.SH,元器件,12.47,0.0229696472518459,-0.045602605863192,6.1562,0.0731497418244406,-0.1866653198893266,0.0068310490305375,0.0835701153267591,-15.488741222287926,146.3904,11.966,5329357.3801
2025-12-25,600601.SH,元器件,12.28,-0.0152365677626303,0.0057283142389523,3.3883,0.0604490500863557,-0.152242579952762,0.0069367417707698,0.0848629887047362,-15.473387385306054,144.1599,11.7837,5248156.2652
2025-12-26,600601.SH,元器件,12.22,-0.0048859934853419,0.0491257285595336,3.314,0.0191826522101752,-0.0732811508356251,0.0069707979332978,0.0852798458140387,-15.468489416334686,143.4556,11.7261,5222513.8079
2025-12-29,600601.SH,元器件,12.01,-0.0171849427168576,0.1062240663900413,4.4669,-0.0275303643724695,-0.0287907029657048,0.0070926865181505,0.0867709074501501,-15.45115509868834,140.9903,11.5246,5132765.2073
2025-12-30,600601.SH,元器件,12.05,0.003330557868443,0.1083617747440273,4.3712,0.0075250836120401,-0.0494370208105149,0.0070691411488344,0.0864827466920349,-15.454480122523783,141.4599,11.563,5149860.1788
2025-12-31,600601.SH,元器件,11.72,-0.0273858921161825,0.0593978844589098,4.2857,0.0147186147186146,-0.1383122287681264,0.007268186638311,0.0889181330748779,-15.42671224674997,137.5859,11.2463,5008826.6636
2026-01-05,600601.SH,元器件,12.29,0.0486348122866893,0.0134920634920634,6.3955,0.0603968938740293,-0.0425365968206576,0.0069310972689397,0.0847939084056201,-15.47420138616748,144.2773,11.7933,5252430.0081
2026-01-06,600601.SH,元器件,12.6,0.0252237591537836,-0.0885221305326331,6.9694,0.0928013876843019,0.0616819807813704,0.0067605664272975,0.0827081972094254,-15.499112276547637,147.9166,12.0907,5384916.0376
2026-01-07,600601.SH,元器件,13.33,0.0579365079365079,-0.0577367205542724,11.2715,0.1201680672268907,0.2485603976696349,0.0063903357674122,0.0781787478891738,-15.555432596789624,156.4863,12.7912,5696899.2684
2026-01-08,600601.SH,元器件,12.99,-0.0255063765941485,-0.0353302611367126,6.3877,0.0569568755085436,0.3403877124736294,0.0065575963524026,0.080224628961091,-15.529595293274085,152.4949,12.465,5551592.0102
2026-01-09,600601.SH,元器件,13.02,0.0023094688221707,-0.0227094753328112,4.7033,0.0813953488372094,0.3572087254396385,0.0065424859222059,0.0800396996910467,-15.531902099379012,152.8471,12.4938,5564413.2389
2026-01-12,600601.SH,元器件,12.77,-0.0192012288786482,0.0329218106995885,5.4007,0.0199680511182107,0.3728449617535367,0.0066705667246783,0.0816066721615159,-15.512514132638549,149.9123,12.2539,5457569.6667
2026-01-13,600601.SH,元器件,12.15,-0.0485512920908378,0.0040849673202614,4.8231,-0.0240963855421686,0.3273536573071296,0.0070109609363278,0.0857713849505528,-15.462744632379511,142.6338,11.6589,5192597.6077
2026-01-14,600601.SH,元器件,12.24,0.0074074074074073,-0.017515923566879,3.942,0.0285714285714284,0.0296374206067719,0.0069594071698596,0.0851404391543851,-15.47012473968039,143.6904,11.7453,5231061.2937
2026-01-15,600601.SH,元器件,12.56,0.0261437908496733,0.0032051282051281,4.2586,0.0716723549488054,-0.0669649340799433,0.0067820979741873,0.0829717149423761,-15.495932623639186,147.447,12.0523,5367821.0661
2026-01-16,600601.SH,元器件,12.48,-0.0063694267515923,-0.00398406374502,3.8717,0.032258064516129,-0.0934941747829392,0.0068255751570906,0.0835031230168008,-15.489542825539695,146.5078,11.9756,5333631.123
2026-01-19,600601.SH,元器件,12.55,0.0056089743589744,-0.0081366965012205,3.9904,0.0699062233589087,-0.1587261946959687,0.0067875023077507,0.0830371674361444,-15.495136128174506,147.3296,12.0428,5363547.3232
2026-01-20,600601.SH,元器件,12.29,-0.0207171314741037,-0.0380875202593193,3.3765,0.0415254237288134,-0.2256625359002241,0.0069310972689397,0.0847939084056201,-15.47420138616748,144.2773,11.7933,5252430.0081
2026-01-21,600601.SH,元器件,12.34,0.0040683482506103,-0.0678913738019169,2.6277,0.0257689110556942,-0.2667297788242528,0.0069030119912221,0.0844509002465966,-15.478261481079125,144.8643,11.8412,5273798.7226
2026-01-22,600601.SH,元器件,12.52,0.0145867098865477,-0.1071999999999999,3.4158,0.0270713699753897,-0.2903808606782034,0.0068037671097733,0.083236224404861,-15.492742828261385,146.9774,12.014,5350726.0945
2026-01-23,600601.SH,元器件,12.5,-0.0015974440894568,-0.07383100902379,4.1209,0.0024057738572573,-0.264787813912429,0.0068146536861143,0.0833694600993764,-15.491144106911532,146.7426,11.9948,5342178.6088
2026-01-26,600601.SH,元器件,12.19,-0.0248,-0.071609098567818,2.8872,-0.007328990228013,-0.3074142230485308,0.006987954164611,0.0854898138886751,-15.46603140609612,143.1034,11.6973,5209692.5793
2026-01-27,600601.SH,元器件,11.87,-0.0262510254306809,-0.040274207369323,4.131,-0.0286415711947628,-0.2817899867080194,0.0071763398944216,0.0877947709434426,-15.439429671221603,139.3468,11.3902,5072932.8069
2026-01-28,600601.SH,元器件,11.67,-0.0168491996630159,-0.0152329749103942,2.8951,-0.0283097418817651,-0.2584329349269588,0.0072993286807412,0.0892992686389898,-15.422436908886567,136.9989,11.1983,4987457.9491
2026-01-29,600601.SH,元器件,11.16,-0.0437017994858611,-0.0513728963684675,3.6601,-0.0738589211618258,-0.2423268913941072,0.0076329002425735,0.0933802724836351,-15.377751419548758,131.0118,10.7089,4769497.0619
2026-01-30,600601.SH,元器件,11.29,0.0116487455197131,0.0045372050816696,2.7757,-0.036689419795222,-0.2884262800599322,0.0075450116532704,0.0923045681530778,-15.38933284075072,132.5379,10.8337,4825055.7194
2026-02-02,600601.SH,元器件,11.02,-0.0239149689991142,-0.0089285714285713,2.2464,-0.1033360455655003,-0.2839913030398338,0.0077298689091531,0.0945662247271764,-15.365127266324206,129.3683,10.5746,4709664.6615
2026-02-03,600601.SH,元器件,11.2,0.0163339382940108,0.0127388535031847,2.0962,-0.1111111111111111,-0.3400947858149457,0.0076056385161703,0.0930466256641203,-15.38132924088661,131.4814,10.7473,4786592.0334
2026-02-04,600601.SH,元器件,10.99,-0.0187499999999999,0.0289449112978523,2.3335,-0.1755438859714928,-0.2907080531648446,0.0077509706152953,0.0948244798877278,-15.36240123100668,129.0161,10.5458,4696843.4328
2026-02-05,600601.SH,元器件,10.71,-0.0254777070063694,0.0090334236675699,2.7338,-0.1755196304849884,-0.3065498928007942,0.0079536081941253,0.0973037140827665,-15.3365933470586,125.7291,10.2771,4577178.632
2026-02-06,600601.SH,元器件,11.07,0.0336134453781511,-0.0018018018018017,4.0147,-0.1497695852534561,-0.2284834578763841,0.0076949535724976,0.0941389113776288,-15.36965420931256,129.9553,10.6226,4731033.3759
2026-02-09,600601.SH,元器件,11.1,0.0027100271002709,0.0359389038634321,2.2985,-0.1307752545027407,-0.1893580194559609,0.0076741612525459,0.0938843720074356,-15.372360570918527,130.3074,10.6514,4743854.6046
2026-02-10,600601.SH,元器件,11.13,0.0027027027027028,0.0580762250453721,1.5896,-0.0839506172839505,-0.1799561845811453,0.0076534751369206,0.0936320820966095,-15.375059627874853,130.6596,10.6801,4756675.8332
2026-02-11,600601.SH,元器件,11.02,-0.0098831985624439,0.0680393912264996,1.4414,-0.0996732026143791,-0.2049344357259466,0.0077298689091531,0.0945662247271764,-15.365127266324206,129.3683,10.5746,4709664.6615
2026-02-12,600601.SH,元器件,11.17,0.0136116152450092,0.0243682310469313,1.691,-0.1106687898089172,-0.2415305203686775,0.0076260665054007,0.0932966366562485,-15.378647075679424,131.1292,10.7185,4773770.8048
2026-02-13,600601.SH,元器件,11.08,-0.0080572963294538,-0.039028620988725,1.7953,-0.1121794871794872,-0.3716554290031505,0.0076880083215002,0.0940539117021877,-15.3705571439139,130.0727,10.6322,4735307.1188
2026-02-24,600601.SH,元器件,11.53,0.0406137184115522,-0.0986277873070325,3.3483,-0.0812749003984064,-0.2886927775885158,0.007387957924102,0.0903832248734634,-15.410367796872652,135.3554,11.064,4927625.5487
2026-02-25,600601.SH,元器件,11.66,0.0112749349522984,-0.1173512154233026,2.6154,-0.051261187957689,-0.2038101086304954,0.0073055891409723,0.0893758881728887,-15.421579643507837,136.8815,11.1887,4983184.2062
2026-02-26,600601.SH,元器件,11.93,0.0231560891938249,-0.0405286343612334,4.1103,-0.03322528363047,-0.034857527197412,0.0071402458529452,0.0873530285294991,-15.444471698705506,140.0512,11.4478,5098575.2642
2026-02-27,600601.SH,元器件,11.35,-0.0486169321039396,-0.0342960288808664,5.843,-0.0934504792332268,0.2084656662243251,0.0075051241234953,0.0918164039187241,-15.39463320651205,133.2423,10.8913,4850698.1767
2026-03-02,600601.SH,元器件,11.08,-0.0237885462555065,0.0,2.7767,-0.1136,0.3053530529020725,0.0076880083215002,0.0940539117021877,-15.3705571439139,130.0727,10.6322,4735307.1188
2026-03-03,600601.SH,元器件,10.51,-0.0514440433212997,0.0313390313390313,2.7922,-0.1378178835110746,0.2686253457881171,0.0081049625064434,0.0991551977154642,-15.31774264747454,123.3812,10.0852,4491703.7742
2026-03-04,600601.SH,元器件,10.53,0.0019029495718363,-0.0156106519742883,1.718,-0.1128896377422072,0.2589785158246795,0.0080895676935024,0.0989667867463679,-15.319643788737356,123.616,10.1044,4500251.26
2026-03-05,600601.SH,元器件,10.89,0.0341880341880342,-0.016822429906542,2.7079,-0.0668380462724935,0.160533450575218,0.007822143235958,0.0956956113992612,-15.353260399529546,127.8422,10.4498,4654106.0039
2026-03-06,600601.SH,元器件,10.7,-0.0174471992653811,0.000951474785918,1.6749,-0.0412186379928316,-0.1126175792923569,0.0079610418456242,0.0973946919892865,-15.335659204063964,125.6117,10.2675,4572904.8891
2026-03-09,600601.SH,元器件,10.51,-0.0177570093457943,-0.0119705340699814,2.2771,-0.0690876882196633,-0.1424798768621339,0.0081049625064434,0.0991551977154642,-15.31774264747454,123.3812,10.0852,4491703.7742
2026-03-10,600601.SH,元器件,10.86,0.0333016175071361,-0.0298507462686566,2.0397,-0.0145190562613429,-0.1970634423623487,0.0078437524511726,0.0959591597815969,-15.350501777103585,127.49,10.4211,4641284.7753
2026-03-11,600601.SH,元器件,10.72,-0.0128913443830569,0.0,1.5508,-0.0428571428571427,-0.2015594298967326,0.0079461884120734,0.0972129059853986,-15.33752661824443,125.8465,10.2867,4581452.3749
2025-07-29,600602.SH,软件服务,22.56,-0.0246433203631647,0.014938886373925,4.4641,0.1268731268731269,0.1412497181273717,0.0059796452874415,0.1533695285420692,-14.942214979827574,167.234,6.5202,3085471.3145
2025-07-30,600602.SH,软件服务,22.09,-0.0208333333333332,0.0162235241099593,3.1039,0.1281920326864147,0.0298723960864735,0.0061068702290076,0.156631789988096,-14.921161570624914,163.75,6.3844,3021190.6621
2025-07-31,600602.SH,软件服务,22.19,0.0045269352648258,-0.0271334792122538,3.3444,0.1332992849846783,-0.0963703635921652,0.0060793488774178,0.1559259663511764,-14.925678290120908,164.4913,6.4133,3034867.3966
2025-08-01,600602.SH,软件服务,22.85,0.0297431275349255,-0.0422222222222221,4.965,0.143071535767884,-0.1940226747809171,0.0059037557923224,0.1514233797698364,-14.954987670539449,169.3837,6.604,3125133.8447
2025-08-04,600602.SH,软件服务,22.5,-0.0153172866520788,-0.0276538804638716,2.9681,0.146788990825688,-0.3078365369606216,0.0059955920407316,0.1537775454028202,-14.939551862417856,166.7892,6.5029,3077265.2738
2025-08-05,600602.SH,软件服务,22.42,-0.0035555555555555,-0.0261640798226163,2.1601,0.1182044887780549,-0.3899395250331695,0.0060169847445368,0.1543281324752689,-14.935989970831988,166.1962,6.4797,3066323.8861
2025-08-06,600602.SH,软件服务,22.55,0.0057983942908117,0.0116959064327484,2.7794,0.129759519038076,-0.4069211428571428,0.0059822959932376,0.1534377733110337,-14.941771619131815,167.1599,6.5173,3084103.641
2025-08-07,600602.SH,软件服务,22.23,-0.014190687361419,0.0250580046403712,2.499,0.1037735849056604,-0.4348058289463644,0.0060684104041682,0.155646868385008,-14.92747928117885,164.7878,6.4248,3040338.0905
2025-08-08,600602.SH,软件服务,21.55,-0.0305892937471884,0.0266055045871558,3.0206,0.0126879699248119,-0.481550267870071,0.0062598984644469,0.1605574554854454,-14.896412369732507,159.747,6.2283,2947336.2955
2025-08-11,600602.SH,软件服务,21.8,0.0116009280742459,0.0455373406193078,2.1271,0.0055350553505535,-0.4810044503181817,0.0061881111533277,0.1587150430117766,-14.907946522986276,161.6002,6.3006,2981528.1319
2025-08-12,600602.SH,软件服务,21.96,0.0073394495412844,0.0226767452200979,2.1138,-0.0343007915567281,-0.4403135875671857,0.0061430230922381,0.157559715132035,-14.915259169839224,162.7863,6.3468,3003410.9072
2025-08-13,600602.SH,软件服务,22.49,0.0241347905282329,0.0620190131281124,4.3769,0.0098787606645711,-0.3480006364388939,0.0059982569065429,0.1538461538461538,-14.939107319164084,166.7151,6.5,3075897.6003
2025-08-14,600602.SH,软件服务,22.09,-0.0177856825255668,0.0469168900804291,3.0456,-0.0103046594982079,-0.3074564920058482,0.0061068702290076,0.156631789988096,-14.921161570624914,163.75,6.3844,3021190.6621
2025-08-15,600602.SH,软件服务,22.38,0.0131281122679944,0.0252613240418118,2.5439,-0.0328435609334486,-0.2837428899484383,0.0060277384467844,0.1546025169289756,-14.93420425607828,165.8997,6.4682,3060853.1923
2025-08-18,600602.SH,软件服务,22.96,0.0259159964253798,0.0443478260869565,4.8019,0.030520646319569,-0.1352789697372481,0.0058754682748215,0.1506977304921788,-14.959790124648968,170.1992,6.6358,3140178.2527
2025-08-19,600602.SH,软件服务,23.0,0.0017421602787455,0.0085251491901108,4.6582,0.0511882998171846,-0.0084460601853564,0.0058652505605713,0.1504347564461293,-14.961530769120383,170.4957,6.6474,3145648.9465
2025-08-20,600602.SH,软件服务,23.46,0.02,-0.0021340162185232,4.7621,0.0357615894039735,0.0232311911537608,0.0057502461105335,0.1474860994351282,-14.981333396407214,173.9056,6.7803,3208561.9254
2025-08-21,600602.SH,软件服务,23.43,-0.0012787723785167,0.0033984706881904,4.1048,0.018695652173913,0.1076884700812286,0.0057576092563932,0.1476734054964041,-14.98005380572186,173.6832,6.7717,3204458.9051
2025-08-22,600602.SH,软件服务,23.54,0.0046948356807512,-0.0341382181515403,5.6358,0.0029825308904984,0.3060525957214879,0.0057307050027908,0.1469853308639797,-14.984737655032683,174.4986,6.8034,3219503.3131
2025-08-25,600602.SH,软件服务,24.02,0.0203908241291419,-0.0147928994082841,7.7545,0.0384781668828362,0.4311145140450783,0.0056132157551739,0.1452221899506244,-15.004923369840029,178.151,6.886,3285151.6389
2025-08-26,600602.SH,软件服务,23.66,-0.0149875104079932,-0.0654405474764755,5.0786,0.0487588652482269,0.4416912676992288,0.005698625890339,0.1474317391047944,-14.989822411732204,175.4809,6.7828,3235915.3945
2025-08-27,600602.SH,软件服务,23.38,-0.0118343195266272,-0.1121930567315835,7.5923,0.0583974649162517,0.5020645545180569,0.0057668730053827,0.1491980604252144,-14.977917509238283,173.4042,6.7025,3197620.5378
2025-08-28,600602.SH,软件服务,23.62,0.0102651839178786,-0.1318965517241378,5.6324,0.0644434429923388,0.5344256421863445,0.0057082740862052,0.1476821289855714,-14.988130363957357,175.1843,6.7713,3230444.7007
2025-08-29,600602.SH,软件服务,23.2,-0.0177815410668925,-0.1278421278421279,3.714,0.0153172866520787,0.4635432860877162,0.0058116153268568,0.1503555909726503,-14.970188831863496,172.0692,6.6509,3173002.4156
2025-09-01,600602.SH,软件服务,23.31,0.0047413793103447,-0.0553775743707094,4.6163,0.036,0.283279509210731,0.0057841884581146,0.1496445940890385,-14.97491900623733,172.8851,6.6825,3188046.8236
2025-09-02,600602.SH,软件服务,21.85,-0.0626340626340625,-0.043872198378636,4.8164,-0.0254237288135593,0.2312497665558583,0.0061706835759851,0.1596449496320184,-14.910237474741198,162.0566,6.2639,2988366.4992
2025-09-03,600602.SH,软件服务,20.97,-0.0402745995423342,0.0059582919563059,2.9697,-0.0700665188470067,0.013175502160978,0.0064296359925879,0.1663450662053363,-14.86912939809286,155.5298,6.0116,2868011.2351
2025-09-04,600602.SH,软件服务,20.14,-0.0395803528850738,0.03049680275455,3.1261,-0.094017094017094,-0.1100808176573285,0.0066946099686759,0.1731991617160573,-14.82874444049254,149.3739,5.7737,2754494.3384
2025-09-05,600602.SH,软件服务,20.33,0.0094339622641508,0.0271317829457364,2.9733,-0.0566125290023202,-0.1438682055488139,0.0066320429809441,0.1715795614426409,-14.838134180826094,150.7831,5.8282,2780480.134
2025-09-08,600602.SH,软件服务,20.64,0.0152484013772751,0.0523690773067331,3.3467,-0.0532110091743119,-0.2137097280161709,0.0065324338607402,0.1690045631232043,-14.85326749379751,153.0823,5.917,2822878.0111
2025-09-09,600602.SH,软件服务,20.05,-0.0285852713178293,0.0345508390918065,2.1554,-0.0869763205828779,-0.3354441998109567,0.0067246601356767,0.1739765827519616,-14.824265706952929,148.7064,5.7479,2742185.2773
2025-09-10,600602.SH,软件服务,20.26,0.0104738154613466,0.0014319809069212,1.7307,-0.0991551800800354,-0.3730353273680411,0.0066549583765628,0.1721733441228629,-14.834685052000944,150.2639,5.8081,2770906.4198
2025-09-11,600602.SH,软件服务,20.95,0.0340572556762091,-0.0103773584905659,3.7714,-0.0516070620190131,-0.3482505580845025,0.006435772598411,0.1665029387768694,-14.868175199550656,155.3815,6.0059,2865275.8882
2025-09-12,600602.SH,软件服务,21.2,0.0119331742243435,-0.0246445497630333,3.9471,-0.0527256478999106,-0.3140637956959524,0.0063598788315885,0.1645386336711859,-14.8800377348692,157.2357,6.0776,2899467.7246
2025-09-15,600602.SH,软件服务,21.1,-0.0047169811320754,0.0009541984732823,3.0895,-0.0810104529616724,-0.312358073033964,0.0063900213426712,0.1653193142554845,-14.87530959369058,156.494,6.0489,2885790.9901
2025-09-16,600602.SH,软件服务,20.96,-0.0066350710900474,-0.0252621544327932,2.1427,-0.0886956521739129,-0.2921197977815762,0.0064327049009492,0.1664225802156836,-14.868652412651052,155.4556,6.0088,2866643.5617
2025-09-17,600602.SH,软件服务,20.98,0.0009541984732823,0.0028598665395613,2.0893,-0.1057118499573742,-0.2506881562394907,0.0064265700110537,0.1662648599218555,-14.86960615616287,155.604,6.0145,2869378.9086
2025-09-18,600602.SH,软件服务,20.98,0.0,0.0422740524781342,4.2888,-0.1045667947076397,-0.226682904400343,0.0064265700110537,0.1662648599218555,-14.86960615616287,155.604,6.0145,2869378.9086
2025-09-19,600602.SH,软件服务,20.58,-0.01906577693041,-0.0276453765490944,2.3567,-0.1257434154630416,-0.2762453055307615,0.0065514785704411,0.1694972710939354,-14.85035628360069,152.6373,5.8998,2814671.9704
2025-09-22,600602.SH,软件服务,20.98,0.0194363459669584,0.0024449877750611,2.0835,-0.1265611990008326,-0.275120978623032,0.0064265700110537,0.1662648599218555,-14.86960615616287,155.604,6.0145,2869378.9086
2025-09-23,600602.SH,软件服务,20.45,-0.0252621544327932,-0.0261406844106464,2.8731,-0.135672020287405,-0.2099071779142872,0.0065931269289016,0.1705727834066796,-14.844019435688985,151.6731,5.8626,2796892.2155
2025-09-24,600602.SH,软件服务,21.04,0.0288508557457212,-0.0233100233100232,2.713,-0.1000855431993156,-0.111361488358234,0.0064082435645214,0.1657907389293234,-14.872461941053793,156.049,6.0317,2877584.9493
2025-09-25,600602.SH,软件服务,21.45,0.019486692015209,-0.0093137254901959,4.0148,-0.0918712955122778,-0.105925802112435,0.0062857541553549,0.1626201356251931,-14.891761198573782,159.0899,6.1493,2933659.561
2025-09-26,600602.SH,软件服务,20.4,-0.0489510489510489,-0.0185365853658535,3.1353,-0.1206896551724138,-0.0475740603279573,0.0066092892238182,0.1709927841045107,-14.841571454041404,151.3022,5.8482,2790053.8482
2025-09-29,600602.SH,软件服务,20.5,0.0049019607843137,-0.0409956076134699,1.7159,-0.1205491205491204,-0.0258007327340689,0.0065770478131644,0.1701577362214773,-14.84646143935343,152.0439,5.8769,2803730.5828
2025-09-30,600602.SH,软件服务,20.49,-0.0004878048780488,-0.0539379474940333,1.8175,-0.0622425629290619,-0.0488902299411612,0.0065802590911214,0.1702417432754511,-14.845973515443829,151.9697,5.874,2802362.9093
2025-10-09,600602.SH,软件服务,20.95,0.0224499755978526,-0.020286986640277,2.7942,-0.0009537434430137,-0.0401353155879995,0.006435772598411,0.1665029387768694,-14.868175199550656,155.3815,6.0059,2865275.8882
2025-10-10,600602.SH,软件服务,20.21,-0.0353221957040572,-0.0482107355864812,2.6879,0.0034756703078451,-0.127830774420925,0.006671421166151,0.172598294728848,-14.832214084623043,149.8931,5.7938,2764068.0526
2025-10-13,600602.SH,软件服务,20.12,-0.0044532409698169,-0.0305343511450381,1.8767,-0.0103295622233151,-0.2024777504017925,0.006701267544756,0.1733703190013869,-14.827750898437309,149.2255,5.768,2751758.9915
2025-10-14,600602.SH,软件服务,19.65,-0.0233598409542744,-0.0317860746720484,2.1081,-0.0479651162790698,-0.1545936064849152,0.0068615483632805,0.1775189945324149,-14.804113891515806,145.7397,5.6332,2687478.3391
2025-10-15,600602.SH,软件服务,19.82,0.0086513994910941,-0.0404040404040404,1.419,-0.0114713216957605,-0.1730427384189975,0.0068026979500069,0.1759943681802182,-14.812728082089386,147.0005,5.682,2710728.7878
2025-10-16,600602.SH,软件服务,19.8,-0.0010090817356205,0.0005221932114882,1.5147,-0.0227048371174728,-0.2672351980960809,0.0068095677150223,0.1761742010499982,-14.811718490891725,146.8522,5.6762,2707993.4409
2025-10-17,600602.SH,软件服务,19.15,-0.0328282828282829,0.0073490813648293,1.7842,-0.0859188544152744,-0.3100214064853721,0.0070407015918322,0.1821526803766917,-14.778339268808343,142.0313,5.4899,2619094.6663
2025-10-20,600602.SH,软件服务,19.05,-0.0052219321148824,0.0062532569046376,1.319,-0.1014150943396225,-0.3187506665077504,0.0072799701812421,0.1850344164014506,-14.77310365477354,137.3632,5.4044,2605417.9318
2025-10-21,600602.SH,软件服务,19.19,0.0073490813648293,0.0673684210526317,1.5749,-0.090521327014218,-0.3425251515354368,0.0072268590552905,0.1836850902812218,-14.780425863193695,138.3727,5.4441,2624565.3601
2025-10-22,600602.SH,软件服务,19.0,-0.00990099009901,0.0501043841336117,1.1151,-0.0935114503816794,-0.3544500316905062,0.0072991315493282,0.1855218730288301,-14.770475532357674,137.0026,5.3902,2598579.5645
2025-10-23,600602.SH,软件服务,19.16,0.0084210526315788,0.0297029702970297,1.4259,-0.0867492850333651,-0.3528126351743567,0.0072381787873589,0.1839723305614835,-14.77886132574158,138.1563,5.4356,2620462.3398
2025-10-24,600602.SH,软件服务,19.19,0.0015657620041753,0.0352149145520455,1.2658,-0.0853193517635843,-0.3556291215594067,0.0072268590552905,0.1836850902812218,-14.780425863193695,138.3727,5.4441,2624565.3601
2025-10-27,600602.SH,软件服务,19.31,0.0062532569046376,-0.0147928994082841,1.3698,-0.0617103984450922,-0.3349651796180102,0.007181952614913,0.1825417107809134,-14.786659649629764,139.2379,5.4782,2640977.4416
2025-10-28,600602.SH,软件服务,20.28,0.0502330398757122,-0.022365805168986,5.1657,-0.0333651096282172,-0.0531327104686134,0.0068384344635213,0.1738102687106754,-14.835671731899795,146.2323,5.7534,2773641.7667
2025-10-29,600602.SH,软件服务,20.12,-0.0078895463510848,-0.0192307692307693,3.0959,-0.0161369193154032,0.1224910847258469,0.0068928153428555,0.1751927119831814,-14.827750898437309,145.0786,5.708,2751758.9915
2025-10-30,600602.SH,软件服务,19.76,-0.0178926441351888,-0.0295147573786893,1.7754,-0.0608365019011405,0.1795103290689177,0.0070183959175394,0.1783866709479467,-14.809696245518357,142.4827,5.6058,2702522.7471
2025-10-31,600602.SH,软件服务,19.99,0.0116396761133601,-0.0365365365365365,1.6679,-0.0680652680652681,0.2872315026988179,0.0069376417013317,0.1763326338805523,-14.821268701687083,144.1412,5.6711,2733979.2365
2025-11-03,600602.SH,软件服务,19.98,-0.0005002501250623,-0.0203355363497713,1.4156,-0.0205882352941175,0.3488326668242985,0.0069411136739245,0.1764197378402695,-14.8207683264153,144.0691,5.6683,2732611.5631
2025-11-04,600602.SH,软件服务,19.67,-0.0155155155155154,-0.0098039215686273,1.437,-0.0404878048780487,-0.0275198484091502,0.0070505055917559,0.1792018350267906,-14.805131185597777,141.8338,5.5803,2690213.686
2025-11-05,600602.SH,软件服务,19.38,-0.0147432638535842,-0.0247422680412369,1.3658,-0.0541727672035139,-0.1972780562933161,0.0071560088648637,0.1818843215714805,-14.790278159657626,139.7427,5.498,2650551.1558
2025-11-06,600602.SH,软件服务,19.4,0.0010319917440659,0.0103896103896103,1.0324,-0.0739856801909307,-0.2400540409920696,0.0071486322164548,0.1816959499972745,-14.791309619260517,139.8869,5.5037,2653286.5027
2025-11-07,600602.SH,软件服务,19.25,-0.0077319587628865,-0.0171250648676698,1.0596,-0.0475012370113805,-0.2744268939448382,0.0072043358574924,0.1831099392075001,-14.783547613934523,138.8053,5.4612,2632771.4009
2025-11-10,600602.SH,软件服务,19.27,0.0010389610389609,-0.0052110474205315,0.9621,-0.0422465208747515,-0.308387873849778,0.0071968592906055,0.1829223677471281,-14.7845860356232,138.9495,5.4668,2635506.7478
2025-11-11,600602.SH,软件服务,19.19,-0.0041515308770108,0.0142706131078222,1.0251,-0.0234096692111958,-0.3357913323513536,0.0072268590552905,0.1836850902812218,-14.780425863193695,138.3727,5.4441,2624565.3601
2025-11-12,600602.SH,软件服务,18.92,-0.0140698280354351,-0.0251928020565551,1.0043,-0.0454086781029262,-0.3719460591422093,0.007329991834389,0.1863064741499767,-14.766256116830425,136.4258,5.3675,2587638.1769
2025-11-13,600602.SH,软件服务,19.45,0.0280126849894291,-0.0010559662090813,1.7194,-0.0176767676767677,-0.2915481156137491,0.0071302569602003,0.181228365863825,-14.793883623265089,140.2474,5.5179,2660124.87
2025-11-14,600602.SH,软件服务,18.94,-0.0262210796915166,-0.0403352540597171,1.3832,-0.0109660574412531,-0.2424960922812066,0.0073222523248151,0.1861088364475545,-14.767312640960748,136.57,5.3732,2590373.5238
2025-11-17,600602.SH,软件服务,19.09,0.0079197465681097,-0.00990099009901,1.0609,0.0020997375328084,-0.2239911283198316,0.0072647175913683,0.1846449278038332,-14.775201190930805,137.6516,5.4158,2610888.6256
2025-11-18,600602.SH,软件服务,19.19,0.0052383446830801,0.0042194092827003,0.9718,0.0,-0.2158550642268039,0.0072268590552905,0.1836850902812218,-14.780425863193695,138.3727,5.4441,2624565.3601
2025-11-19,600602.SH,软件服务,18.96,-0.0119854090672225,0.0031712473572937,0.8601,-0.0021052631578947,-0.2279863635046695,0.0073145291418155,0.1859116176169848,-14.768368050025822,136.7142,5.3789,2593108.8707
2025-11-20,600602.SH,软件服务,18.92,-0.0021097046413501,0.0229257641921396,0.8639,-0.0125260960334028,-0.325952323968828,0.007329991834389,0.1863064741499767,-14.766256116830425,136.4258,5.3675,2587638.1769
2025-11-21,600602.SH,软件服务,18.32,-0.0317124735729387,-0.0057894736842104,1.37,-0.0453361125586243,-0.3299723255973522,0.0075700570933705,0.1924075962519,-14.734029912453185,132.0994,5.1973,2505577.7696
2025-11-24,600602.SH,软件服务,19.0,0.037117903930131,-0.0021008403361344,1.7964,-0.0160538581046089,-0.2443792797873197,0.0072991315493282,0.1855218730288301,-14.770475532357674,137.0026,5.3902,2598579.5645
2025-11-25,600602.SH,软件服务,19.04,0.0021052631578946,-0.0115911485774499,1.3238,-0.0611439842209073,-0.0858311328179591,0.0072837933413018,0.1851303317535545,-14.772578582546773,137.2911,5.4016,2604050.2583
2025-11-26,600602.SH,软件服务,18.98,-0.0031512605042015,-0.0282817502668087,1.3264,-0.0566600397614314,0.0511740247274901,0.0073068222337832,0.1857148163280466,-14.769422346376867,136.8584,5.3846,2595844.2176
2025-11-27,600602.SH,软件服务,18.74,-0.0126448893572181,-0.046585494970884,0.9509,-0.0516194331983806,0.1005586137921503,0.0074003962172134,0.1880936706479827,-14.756696830013215,135.1279,5.3165,2563020.0547
2025-11-28,600602.SH,软件服务,18.89,0.0080042689434365,-0.0447368421052631,0.6968,-0.0550275137568783,0.0318173160356396,0.0073416318245056,0.1866019779809666,-14.764669234706588,136.2095,5.359,2583535.1565
2025-12-01,600602.SH,软件服务,19.0,0.0058231868713605,-0.0261194029850747,0.9028,-0.049049049049049,-0.0999407252289865,0.0072991315493282,0.1855218730288301,-14.770475532357674,137.0026,5.3902,2598579.5645
2025-12-02,600602.SH,软件服务,18.76,-0.0126315789473683,-0.0049423393739703,0.7651,-0.0462633451957295,-0.1725785176999036,0.0073925073980517,0.1878957554348847,-14.757763496777107,135.2721,5.3221,2565755.4016
2025-12-03,600602.SH,软件服务,18.21,-0.029317697228145,0.01388117712382,1.3869,-0.0603715170278637,-0.1625819721394894,0.0076157866117517,0.1935696173128665,-14.72800744694882,131.3062,5.1661,2490533.3616
2025-12-04,600602.SH,软件服务,18.01,-0.0109829763866007,-0.0159779614325068,1.2577,-0.0716494845360823,-0.1168059522550158,0.0077003575276,0.1957176967941441,-14.716963712397368,129.8641,5.1094,2463179.8925
2025-12-05,600602.SH,软件服务,18.15,0.007773459189339,0.0087575259989052,0.8605,-0.0571428571428571,-0.079868908444911,0.0076409604381632,0.1942086966654367,-14.724707113892022,130.8736,5.1491,2482327.3208
2025-12-08,600602.SH,软件服务,18.27,0.0066115702479339,-0.0204194260485651,0.969,-0.0518941359626362,-0.0683796399199822,0.0075907723534961,0.1929347301807798,-14.731296923587152,131.7389,5.1831,2498739.4023
2025-12-09,600602.SH,软件服务,18.12,-0.0082101806239736,-0.0564074479737131,1.1423,-0.0557582073996874,-0.0064832258692211,0.0076536098633601,0.1945298214216239,-14.723052853822209,130.6573,5.1406,2478224.3005
2025-12-10,600602.SH,软件服务,18.26,0.0077262693156732,-0.0257558790593505,1.0906,-0.0348837209302325,-0.0624754939753727,0.0075949347860924,0.1930390131845646,-14.730749428346044,131.6667,5.1803,2497371.7288
2025-12-11,600602.SH,软件服务,17.86,-0.0219058050383352,-0.0520889853499729,1.012,-0.0817480719794344,-0.0770084261360277,0.0077650301865548,0.1973632272834925,-14.708600128627303,128.7825,5.0668,2442664.7906
2025-12-12,600602.SH,软件服务,18.43,0.0319148936170212,-0.0095774647887324,2.5159,-0.0269271383315734,0.1641339226251741,0.0075248734692526,0.1912594434350195,-14.74001632488685,132.8926,5.2285,2520622.1776
2025-12-15,600602.SH,软件服务,17.75,-0.0368963646228974,0.0266976204294835,1.5996,-0.0701938187532739,0.244230322239831,0.0078131531307695,0.1985860672015251,-14.70242206910236,127.9893,5.0356,2427620.3826
2025-12-16,600602.SH,软件服务,17.23,-0.0292957746478873,0.0086206896551725,1.2249,-0.1021365294424179,0.244877820334844,0.0080489504973446,0.2045784660706614,-14.672688603745923,124.2398,4.8881,2356501.363
2025-12-17,600602.SH,软件服务,17.4,0.0098665118978524,0.0228963938179738,1.1166,-0.0822784810126583,0.2359703956213981,0.0079703121811875,0.2025808804165063,-14.682506759411718,125.4656,4.9363,2379751.8117
2025-12-18,600602.SH,软件服务,17.47,0.0040229885057472,0.0176336746302618,1.011,-0.0766384778012686,0.2283298792723442,0.0079383791258733,0.2017674831524151,-14.686521677343476,125.9703,4.9562,2389325.5259
2025-12-19,600602.SH,软件服务,17.58,0.0062965082999426,0.0163934426229508,0.9517,-0.0403930131004367,-0.0119535247626657,0.0078887061338634,0.2005052732886875,-14.692798445452423,126.7635,4.9874,2404369.9339
2025-12-22,600602.SH,软件服务,17.69,0.0062571103526736,0.0706552706552705,0.8877,-0.0689473684210525,-0.0967545515435667,0.007839650916024,0.1992587574223887,-14.699036061364994,127.5567,5.0186,2419414.3419
2025-12-23,600602.SH,软件服务,17.55,-0.0079140757490108,0.0408505875769447,0.736,-0.0782563025210083,-0.1603435039545803,0.0079021898548525,0.2008475767739862,-14.691090503092694,126.5472,4.9789,2400266.9135
2025-12-24,600602.SH,软件服务,17.87,0.0182336182336182,0.0447177193963108,1.0279,-0.0584826132771337,-0.1650554829253729,0.0077606852995546,0.1972503303943034,-14.709159882368708,128.8546,5.0697,2444032.4641
2025-12-25,600602.SH,软件服务,17.89,0.0011191941801902,0.0461624026696327,0.7203,-0.0453575240128066,-0.2094096995241208,0.0077520100962179,0.1970326877228932,-14.710278450713906,128.9988,5.0753,2446767.811
2025-12-26,600602.SH,软件服务,17.98,0.0050307434320848,0.0143693453964874,0.9528,-0.0481736368448915,-0.2183559031778521,0.007713204543386,0.1960438354015957,-14.715296582238777,129.6478,5.1009,2459076.8721
2025-12-29,600602.SH,软件服务,18.79,0.0450500556173525,0.0279569892473117,3.9056,-0.0110526315789474,0.1685479090160382,0.0073807056545062,0.1875926238580298,-14.759361366599098,135.4884,5.3307,2569858.4219
2025-12-30,600602.SH,软件服务,18.6,-0.0101117615753059,0.0342429106474049,2.0684,-0.0085287846481876,0.3125345154969854,0.0074560984920786,0.1895087932080048,-14.74919813391039,134.1184,5.2768,2543872.6263
2025-12-31,600602.SH,软件服务,18.69,0.0048387096774193,0.0606060606060605,1.2353,0.0263591433278418,0.3516651576136163,0.0074201976295436,0.1885974011278124,-14.75402517466066,134.7673,5.3023,2556181.6874
2026-01-05,600602.SH,软件服务,18.81,0.0064205457463883,0.1044071353620148,1.5036,0.044419766796224,0.4572304073994506,0.0073728587375011,0.1873957611078837,-14.760425196521664,135.6326,5.3363,2572593.7689
2026-01-06,600602.SH,软件服务,19.06,0.0132908027644869,0.0669456066945606,1.9834,0.0501377410468319,0.5471277834428994,0.0072761510325222,0.1849351802193331,-14.77362845140578,137.4353,5.4073,2606785.6052
2026-01-07,600602.SH,软件服务,19.12,0.0031479538300105,0.0817382307294363,2.1294,0.0465243568691844,0.238257851813292,0.0072533200259088,0.1843555850524491,-14.776771460829783,137.8679,5.4243,2614991.646
2026-01-08,600602.SH,软件服务,19.33,0.0109832635983262,0.0260651629072681,2.0739,0.0667770419426048,0.2002178400220529,0.0071745172626059,0.1823519757836576,-14.7876948464058,139.3822,5.4839,2643712.7885
2026-01-09,600602.SH,软件服务,19.95,0.0320744956026901,-0.0484560570071258,2.9506,0.0925520262869659,0.3466681009662538,0.0069515504738176,0.1766878103079668,-14.819265696517943,143.8528,5.6597,2728508.5427
2026-01-12,600602.SH,软件服务,21.05,0.0551378446115289,-0.0401960784313725,5.5619,0.1786114221724524,0.6261750999128786,0.0065882880004216,0.167453699052212,-14.872937113328309,151.7845,5.9718,2878952.6228
2026-01-13,600602.SH,软件服务,20.4,-0.0308788598574822,-0.0765184122429459,4.7819,0.1068909386869234,0.8216097338798884,0.0067982074486599,0.1727891626637177,-14.841571454041404,147.0976,5.7874,2790053.8482
2026-01-14,600602.SH,软件服务,20.91,0.0250000000000001,-0.0581338544211039,5.3587,0.1780281690140845,0.9655015456976505,0.006632399270436,0.1685743665818175,-14.866264066630029,150.775,5.9321,2859805.1944
2026-01-15,600602.SH,软件服务,20.47,-0.0210425633668102,-0.0224663005491764,2.9016,0.1880441091120137,0.9658491095186088,0.0067749621787736,0.1721970623181168,-14.84499695286979,147.6023,5.8073,2799627.5624
2026-01-16,600602.SH,软件服务,20.03,-0.0214948705422568,0.0005107252298264,2.8627,0.1511494252873564,0.882870951048583,0.0069237884754925,0.1759819794453048,-14.823267702881736,144.4296,5.6824,2739449.9304
2026-01-19,600602.SH,软件服务,19.58,-0.0224663005491764,0.0435007767995856,1.953,0.120778477389811,0.534632109035285,0.0070829154413222,0.1800244833297328,-14.800545190297331,141.1848,5.5548,2677904.6249
2026-01-20,600602.SH,软件服务,19.31,-0.0137895812053114,0.1498962655601659,1.8224,0.0984072810011376,0.2567955442234977,0.007181952614913,0.1825417107809134,-14.786659649629764,139.2379,5.4782,2640977.4416
2026-01-21,600602.SH,软件服务,19.28,-0.0015535991714136,0.174668028600613,1.4287,0.0898812888637647,-0.0851680946492878,0.0071931268234576,0.1828253834762418,-14.785104842358464,139.0216,5.4697,2636874.4212
2026-01-22,600602.SH,软件服务,19.58,0.0155601659751036,0.1087289433384379,1.8007,0.1156695156695155,-0.1948644304282905,0.0070829154413222,0.1800244833297328,-14.800545190297331,141.1848,5.5548,2677904.6249
2026-01-23,600602.SH,软件服务,19.59,0.0005107252298264,0.0526054590570721,1.6877,0.0962506994963625,-0.3001573991699306,0.0070793001970169,0.1799337843673528,-14.801055785130888,141.2569,5.5576,2679272.2983
2026-01-26,600602.SH,软件服务,20.15,0.0285860132720774,-0.0545782589084348,4.576,0.1263275572945779,-0.1545865296432647,0.006882554033211,0.1749322137671652,-14.829240841574856,145.2949,5.7165,2755862.0118
2026-01-27,600602.SH,软件服务,22.17,0.1002481389578164,-0.0591304347826087,11.6468,0.2330367074527253,0.3164653920223936,0.0062554578870064,0.1589951506479052,-14.924776576807911,159.8604,6.2895,3032132.0497
2026-01-28,600602.SH,软件服务,23.0,0.0374379792512402,-0.0699815837937384,17.0692,0.2240553485896754,0.9008965591200568,0.0060297156446399,0.1532567049808429,-14.961530769120383,165.8453,6.525,3145648.9465
2026-01-29,600602.SH,软件服务,21.72,-0.0556521739130435,-0.0664780763790664,12.2867,0.1677419354838707,1.1579333030490493,0.0063850599812534,0.1622876060955224,-14.904270048270432,156.6156,6.1619,2970586.7443
2026-01-30,600602.SH,软件服务,21.21,-0.0234806629834253,-0.0367366412213739,7.3207,0.1348314606741572,1.2582551046109054,0.0065385887894587,0.16619025460347,-14.880509321783338,152.9382,6.0172,2900835.3981
2026-02-02,600602.SH,软件服务,20.96,-0.0117868929750117,-0.0328096118299445,5.8615,0.1143009037745881,1.2103316931392296,0.0066165791624072,0.1681718043152885,-14.868652412651052,151.1355,5.9463,2866643.5617
2026-02-03,600602.SH,软件服务,21.64,0.0324427480916029,0.0544554455445545,6.5385,0.1353620146904512,0.913082798798588,0.0064086624608751,0.162887672660933,-14.900580007162755,156.0388,6.1392,2959645.3566
2026-02-04,600602.SH,软件服务,20.2,-0.066543438077634,0.1126262626262626,6.8683,0.0564853556485354,0.4485386790124031,0.0068655195756559,0.1744987523339208,-14.831719157598393,145.6554,5.7307,2762700.3791
2026-02-05,600602.SH,软件服务,19.8,-0.0198019801980197,0.1114413075780089,3.3077,0.0243145369891362,0.101316660726636,0.0070042137349829,0.1780246386099836,-14.811718490891725,142.7712,5.6172,2707993.4409
2026-02-06,600602.SH,软件服务,20.19,0.0196969696969697,0.0664118490205447,4.645,0.01203007518797,-0.012656001059125,0.006868919718127,0.1745871015049408,-14.831223985499683,145.5833,5.7278,2761332.7056
2026-02-09,600602.SH,软件服务,20.93,0.0366518078256561,-0.0234741784037558,4.13,-0.0057007125890736,-0.0632975586093609,0.0066260621577638,0.1684125433662299,-14.867220089643904,150.9192,5.9378,2862540.5413
2026-02-10,600602.SH,软件服务,21.3,0.0176779741997132,-0.079891057648661,4.4603,0.0441176470588235,-0.137118962978525,0.0065109592466038,0.1654889370645572,-14.884743625923775,153.5872,6.0427,2913144.4592
2026-02-11,600602.SH,软件服务,22.03,0.0342723004694835,-0.0695187165775401,7.8852,0.0535628885700623,-0.1201222482659135,0.0062952074585617,0.1600051201638452,-14.918441714017105,158.851,6.2498,3012984.6214
2026-02-12,600602.SH,软件服务,22.44,0.0186109850204267,-0.011200716845878,7.8035,0.0962383976551051,-0.0022301831923873,0.0061801908813755,0.1570820439515559,-14.936881633839212,161.8073,6.3661,3069059.233
2026-02-13,600602.SH,软件服务,22.32,-0.0053475935828877,0.0240384615384614,5.6855,0.1143285072391413,0.0090976903013535,0.0062134184985895,0.1579254907534625,-14.931519690717447,160.942,6.3321,3052647.1516
2026-02-24,600602.SH,软件服务,20.8,-0.068100358422939,-0.0458806117414898,6.4349,0.0623084780388152,0.0472037404074174,0.0066674756537126,0.1694656747275839,-14.860989539898506,149.9818,5.9009,2844760.7864
2026-02-25,600602.SH,软件服务,20.27,-0.0254807692307692,-0.0780651340996168,4.2301,0.0497151734852407,0.0198126795419639,0.0068418078245651,0.173897921919833,-14.835178513660551,146.1602,5.7505,2772274.0933
2026-02-26,600602.SH,软件服务,20.88,0.0300937345831278,-0.1028545536927956,6.0338,0.0829875518672198,-0.0730847203660643,0.0066419276999602,0.1688162603822,-14.864828316191664,150.5587,5.9236,2855702.174
2026-02-27,600602.SH,软件服务,22.07,0.0569923371647509,-0.0497652582159625,10.578,0.1271705822267621,-0.0517815970439282,0.006283798983784,0.1597137928831534,-14.920255773464849,159.1394,6.2612,3018455.3152
2026-03-02,600602.SH,软件服务,21.3,-0.0348889895786135,0.1509824198552223,6.2063,0.0872894333843798,-0.0671152345926667,0.0065109592466038,0.1654889370645572,-14.884743625923775,153.5872,6.0427,2913144.4592
2026-03-03,600602.SH,软件服务,19.34,-0.092018779342723,0.2150649350649351,6.9284,-0.040198511166253,-0.0686264566160728,0.0071708079277584,0.1822589170175151,-14.788212043227723,139.4543,5.4867,2645080.462
2026-03-04,600602.SH,软件服务,19.25,-0.0046535677352637,0.148989898989899,3.0751,-0.1317095173658097,-0.0441380224203066,0.0072043358574924,0.1831099392075001,-14.783547613934523,138.8053,5.4612,2632771.4009
2026-03-05,600602.SH,软件服务,19.8,0.0285714285714286,0.0983201581027668,6.0343,-0.1391304347826086,0.039382870280207,0.0070042137349829,0.1780246386099836,-14.811718490891725,142.7712,5.6172,2707993.4409
2026-03-06,600602.SH,软件服务,20.24,0.0222222222222221,-0.0768194070080863,6.8127,-0.0681399631675875,-0.0381711985620633,0.0068519479060104,0.1741553465691396,-14.833697397603274,145.9439,5.742,2768171.0729
2026-03-09,600602.SH,软件服务,22.26,0.0998023715415021,-0.0889268918341171,11.316,0.0495049504950495,0.0947722235172638,0.0062301647130946,0.158350619942677,-14.92882789902878,160.5094,6.3151,3044441.1108
2026-03-10,600602.SH,软件服务,23.39,0.0507637017070978,-0.0967032967032966,22.1014,0.1159351145038167,0.3989580010632645,0.0059291759927664,0.150700001507,-14.978345133773256,168.6575,6.6357,3198988.2112
2026-03-11,600602.SH,软件服务,22.75,-0.0273621205643437,0.017094017094017,13.9376,0.0512939001848429,0.6218855679206006,0.0060959775082813,0.1549402705257123,-14.950601698580158,164.0426,6.4541,3111457.1101
2025-07-29,600603.SH,区域地产,7.73,-0.006426735218509,0.0567282321899735,0.6175,-0.0140306122448978,-0.0535538836323503,0.0553091226866959,0.778694907335306,-13.73478133453438,18.0802,1.2842,922443.4337
2025-07-30,600603.SH,区域地产,7.58,-0.019404915912031,0.0986842105263157,0.825,-0.0306905370843989,-0.2118254041938008,0.0564034879916974,0.7940919558484872,-13.715185671660697,17.7294,1.2593,904543.4965
2025-07-31,600603.SH,区域地产,7.6,0.0026385224274405,0.086387434554974,0.7211,-0.0013140604467806,-0.1052406623557473,0.0562549926305959,0.7920164739426581,-13.717820719296371,17.7762,1.2626,906930.1548
2025-08-01,600603.SH,区域地产,7.64,0.0052631578947368,0.1073738680465719,0.5309,0.0173102529960054,-0.1059118215787335,0.0559606484719944,0.7878978884336589,-13.723070075177898,17.8697,1.2692,911703.4714
2025-08-04,600603.SH,区域地产,7.73,0.011780104712042,0.0574282147315856,0.5459,0.023841059602649,-0.1059485707979251,0.0553091226866959,0.778694907335306,-13.73478133453438,18.0802,1.2842,922443.4337
2025-08-05,600603.SH,区域地产,8.01,0.0362225097024577,0.0047904191616767,1.6099,0.0402597402597402,0.1104974912274947,0.0533757492620802,0.7514841812579846,-13.770363233091514,18.7351,1.3307,955856.65
2025-08-06,600603.SH,区域地产,8.35,0.0424469413233457,0.0373493975903613,2.2584,0.0732647814910025,0.3804007552226078,0.0512022283209765,0.720876585928489,-13.8119340108378,19.5304,1.3872,996429.8411
2025-08-07,600603.SH,区域地产,8.3,-0.0059880239520956,0.0093457943925234,1.5215,0.0613810741687979,0.514009610938442,0.0515108121194638,0.7252157516861266,-13.805927986732245,19.4134,1.3789,990463.1953
2025-08-08,600603.SH,区域地产,8.56,0.0313253012048193,0.0519480519480519,1.36,0.0932311621966794,0.6348541209160581,0.0499460582570823,0.7031854299978905,-13.836772662156708,20.0216,1.4221,1021489.7533
2025-08-11,600603.SH,区域地产,8.47,-0.0105140186915887,0.071513706793802,1.2091,0.0971502590673576,0.7354302379459785,0.0504767529314374,0.7106815436003127,-13.826202980626912,19.8111,1.4071,1010749.7909
2025-08-12,600603.SH,区域地产,8.39,-0.0094451003541912,0.0441347270615564,1.1714,0.0881971465629054,0.6008003576065903,0.0509582702724738,0.7174630506528914,-13.816712992450084,19.6239,1.3938,1001203.1577
2025-08-13,600603.SH,区域地产,8.61,0.0262216924910605,0.0428240740740739,1.4196,0.0954198473282441,0.3647337568169286,0.0496561312908111,0.6991051454138703,-13.842596790388916,20.1385,1.4304,1027456.399
2025-08-14,600603.SH,区域地产,8.64,0.0034843205574914,-0.005611672278339,1.8913,0.1105398457583548,0.3513800984107667,0.0494836382350175,0.6967184560719013,-13.846075054810862,20.2087,1.4353,1031036.3865
2025-08-15,600603.SH,区域地产,8.91,0.03125,-0.0211345939933258,1.4133,0.1481958762886599,0.2985693201186215,0.0479841844128175,0.6755843804891231,-13.87684671340414,20.8402,1.4802,1063256.2735
2025-08-18,600603.SH,区域地产,8.99,0.0089786756453422,-0.0433815350389321,1.5404,0.1675324675324676,0.3151402067507938,0.0475572232288501,0.6695681285570807,-13.885785320397837,21.0273,1.4935,1072802.9067
2025-08-19,600603.SH,区域地产,8.99,0.0,-0.0155382907880133,0.7419,0.1496163682864451,0.2581422806017319,0.0475572232288501,0.6695681285570807,-13.885785320397837,21.0273,1.4935,1072802.9067
2025-08-20,600603.SH,区域地产,9.01,0.0022246941045604,-0.0248306997742662,0.8556,0.1808650065530799,0.184196014998897,0.0474516112194589,0.6680919294494923,-13.888007543625802,21.0741,1.4968,1075189.5651
2025-08-21,600603.SH,区域地产,8.86,-0.0166481687014429,-0.0045454545454546,1.3935,0.1432258064516127,0.0471782450732136,0.0482548628838071,0.6793939805693322,-13.871219236590212,20.7233,1.4719,1057289.6278
2025-08-22,600603.SH,区域地产,8.8,-0.0067720090293452,-0.0174418604651163,0.8828,0.1354838709677419,-0.0609639766203585,0.0485840187728648,0.6840413160954921,-13.864424193463188,20.5829,1.4619,1050129.6529
2025-08-25,600603.SH,区域地产,8.6,-0.0227272727272728,-0.0078917700112738,1.6157,0.1053984575835473,-0.0898162886324447,0.0497138965254957,0.6999370056694897,-13.84143467525842,20.1151,1.4287,1026263.0699
2025-08-26,600603.SH,区域地产,8.87,0.0313953488372091,0.0277777777777779,1.2832,0.1474773609314357,-0.0269175692301487,0.0482004366959564,0.6786102062975027,-13.872347268246514,20.7467,1.4736,1058482.9569
2025-08-27,600603.SH,区域地产,8.64,-0.0259301014656142,0.0399543378995432,1.1056,0.1398416886543536,0.0020780899122894,0.0494836382350175,0.6967184560719013,-13.846075054810862,20.2087,1.4353,1031036.3865
2025-08-28,600603.SH,区域地产,8.76,0.0138888888888888,0.0946745562130177,1.0505,0.1526315789473684,-0.0649317926812464,0.0488057239353031,0.6871435442864015,-13.85986837693124,20.4894,1.4553,1045356.3363
2025-08-29,600603.SH,区域地产,8.45,-0.0353881278538813,0.0795454545454543,1.3296,0.1060209424083769,-0.0252221441876085,0.050596277125929,0.7123521869212138,-13.823838913334024,19.7643,1.4038,1008363.1326
2025-09-01,600603.SH,区域地产,8.8,0.0414201183431954,0.0731981981981979,1.6927,0.1384217335058215,-0.0548380019015577,0.0481282907718815,0.6896551724137931,-13.864424193463188,20.7778,1.45,1050129.6529
2025-09-02,600603.SH,区域地产,8.88,0.009090909090909,0.0197585071350163,1.3544,0.1086142322097378,-0.0354109374134844,0.0476946777509097,0.683480281593876,-13.873474028975386,20.9667,1.4631,1059676.2861
2025-09-03,600603.SH,区域地产,9.11,0.0259009009009008,0.0043243243243242,1.5366,0.0910179640718562,0.0563736551289979,0.0464906530542034,0.6662225183211193,-13.899045183267724,21.5097,1.501,1087122.8566
2025-09-04,600603.SH,区域地产,9.25,0.0153677277716794,-0.0210526315789473,1.6488,0.114457831325301,0.1416213768115943,0.0457869168463803,0.6561249261859458,-13.914296023506964,21.8403,1.5241,1103829.4647
2025-09-05,600603.SH,区域地产,9.5,0.0270270270270269,-0.0241343126967469,1.4031,0.1098130841121494,0.1508453564740328,0.044581955007891,0.6388551715326136,-13.940964270610582,22.4306,1.5653,1133662.6935
2025-09-08,600603.SH,区域地产,9.53,0.003157894736842,-0.0043057050592033,1.0143,0.1251475796930341,0.0563499504636675,0.0444416791844063,0.6368615462998344,-13.944117189623457,22.5014,1.5702,1137242.6809
2025-09-09,600603.SH,区域地产,9.29,-0.0251836306400839,-0.0215285252960171,2.0547,0.1072705601907031,0.1249614361897486,0.0455898644613329,0.6532958777030117,-13.918611024804672,21.9347,1.5307,1108602.7813
2025-09-10,600603.SH,区域地产,9.29,0.0,-0.0225806451612904,1.252,0.0789779326364692,0.0898595713229859,0.0455898644613329,0.6532958777030117,-13.918611024804672,21.9347,1.5307,1108602.7813
2025-09-11,600603.SH,区域地产,9.3,0.001076426264801,-0.0709677419354838,0.7911,0.0763888888888888,0.0038906308985431,0.0455408660961914,0.6526137179403511,-13.91968687209216,21.9583,1.5323,1109796.1104
2025-09-12,600603.SH,区域地产,9.3,0.0,-0.0529729729729729,0.7939,0.0437710437710439,-0.0677337374311376,0.0455408660961914,0.6526137179403511,-13.91968687209216,21.9583,1.5323,1109796.1104
2025-09-15,600603.SH,区域地产,9.25,-0.0053763440860216,-0.0209020902090208,0.9161,0.028921023359288,-0.0600782485909993,0.0457869168463803,0.6561249261859458,-13.914296023506964,21.8403,1.5241,1103829.4647
2025-09-16,600603.SH,区域地产,9.09,-0.0172972972972973,-0.0429042904290429,1.01,0.0111234705228031,-0.2374220507360652,0.046592894583576,0.6676904587033451,-13.896847380187166,21.4625,1.4977,1084736.1983
2025-09-17,600603.SH,区域地产,9.09,0.0,0.0046296296296295,0.712,0.0088790233074362,-0.3199681167121565,0.046592894583576,0.6676904587033451,-13.896847380187166,21.4625,1.4977,1084736.1983
2025-09-18,600603.SH,区域地产,8.64,-0.0495049504950494,-0.0125570776255706,1.7591,-0.0248306997742662,-0.1762185494045115,0.0490196078431372,0.7024445068839562,-13.846075054810862,20.4,1.4236,1031036.3865
2025-09-19,600603.SH,区域地产,8.76,0.0138888888888888,-0.0067415730337079,1.0292,-0.0045454545454546,-0.1438511237506212,0.0483481842839392,0.6928086462519052,-13.85986837693124,20.6833,1.4434,1045356.3363
2025-09-22,600603.SH,区域地产,8.9,0.0159817351598174,0.0390804597701148,0.7906,0.0348837209302326,-0.1355172765263478,0.0475875491936289,0.6819421713038735,-13.875723748707491,21.0139,1.4664,1062062.9444
2025-09-23,600603.SH,区域地产,8.7,-0.0224719101123597,0.0345622119815669,1.1704,-0.0191657271702367,-0.1052439718694064,0.0486814625858619,0.6975933031042902,-13.852995497649417,20.5417,1.4335,1038196.3614
2025-09-24,600603.SH,区域地产,8.68,-0.0022988505747125,0.021965317919075,0.6062,0.0046296296296295,-0.104255434805334,0.0487935787650345,0.6992029086841002,-13.850694000663134,20.4945,1.4302,1035809.7031
2025-09-25,600603.SH,区域地产,8.65,-0.0034562211981565,-0.0045248868778279,0.6842,-0.0125570776255706,-0.2729033079960932,0.0489629644137174,0.7016559079427449,-13.847231792889238,20.4236,1.4252,1032229.7156
2025-09-26,600603.SH,区域地产,8.84,0.021965317919075,-0.0431415929203538,0.9022,0.0461538461538462,-0.2814338108089406,0.0479106179511503,0.6865774116031583,-13.8689593486247,20.8722,1.4565,1054902.9695
2025-09-29,600603.SH,区域地产,9.04,0.0226244343891401,-0.0445434298440979,0.8842,0.0272727272727271,-0.2386176730261595,0.0468504767036004,0.671366230278617,-13.89133164636036,21.3445,1.4895,1078769.5525
2025-09-30,600603.SH,区域地产,8.98,-0.0066371681415927,-0.0226244343891401,0.8622,0.0112612612612612,-0.2779399566470677,0.0471635821683928,0.6758583400919167,-13.884672354275956,21.2028,1.4796,1071609.5776
2025-10-09,600603.SH,区域地产,8.84,-0.0155902004454343,-0.0340909090909091,0.9096,-0.0296377607025246,-0.1993167845464969,0.0479106179511503,0.6865774116031583,-13.8689593486247,20.8722,1.4565,1054902.9695
2025-10-10,600603.SH,区域地产,8.8,-0.0045248868778279,-0.0393063583815028,1.0679,-0.0486486486486485,-0.1022946684131373,0.0481282907718815,0.6896551724137931,-13.864424193463188,20.7778,1.45,1050129.6529
2025-10-13,600603.SH,区域地产,8.65,-0.0170454545454545,0.0,0.8778,-0.0894736842105262,-0.0836780716557894,0.0489629644137174,0.7016559079427449,-13.847231792889238,20.4236,1.4252,1032229.7156
2025-10-14,600603.SH,区域地产,8.58,-0.008092485549133,-0.0046296296296297,0.8064,-0.0996852046169989,-0.0897493938570809,0.0493624835252711,0.7073636556553724,-13.839106385500871,20.2583,1.4137,1023876.4116
2025-10-15,600603.SH,区域地产,8.64,0.006993006993007,0.0235294117647058,0.6515,-0.0699677072120558,-0.0662351298399054,0.0490196078431372,0.7024445068839562,-13.846075054810862,20.4,1.4236,1031036.3865
2025-10-16,600603.SH,区域地产,8.5,-0.0162037037037037,0.0517448856799036,0.7007,-0.0850376749192679,-0.0841324831383574,0.0498268516903759,0.7140307033202428,-13.829738635505546,20.0695,1.4005,1014329.7784
2025-10-17,600603.SH,区域地产,8.31,-0.0223529411764705,0.0279720279720279,0.8132,-0.1064516129032258,-0.1420261430625049,0.0509663214547826,0.7303534910896874,-13.8071320808465,19.6208,1.3692,991656.5245
2025-10-20,600603.SH,区域地产,8.58,0.0324909747292418,0.013953488372093,0.8422,-0.0774193548387097,-0.1522419244597319,0.0493624835252711,0.7073636556553724,-13.839106385500871,20.2583,1.4137,1023876.4116
2025-10-21,600603.SH,区域地产,8.6,0.0023310023310023,-0.0597701149425287,0.5114,-0.0702702702702703,-0.1998180887954068,0.04924749822709,0.7057163020465772,-13.84143467525842,20.3056,1.417,1026263.0699
2025-10-22,600603.SH,区域地产,8.7,0.0116279069767442,-0.1006864988558352,0.6752,-0.0429042904290429,-0.1787995039464076,0.0486814625858619,0.6975933031042902,-13.852995497649417,20.5417,1.4335,1038196.3614
2025-10-23,600603.SH,区域地产,8.74,0.0045977011494253,-0.100907029478458,0.6695,-0.0385038503850384,-0.184022028965301,0.0484587688565184,0.6943962224845497,-13.857582661652357,20.6361,1.4401,1042969.678
2025-10-24,600603.SH,区域地产,8.82,0.0091533180778031,-0.0986238532110092,0.6605,0.0208333333333332,-0.1662974477353538,0.0480192076830732,0.6881365262868153,-13.866694341995784,20.825,1.4532,1052516.3112
2025-10-27,600603.SH,区域地产,8.72,-0.0113378684807256,-0.0684596577017114,1.4149,-0.004566210045662,-0.0469552991370116,0.0389477865972876,0.7021485746383935,-13.855291709907778,25.6754,1.4242,1040583.0197
2025-10-29,600603.SH,区域地产,8.18,-0.0619266055045872,-0.0305343511450382,3.2274,-0.0808988764044944,0.4040849949307199,0.0415189284794938,0.748502994011976,-13.791364622556198,24.0854,1.336,976143.2455
2025-10-30,600603.SH,区域地产,7.86,-0.0391198044009779,-0.0592686002522068,2.2118,-0.0965517241379309,0.6385404674908655,0.0432092364063742,0.7789982083041208,-13.751459078416024,23.1432,1.2837,937956.7127
2025-10-31,600603.SH,区域地产,7.93,0.0089058524173026,-0.0419847328244274,2.0666,-0.086405529953917,0.7875873391979253,0.0428278363805338,0.7720815318097591,-13.7603255075613,23.3493,1.2952,946310.0167
2025-11-03,600603.SH,区域地产,7.86,-0.0088272383354349,0.0236220472440944,1.553,-0.0913294797687861,0.8780000179306262,0.0432092364063742,0.7789982083041208,-13.751459078416024,23.1432,1.2837,937956.7127
2025-11-04,600603.SH,区域地产,7.62,-0.0305343511450382,0.0183727034120735,1.7734,-0.1380090497737556,0.8692804818071218,0.0445702315423528,0.8035355564483729,-13.720448841700328,22.4365,1.2445,909316.8131
2025-11-05,600603.SH,区域地产,7.62,0.0,0.0563002680965147,1.5615,-0.1570796460176989,0.5368931998138886,0.0445702315423528,0.8035355564483729,-13.720448841700328,22.4365,1.2445,909316.8131
2025-11-06,600603.SH,区域地产,7.46,-0.0209973753280839,0.0783532536520583,1.9688,-0.1692650334075723,0.4298269860154708,0.0455261456654556,0.8207485226526593,-13.69922788612398,21.9654,1.2184,890223.5466
2025-11-07,600603.SH,区域地产,7.53,0.0093833780160859,-0.0166666666666666,1.5081,-0.1481900452488687,0.3089532036085098,0.0451029474776176,0.8130742336775347,-13.708567513768443,22.1715,1.2299,898576.8507
2025-11-10,600603.SH,区域地产,7.8,0.0358565737051792,-0.0335051546391752,2.4184,-0.1136363636363637,0.3718931492291628,0.0435416802734417,0.784990972603815,-13.743796205677016,22.9665,1.2739,930796.7378
2025-11-11,600603.SH,区域地产,7.76,-0.0051282051282051,-0.0761421319796954,1.7194,-0.1028901734104047,0.3225096292773266,0.0437661661276133,0.7890168849613381,-13.738654806181026,22.8487,1.2674,926023.4212
2025-11-12,600603.SH,区域地产,7.88,0.0154639175257731,-0.1391625615763545,2.0021,-0.0815850815850816,0.3287644734296846,0.0430995470237607,0.7770007770007771,-13.754000375842532,23.2021,1.287,940343.371
2025-11-13,600603.SH,区域地产,8.12,0.030456852791878,-0.0782268578878747,2.737,-0.0601851851851853,0.3384844901418071,0.0418257789005675,0.7540340823405217,-13.784002626121184,23.9087,1.3262,968983.2706
2025-11-14,600603.SH,区域地产,7.67,-0.0554187192118226,-0.0719999999999999,2.4527,-0.0976470588235294,0.3822021465759397,0.0442797238716419,0.79827572443522,-13.726989087320574,22.5837,1.2527,915283.4588
2025-11-17,600603.SH,区域地产,7.5,-0.0221642764015644,-0.0645604395604396,1.6097,-0.0974729241877256,0.2530997272478235,0.0452832922764816,0.8163265306122448,-13.704575492558114,22.0832,1.225,894996.8633
2025-11-18,600603.SH,区域地产,7.28,-0.0293333333333333,-0.0143061516452075,1.4405,-0.1515151515151515,0.1985290460740918,0.0466518002929733,0.8410428931875525,-13.674803334136346,21.4354,1.189,868743.6219
2025-11-19,600603.SH,区域地产,6.99,-0.0398351648351648,-0.0198019801980199,1.6225,-0.1872093023255813,0.1177740628453232,0.0485873235672813,0.8758868354208637,-13.634153028146958,20.5815,1.1417,834137.0765
2025-11-20,600603.SH,区域地产,7.07,0.011444921316166,-0.0129310344827585,0.9555,-0.1873563218390803,-0.0913522220316924,0.0480374307660529,0.8660258075690656,-13.64553295191943,20.8171,1.1547,843683.7098
2025-11-21,600603.SH,区域地产,6.96,-0.0155586987270156,0.0176211453744492,1.2847,-0.2036613272311213,-0.2359009077469364,0.0487966740186988,0.8796622097114708,-13.629851946311126,20.4932,1.1368,830557.0891
2025-11-24,600603.SH,区域地产,6.81,-0.021551724137931,0.0,1.2332,-0.227891156462585,-0.2887718572843106,0.0498715806797496,0.8990380293086397,-13.608064592083256,20.0515,1.1123,812657.1518
2025-11-25,600603.SH,区域地产,6.89,0.0117474302496329,-0.0331890331890331,0.7375,-0.209862385321101,-0.3533497026366402,0.0492924074904742,0.888651915044877,-13.619743556938117,20.2871,1.1253,822203.785
2025-11-26,600603.SH,区域地产,6.93,0.0058055152394775,-0.0422125181950508,0.6883,-0.1528117359413202,-0.4158004096027092,0.0490078363530328,0.8834702712253734,-13.625532285109797,20.4049,1.1319,826977.1016
2025-11-27,600603.SH,区域地产,6.87,-0.0086580086580085,-0.0562770562770562,0.5771,-0.1259541984732824,-0.4333061736132872,0.0494359359705757,0.8911861687906603,-13.616836578149108,20.2282,1.1221,819817.1267
2025-11-28,600603.SH,区域地产,6.93,0.0087336244541484,-0.0203193033381712,0.482,-0.1261034047919293,-0.5095728333344325,0.0490078363530328,0.8834702712253734,-13.625532285109797,20.4049,1.1319,826977.1016
2025-12-01,600603.SH,区域地产,6.89,-0.0057720057720057,0.0238805970149253,0.5791,-0.123409669211196,-0.5824404204214436,0.0492924074904742,0.888651915044877,-13.619743556938117,20.2871,1.1253,822203.785
2025-12-02,600603.SH,区域地产,6.7,-0.027576197387518,0.0121580547112463,0.8245,-0.1207349081364829,-0.5562378092146494,0.0506904032928486,0.9138261902586128,-13.591779998394424,19.7276,1.0943,799530.5312
2025-12-03,600603.SH,区域地产,6.58,-0.0179104477611939,0.0259938837920488,0.8854,-0.1364829396325459,-0.5169819486772582,0.0516147680174251,0.9304922303898764,-13.573707217350696,19.3743,1.0747,785210.5814
2025-12-04,600603.SH,区域地产,6.54,-0.0060790273556231,-0.0266666666666666,0.6058,-0.1233243967828418,-0.4876552809755913,0.0519305169682964,0.9361542782250516,-13.567609637488031,19.2565,1.0682,780437.2648
2025-12-05,600603.SH,区域地产,6.75,0.0321100917431191,-0.042274052478134,0.9764,-0.1035856573705179,-0.400552807005319,0.0503147185646217,0.9070294784580498,-13.599214976813384,19.8749,1.1025,805497.1769
2025-12-08,600603.SH,区域地产,6.86,0.0162962962962962,-0.024024024024024,1.1502,-0.1205128205128204,-0.276604406520217,0.0495081366622604,0.8925383791503034,-13.61537991371488,20.1987,1.1204,818623.7976
2025-12-09,600603.SH,区域地产,6.66,-0.0291545189504373,-0.0581222056631892,0.7668,-0.1417525773195875,-0.2571936809114397,0.0509946506611456,0.9192866335723476,-13.58579195655506,19.6099,1.0878,794757.2146
2025-12-10,600603.SH,区域地产,6.71,0.0075075075075075,-0.0273972602739727,0.4695,-0.1484771573604061,-0.2809805058337562,0.0506147157224491,0.9124920156948626,-13.593271422917349,19.7571,1.0959,800723.8603
2025-12-11,600603.SH,区域地产,6.57,-0.0208643815201191,-0.0334855403348555,0.4543,-0.190886699507389,-0.228680976171593,0.0516932111305822,0.9318796011555308,-13.572186304447571,19.3449,1.0731,784017.2522
2025-12-12,600603.SH,区域地产,6.57,0.0,0.0,0.3385,-0.1434159061277704,-0.2807623787574583,0.0516932111305822,0.9318796011555308,-13.572186304447571,19.3449,1.0731,784017.2522
2025-12-15,600603.SH,区域地产,6.5,-0.0106544901065449,0.0253164556962024,0.4681,-0.1333333333333333,-0.3960785736310376,0.0522498798252764,0.9419743782969102,-13.561474648926035,19.1388,1.0616,775663.9482
2025-12-16,600603.SH,区域地产,6.32,-0.0276923076923076,-0.0015649452269169,0.7148,-0.1318681318681318,-0.3815178763389865,0.0537380164223378,0.968804495252858,-13.53339168007632,18.6088,1.0322,754184.0234
2025-12-17,600603.SH,区域地产,6.39,0.0110759493670884,0.0440944881889764,0.8462,-0.0858369098712447,-0.2493898749160454,0.0531493656623208,0.9581297307655456,-13.54440674036385,18.8149,1.0437,762537.3275
2025-12-18,600603.SH,区域地产,6.35,-0.0062597809076682,0.0338461538461538,0.5312,-0.1018387553041019,-0.2065473257787264,0.0534842301747329,0.9642271719217048,-13.538127284884377,18.6971,1.0371,757764.0109
2025-12-19,600603.SH,区域地产,6.5,0.0236220472440944,0.0200617283950617,0.6049,-0.0660919540229885,-0.0913605764400237,0.0522498798252764,0.9419743782969102,-13.561474648926035,19.1388,1.0616,775663.9482
2025-12-22,600603.SH,区域地产,6.48,-0.0030769230769229,0.0125391849529781,0.4921,-0.0484581497797356,-0.0330409999469403,0.0524111761592041,0.944822373393802,-13.558392982262092,19.0799,1.0584,773277.2898
2025-12-23,600603.SH,区域地产,6.38,-0.0154320987654321,-0.0271493212669682,0.4239,-0.0740203193033381,-0.0998439331940894,0.0532328297507638,0.9596928982725528,-13.542840569266769,18.7854,1.042,761343.9983
2025-12-24,600603.SH,区域地产,6.63,0.0391849529780563,-0.0744047619047618,1.2434,-0.0432900432900432,-0.0187729823882328,0.0512255718054452,0.923446301597562,-13.58127727614132,19.5215,1.0829,791177.2271
2025-12-25,600603.SH,区域地产,6.72,0.0135746606334841,-0.0468986384266264,1.1115,-0.0218340611353712,0.1098606875420586,0.050539509261365,0.9110787172011664,-13.594760626529956,19.7865,1.0976,801917.1895
2025-12-26,600603.SH,区域地产,6.61,-0.0163690476190475,0.0061919504643963,0.6935,-0.046176046176046,0.1182995888604452,0.051380596631488,0.9262689885142646,-13.578256125809633,19.4626,1.0796,788790.5688
2025-12-29,600603.SH,区域地产,6.46,-0.0226928895612708,0.0186046511627906,0.8555,-0.0624092888243831,0.1974682668695742,0.0525734714263182,0.9477774618519572,-13.555301789694822,19.021,1.0551,770890.6315
2025-12-30,600603.SH,区域地产,6.45,-0.001547987616099,0.0594855305466237,0.7297,-0.0373134328358208,0.2905435985990514,0.0526551351920596,0.9492168960607498,-13.55375260277416,18.9915,1.0535,769697.3024
2025-12-31,600603.SH,区域地产,6.22,-0.0356589147286822,0.0555555555555555,1.3011,-0.0547112462006079,0.2698580264457888,0.0546021414959894,0.984348853233586,-13.51744237868143,18.3143,1.0159,742250.7319
2026-01-05,600603.SH,区域地产,6.3,0.0128617363344052,0.0061538461538461,1.2656,-0.036697247706422,0.2555126577358588,0.0539086464077973,0.9718172983479106,-13.530222105317565,18.5499,1.029,751797.3651
2026-01-06,600603.SH,区域地产,6.5,0.0317460317460318,-0.0091324200913243,1.7245,-0.037037037037037,0.4522807732942855,0.0522498798252764,0.9419743782969102,-13.561474648926035,19.1388,1.0616,775663.9482
2026-01-07,600603.SH,区域地产,6.57,0.0107692307692308,-0.0333839150227617,1.4238,-0.042274052478134,0.5662529087606094,0.0516932111305822,0.9318796011555308,-13.572186304447571,19.3449,1.0731,784017.2522
2026-01-08,600603.SH,区域地产,6.59,0.0030441400304412,-0.0586466165413535,0.9298,-0.0105105105105105,0.5990470403503809,0.0515362970139869,0.92910898448388,-13.575225820462954,19.4038,1.0763,786403.9105
2026-01-09,600603.SH,区域地产,6.65,0.0091047040971168,-0.0504587155963303,1.0148,-0.0089418777943367,0.4815462043897665,0.0510714796429082,0.9207255317189944,-13.584289326608843,19.5804,1.0861,793563.8854
2026-01-12,600603.SH,区域地产,6.54,-0.0165413533834587,-0.0353302611367126,1.6999,-0.0045662100456621,0.475669099756691,0.0519305169682964,0.9361542782250516,-13.567609637488031,19.2565,1.0682,780437.2648
2026-01-13,600603.SH,区域地产,6.51,-0.0045871559633028,-0.0188383045525902,1.2384,-0.0091324200913243,0.3062285439115193,0.0521697394643211,0.9404683532399136,-13.563011928179172,19.1682,1.0633,776857.2773
2026-01-14,600603.SH,区域地产,6.37,-0.021505376344086,-0.0095846645367411,1.6926,-0.02,0.2807003875893499,0.0533162721262529,0.9611687812379854,-13.541271941561156,18.756,1.0404,760150.6692
2026-01-15,600603.SH,区域地产,6.26,-0.0172684458398744,0.0660225442834139,0.9818,-0.009493670886076,0.2742619278799474,0.0542531778798943,0.9780907668231612,-13.523852657037184,18.4321,1.0224,747024.0485
2026-01-16,600603.SH,区域地产,6.21,-0.0079872204472842,0.0748407643312101,0.8197,-0.028169014084507,0.2383276301034282,0.0546899354111862,0.9859016070196196,-13.515833367944502,18.2849,1.0143,741057.4028
2026-01-19,600603.SH,区域地产,6.28,0.0112721417069243,0.0847999999999999,0.8497,-0.011023622047244,0.0584275841146746,0.0540803634200421,0.9749439407234084,-13.527042452402728,18.491,1.0257,749410.7068
2026-01-20,600603.SH,区域地产,6.25,-0.0047770700636943,0.0903225806451613,0.6994,-0.0384615384615384,-0.048035222998768,0.0543401475878408,0.9796238244514108,-13.522253935741812,18.4026,1.0208,745830.7194
2026-01-21,600603.SH,区域地产,6.2,-0.008,-0.0015105740181268,0.8997,-0.0432098765432099,-0.2128454554293626,0.0547783121706453,0.9875567845151096,-13.514221763983995,18.2554,1.0126,739864.0736
2026-01-22,600603.SH,区域地产,6.62,0.0677419354838708,-0.0222222222222222,2.7881,0.0376175548589341,0.0110130412102242,0.0513028355077185,0.924898261191269,-13.579767841957,19.4921,1.0812,789983.898
2026-01-23,600603.SH,区域地产,6.75,0.0196374622356494,-0.0353982300884956,2.3594,0.0180995475113121,0.2116035648065073,0.0503147185646217,0.9070294784580498,-13.599214976813384,19.8749,1.1025,805497.1769
2026-01-26,600603.SH,区域地产,6.78,0.0044444444444444,-0.0532544378698224,1.5075,0.0089285714285713,0.29605684115488,0.0500921695920493,0.9030160736861116,-13.603649573939478,19.9632,1.1074,809077.1644
2026-01-27,600603.SH,区域地产,6.76,-0.0029498525073746,-0.0196671709531013,1.4121,0.0226928895612708,0.3693377263477784,0.0502404003155097,0.9057150620414816,-13.600695362044606,19.9043,1.1041,806690.5061
2026-01-28,600603.SH,区域地产,6.61,-0.0221893491124259,-0.0015151515151514,0.9888,0.0232198142414861,0.3759420201774643,0.051380596631488,0.9262689885142646,-13.578256125809633,19.4626,1.0796,788790.5688
2026-01-29,600603.SH,区域地产,6.6,-0.0015128593040848,0.0122324159021407,0.851,0.0232558139534881,0.0766607304226831,0.0514583290451392,0.927643784786642,-13.57674212104315,19.4332,1.078,787597.2397
2026-01-30,600603.SH,区域地产,6.54,-0.009090909090909,0.0453125,0.8948,0.0514469453376207,-0.1315059866213029,0.0519305169682964,0.9361542782250516,-13.567609637488031,19.2565,1.0682,780437.2648
2026-02-02,600603.SH,区域地产,6.4,-0.021406727828746,0.0493827160493827,1.0663,0.015873015873016,-0.1930996319958517,0.0530664444951523,0.9566631589017508,-13.545970462273234,18.8443,1.0453,763730.6566
2026-02-03,600603.SH,区域地产,6.48,0.0124999999999999,0.0242792109256448,0.4724,-0.0030769230769229,-0.3048718991459943,0.0524111761592041,0.944822373393802,-13.558392982262092,19.0799,1.0584,773277.2898
2026-02-04,600603.SH,区域地产,6.59,0.0169753086419752,0.0468277945619335,0.8318,0.0030441400304412,-0.3138928244020335,0.0515362970139869,0.92910898448388,-13.575225820462954,19.4038,1.0763,786403.9105
2026-02-05,600603.SH,区域地产,6.62,0.0045523520485584,0.0224215246636769,0.7598,0.0045523520485584,-0.3243075373510156,0.0513028355077185,0.924898261191269,-13.579767841957,19.4921,1.0812,789983.898
2026-02-06,600603.SH,区域地产,6.69,0.0105740181268882,-0.0029411764705882,1.4053,0.0060150375939849,-0.2508867188306458,0.0507660598430313,0.9151642719868216,-13.59028634607632,19.6982,1.0927,798337.202
2026-02-09,600603.SH,区域地产,6.8,0.0164424514200298,0.0044444444444444,1.1313,0.039755351681957,-0.2218825449579067,0.0499448109838628,0.9004141905276427,-13.60659508416669,20.0221,1.1106,811463.8227
2026-02-10,600603.SH,区域地产,6.75,-0.0073529411764705,0.0245310245310246,0.6282,0.0368663594470046,-0.1742253588371377,0.0503147185646217,0.9070294784580498,-13.599214976813384,19.8749,1.1025,805497.1769
2026-02-11,600603.SH,区域地产,6.93,0.0266666666666666,0.0321637426900585,1.5873,0.0879120879120878,-0.0386668061950605,0.0490078363530328,0.8834702712253734,-13.625532285109797,20.4049,1.1319,826977.1016
2026-02-12,600603.SH,区域地产,6.84,-0.0129870129870129,0.056047197640118,1.0046,0.0926517571884983,0.0030317286080183,0.0496526795068495,0.8950948800572861,-13.612460203614043,20.1399,1.1172,816237.1393
2026-02-13,600603.SH,区域地产,6.78,-0.0087719298245613,0.0575221238938052,0.7334,0.0917874396135265,-0.110695250296228,0.0500921695920493,0.9030160736861116,-13.603649573939478,19.9632,1.1074,809077.1644
2026-02-24,600603.SH,区域地产,6.78,0.0,-0.0056338028169014,0.6818,0.0796178343949045,-0.1833149803990661,0.0500921695920493,0.9030160736861116,-13.603649573939478,19.9632,1.1074,809077.1644
2026-02-25,600603.SH,区域地产,7.1,0.0471976401179941,-0.0042492917847024,1.7807,0.1359999999999999,-0.0266183995324644,0.0478345307910874,0.8623663332183512,-13.64976725599545,20.9054,1.1596,847263.6972
2026-02-26,600603.SH,区域地产,7.06,-0.0056338028169014,0.0,0.9303,0.1387096774193548,-0.1382201898811248,0.0481056014162289,0.8672274737663689,-13.64411752345801,20.7876,1.1531,842490.3806
2026-02-27,600603.SH,区域地产,7.16,0.0141643059490086,0.0237099023709901,1.2756,0.081570996978852,-0.031171533108544,0.0474336048116648,0.8551393877201984,-13.65818245291381,21.0821,1.1694,854423.6721
2026-03-02,600603.SH,区域地产,7.17,0.0013966480446927,0.0807365439093485,1.4487,0.0622222222222221,0.1438268113333678,0.0473675484925277,0.853898044573478,-13.65957812661008,21.1115,1.1711,855617.0013
2026-03-03,600603.SH,区域地产,7.06,-0.0153417015341702,0.0497866287339971,2.2749,0.0412979351032447,0.3917893777274348,0.0481056014162289,0.8672274737663689,-13.64411752345801,20.7876,1.1531,842490.3806
2026-03-04,600603.SH,区域地产,7.03,-0.0042492917847024,0.0446927374301675,1.4379,0.039940828402367,0.328362985634373,0.0483108124429328,0.8709284096847238,-13.63985917783858,20.6993,1.1482,838910.3932
2026-03-05,600603.SH,区域地产,7.16,0.0184921763869132,0.0844686648501362,1.875,0.0832072617246595,0.4411276445423064,0.0474336048116648,0.8551393877201984,-13.65818245291381,21.0821,1.1694,854423.6721
2026-03-06,600603.SH,区域地产,7.34,0.0251396648044692,0.0550458715596331,2.6448,0.112121212121212,0.5574243210308509,0.0462703763169705,0.8341675008341675,-13.68301131454759,21.6121,1.1988,875903.5968
2026-03-09,600603.SH,区域地产,7.63,0.0395095367847411,0.0907859078590787,5.7461,0.1666666666666667,0.881626856731345,0.0445117065788302,0.8024394158241053,-13.72176031724207,22.466,1.2462,910510.1422
2026-03-10,600603.SH,区域地产,7.38,-0.0327653997378768,0.0267379679144383,2.2673,0.1531249999999999,0.8075504896950565,0.0460197516774199,0.8296001327360212,-13.688446110529217,21.7298,1.2054,880676.9134
2026-03-11,600603.SH,区域地产,7.48,0.0135501355013549,-0.0025125628140703,1.5824,0.154320987654321,0.7629514912324524,0.0454043942372742,0.8185315543914218,-13.701905263892591,22.0243,1.2217,892610.2049
2025-07-29,600604.SH,园区开发,5.95,-0.011627906976744,-0.0258175559380378,3.4926,0.1852589641434263,-0.23526035454903,0.0048717701381926,0.5725409366769725,-13.92402083048574,205.2642,1.7466,1114616.3584
2025-07-30,600604.SH,园区开发,5.81,-0.023529411764706,-0.0088183421516754,2.9371,0.1761133603238864,-0.376498783641673,0.004989161047624,0.5863383172090296,-13.900210181752026,200.4345,1.7055,1088390.0911
2025-07-31,600604.SH,园区开发,5.67,-0.0240963855421686,-0.0070546737213403,2.2185,0.1477732793522266,-0.4633375666569342,0.005112348981211,0.600817111271329,-13.875818728680049,195.6048,1.6644,1062163.8239
2025-08-01,600604.SH,园区开发,5.67,0.0,0.0071047957371226,1.4606,0.1454545454545455,-0.5273958984647358,0.005112348981211,0.600817111271329,-13.875818728680049,195.6048,1.6644,1062163.8239
2025-08-04,600604.SH,园区开发,5.63,-0.0070546737213403,0.0088339222614841,1.5221,0.128256513026052,-0.58173175904507,0.0051486730839727,0.6050704907121679,-13.868739053107369,194.2248,1.6527,1054670.6047
2025-08-05,600604.SH,园区开发,5.66,0.005328596802842,0.012455516014235,1.3399,0.123015873015873,-0.6587841516898881,0.0051213818717421,0.6018657839301835,-13.874053503159304,195.2598,1.6615,1060290.5191
2025-08-06,600604.SH,园区开发,5.62,-0.0070671378091873,0.005328596802842,1.3883,0.1195219123505977,-0.714023209872536,0.0051578349059571,0.606134076857801,-13.866961274770263,193.8798,1.6498,1052797.2998
2025-08-07,600604.SH,园区开发,5.63,0.001779359430605,0.001763668430335,1.4585,0.0910852713178294,-0.7374331854363936,0.0051486730839727,0.6050704907121679,-13.868739053107369,194.2248,1.6527,1054670.6047
2025-08-08,600604.SH,园区开发,5.67,0.0071047957371226,0.0122591943957968,1.4631,-0.0017605633802816,-0.7377903262219727,0.005112348981211,0.600817111271329,-13.875818728680049,195.6048,1.6644,1062163.8239
2025-08-11,600604.SH,园区开发,5.71,0.0070546737213403,0.015817223198594,1.693,-0.0864,-0.7323879369018951,0.0050765364010504,0.5965875193890944,-13.882848634593136,196.9847,1.6762,1069657.0431
2025-08-12,600604.SH,园区开发,5.69,-0.0035026269702276,0.0600706713780918,1.6779,-0.1656891495601172,-0.6747019205622666,0.0050943810505326,0.5986948452373826,-13.879339859071012,196.2947,1.6703,1065910.4335
2025-08-13,600604.SH,园区开发,5.66,-0.0052724077328647,0.0669014084507042,1.5693,-0.2149791955617198,-0.6150662646841731,0.0051213818717421,0.6018657839301835,-13.874053503159304,195.2598,1.6615,1060290.5191
2025-08-14,600604.SH,园区开发,5.68,0.0035335689045936,0.0553633217993079,3.9889,-0.1885714285714286,-0.4121003064747205,0.0051033505027055,0.5997361161089121,-13.877580843669634,195.9497,1.6674,1064037.1287
2025-08-15,600604.SH,园区开发,5.78,0.0176056338028169,0.0536332179930794,2.6282,-0.0996884735202491,-0.2658699028447835,0.0050150551956974,0.5893793835091649,-13.89503329358346,199.3996,1.6967,1082770.1767
2025-08-18,600604.SH,园区开发,5.78,0.0,0.0216666666666667,2.4574,-0.0677419354838709,-0.1252038927315679,0.0050150551956974,0.5893793835091649,-13.89503329358346,199.3996,1.6967,1082770.1767
2025-08-19,600604.SH,园区开发,6.0,0.0380622837370241,0.0016501650165017,4.6843,0.0,0.1473450789224997,0.0048311699354362,0.5677624481916765,-13.932389080138313,206.9892,1.7613,1123982.8824
2025-08-20,600604.SH,园区开发,6.06,0.01,-0.0442622950819671,3.325,-0.0081833060556465,0.3628036559367091,0.0047833386747281,0.5621451458766654,-13.94233941097034,209.059,1.7789,1135222.7112
2025-08-21,600604.SH,园区开发,6.1,0.0066006600660066,-0.0295566502463053,4.1563,-0.0016366612111293,0.3858361332639792,0.0047519708799224,0.5584408331937232,-13.94891838205452,210.439,1.7907,1142715.9304
2025-08-22,600604.SH,园区开发,6.09,-0.001639344262295,-0.0587275693311583,3.2083,0.0149999999999999,0.4353052920508558,0.0047597741963121,0.5593779716954747,-13.947277692600508,210.094,1.7877,1140842.6256
2025-08-25,600604.SH,园区开发,6.13,0.0065681444991789,-0.0543657331136737,3.9527,0.0182724252491695,0.527130496622022,0.0021211701477543,0.5453454763592736,-13.953824360900178,471.4379,1.8337,1148335.8449
2025-08-26,600604.SH,园区开发,6.07,-0.0097879282218595,-0.0343053173241852,2.436,0.0201680672268906,0.3782436941898988,0.0021421372317374,0.5507214450930719,-13.943988215957042,466.8235,1.8158,1137096.016
2025-08-27,600604.SH,园区开发,5.83,-0.0395387149917627,-0.0829103214890016,3.0279,0.0034423407917385,0.3517909143269122,0.0022303212621655,0.573394495412844,-13.903646611243358,448.3659,1.744,1092136.7007
2025-08-28,600604.SH,园区开发,5.91,0.0137221269296741,-0.0606585788561524,1.8845,0.0423280423280423,0.1767033911707101,0.0022001309517942,0.565642853102551,-13.91727544236078,454.5184,1.7679,1107123.1392
2025-08-29,600604.SH,园区开发,5.77,-0.023688663282572,-0.0470383275261324,1.6293,0.0176366843033508,0.0450729325997303,0.0022535135092501,0.5793742757821553,-13.893301691422865,443.7515,1.726,1080896.8719
2025-09-01,600604.SH,园区开发,5.74,-0.0051993067590986,-0.0230905861456482,1.2876,0.019538188277087,-0.1663783792562996,0.002265291453531,0.5823772639916137,-13.888088821245454,441.4443,1.7171,1075276.9575
2025-09-02,600604.SH,园区开发,5.63,-0.0191637630662021,0.0202952029520295,1.7014,-0.0053003533568904,-0.2316724407925365,0.0023095514966471,0.5937537109606935,-13.868739053107369,432.9845,1.6842,1054670.6047
2025-09-03,600604.SH,园区开发,5.42,-0.0373001776198934,0.014760147601476,1.5004,-0.0355871886120996,-0.3562678463704002,0.0023990359713852,0.6167889964843027,-13.83072542639333,416.8341,1.6213,1015331.2038
2025-09-04,600604.SH,园区开发,5.42,0.0,0.016453382084095,1.3964,-0.0373001776198934,-0.3947720761296531,0.0023990359713852,0.6167889964843027,-13.83072542639333,416.8341,1.6213,1015331.2038
2025-09-05,600604.SH,园区开发,5.47,0.0092250922509224,0.018181818181818,1.2172,-0.0352733686067019,-0.4251143215572013,0.0023771065621215,0.611134877467457,-13.839908227355858,420.6795,1.6363,1024697.7278
2025-09-08,600604.SH,园区开发,5.5,0.0054844606946984,0.0126582278481011,1.3082,-0.0367775831873905,-0.4189227769937923,0.0023641405273499,0.60779189205616,-13.845377703148683,422.9867,1.6453,1030317.6422
2025-09-09,600604.SH,园区开发,5.53,0.0054545454545456,0.0454545454545454,1.6649,-0.0281195079086116,-0.4217468107587681,0.0023513151728722,0.6045218232378189,-13.850817426432918,425.2939,1.6542,1035937.5566
2025-09-10,600604.SH,园区开发,5.5,-0.0054249547920434,0.0287769784172662,1.1237,-0.028268551236749,-0.4474604043755893,0.0023641405273499,0.60779189205616,-13.845377703148683,422.9867,1.6453,1030317.6422
2025-09-11,600604.SH,园区开发,5.56,0.0109090909090907,-0.0089285714285713,1.3433,-0.0211267605633802,-0.4202599438312324,0.0023386282214896,0.6012506012506013,-13.856227719149707,427.6011,1.6632,1041557.471
2025-09-12,600604.SH,园区开发,5.6,0.0071942446043165,-0.0214285714285712,1.5227,-0.0311418685121108,-0.3787028051977023,0.0023219240949081,0.5969436485195797,-13.863396208613231,430.6773,1.6752,1049050.6902
2025-09-15,600604.SH,园区开发,5.6,0.0,-0.0504347826086956,1.4581,-0.0311418685121108,-0.3508562979999179,0.0023219240949081,0.5969436485195797,-13.863396208613231,430.6773,1.6752,1049050.6902
2025-09-16,600604.SH,园区开发,5.75,0.0267857142857144,-0.0716783216783216,2.148,-0.0416666666666666,-0.2641849854329784,0.0022613521574317,0.5813615487471658,-13.889829465719515,442.2133,1.7201,1077150.2623
2025-09-17,600604.SH,园区开发,5.72,-0.0052173913043478,0.0522522522522521,1.4764,-0.0561056105610561,-0.1939315422391128,0.0022732123969183,0.5844193793466191,-13.884598416313164,439.9061,1.7111,1071530.3479
2025-09-18,600604.SH,园区开发,5.55,-0.0297202797202796,0.063868613138686,1.9927,-0.0901639344262295,-0.0774711169886024,0.0023428421486673,0.6023370678231539,-13.854427538649364,426.832,1.6602,1039684.1662
2025-09-19,600604.SH,园区开发,5.48,-0.0126126126126124,0.119047619047619,1.3517,-0.1001642036124793,-0.0484288501006408,0.0023727691521028,0.610016470444702,-13.841734711877976,421.4485,1.6393,1026571.0326
2025-09-22,600604.SH,园区开发,5.46,-0.0036496350364964,0.1129943502824859,1.0421,-0.1092985318107667,-0.0144221453287197,0.0023814604258432,0.6122573930080206,-13.838078400682717,419.9104,1.6333,1022824.423
2025-09-23,600604.SH,园区开发,5.31,-0.0274725274725274,0.0205479452054795,1.5675,-0.1252059308072488,-0.0607508532423207,0.0024487333192286,0.6295643414756988,-13.81022144613998,408.3744,1.5884,994724.8509
2025-09-24,600604.SH,园区开发,5.84,0.0998116760828626,0.0583190394511148,3.6268,0.0017152658662091,0.1885779504945275,0.0022265025496793,0.5724098454493417,-13.905360407717488,449.1349,1.747,1094010.0055
2025-09-25,600604.SH,园区开发,5.83,-0.0017123287671232,0.0261865793780686,5.9347,-0.0135363790186124,0.4903990014630879,0.0022303212621655,0.573394495412844,-13.903646611243358,448.3659,1.744,1092136.7007
2025-09-26,600604.SH,园区开发,6.11,0.0480274442538593,0.0338409475465313,8.6915,0.0589254766031197,0.9248027346137612,0.0021281137229923,0.5471357443781802,-13.95055638405532,469.8997,1.8277,1144589.2352
2025-09-29,600604.SH,园区开发,5.91,-0.0327332242225859,0.0553691275167784,4.9693,0.029616724738676,1.1081106363075874,0.0022001309517942,0.565642853102551,-13.91727544236078,454.5184,1.7679,1107123.1392
2025-09-30,600604.SH,园区开发,5.96,0.0084602368866328,0.0081037277147486,2.6354,0.058614564831261,1.15611098371933,0.002181673636023,0.5608839531101015,-13.925700092001849,458.3637,1.7829,1116489.6632
2025-10-09,600604.SH,园区开发,6.17,0.0352348993288591,-0.0303030303030302,5.5442,0.1383763837638376,1.135938232964464,0.00210741893655,0.5417998591320367,-13.96032844885524,474.5141,1.8457,1155829.0641
2025-10-10,600604.SH,园区开发,6.27,0.0162074554294975,-0.0360065466448445,4.7765,0.1568265682656826,0.9219747666301408,0.0020738076435572,0.5331627212625294,-13.976405965548276,482.2048,1.8756,1174562.1121
2025-10-13,600604.SH,园区开发,6.11,-0.0255183413078148,0.0302066772655007,3.0726,0.1170018281535649,0.4671014824376465,0.0021281137229923,0.5471357443781802,-13.95055638405532,469.8997,1.8277,1144589.2352
2025-10-14,600604.SH,园区开发,6.29,0.0294599018003272,0.0498392282958199,4.3712,0.1436363636363635,0.3529287901673426,0.0020672138030346,0.5314625850340137,-13.979590681609029,483.7429,1.8816,1178308.7217
2025-10-15,600604.SH,园区开发,6.22,-0.0111287758346582,0.1529605263157893,3.0303,0.1247739602169981,0.3485887348468757,0.0020904779773371,0.5374321491911646,-13.968399517671646,478.3595,1.8607,1165195.5881
2025-10-16,600604.SH,园区开发,6.08,-0.022508038585209,0.1494057724957556,2.3693,0.1054545454545454,0.1200696710173969,0.0021386142848741,0.5498130635583901,-13.94563430686024,467.5925,1.8188,1138969.3208
2025-10-17,600604.SH,园区开发,5.89,-0.0312500000000001,0.0046296296296295,2.3304,0.0593525179856115,-0.0503227906132552,0.0022076015226269,0.5675691015381122,-13.913885608613633,452.9803,1.7619,1103376.5296
2025-07-29,600605.SH,房产服务,39.06,0.0142820046741107,0.0039267015706805,1.4406,0.0568181818181818,0.1087932546682273,0.0115831904739841,0.1692247812769702,-13.599515355839255,86.332,5.9093,805739.1677
2025-07-30,600605.SH,房产服务,38.2,-0.0220174091141832,0.0427094668117518,1.4636,0.0587583148558759,0.093997052774764,0.011843962895233,0.1730343300110741,-13.577251945996364,84.4312,5.7792,787998.8788
2025-07-31,600605.SH,房产服务,36.76,-0.0376963350785342,-0.0023809523809522,2.0253,0.001362026695723,0.0299722690033301,0.0123079195308221,0.1798108389973747,-13.538826727840664,81.2485,5.5614,758294.209
2025-08-01,600605.SH,房产服务,37.8,0.0282916213275299,-0.0211137503299022,1.8184,0.0421836228287839,0.1006591219997512,0.0119692963609748,0.174864916851732,-13.566725532958346,83.5471,5.7187,779747.5816
2025-08-04,600605.SH,房产服务,37.89,0.0023809523809523,0.0633637548891785,1.5675,0.0158176943699732,0.0385552100116153,0.0119408545591973,0.1744500462292622,-13.569103655413272,83.7461,5.7323,781604.1235
2025-08-05,600605.SH,房产服务,38.35,0.0121404064396939,0.0086094442995041,1.3836,0.0401410360726879,0.030705627232874,0.0117976282048257,0.1723573312190834,-13.581170958152756,84.7628,5.8019,791093.1152
2025-08-06,600605.SH,房产服务,38.33,-0.0005215123859192,-0.0050384513391672,1.4952,0.0495618838992331,0.0096796489871231,0.0118037833486389,0.1724464984738485,-13.5806493098053,84.7186,5.7989,790680.5504
2025-08-07,600605.SH,房产服务,37.71,-0.0161753195930079,-0.0064707468320303,1.2119,0.035989010989011,-0.1004051822417678,0.0119978595818505,0.1752817654379415,-13.564341741681426,83.3482,5.7051,777891.0398
2025-08-08,600605.SH,房产服务,37.09,-0.0164412622646512,-0.1000490436488474,1.096,0.0268549280177188,-0.1871517456344098,0.01219840957136,0.1782118225723094,-13.547763821910928,81.9779,5.6113,765101.5292
2025-08-11,600605.SH,房产服务,40.78,0.0994877325424641,-0.0682876357992755,7.6019,0.0614263404476835,0.3794568939945528,0.0110946294227353,0.162087689439987,-13.642608195549936,90.1337,6.1695,841219.7455
2025-08-12,600605.SH,房产服务,38.66,-0.0519862677783228,-0.0362473347547975,8.3105,0.0232927474854418,0.8293118565907835,0.0117030377575107,0.1709752427848447,-13.589221904121084,85.4479,5.8488,797487.8705
2025-08-13,600605.SH,房产服务,37.52,-0.0294878427315052,-0.0325644504748983,4.9605,-0.013669821240799,0.9787027908306764,0.0120586096664226,0.1761710973697655,-13.55929055448614,82.9283,5.6763,773971.6736
2025-08-14,600605.SH,房产服务,36.85,-0.0178571428571429,-0.0449591280653952,3.276,-0.0396142819911388,1.062908962392314,0.0122778627678722,0.179372197309417,-13.541272049039843,81.4474,5.575,760150.7509
2025-08-15,600605.SH,房产服务,36.7,-0.0040705563093622,-0.0308162132148808,2.8613,-0.038007863695937,1.1315414102713337,0.0123280392623394,0.1801055418475226,-13.537193185379351,81.1159,5.5523,757056.5144
2025-08-18,600605.SH,房产服务,36.02,-0.0185286103542233,-0.0259955752212388,3.3443,-0.0649013499480789,0.7375658910880689,0.0125607784668062,0.1835064410760817,-13.518490770162789,79.6129,5.4494,743029.3093
2025-08-19,600605.SH,房产服务,36.16,0.0038867295946694,-0.020476858345021,2.5983,-0.0516653553632312,0.2736676881680244,0.0125121524280457,0.1827953058165466,-13.522369965930691,79.9223,5.4706,745917.2633
2025-08-20,600605.SH,房产服务,35.65,-0.0141039823008849,-0.0442225392296717,1.7235,-0.0780967158003621,0.0278244714616271,0.0126911445001021,0.185411799606927,-13.508165577239156,78.7951,5.3934,735396.8594
2025-08-21,600605.SH,房产服务,35.05,-0.0168302945301542,-0.0676024061873388,2.2827,-0.1126582278481013,-0.0451909603172236,0.0129083891621164,0.1885831746091613,-13.491192043776811,77.469,5.3027,723019.9136
2025-08-22,600605.SH,房产服务,34.91,-0.0039942938659058,-0.0300965360590573,2.5702,-0.120654911838791,-0.0917368293134156,0.01296016692695,0.1893401495787181,-13.48718975142124,77.1595,5.2815,720131.9596
2025-08-25,600605.SH,房产服务,35.22,0.00887997708393,-0.0297823596792669,1.685,-0.0854323552324071,-0.206108600179471,0.0128460897145213,0.1876735980782223,-13.49603053337421,77.8447,5.3284,726526.7149
2025-08-26,600605.SH,房产服务,34.92,-0.008517887563884,-0.0092537313432836,1.362,-0.1059907834101382,-0.2954754684036845,0.0046688152554472,0.196564060227228,-13.487476161374278,214.1871,5.0874,720338.2421
2025-08-27,600605.SH,房产服务,33.5,-0.0406643757159221,0.0104454685099848,2.7143,-0.1230366492146597,-0.2403289412471997,0.0048667176374227,0.204897039237783,-13.44596186926183,205.4773,4.8805,691046.1372
2025-08-28,600605.SH,房产服务,32.55,-0.028358208955224,-0.0371779859484776,2.8823,-0.1145266594124048,-0.209535927141231,0.005008757813036,0.2108770375993758,-13.41719379902048,199.6503,4.7421,671449.3064
2025-08-29,600605.SH,房产服务,34.16,0.0494623655913979,-0.0357142857142857,3.8671,-0.0962962962962963,-0.1488465679379393,0.0047726887658065,0.2009404010770405,-13.465471799329912,209.5255,4.9766,704660.7775
2025-09-01,600605.SH,房产服务,33.88,-0.0081967213114751,0.0057246158481472,1.6889,-0.1058326735286354,-0.1503356502108953,0.0048121319621323,0.2026014020017018,-13.457241300210988,207.8081,4.9358,698884.8695
2025-09-02,600605.SH,房产服务,33.19,-0.020365997638725,0.0571602310732746,1.5883,-0.1345501955671447,-0.137966380357306,0.0049121728063095,0.2068124004715322,-13.436665056161909,203.5759,4.8353,684651.3819
2025-09-03,600605.SH,房产服务,32.89,-0.009038867128653,0.0568561872909698,0.7319,-0.1419253848160708,-0.2625722065428424,0.0049569783846,0.2086985558059938,-13.427585090587424,201.7358,4.7916,678462.909
2025-09-04,600605.SH,房产服务,32.89,0.0,0.0498928680746861,1.1859,-0.1278175550251922,-0.3785729347567069,0.0049569783846,0.2086985558059938,-13.427585090587424,201.7358,4.7916,678462.909
2025-09-05,600605.SH,房产服务,32.67,-0.0066889632107023,0.0068903535050928,1.0868,-0.1191695874898894,-0.5691620786088196,0.0049903586271323,0.2101016892175813,-13.420873655907627,200.3864,4.7596,673924.6955
2025-09-08,600605.SH,房产服务,33.38,0.0217324762779309,-0.0402645959160197,1.7295,-0.1814615007356547,-0.5178276926479477,0.0048842124183054,0.2056343820686818,-13.442373348589236,204.7413,4.863,688570.748
2025-09-09,600605.SH,房产服务,34.77,0.0416417016177352,-0.0420023014959723,2.673,-0.1006207966890841,-0.3670741137918217,0.0046889579728696,0.1974138781956371,-13.483171376332214,213.267,5.0655,717244.0056
2025-09-10,600605.SH,房产服务,34.76,-0.0002876042565431,-0.0262390670553935,1.2195,-0.0735607675906184,-0.2668164974878572,0.0046903061222096,0.1974723538704581,-13.482883730750066,213.2057,5.064,717037.7232
2025-09-11,600605.SH,房产服务,34.3,-0.0132336018411968,-0.016364177328176,1.6248,-0.0691994572591588,-0.1952022713884247,0.0047532086535015,0.2001200720432259,-13.469561784572749,210.3842,4.997,707548.7315
2025-09-12,600605.SH,房产服务,33.61,-0.0201166180758016,0.0257716511836978,1.4974,-0.0841961852861036,-0.1267959366582035,0.0048507897085645,0.2042275094455223,-13.44924007214018,206.152,4.8965,693315.2439
2025-09-15,600605.SH,房产服务,33.37,-0.0071407319250224,0.03003003003003,1.1415,-0.0735702387562466,-0.1381162341590736,0.004885677587296,0.2056978298878946,-13.44207372316096,204.6799,4.8615,688364.4656
2025-09-16,600605.SH,房产服务,33.3,-0.002097692538208,0.0383233532934133,1.1862,-0.0790929203539823,-0.2679194748743168,0.0048959464500961,0.2061303155855131,-13.439973827388526,204.2506,4.8513,686920.4886
2025-09-17,600605.SH,房产服务,33.4,0.003003003003003,0.0722928009679371,1.4469,-0.0631136044880785,-0.2371682492630834,0.0048812894804794,0.2055118272056557,-13.442972330399163,204.8639,4.8659,688983.3129
2025-09-18,600605.SH,房产服务,33.06,-0.0101796407185628,0.0224948875255623,1.2513,-0.0567760342368044,-0.257298023499408,0.0049314892851066,0.2076239514990449,-13.432740522789455,202.7785,4.8164,681969.7103
2025-09-19,600605.SH,房产服务,34.23,0.0353901996370233,-0.0102040816326528,3.2287,-0.0194786594099112,-0.0774741347757697,0.0047629276573206,0.2005293976096896,-13.467518882947283,209.9549,4.9868,706104.7545
2025-09-22,600605.SH,房产服务,34.3,0.0020449897750511,-0.0190311418685119,1.2024,-0.0261215218625781,-0.0579658837623588,0.0047532086535015,0.2001200720432259,-13.469561784572749,210.3842,4.997,707548.7315
2025-09-23,600605.SH,房产服务,34.68,0.0110787172011661,-0.0476727785613541,2.4647,-0.006872852233677,0.0539556292809395,0.0047011259196577,0.1979257382630037,-13.480579582309934,212.715,5.0524,715387.4638
2025-09-24,600605.SH,房产服务,35.45,0.0222029988465974,-0.0651428571428571,3.0285,0.0582089552238807,0.2171999912867317,0.0045990142472862,0.1936258374317468,-13.502539683329752,217.4379,5.1646,731271.2108
2025-09-25,600605.SH,房产服务,35.0,-0.0126939351198872,-0.0362297496318115,2.1172,0.0752688172043012,0.3394140793370506,0.0046581435062218,0.1961168856638556,-13.489764491847868,214.6778,5.099,721988.5015
2025-09-26,600605.SH,房产服务,33.95,-0.0299999999999999,-0.0584950029394474,1.5632,-0.0061475409836063,0.2331608064985768,0.0048022113222696,0.2021835826930853,-13.459305284427414,208.2374,4.946,700328.8465
2025-09-29,600605.SH,房产服务,34.02,0.002061855670103,-0.0740521327014217,1.4626,0.0041322314049587,0.2726418847572411,0.0047923292061794,0.2017674831524151,-13.46136501738602,208.6668,4.9562,701772.8235
2025-09-30,600605.SH,房产服务,33.76,-0.0076425631981189,-0.0427872860635696,1.1325,0.0171738475444411,0.1286296987065762,0.0048292381393911,0.2033181522446324,-13.453693100080466,207.072,4.9184,696409.4803
2025-10-09,600605.SH,房产服务,32.72,-0.0308056872037914,0.0006112469437653,1.813,-0.0051687442991791,-0.0499653507793138,0.004982732341072,0.2097843416967357,-13.42240294211078,200.6931,4.7668,674956.1077
2025-10-10,600605.SH,房产服务,32.72,0.0,0.0412113643459257,0.5924,-0.0051687442991791,-0.2153869601728523,0.004982732341072,0.2097843416967357,-13.42240294211078,200.6931,4.7668,674956.1077
2025-10-13,600605.SH,房产服务,32.03,-0.0210880195599021,0.0339091490722969,1.2288,-0.019589837771656,-0.2585071464493915,0.0050900739485943,0.2143025523433984,-13.401089393999197,196.4608,4.6663,660722.6201
2025-10-14,600605.SH,房产服务,31.26,-0.0240399625351233,0.0363984674329502,1.2834,-0.0635110844817256,-0.2701489836540202,0.0052154529699136,0.2195823543620034,-13.37675575542312,191.7379,4.5541,644838.8731
2025-10-15,600605.SH,房产服务,31.32,0.0019193857965451,0.0363469761759314,0.7042,-0.0992234685073339,-0.279006835699537,0.005205462195591,0.2191588682636042,-13.378673301437717,192.1059,4.5629,646076.5676
2025-10-16,600605.SH,房产服务,32.74,0.0453384418901661,0.0050974512743628,2.348,-0.0581127733026466,-0.2379655730451114,0.0049796903329769,0.20965239632689,-13.423014002233332,200.8157,4.7698,675368.6725
2025-10-17,600605.SH,房产服务,33.35,0.0186316432498472,0.0380569306930691,1.7419,-0.0276967930029152,-0.0989554429193336,0.0048886057842961,0.2058206067591487,-13.441474202698284,204.5573,4.8586,687951.9007
2025-10-20,600605.SH,房产服务,32.32,-0.0308845577211395,0.0656192236598891,1.1363,-0.0383814340969949,-0.1003470132850279,0.0050444008159822,0.2123773520791743,-13.41010266396935,198.2396,4.7086,666704.8105
2025-10-21,600605.SH,房产服务,32.46,0.0043316831683168,-0.0648393751842028,0.9835,-0.0272700029967035,-0.1334797607447118,0.0050226445931482,0.2114611968703743,-13.41442499239412,199.0983,4.729,669592.7645
2025-10-22,600605.SH,房产服务,33.93,0.0452865064695009,-0.0668257756563246,2.0379,0.0189189189189189,0.0068055445351171,0.0048050402950679,0.2023021990249034,-13.45871600915888,208.1148,4.9431,699916.2816
2025-10-23,600605.SH,房产服务,33.52,-0.012083701738874,-0.0643815201192249,1.0404,0.0035928143712575,-0.1421746613969328,0.0048638132295719,0.2047753614285129,-13.446558705960769,205.6,4.8834,691458.702
2025-10-24,600605.SH,房产服务,33.55,0.0008949880668256,-0.0988725065047702,0.955,0.0148215366001207,-0.2324120681374474,0.0048594642926563,0.2045910225459306,-13.447453293783369,205.784,4.8878,692077.5493
2025-10-27,600605.SH,房产服务,34.59,0.0309985096870344,-0.0198550267885281,2.5813,0.0105170902716917,-0.0326190749016461,0.0047133571829206,0.1984402595598595,-13.477981053292115,212.163,5.0393,713530.9219
2025-10-28,600605.SH,房产服务,31.73,-0.0826828563168546,-0.0265345268542199,4.7178,-0.0749271137026238,0.2976302937657087,0.0051381995851417,0.2163284731536364,-13.391679035927584,194.6207,4.6226,654534.1472
2025-10-29,600605.SH,房产服务,31.28,-0.0141821619918058,-0.0181586492513539,1.4108,-0.0980392156862745,0.2639564091892548,0.0052121175478446,0.2194378003554892,-13.377395346016966,191.8606,4.5571,645251.4379
2025-10-30,600605.SH,房产服务,31.39,0.0035166240409207,-0.0205325633622072,1.1308,-0.114527503526093,0.3502642193802574,0.005193852763623,0.2186700487634208,-13.380905801164442,192.5353,4.5731,647520.5446
2025-10-31,600605.SH,房产服务,31.17,-0.0070086014654348,-0.0270096463022507,0.771,-0.1094285714285714,0.3855745753195716,0.0035731283596339,0.2210970837294656,-13.373872524148586,279.8668,4.5229,642982.3312
2025-11-03,600605.SH,房产服务,31.1,-0.0022457491177414,-0.0223316912972085,0.8624,-0.0839469808541973,0.1883209728068418,0.003581170634544,0.2215919163268923,-13.371624249559227,279.2383,4.5128,641538.3542
2025-11-04,600605.SH,房产服务,30.45,-0.0209003215434083,-0.0486696950032446,1.2408,-0.1049382716049384,-0.2708988227058245,0.00365761638261,0.2263211497114405,-13.3505024245064,273.4021,4.4185,628129.9963
2025-11-05,600605.SH,房产服务,30.82,0.0121510673234812,-0.0609236816246314,0.8039,-0.0870853080568719,-0.34536271934004,0.003613706354558,0.2236085955144115,-13.362580260285029,276.7242,4.4721,635762.4462
2025-11-06,600605.SH,房产服务,30.53,-0.0094094743672938,-0.0508922670191672,0.6705,-0.0669315403422982,-0.3840749829149713,0.0036480320326396,0.2257285388591679,-13.353126237046489,274.1204,4.4301,629780.2557
2025-11-07,600605.SH,房产服务,30.26,-0.0088437602358335,-0.0225058784010748,0.5947,-0.0751833740831294,-0.4090938059865313,0.0036805828276519,0.2277437427406682,-13.344243138792356,271.6961,4.3909,624210.6302
2025-11-10,600605.SH,房产服务,29.77,-0.0161929940515532,-0.0255798090040927,1.2159,-0.0705588510771152,-0.3587361187368272,0.0037411624390284,0.2314921987129033,-13.327917605332402,267.2966,4.3198,614102.7911
2025-11-11,600605.SH,房产服务,29.32,-0.0151158884783338,0.0045343564701778,1.281,-0.0620601407549584,-0.3529851460069929,0.0037985824450031,0.2350452462098954,-13.31268630733061,263.2561,4.2545,604820.0818
2025-11-12,600605.SH,房产服务,28.67,-0.022169167803547,-0.0215877437325904,1.463,-0.084610472541507,-0.2789708454508759,0.0038847020433532,0.2403730589875486,-13.290267710181023,257.42,4.1602,591411.7239
2025-11-13,600605.SH,房产服务,28.72,0.0017439832577605,-0.0426116838487973,1.2328,-0.1227855833842395,-0.1694227478051212,0.0038779395266354,0.2399577674329318,-13.292010174558731,257.8689,4.1674,592443.1361
2025-11-14,600605.SH,房产服务,29.1,0.0132311977715877,-0.0360518025901295,1.2107,-0.1274362818590704,-0.0631627073389294,0.0038272999776485,0.2368209160233031,-13.30515460455256,261.2808,4.2226,600281.8684
2025-11-17,600605.SH,房产服务,28.57,-0.018213058419244,0.0065972222222221,1.112,-0.1160272277227723,-0.0775437286298971,0.0038982996006971,0.2412137877801095,-13.286773646680883,256.5221,4.1457,589348.8997
2025-11-18,600605.SH,房产服务,28.8,0.008050402520126,0.0327402135231316,0.9817,-0.1127541589648798,-0.1213132999443515,0.0038671674390689,0.2392916965781287,-13.29479181746669,258.5872,4.179,594093.3955
2025-11-19,600605.SH,房产服务,28.1,-0.0243055555555555,0.0355348169418521,0.8479,-0.1718243442381373,-0.1754681447229409,0.0039635024837288,0.2452483139178418,-13.270186006715406,252.3021,4.0775,579653.6255
2025-11-20,600605.SH,房产服务,27.86,-0.0085409252669039,0.0624546114742194,0.8201,-0.1688544152744631,-0.2321833223312137,0.0039976461859257,0.2473655568198683,-13.261608398720554,250.1472,4.0426,574702.8472
2025-11-21,600605.SH,房产服务,27.54,-0.0114860014357501,0.0379441186616074,1.0865,-0.1791356184798807,-0.2551429581035195,0.0040440968318545,0.2502377258395475,-13.250055923718811,247.274,3.9962,568101.8095
2025-11-24,600605.SH,房产服务,28.99,0.0526506899055918,0.02170916609235,1.7791,-0.1618965018791559,-0.1257143310057303,0.003841821453653,0.2377216754623686,-13.301367373340511,260.2932,4.2066,598012.7617
2025-11-25,600605.SH,房产服务,29.02,0.001034839599862,0.0131715771230502,0.8609,-0.0854081311062087,0.0094262390943329,0.00383785080355,0.2374732842555212,-13.302401677884657,260.5625,4.211,598631.609
2025-11-26,600605.SH,房产服务,28.85,-0.0058580289455547,0.0047846889952152,0.4782,-0.0776854219948849,-0.016860775096728,0.0038604657806382,0.2388744237154527,-13.296526423371374,259.0361,4.1863,595124.8077
2025-11-27,600605.SH,房产服务,29.26,0.0142114384748699,-0.0432037221668328,0.8309,-0.0678560050971647,-7.942811755368151e-05,0.003806371408974,0.2355268736162796,-13.310637826026644,262.7174,4.2458,603582.3873
2025-11-28,600605.SH,房产服务,30.09,0.0283663704716334,-0.0451939291736931,1.8759,-0.0346487006737248,0.096527349651041,0.0037013759494954,0.2290321103018643,-13.33860932106324,270.1698,4.3662,620703.8289
2025-12-01,600605.SH,房产服务,29.65,-0.0146227982718512,-0.040369483407458,1.0362,-0.0466237942122187,-0.0510813296176484,0.0037563044875442,0.2324284120490889,-13.323878555826711,266.2191,4.3024,611627.402
2025-12-02,600605.SH,房产服务,29.23,-0.0141652613827992,-0.036734693877551,0.59,-0.0400656814449917,-0.0735175886654564,0.00381027715575,0.2357712076201254,-13.309612009536336,262.4481,4.2414,602963.54
2025-12-03,600605.SH,房产服务,29.4,0.0058159425248032,-0.0281347690170197,0.9833,-0.046073977936405,0.014982363862863,0.0037882461329583,0.2344061320644148,-13.315411104769044,263.9744,4.2661,606470.3413
2025-12-04,600605.SH,房产服务,28.79,-0.0207482993197278,0.0021193924408338,0.8421,-0.0569931215198166,0.0088576852610202,0.0038685108631653,0.2393718881654538,-13.294444534997693,258.4974,4.1776,593887.1131
2025-12-05,600605.SH,房产服务,28.31,-0.0166724557137895,-0.0042780748663101,0.7322,-0.0644415069398547,-0.2128464186939097,0.00393410221427,0.243433384454344,-13.277631529483974,254.1876,4.1079,583985.5565
2025-12-08,600605.SH,房产服务,28.05,-0.009184033910279,-0.0183615819209039,1.2451,-0.0577762848505206,-0.1746768375169094,0.0039705669810826,0.2456881725713724,-13.268405062249387,251.8532,4.0702,578622.2133
2025-12-09,600605.SH,房产服务,28.32,0.0096256684491977,-0.0057183702644746,0.9296,-0.034106412005457,-0.0959490309577706,0.0039327128561169,0.2433445271815837,-13.277984699136043,254.2774,4.1094,584191.8389
2025-12-10,600605.SH,房产服务,27.98,-0.0120056497175141,-0.0207966161438138,0.5457,-0.024066968957098,-0.1419566552952161,0.0039805019094467,0.2463054187192118,-13.26590639952302,251.2246,4.06,577178.2363
2025-12-11,600605.SH,房产服务,28.37,0.0139385275196568,0.0032223415682062,1.5187,-0.0121866295264623,-0.0207615183091377,0.0039257823004534,0.242918913666618,-13.27974867922535,254.7263,4.1166,585223.2511
2025-12-12,600605.SH,房产服务,27.93,-0.0155093408530138,0.083453237410072,0.6243,-0.0402061855670103,-0.013529137340013,0.0039876271903537,0.246742992499013,-13.264117810320746,250.7757,4.0528,576146.8242
2025-12-15,600605.SH,房产服务,27.8,-0.0046544933762978,0.0557153127246585,0.5959,-0.0269513475673783,-0.1222382487255456,0.0040062738248096,0.2478990555045985,-13.25945245102017,249.6085,4.0339,573465.1526
2025-12-16,600605.SH,房产服务,27.82,0.0007194244604316,0.0583153347732181,0.6823,-0.0340277777777777,-0.1606620505794792,0.0040033932761408,0.2477209671026555,-13.260171616892086,249.7881,4.0368,573877.7175
2025-12-17,600605.SH,房产服务,27.78,-0.0014378145219265,0.0731620271234831,0.8712,-0.0113879003558718,-0.0929089929311819,0.004009158521727,0.2480774001488464,-13.258732767750963,249.4289,4.031,573052.5878
2025-12-18,600605.SH,房产服务,28.02,0.0086393088552916,0.0046480743691899,0.7567,0.0057430007178751,-0.2514312370128491,0.0039748187283918,0.2459540557823798,-13.26733497133998,251.5838,4.0658,578003.3661
2025-12-19,600605.SH,房产服务,30.12,0.0749464668094219,0.0463057541709226,3.2561,0.093681917211329,0.1718328072110448,0.0036976901638853,0.2288015375463323,-13.339605833212891,270.4391,4.3706,621322.6761
2025-12-22,600605.SH,房产服务,29.37,-0.0249003984063744,0.0646258503401362,1.242,0.0131079682649191,0.3286237699599461,0.0037921147524261,0.2346481451064129,-13.314390175613548,263.7051,4.2617,605851.494
2025-12-23,600605.SH,房产服务,29.4,0.0010214504596526,0.0049883604921847,1.0391,0.0130944176430047,0.3862010592246865,0.0037882461329583,0.2344061320644148,-13.315411104769044,263.9744,4.2661,606470.3413
2025-12-24,600605.SH,房产服务,30.07,0.0227891156462585,-0.0085922009253139,1.4256,0.0422876949740034,0.428023068136097,0.0037038381393102,0.2291843329589989,-13.337944427354056,269.9902,4.3633,620291.264
2025-12-25,600605.SH,房产服务,30.26,0.0063185899567674,-0.0325414904002603,0.7254,0.0341763499658236,0.4292061308522408,0.0036805828276519,0.2277437427406682,-13.344243138792356,271.6961,4.3909,624210.6302
2025-12-26,600605.SH,房产服务,30.73,0.0155320555188367,-0.0380191693290735,1.4117,0.0212695247590561,0.1102920221154031,0.0036242901374729,0.2242605009979592,-13.359655806474027,275.9161,4.4591,633905.9043
2025-12-29,600605.SH,房产服务,31.3,0.0185486495281483,-0.0039708802117801,2.2214,0.0556492411467117,0.2272825383121088,0.003558288320986,0.22017702232595,-13.378034527951025,281.034,4.5418,645664.0028
2025-12-30,600605.SH,房产服务,30.22,-0.0345047923322684,0.006,1.3244,0.0338693123503248,0.2377246134559132,0.0036854538820728,0.2280449704681763,-13.34292038714209,271.337,4.3851,623385.5004
2025-12-31,600605.SH,房产服务,30.0,-0.0072799470549305,0.0302724520686175,0.7145,0.0204081632653061,0.1270965468639888,0.0037124802820891,0.2297160709363227,-13.33561381202061,269.3617,4.3532,618847.287
2026-01-05,600605.SH,房产服务,29.73,-0.009,-0.0026569246097641,1.1772,0.0326502257728378,0.1891436731469546,0.0037461966738268,0.2318034306907742,-13.32657306734074,266.9374,4.314,613277.6614
2026-01-06,600605.SH,房产服务,30.11,0.0127817019845273,0.0023255813953488,1.0236,0.0635817732250088,0.107751655558175,0.0036989183992708,0.2288800897209951,-13.339273772821509,270.3493,4.3691,621116.3937
2026-01-07,600605.SH,房产服务,30.1,-0.0003321155762204,-0.0202120609675281,1.0289,0.0730837789661318,-0.0882527266670413,0.0037001474508759,0.22895345376285,-13.338941602129388,270.2595,4.3677,620910.1113
2026-01-08,600605.SH,房产服务,30.18,0.00265780730897,-0.0359125040809663,0.8776,0.0656779661016948,-0.1636913924456795,0.0036903392085993,0.2283469960952663,-13.34159588366282,270.9778,4.3793,622560.3707
2026-01-09,600605.SH,房产服务,30.63,0.014910536779324,-0.0526140526140527,1.1877,0.0947105075053609,-0.1064912273300622,0.0036361216689943,0.2249921252756153,-13.356396351160406,275.0183,4.4446,631843.08
2026-01-12,600605.SH,房产服务,30.03,-0.0195886385896179,-0.050381173351011,1.6077,0.0585125132181882,-0.0374601253293994,0.0037087723592613,0.2294893861158921,-13.33661331237468,269.631,4.3575,619466.1343
2026-01-13,600605.SH,房产服务,30.17,0.0046620046620047,0.0172472100101452,1.6109,0.0802005012531328,0.0190194472132656,0.0036915625646023,0.2284252364201197,-13.341264483540671,270.888,4.3778,622354.0883
2026-01-14,600605.SH,房产服务,29.57,-0.0198873052701359,0.0165932949542837,2.4129,0.0636690647482014,0.157548436095936,0.0037664669936964,0.2330567726298126,-13.321176764299892,265.5008,4.2908,609977.1426
2026-01-15,600605.SH,房产服务,29.53,-0.0013527223537368,0.0432337434094902,1.2875,0.0614665708123651,0.1920697299105584,0.0037715681841068,0.2333722287047841,-13.319823126053544,265.1417,4.285,609152.0128
2026-01-16,600605.SH,房产服务,28.45,-0.0365729766339316,0.0174520069808028,1.9543,0.0241180705543555,0.254832916154031,0.0039147431576161,0.2422363257594109,-13.282564590922274,255.4446,4.1282,586873.5105
2026-01-19,600605.SH,房产服务,28.65,0.0070298769771528,-0.0252659574468084,0.8858,0.0224839400428265,0.1475067131690735,0.0038874142630784,0.2405407355735693,-13.289569873544584,257.2404,4.1573,590999.1591
2026-01-20,600605.SH,房产服务,30.08,0.049912739965096,-0.0449700199866754,3.8812,-0.00132802124834,0.4355255273869296,0.003702606635071,0.2291055718475073,-13.33827692938852,270.08,4.3648,620497.5464
2026-01-21,600605.SH,房产服务,30.02,-0.0019946808510638,-0.0475067385444744,1.3325,0.0221314266258085,0.2827095183986214,0.0037100079690971,0.2295631413420261,-13.336280256631593,269.5412,4.3561,619259.8519
2026-01-22,600605.SH,房产服务,29.68,-0.011325782811459,-0.0394511149228129,0.9018,0.0095238095238094,0.2355704559094389,0.0037525071438354,0.232196345229526,-13.324889848703366,266.4885,4.3067,612246.2493
2026-01-23,600605.SH,房产服务,29.15,-0.0178571428571429,-0.0525238744884037,1.2476,-0.0305952776854008,0.1451000534451287,0.0038207342075682,0.2364177975317982,-13.306871343096748,261.7298,4.2298,601313.2805
2026-01-26,600605.SH,房产服务,29.32,0.0058319039451115,-0.0313916986396931,1.3437,-0.0310641110376735,0.1832744989450581,0.0037985824450031,0.2350452462098954,-13.31268630733061,263.2561,4.2545,604820.0818
2026-01-27,600605.SH,房产服务,28.67,-0.022169167803547,0.0187477891758047,0.9344,-0.0670354702245362,-0.2042989957037669,0.0038847020433532,0.2403730589875486,-13.290267710181023,257.42,4.1602,591411.7239
2026-01-28,600605.SH,房产服务,28.27,-0.0139518660620858,0.0317857142857143,0.8659,-0.0968051118210863,-0.232843359263191,0.0039396679253905,0.2437775773384364,-13.276217602093103,253.8285,4.1021,583160.4268
2026-01-29,600605.SH,房产服务,28.0,-0.0095507605235231,0.025197984161267,1.0925,-0.0734612839179351,-0.1984712184213793,0.0039776582889227,0.2461296118536021,-13.266620940533658,251.4042,4.0629,577590.8012
2026-01-30,600605.SH,房产服务,27.78,-0.0078571428571427,0.0284479654303204,0.7347,-0.0739999999999999,-0.273970001898614,0.004009158521727,0.2480774001488464,-13.258732767750963,249.4289,4.031,573052.5878
2026-02-02,600605.SH,房产服务,27.77,-0.0003599712023039,-0.0027777777777778,1.0269,-0.0659266733938782,-0.316486832782022,0.0040106024285801,0.2481635894381576,-13.258372731619556,249.3391,4.0296,572846.3053
2026-02-03,600605.SH,房产服务,28.8,0.0370903853078863,0.0069228106611283,1.1903,-0.0435071404848886,-0.2832934376459597,0.0038671674390689,0.2392916965781287,-13.29479181746669,258.5872,4.179,594093.3955
2026-02-04,600605.SH,房产服务,28.89,0.003125,0.0014044943820223,0.8234,-0.0401993355481727,-0.2841286356634177,0.0038551199655506,0.2385439278643162,-13.29791194486848,259.3953,4.1921,595949.9374
2026-02-05,600605.SH,房产服务,28.48,-0.0141917618553132,-0.0213585434173669,0.8039,-0.0563286944996686,-0.3247412038812044,0.0039106188945462,0.2419784155253351,-13.283618516915846,255.714,4.1326,587492.3578
2026-02-06,600605.SH,房产服务,28.56,0.0028089887640447,-0.0344707520891364,0.4612,-0.0675808031341821,-0.3475989711770476,0.0038996647458218,0.2413010955069736,-13.2864235677891,256.4323,4.1442,589142.6172
2026-02-09,600605.SH,房产服务,28.72,0.0056022408963585,-0.0474389824682021,0.6397,-0.0436230436230437,-0.3836680285162653,0.0038779395266354,0.2399577674329318,-13.292010174558731,257.8689,4.1674,592443.1361
2026-02-10,600605.SH,房产服务,29.09,0.0128830083565461,-0.0164796633941093,0.908,-0.0357971494862446,-0.4118132334743326,0.0038286158405151,0.2369050721375944,-13.304810902930557,261.191,4.2211,600075.586
2026-02-11,600605.SH,房产服务,28.52,-0.0195943623238226,0.0067978533094812,0.6876,-0.0355089617855934,-0.3913115302853117,0.0039051333759253,0.2416392808815001,-13.285022025890951,256.0732,4.1384,588317.4875
2026-02-12,600605.SH,房产服务,27.95,-0.0199859747545582,-0.0039668229354489,0.6302,-0.0535049102607518,-0.4045002148073892,0.0039847733839452,0.2465665606430456,-13.26483363003761,250.9553,4.0557,576559.3891
2026-02-13,600605.SH,房产服务,27.73,-0.0078711985688729,-0.0259833994947673,0.4585,-0.0253075571177503,-0.3622960412090282,0.0040163868583822,0.2485212982752622,-13.25693128995642,248.98,4.0238,572021.1756
2026-02-24,600605.SH,房产服务,27.71,-0.000721240533718,-0.0691622103386809,0.6238,-0.0328097731239092,-0.3572698394194618,0.0040192861426267,0.248700539680171,-13.256209789305068,248.8004,4.0209,571608.6108
2026-02-25,600605.SH,房产服务,28.05,0.0122699386503066,-0.0618336886993604,0.7026,-0.0674867021276595,-0.2871125611745513,0.0039705669810826,0.2456881725713724,-13.268405062249387,251.8532,4.0702,578622.2133
2026-02-26,600605.SH,房产服务,28.14,0.0032085561497325,-0.0235336712527155,0.7352,-0.0626249167221851,-0.2504594959522719,0.003957869273161,0.244899958367007,-13.27160848203436,252.6612,4.0833,580478.7552
2026-02-27,600605.SH,房产服务,27.62,-0.0184790334044064,0.0159318266024455,0.9522,-0.0694070080862533,-0.1763163981188804,0.0040323832635126,0.2495134487748889,-13.25295657834311,247.9923,4.0078,569752.0689
2026-03-02,600605.SH,房产服务,26.99,-0.0228095582910935,0.049023362696285,1.6829,-0.0740994854202401,0.0860928683748039,0.004126507155157,0.2553365335512205,-13.229882857440456,242.3357,3.9164,556756.2759
2026-03-03,600605.SH,房产服务,26.11,-0.032604668395702,0.0753787878787879,1.0828,-0.109481582537517,0.2104926423544468,0.004265585596653,0.2639427772059017,-13.196734813034215,234.4344,3.7887,538603.4221
2026-03-04,600605.SH,房产服务,26.4,0.011106855610877,0.0444938820912126,0.887,-0.079176839902337,0.2572854679121565,0.0042187275220924,0.2610420799832933,-13.207780440584177,237.0383,3.8308,544585.6126
2026-03-05,600605.SH,房产服务,26.97,0.0215909090909089,0.0258935083880378,0.7643,-0.0459851432614079,0.2717421555333175,0.0041295676631726,0.25552574421873,-13.229141567486725,242.1561,3.9135,556343.711
2026-03-06,600605.SH,房产服务,27.42,0.0166852057842048,0.067177802117561,1.1028,-0.0207142857142856,0.3066161675937984,0.0040617945170648,0.2513320599175631,-13.2456891044608,246.1966,3.9788,565626.4203
2026-03-09,600605.SH,房产服务,27.39,-0.00109409190372,0.1010919337794997,0.8725,-0.0140388768898488,0.1057655055823618,0.0040662439941576,0.251610305958132,-13.244594413578572,245.9272,3.9744,565007.573
2026-03-10,600605.SH,房产服务,28.39,0.036509675063892,0.0294639687610933,1.712,0.0223262513503781,0.2050403760531352,0.0039230162973866,0.2427479062993081,-13.2804534007904,254.9059,4.1195,585635.8159
2026-03-11,600605.SH,房产服务,28.17,-0.007749207467418,0.0764308567365803,0.8589,-0.0218749999999999,0.2215417349550019,0.0041503195953604,0.244265858960893,-13.27267401225878,240.9453,4.0939,581097.6025
2025-07-29,600651.SH,电器仪表,5.18,0.0614754098360654,0.0842105263157892,5.543,0.1511111111111109,1.469001011367142,0.0022552628249467,0.1893222264293828,-14.07682851508925,443.4073,5.282,1298640.5118
2025-07-30,600651.SH,电器仪表,5.7,0.1003861003861004,0.0017543859649122,4.9505,0.2808988764044944,1.5587874974058922,0.002049519674569,0.1720489307158956,-14.172489633670253,487.9192,5.8123,1429005.9686
2025-07-31,600651.SH,电器仪表,5.7,0.0,0.1294964028776979,8.2931,0.2808988764044944,1.814606441694868,0.002049519674569,0.1720489307158956,-14.172489633670253,487.9192,5.8123,1429005.9686
2025-08-01,600651.SH,电器仪表,5.56,-0.024561403508772,0.0931372549019609,4.3613,0.2328159645232814,1.6291527953726344,0.0021011263718254,0.1763823970367757,-14.147621567028551,475.9352,5.6695,1393907.5763
2025-08-04,600651.SH,电器仪表,6.12,0.1007194244604317,0.0906148867313916,4.8711,0.3752808988764045,1.4890953831940092,0.0019088665131556,0.1602410024677114,-14.243585555332029,523.8711,6.2406,1534301.1452
2025-08-05,600651.SH,电器仪表,6.18,0.0098039215686274,0.1471103327495622,6.3806,0.3918918918918916,1.2694748763281454,0.0018903337970322,0.158687338337274,-14.25334173028372,529.0071,6.3017,1549343.3133
2025-08-06,600651.SH,电器仪表,5.71,-0.076051779935275,0.0159235668789807,4.9153,0.2947845804988662,1.0878075282740385,0.0020459303172501,0.17174753112924,-14.174242482487124,488.7752,5.8225,1431512.9966
2025-08-07,600651.SH,电器仪表,6.28,0.0998248686514886,-0.0807174887892376,4.8589,0.4305239179954443,0.7060172468537851,0.0018602328899964,0.1561597201617814,-14.269393439262162,537.5671,6.4037,1574413.5934
2025-08-08,600651.SH,电器仪表,6.69,0.0652866242038217,-0.083086053412463,6.6635,0.5,0.6911545326702528,0.001746227711586,0.1465888768360257,-14.332637332914029,572.663,6.8218,1677201.742
2025-08-11,600651.SH,电器仪表,6.74,0.0074738415545589,-0.0625954198473283,5.2875,0.528344671201814,0.6008065032870995,0.0017332734776225,0.1455011058084041,-14.340083383713054,576.943,6.8728,1689736.8821
2025-08-12,600651.SH,电器仪表,6.55,-0.0281899109792285,0.0094043887147337,4.6185,0.5127020785219398,0.4226034739266491,0.0017835514111369,0.14972301242701,-14.311488508426692,560.6791,6.679,1642103.3498
2025-08-13,600651.SH,电器仪表,6.38,-0.0259541984732823,0.1512195121951218,4.2319,0.4401805869074493,0.322011020064348,0.0018310755866171,0.1537113608066772,-14.285191556170211,546.1271,6.5057,1599483.8736
2025-08-14,600651.SH,电器仪表,6.15,-0.0360501567398118,0.1634304207119743,3.8756,0.3851351351351351,0.2185766647284595,0.0018995549532699,0.1594616574444675,-14.248475540596967,526.4391,6.2711,1541822.2292
2025-08-15,600651.SH,电器仪表,6.18,0.0048780487804878,0.2866449511400653,2.3527,0.3856502242152466,-0.0148203598245502,0.0018903337970322,0.158687338337274,-14.25334173028372,529.0071,6.3017,1549343.3133
2025-08-18,600651.SH,电器仪表,6.14,-0.0064724919093851,0.1149068322981365,2.4174,0.3766816143497757,-0.1711279791267188,0.0019026486962765,0.1597214457985273,-14.246848200947312,525.5831,6.2609,1539315.2012
2025-08-19,600651.SH,电器仪表,6.44,0.0488599348534202,0.0127118644067796,4.0903,0.4471910112359551,-0.2285152764469118,0.0018140158483308,0.1522788530356789,-14.294551998935797,551.2631,6.5669,1614526.0417
2025-08-20,600651.SH,电器仪表,7.08,0.0993788819875776,-0.0361613351877608,6.0751,0.5594713656387664,-0.1857019176659018,0.0016500370433316,0.1385137474894383,-14.389297366489116,606.047,7.2195,1774975.8346
2025-08-21,600651.SH,电器仪表,7.19,0.0155367231638419,-0.0354430379746836,6.2969,0.5664488017429194,-0.1303658665203105,0.0016247930419862,0.1363958753887282,-14.404714630536034,615.463,7.3316,1802553.1428
2025-08-22,600651.SH,电器仪表,7.9,0.0987482614742698,0.1044568245125348,7.5015,0.5643564356435644,0.0426403923753966,0.00147876734095,0.1241372461393316,-14.49888621829298,676.2389,8.0556,1980552.1319
2025-08-25,600651.SH,电器仪表,7.18,-0.0911392405063291,0.1311018131101813,6.7636,0.471311475409836,0.1778783171359765,0.0016270559886236,0.1365858988718004,-14.403322841871557,614.607,7.3214,1800046.1148
2025-08-26,600651.SH,电器仪表,7.17,-0.0013927576601671,0.1053391053391055,3.4802,0.3841698841698842,0.1777739757834688,0.0016293252475352,0.1367764525659262,-14.40192911343132,613.751,7.3112,1797539.0868
2025-08-27,600651.SH,电器仪表,6.93,-0.0334728033472803,-0.0157480314960629,3.6885,0.2157894736842105,0.0979900716169999,0.0016857521910564,0.1415127715276303,-14.367883271999448,593.207,7.0665,1737370.4144
2025-08-28,600651.SH,电器仪表,7.62,0.0995670995670996,-0.0882723833543505,6.2539,0.3368421052631578,0.1188723868330632,0.0025227329775438,0.1298380918994014,-14.462799828477609,396.3955,7.7019,1910355.3474
2025-08-29,600651.SH,电器仪表,7.93,0.0406824146981625,-0.0863131935881627,7.1,0.4262589928057554,0.0729608839692104,0.0024241143134738,0.1247629503942509,-14.50267649444403,412.5218,8.0152,1988073.2159
2025-09-01,600651.SH,电器仪表,8.11,0.0226986128625472,-0.0861618798955613,4.744,0.3251633986928104,-0.0052118244929175,0.0023703113759539,0.1219943638603896,-14.525121326939294,421.8855,8.1971,2033199.7202
2025-09-02,600651.SH,电器仪表,7.66,-0.0554870530209616,-0.0946666666666666,4.0588,0.2394822006472492,0.0413672851227058,0.0025095595396765,0.1291605853557728,-14.468035442552464,398.4763,7.7423,1920383.4595
2025-09-03,600651.SH,电器仪表,7.5,-0.02088772845953,-0.0608575380359612,2.8895,0.3134851138353764,0.0301959005967198,0.002563097041417,0.1319156794976651,-14.446926479363611,390.153,7.5806,1880271.0113
2025-09-04,600651.SH,电器仪表,7.23,-0.0359999999999999,-0.0499325236167341,3.0257,0.1512738853503186,-0.0853439340314058,0.0026588143017621,0.1368419612189882,-14.410262494940604,376.1075,7.3077,1812581.2548
2025-09-05,600651.SH,电器仪表,7.41,0.0248962655601658,0.1057142857142856,2.2947,0.10762331838565,-0.2525692971597968,0.002594227532433,0.1335184789574877,-14.434853898094678,385.4712,7.4896,1857707.7591
2025-09-08,600651.SH,电器仪表,7.0,-0.0553306342780026,0.1693667157584684,2.8663,0.0385756676557862,-0.3168978088600181,0.0027461754015183,0.1413387607417458,-14.377933607850071,364.1428,7.0752,1754919.6105
2025-09-09,600651.SH,电器仪表,6.79,-0.03,0.1929307805596465,2.344,0.0366412213740459,-0.378339004013869,0.0028311087896019,0.1457109968089291,-14.347474400374177,353.2185,6.8629,1702272.0222
2025-09-10,600651.SH,电器仪表,6.79,0.0,0.265625,1.4475,0.0642633228840126,-0.4266485732269746,0.0028311087896019,0.1457109968089291,-14.347474400374177,353.2185,6.8629,1702272.0222
2025-09-11,600651.SH,电器仪表,7.04,0.036818851251841,0.2661498708010337,2.5646,0.1447154471544713,-0.4399332808138573,0.0027305722514878,0.1405362864691663,-14.383631628987372,366.2236,7.1156,1764947.7226
2025-09-12,600651.SH,电器仪表,7.74,0.0994318181818181,0.1297229219143576,3.475,0.2524271844660195,-0.3908476507451051,0.0024836211394903,0.1278265649167209,-14.47842514639124,402.6379,7.8231,1940439.6836
2025-09-15,600651.SH,电器仪表,7.94,0.0258397932816538,0.1197530864197531,4.93,0.2931596091205213,-0.312558723298727,0.0024210612964299,0.1246059337345644,-14.50393673404878,413.042,8.0253,1990580.2439
2025-09-16,600651.SH,电器仪表,8.1,0.0201511335012594,0.0370370370370369,3.5331,0.2577639751552794,-0.2523305782412176,0.0023732376633766,0.1221448638084768,-14.523887520497771,421.3653,8.187,2030692.6922
2025-09-17,600651.SH,电器仪表,8.91,0.1,-0.0846938775510204,3.9499,0.2584745762711864,-0.112937865125463,0.0021574889245306,0.1110407852804335,-14.619197700293144,463.5018,9.0057,2233761.9614
2025-09-18,600651.SH,电器仪表,9.8,0.0998877665544333,-0.0167224080267558,6.0515,0.3630041724617525,0.0578057744300726,0.0019615539351812,0.1009560538297679,-14.714405844471283,509.7999,9.9053,2456887.4547
2025-09-19,600651.SH,电器仪表,8.97,-0.0846938775510204,-0.0507166482910695,8.371,0.1354430379746836,0.2804448908409456,0.002143057671825,0.1102973616871084,-14.625909134885474,466.623,9.0664,2248804.1295
2025-09-22,600651.SH,电器仪表,9.07,0.0111482720178373,-0.0692640692640693,4.6177,0.2632311977715877,0.2987896319927923,0.0021194294241658,0.1090821825163077,-14.636995722919604,471.8251,9.1674,2273874.4096
2025-09-23,600651.SH,电器仪表,9.24,0.0187431091510474,-0.0312151616499444,4.8679,0.2887029288702929,0.3413647657017393,0.0020804358929282,0.1070744060047327,-14.655565344465618,480.6685,9.3393,2316493.8859
2025-09-24,600651.SH,电器仪表,8.97,-0.0292207792207791,-0.0566893424036281,3.2719,0.2943722943722946,0.3153150973299299,0.002143057671825,0.1102973616871084,-14.625909134885474,466.623,9.0664,2248804.1295
2025-09-25,600651.SH,电器仪表,8.82,-0.0167224080267558,-0.008130081300813,3.1307,0.1574803149606298,0.2200699576783706,0.0021795044199259,0.1121742739520118,-14.60904532879989,458.8199,8.9147,2211198.7092
2025-09-26,600651.SH,电器仪表,8.61,-0.0238095238095239,0.0325581395348839,2.6736,0.0857503152585119,-0.0114529327336588,0.0022326626489158,0.11490950876185,-14.584947777227448,447.8957,8.7025,2158551.1209
2025-09-29,600651.SH,电器仪表,8.6,-0.0011614401858304,-0.0046029919447639,1.8632,0.0604192355117139,-0.1245718336457757,0.0022352587479645,0.1150430260917583,-14.58378566205422,447.3755,8.6924,2156044.0929
2025-09-30,600651.SH,电器仪表,8.69,0.0104651162790696,0.0757211538461537,2.8781,0.1344647519582245,-0.2220522225772353,0.0022121089516749,0.1138524244873794,-14.594196398055994,452.0573,8.7833,2178607.345
2025-10-09,600651.SH,电器仪表,8.32,-0.0425776754890677,0.0761124121779859,2.9139,0.1093333333333332,-0.2424683728646144,0.0023104842613277,0.118914548005803,-14.550685713637463,432.8097,8.4094,2085847.3085
2025-10-10,600651.SH,电器仪表,8.54,0.0264423076923074,-0.0281531531531531,2.837,0.1811894882434299,-0.2570258007719915,0.0022509635249368,0.115852033782453,-14.576784466590563,444.2542,8.6317,2141001.9248
2025-10-13,600651.SH,电器仪表,8.88,0.0398126463700236,0.0196531791907514,3.4483,0.1983805668016194,-0.225906223624006,0.0021647776816616,0.1114156472134946,-14.615825015789852,461.9412,8.9754,2226240.8773
2025-10-14,600651.SH,电器仪表,8.65,-0.0259009009009009,0.0223463687150839,3.2265,0.2357142857142857,-0.1544324639410791,0.0022223382776656,0.1143785242882796,-14.589582779750074,449.9765,8.7429,2168579.233
2025-10-15,600651.SH,电器仪表,8.95,0.0346820809248553,-0.0163220892274211,3.3669,0.3181148748159057,-0.1395823657044631,0.0021478465904868,0.1105448756922873,-14.62367699107038,465.5826,9.0461,2243790.0734
2025-10-16,600651.SH,电器仪表,9.19,0.0268156424581005,0.0023174971031285,3.9201,0.3534609720176729,-0.1145815901511249,0.0020917548254169,0.1076576916037766,-14.650139395168864,478.0675,9.2887,2303958.7458
2025-10-17,600651.SH,电器仪表,8.63,-0.0609357997823719,-0.028344671201814,2.8458,0.2258522727272729,-0.1173881250484101,0.0022274885000337,0.1146434016990152,-14.587267963869294,448.9361,8.7227,2163565.1769
2025-10-20,600651.SH,电器仪表,8.82,0.0220162224797217,-0.0579234972677596,4.1393,0.1395348837209302,-0.0890463374129969,0.0021795044199259,0.1121742739520118,-14.60904532879989,458.8199,8.9147,2211198.7092
2025-10-21,600651.SH,电器仪表,9.15,0.0374149659863944,-0.0940265486725663,4.4548,0.1523929471032745,-0.0190358454293542,0.0021008990377252,0.1081279802774563,-14.645777338071287,475.9867,9.2483,2293930.6337
2025-10-22,600651.SH,电器仪表,9.04,-0.0120218579234974,-0.0508670520231213,3.4095,0.1160493827160493,-0.0152103424032234,0.0021264633257376,0.1094439154655197,-14.633682633216493,470.2644,9.1371,2266353.3256
2025-10-23,600651.SH,电器仪表,8.65,-0.0431415929203538,-0.0501750291715286,2.6507,-0.0291806958473624,-0.0658941210380793,0.0022223382776656,0.1143785242882796,-14.589582779750074,449.9765,8.7429,2168579.233
2025-10-24,600651.SH,电器仪表,8.57,-0.0092485549132947,-0.0510440835266821,1.7193,-0.1255102040816327,-0.0723987411870346,0.0022430838994129,0.1154454462543724,-14.58029119142539,445.8148,8.6621,2148523.0089
2025-10-27,600651.SH,电器仪表,8.62,0.0058343057176195,-0.0048840048840047,1.7801,-0.0390189520624304,-0.1243093447972593,0.0022300725732517,0.1147763009893717,-14.586108543456476,448.4159,8.7126,2161058.1489
2025-10-28,600651.SH,电器仪表,8.19,-0.0498839907192575,0.0121802679658951,2.3349,-0.0970231532524807,-0.2292876523711172,0.0023471583306164,0.1208021261174196,-14.53493735666704,426.0471,8.278,2053255.9443
2025-10-29,600651.SH,电器仪表,8.21,0.0024420024420026,-0.0073710073710073,1.4879,-0.1114718614718613,-0.3163686217385716,0.0023414405713114,0.120508061989347,-14.537376382251807,427.0875,8.2982,2058270.0003
2025-10-30,600651.SH,电器仪表,8.14,-0.0085261875761266,-0.0207823960880195,2.1436,-0.092530657748049,-0.3383358788764193,0.0024326780671691,0.1221568004690821,-14.528813638804309,411.0696,8.1862,2040720.8042
2025-10-31,600651.SH,电器仪表,8.18,0.0049140049140048,-0.0368098159509203,1.1662,-0.072562358276644,-0.3548499177519963,0.0024207823193805,0.1215598560731304,-14.533715609424045,413.0896,8.2264,2050748.9163
2025-11-03,600651.SH,电器仪表,8.15,-0.0036674816625915,-0.0264741275571601,1.1303,-0.0534262485481996,-0.384701878755836,0.0024296931832042,0.1220062711223356,-14.530041386035291,411.5746,8.1963,2043227.8322
2025-11-04,600651.SH,电器仪表,8.31,0.0196319018404909,0.0037128712871286,1.8853,-0.033720930232558,-0.4184206853559367,0.0023829120424272,0.1196573014885368,-14.549483067678914,419.6546,8.3572,2083340.2805
2025-11-05,600651.SH,电器仪表,8.08,-0.0276774969915765,0.0112359550561798,1.2961,-0.0701956271576523,-0.4154899197607201,0.0024507425259705,0.1230632914507931,-14.521415331317888,408.0396,8.1259,2025678.6361
2025-11-06,600651.SH,电器仪表,8.01,-0.0086633663366336,0.0343949044585987,0.994,-0.0372596153846154,-0.4846864636539894,0.0024721597727195,0.1241387871640494,-14.512714219867556,404.5046,8.0555,2008129.44
2025-11-07,600651.SH,电器仪表,7.85,-0.0199750312109863,0.0420271940667491,1.3509,-0.0807962529274004,-0.4538230377124337,0.0025225477934517,0.1266688622602791,-14.492536990601778,396.4246,7.8946,1968016.9918
2025-11-10,600651.SH,电器仪表,8.09,0.0305732484076433,-0.001233045622688,1.4397,-0.0889639639639641,-0.4038753238529029,0.0024477131750119,0.1229120318587986,-14.522652189847902,408.5446,8.1359,2028185.6641
2025-11-11,600651.SH,电器仪表,8.11,0.0024721878862792,-0.0259259259259259,1.3749,-0.0624277456647399,-0.4247665976836867,0.0024416768850844,0.1226091221186856,-14.525121326939294,409.5546,8.156,2033199.7202
2025-11-12,600651.SH,电器仪表,8.1,-0.001233045622688,-0.0332512315270935,1.5969,-0.0949720670391061,-0.3732511137445704,0.0024446913039396,0.1227596366314755,-14.523887520497771,409.0496,8.146,2030692.6922
2025-11-13,600651.SH,电器仪表,8.12,0.0024691358024691,-0.0545670225385528,0.998,-0.116430903155604,-0.3272932618873481,0.0024386698909134,0.1224574766412363,-14.526353612978168,410.0596,8.1661,2035706.7482
2025-11-14,600651.SH,电器仪表,8.43,0.0381773399014779,-0.0641975308641974,2.7943,-0.0231749710312862,-0.1826177494040606,0.0023489915544357,0.1179551298685979,-14.563820230787227,425.7146,8.4778,2113424.6166
2025-11-17,600651.SH,电器仪表,8.1,-0.0391459074733095,-0.0101394169835234,1.9727,-0.0816326530612245,-0.0798549766851589,0.0024446913039396,0.1227596366314755,-14.523887520497771,409.0496,8.146,2030692.6922
2025-11-18,600651.SH,电器仪表,7.89,-0.0259259259259259,0.0496815286624203,1.2392,-0.1377049180327869,-0.0103582677731594,0.0025097591986439,0.126027121036447,-14.497619593634846,398.4446,7.9348,1978045.1038
2025-11-19,600651.SH,电器仪表,7.85,-0.0050697084917616,0.0263488080301128,0.8358,-0.1316371681415928,-0.0258086161263464,0.0025225477934517,0.1266688622602791,-14.492536990601778,396.4246,7.8946,1968016.9918
2025-11-20,600651.SH,电器仪表,7.97,0.0152866242038216,0.092348284960422,0.6551,-0.0786127167630058,-0.0068487706655361,0.0024845671113876,0.1247629503942509,-14.507707951619402,402.4846,8.0152,1998101.328
2025-11-21,600651.SH,电器仪表,7.58,-0.0489335006273525,0.0729833546734957,1.2717,-0.1155192532088681,-0.1966410735655988,0.0026124011728636,0.1311819493637675,-14.457536658464823,382.7896,7.623,1900327.2354
2025-11-24,600651.SH,电器仪表,7.81,0.0303430079155673,-0.0182038834951456,1.3081,-0.093967517401392,-0.2744948011313176,0.0025354673855223,0.1273187935271125,-14.487428422638692,394.4046,7.8543,1957988.8797
2025-11-25,600651.SH,电器仪表,8.24,0.0550576184379001,-0.02200488997555,2.0804,0.006105006105006,-0.1521892691869019,0.0024031552467127,0.1206738427378481,-14.5410238027355,416.1196,8.2868,2065791.0844
2025-11-26,600651.SH,电器仪表,8.18,-0.0072815533980583,-0.0362318840579708,1.5466,-0.0036540803897686,-0.0561283089979985,0.0024207823193805,0.1215598560731304,-14.533715609424045,413.0896,8.2264,2050748.9163
2025-11-27,600651.SH,电器仪表,8.28,0.0122249388753055,-0.0465393794749403,1.6601,0.017199017199017,0.1004080947535168,0.0023915457899706,0.1200912693647171,-14.545866427182292,418.1396,8.327,2075819.1964
2025-11-28,600651.SH,电器仪表,8.38,0.0120772946859906,-0.0037082818294189,1.3703,0.0244498777506114,0.1063040791100125,0.0023630070304185,0.1186577436043476,-14.557871373303028,423.1896,8.4276,2100889.4766
2025-12-01,600651.SH,电器仪表,8.09,-0.0346062052505967,-0.0024999999999999,1.5013,-0.0073619631901841,0.1187258753436586,0.0024477131750119,0.1229120318587986,-14.522652189847902,408.5446,8.1359,2028185.6641
2025-12-02,600651.SH,电器仪表,8.0,-0.011124845488257,0.0313283208020049,1.0561,-0.0373044524669073,0.0068943130737912,0.002475249975495,0.1242946279861784,-14.511465000474594,403.9996,8.0454,2005622.412
2025-12-03,600651.SH,电器仪表,7.98,-0.0024999999999999,0.0362953692115142,0.9074,-0.0123762376237623,-0.0705707693133237,0.0024814536156764,0.1246059337345644,-14.50896187027147,402.9896,8.0253,2000608.356
2025-12-04,600651.SH,电器仪表,7.99,0.0012531328320801,-0.0024813895781639,0.9559,-0.0024968789013731,-0.1702071258158578,0.0024783479134541,0.1244493117953057,-14.51021421858043,403.4946,8.0354,2003115.384
2025-12-05,600651.SH,电器仪表,8.06,0.0087609511889863,0.0213032581453633,0.8671,0.0267515923566881,-0.2289476370317443,0.0024568237789094,0.1233699742156753,-14.518937015318244,407.0296,8.1057,2020664.5801
2025-12-08,600651.SH,电器仪表,7.98,-0.009925558312655,-0.0449574726609963,1.3474,-0.0135970333745364,-0.2488615290076922,0.0024814536156764,0.1246059337345644,-14.50896187027147,402.9896,8.0253,2000608.356
2025-12-09,600651.SH,电器仪表,8.23,0.0313283208020049,-0.0978260869565217,3.5916,0.0147965474722566,0.0379483015293005,0.0024060752437474,0.1208211001969384,-14.539809473461926,415.6146,8.2767,2063284.0563
2025-12-10,600651.SH,电器仪表,8.28,0.0060753341433776,-0.0771144278606964,1.9059,0.0222222222222221,0.1609442491210446,0.0023915457899706,0.1200912693647171,-14.545866427182292,418.1396,8.327,2075819.1964
2025-12-11,600651.SH,电器仪表,8.04,-0.0289855072463768,-0.0957055214723926,1.6909,-0.0098522167487684,0.2308306526299257,0.0024629352868679,0.1236766597407737,-14.516452542005478,406.0196,8.0856,2015650.5241
2025-12-12,600651.SH,电器仪表,8.15,0.0136815920398012,-0.0483460559796437,1.5923,-0.0332147093712928,0.3800428533957398,0.0024296931832042,0.1220062711223356,-14.530041386035291,411.5746,8.1963,2043227.8322
2025-12-15,600651.SH,电器仪表,7.86,-0.0355828220858895,-0.0133868808567603,1.4397,-0.0296296296296295,0.4183721971071614,0.0025193384418798,0.1265086152366976,-14.493810065240949,396.9296,7.9046,1970524.0198
2025-12-16,600651.SH,电器仪表,7.47,-0.049618320610687,-0.0336927223719676,1.5137,-0.0532319391634981,0.1193439963708096,0.0026508703072305,0.1331132527554443,-14.442918457936813,377.2346,7.5124,1872749.9272
2025-12-17,600651.SH,电器仪表,7.42,-0.0066934404283801,0.0067842605156038,1.3951,-0.0547770700636942,0.029339070092087,0.0026687333337603,0.1340105332279117,-14.43620251595792,374.7096,7.4621,1860214.7871
2025-12-18,600651.SH,电器仪表,7.37,-0.0067385444743934,-0.0294117647058824,0.8336,-0.0752823086574654,-0.0917573872472783,0.0026868387354017,0.1349199924444804,-14.429441165020355,372.1846,7.4118,1847679.6471
2025-12-19,600651.SH,电器仪表,7.48,0.0149253731343284,-0.0217096336499321,1.0226,-0.0131926121372031,-0.1611330996650452,0.0026473263592167,0.132934529744101,-14.444256250770476,377.7396,7.5225,1875256.9552
2025-12-22,600651.SH,电器仪表,7.37,-0.0147058823529412,0.0027894002789401,0.8718,-0.056338028169014,-0.2265058422356243,0.0026868387354017,0.1349199924444804,-14.429441165020355,372.1846,7.4118,1847679.6471
2025-12-23,600651.SH,电器仪表,7.17,-0.0271370420624151,-0.0309973045822101,1.2154,-0.1298543689320388,-0.2450362031904062,0.0027617847426306,0.1386827908524831,-14.40192911343132,362.0847,7.2107,1797539.0868
2025-12-24,600651.SH,电器仪表,7.42,0.0348675034867502,0.0041322314049587,1.1682,-0.0929095354523227,-0.2673221913252873,0.0026687333337603,0.1340105332279117,-14.43620251595792,374.7096,7.4621,1860214.7871
2025-12-25,600651.SH,电器仪表,7.26,-0.0215633423180593,0.0124826629680998,0.9525,-0.1231884057971014,-0.2307748871273733,0.002727547713674,0.1369637867747767,-14.414403287636956,366.6297,7.3012,1820102.3389
2025-12-26,600651.SH,电器仪表,7.21,-0.0068870523415978,0.0319888734353268,0.8882,-0.139618138424821,-0.2370165477023731,0.0027464627619473,0.137913914134797,-14.407492410083316,364.1047,7.2509,1807567.1988
2025-12-29,600651.SH,电器仪表,7.19,-0.002773925104022,0.0333796940194714,0.7831,-0.1112484548825709,-0.2295863222878241,0.0027541024421452,0.1382972838413453,-14.404714630536034,363.0947,7.2308,1802553.1428
2025-12-30,600651.SH,电器仪表,7.19,0.0,0.0260631001371742,0.7405,-0.1012499999999999,-0.2940828333248971,0.0027541024421452,0.1382972838413453,-14.404714630536034,363.0947,7.2308,1802553.1428
2025-12-31,600651.SH,电器仪表,7.29,0.0139082058414463,0.0465753424657533,1.2919,-0.0864661654135339,-0.2855137067755126,0.0027163232283392,0.136399596257195,-14.418527004796172,368.1447,7.3314,1827623.4229
2026-01-05,600651.SH,电器仪表,7.3,0.0013717421124828,0.1320754716981131,1.2659,-0.0863579474342929,-0.2463851630562528,0.0027126022345874,0.1362138011823357,-14.419897806976424,368.6497,7.3414,1830130.451
2026-01-06,600651.SH,电器仪表,7.42,0.0164383561643834,0.1534320323014806,1.5376,-0.0794044665012407,-0.1690297583176513,0.0026687333337603,0.1340105332279117,-14.43620251595792,374.7096,7.4621,1860214.7871
2026-01-07,600651.SH,电器仪表,7.43,0.0013477088948787,0.179144385026738,1.2963,-0.0689223057644111,-0.0914182421620339,0.0026651414950271,0.1338293942881614,-14.437549317500268,375.2146,7.4722,1862721.8151
2026-01-08,600651.SH,电器仪表,7.48,0.0067294751009421,0.1937172774869109,1.4244,-0.0911300121506683,0.0980603795469925,0.0026473263592167,0.132934529744101,-14.444256250770476,377.7396,7.5225,1875256.9552
2026-01-09,600651.SH,电器仪表,7.64,0.0213903743315506,0.0380952380952381,1.6069,-0.0772946859903381,0.1628088999046091,0.0025918849120158,0.1301507145274227,-14.46542106199407,385.8196,7.6834,1915369.4035
2026-01-12,600651.SH,电器仪表,8.4,0.099476439790576,-0.0175029171528589,4.3161,0.0447761194029852,0.4996869913609614,0.0023573808178979,0.1183754157936479,-14.560255164644026,424.1996,8.4477,2105903.5326
2026-01-13,600651.SH,电器仪表,8.57,0.0202380952380951,-0.052154195011338,4.6244,0.0515337423312882,0.7580686301465156,0.0023106182613706,0.1160281252175527,-14.58029119142539,432.7846,8.6186,2148523.0089
2026-01-14,600651.SH,电器仪表,8.82,0.029171528588098,-0.0910087719298246,4.9491,0.1221374045801526,1.008576354782134,0.0022451244876625,0.112738300582857,-14.60904532879989,445.4096,8.8701,2211198.7092
2026-01-15,600651.SH,电器仪表,9.12,0.0340136054421766,-0.0481651376146788,3.2788,0.220883534136546,1.1177698068940622,0.0021712716443213,0.1090298523735799,-14.642493262889746,460.5596,9.1718,2286409.5497
2026-01-16,600651.SH,电器仪表,8.72,-0.0438596491228068,0.0558194774346794,3.1596,0.1752021563342318,1.1842269971445378,0.0022708713515045,0.1140315867495296,-14.597642696724794,440.3596,8.7695,2186128.4291
2026-01-19,600651.SH,电器仪表,8.42,-0.0344036697247707,0.0047846889952154,2.4964,0.1424694708276797,0.9036711520016862,0.002351781333253,0.1180944283048725,-14.562633287034782,425.2096,8.4678,2110917.5886
2026-01-20,600651.SH,电器仪表,8.36,-0.007125890736342,0.0205066344993971,2.1561,0.1176470588235292,0.6030702192728219,0.0023686601626416,0.1189414213499851,-14.555481885872284,422.1796,8.4075,2095875.4205
2026-01-21,600651.SH,电器仪表,8.29,-0.0083732057416268,0.0132530120481926,1.0992,0.1248303934871097,0.2114204508752666,0.002388660931014,0.1199457845054035,-14.54707342792512,418.6446,8.3371,2078326.2244
2026-01-22,600651.SH,电器仪表,8.3,0.0012062726176118,-0.0809898762654668,1.1879,0.1576011157601116,0.0043184140456602,0.0023857830235314,0.1198020869523547,-14.548278973621338,419.1496,8.3471,2080833.2525
2026-01-23,600651.SH,电器仪表,8.89,0.0710843373493976,-0.0261904761904763,2.8679,0.1981132075471698,-0.0642323508925931,0.0022274463263395,0.1118505676416307,-14.616950508304868,448.9446,8.9405,2228747.9053
2026-01-26,600651.SH,电器仪表,8.4,-0.0551181102362204,-0.0673758865248228,2.2977,0.1570247933884299,-0.1116945548673387,0.0023573808178979,0.1183754157936479,-14.560255164644026,424.1996,8.4477,2105903.5326
2026-01-27,600651.SH,电器仪表,8.46,0.0071428571428571,-0.0309155766944113,1.9058,0.1733703190013871,-0.154713947648897,0.0023406617893516,0.1175364362952515,-14.567372632417603,427.2296,8.508,2120945.7007
2026-01-28,600651.SH,电器仪表,8.41,-0.0059101654846336,-0.0146878824969399,1.5179,0.1696801112656467,-0.1313093619781256,0.0023545777465089,0.1182354540832613,-14.5614449327725,424.7046,8.4577,2108410.5606
2026-01-29,600651.SH,电器仪表,8.17,-0.0285374554102258,-0.0207823960880195,1.6366,0.1363004172461752,-0.1091742619755423,0.002423745336108,0.1217078039043863,-14.532492367688638,412.5846,8.2164,2048241.8883
2026-01-30,600651.SH,电器仪表,8.18,0.0012239902080783,0.0063371356147021,1.2661,0.1220850480109738,-0.2482921376226554,0.0024207823193805,0.1215598560731304,-14.533715609424045,413.0896,8.2264,2050748.9163
2026-02-02,600651.SH,电器仪表,7.89,-0.0354523227383862,0.0,1.1239,0.0808219178082192,-0.3485891402378646,0.0025097591986439,0.126027121036447,-14.497619593634846,398.4446,7.9348,1978045.1038
2026-02-03,600651.SH,电器仪表,8.15,0.0329531051964513,0.0273291925465837,1.057,0.0983827493261455,-0.416675318822747,0.0024296931832042,0.1220062711223356,-14.530041386035291,411.5746,8.1963,2043227.8322
2026-02-04,600651.SH,电器仪表,8.05,-0.0122699386503066,0.056179775280899,0.9365,0.0834454912516824,-0.4637873177118707,0.0024598757369172,0.1235223637239522,-14.517695550237615,406.5246,8.0957,2018157.5521
2026-02-05,600651.SH,电器仪表,8.01,-0.0049689440993789,0.021410579345088,0.7206,0.0708556149732619,-0.5381375199357531,0.0024721597727195,0.1241387871640494,-14.512714219867556,404.5046,8.0555,2008129.44
2026-02-06,600651.SH,电器仪表,7.94,-0.0087390761548064,-0.0085889570552147,0.78,0.0392670157068064,-0.5741580908118475,0.0024939546539189,0.1252332469223929,-14.50393673404878,400.9696,7.9851,1990580.2439
2026-02-09,600651.SH,电器仪表,8.15,0.026448362720403,-0.0447400241837967,0.9723,-0.0297619047619047,-0.5537370921571272,0.0024296931832042,0.1220062711223356,-14.530041386035291,411.5746,8.1963,2043227.8322
2026-02-10,600651.SH,电器仪表,8.27,0.014723926380368,-0.0520094562647756,1.0611,-0.0350058343057176,-0.5096859105304288,0.0023944376256181,0.1202371075761401,-14.544657967827948,417.6346,8.3169,2073312.1684
2026-02-11,600651.SH,电器仪表,8.46,0.0229746070133012,-0.0135635018495683,2.5481,-0.0408163265306121,-0.2859184901451445,0.0023406617893516,0.1175364362952515,-14.567372632417603,427.2296,8.508,2120945.7007
2026-02-12,600651.SH,电器仪表,8.11,-0.0413711583924351,-0.0061881188118813,1.4493,-0.1107456140350877,-0.154987593052109,0.0024416768850844,0.1226091221186856,-14.525121326939294,409.5546,8.156,2033199.7202
2026-02-13,600651.SH,电器仪表,8.08,-0.003699136868064,-0.0329113924050633,1.0576,-0.0733944954128441,-0.0592076448337648,0.0024507425259705,0.1230632914507931,-14.521415331317888,408.0396,8.1259,2025678.6361
2026-02-24,600651.SH,电器仪表,7.9,-0.0222772277227722,-0.0735660847880299,1.0949,-0.0617577197149643,0.0037408870252118,0.0025065822850806,0.1258684925989326,-14.49888621829298,398.9496,7.9448,1980552.1319
2026-02-25,600651.SH,电器仪表,8.02,0.0151898734177213,-0.08125,0.9117,-0.04066985645933,0.027436972803096,0.0024690772761929,0.1239848738453908,-14.51396188065826,405.0096,8.0655,2010636.468
2026-02-26,600651.SH,电器仪表,8.0,-0.0024937655860348,-0.0610211706102116,0.9165,-0.0349819059107356,-0.2046694544735513,0.002475249975495,0.1242946279861784,-14.511465000474594,403.9996,8.0454,2005622.412
2026-02-27,600651.SH,电器仪表,8.03,0.0037499999999999,-0.013089005235602,0.8501,-0.0325301204819278,-0.2835723501757403,0.0024660024571248,0.1238298083114567,-14.515207986731074,405.5146,8.0756,2013143.496
2026-03-02,600651.SH,电器仪表,7.64,-0.0485678704856786,0.0013458950201885,1.4595,-0.1406074240719911,-0.1812136195781435,0.0025918849120158,0.1301507145274227,-14.46542106199407,385.8196,7.6834,1915369.4035
2026-03-03,600651.SH,电器仪表,7.43,-0.0274869109947644,0.0326530612244897,1.1593,-0.1154761904761905,-0.1325046673872457,0.0026651414950271,0.1338293942881614,-14.437549317500268,375.2146,7.4722,1862721.8151
2026-03-04,600651.SH,电器仪表,7.35,-0.0107671601615073,-0.0039787798408488,0.7868,-0.1312056737588653,-0.1122896446378155,0.0026941498690912,0.1352868758201766,-14.426723772005936,371.1746,7.3917,1842665.591
2026-03-05,600651.SH,电器仪表,7.54,0.0258503401360545,-0.0238726790450928,0.9595,-0.1034482758620689,-0.0829369510361623,0.0026262600795861,0.1318774067626734,-14.452245640809332,380.7696,7.5828,1890299.1233
2026-03-06,600651.SH,电器仪表,7.54,0.0,-0.0228494623655914,0.6303,-0.077111383108935,-0.0809296677720997,0.0026262600795861,0.1318774067626734,-14.452245640809332,380.7696,7.5828,1890299.1233
2026-03-09,600651.SH,电器仪表,7.44,-0.0132625994694959,-0.0316205533596838,0.8172,-0.0904645476772615,-0.1822169620800106,0.0026615593117846,0.1336505305926064,-14.438894307661204,375.7196,7.4822,1865228.8432
2026-03-10,600651.SH,电器仪表,7.59,0.0201612903225805,-0.0346205059920106,0.7087,-0.0380228136882129,-0.25228720601619,0.0026089592704932,0.1310083714349346,-14.45885505021018,383.2946,7.6331,1902834.2634
2026-03-11,600651.SH,电器仪表,7.51,-0.0105401844532279,-0.0095108695652174,0.6577,-0.0785276073619632,-0.2629250355264507,0.0026367511428997,0.1324047347933162,-14.44825892458939,379.2546,7.5526,1882778.0393
2025-07-29,600653.SH,汽车服务,1.93,-0.0051546391752577,-0.0103092783505154,1.4961,0.0265957446808511,-0.0920958849695887,0.0143416672761875,0.215340884620354,-12.836416867858231,69.7269,4.6438,375651.4012
2025-07-30,600653.SH,汽车服务,1.94,0.005181347150259,0.0158730158730158,1.0921,0.0210526315789474,-0.13983103187758,0.0142677369371734,0.2142336861048031,-12.841584837971393,70.0882,4.6678,377597.7815
2025-07-31,600653.SH,汽车服务,1.89,-0.0257731958762886,0.0105820105820106,1.7433,-0.0104712041884816,-0.1504661057869831,0.0146451909586449,0.2199010445299615,-12.815473693927071,68.2818,4.5475,367865.8799
2025-08-01,600653.SH,汽车服务,1.89,0.0,0.0158730158730158,1.3716,0.0,-0.1574106277971481,0.0146451909586449,0.2199010445299615,-12.815473693927071,68.2818,4.5475,367865.8799
2025-08-04,600653.SH,汽车服务,1.89,0.0,0.0052083333333332,1.0407,-0.0104712041884816,-0.2110484569128899,0.0146451909586449,0.2199010445299615,-12.815473693927071,68.2818,4.5475,367865.8799
2025-08-05,600653.SH,汽车服务,1.92,0.0158730158730158,0.0052083333333332,1.251,-0.005181347150259,-0.2385287776527934,0.0144163469841722,0.216464272571812,-12.83122205102688,69.3657,4.6197,373705.0209
2025-08-06,600653.SH,汽车服务,1.92,0.0,0.0104712041884815,1.2524,-0.0103092783505154,-0.1941768720654436,0.0144163469841722,0.216464272571812,-12.83122205102688,69.3657,4.6197,373705.0209
2025-08-07,600653.SH,汽车服务,1.91,-0.0052083333333333,-0.0208333333333333,1.0772,-0.0255102040816326,-0.2519978157422575,0.0144918295065242,0.217599442945426,-12.82600010682297,69.0044,4.5956,371758.6405
2025-08-08,600653.SH,汽车服务,1.92,0.0052356020942407,-0.0207253886010363,1.2115,-0.0351758793969849,-0.2530574088539999,0.0144163469841722,0.216464272571812,-12.83122205102688,69.3657,4.6197,373705.0209
2025-08-11,600653.SH,汽车服务,1.93,0.0052083333333332,-0.005181347150259,1.9648,-0.0102564102564102,-0.1285523592114682,0.0143416672761875,0.215340884620354,-12.836416867858231,69.7269,4.6438,375651.4012
2025-08-12,600653.SH,汽车服务,1.93,0.0,0.0155440414507772,1.3906,0.0104712041884815,-0.0937552357267927,0.0143416672761875,0.215340884620354,-12.836416867858231,69.7269,4.6438,375651.4012
2025-08-13,600653.SH,汽车服务,1.93,0.0,0.0851063829787235,1.6761,-0.0051546391752577,-0.0139185898882269,0.0143416672761875,0.215340884620354,-12.836416867858231,69.7269,4.6438,375651.4012
2025-08-14,600653.SH,汽车服务,1.88,-0.0259067357512953,0.0740740740740739,2.1059,-0.0309278350515463,0.1060269853150603,0.0147230953835734,0.2210726444709732,-12.810168641743648,67.9205,4.5234,365919.4996
2025-08-15,600653.SH,汽车服务,1.89,0.0053191489361701,0.0625,1.1955,-0.015625,0.1045109468249734,0.0146451909586449,0.2199010445299615,-12.815473693927071,68.2818,4.5475,367865.8799
2025-08-18,600653.SH,汽车服务,1.92,0.0158730158730158,0.0408163265306122,2.3118,-0.0253807106598985,0.1481083440528823,0.0144163469841722,0.216464272571812,-12.83122205102688,69.3657,4.6197,373705.0209
2025-08-19,600653.SH,汽车服务,1.96,0.0208333333333332,0.0049019607843137,2.9346,-0.01010101010101,0.2910594772067181,0.0141221395606319,0.2120486015394728,-12.851841338049404,70.8108,4.7159,381490.5421
2025-08-20,600653.SH,汽车服务,2.04,0.0408163265306122,-0.0098522167487684,4.9774,0.0461538461538462,0.5461656516234499,0.0135683369289426,0.2037323771493765,-12.891846672827576,73.701,4.9084,397061.5847
2025-08-21,600653.SH,汽车服务,2.03,-0.0049019607843138,-0.0245098039215686,3.0078,0.025252525252525,0.5921227604548891,0.0136351798548398,0.2047334370649414,-12.88693265806857,73.3397,4.8844,395115.2044
2025-08-22,600653.SH,汽车服务,2.04,0.0049261083743843,-0.0441176470588235,2.1839,0.0355329949238578,0.6706222771311527,0.0135683369289426,0.2037323771493765,-12.891846672827576,73.701,4.9084,397061.5847
2025-08-25,600653.SH,汽车服务,2.04,0.0,-0.0292682926829267,2.4514,0.0515463917525773,0.648847112946096,0.0135683369289426,0.2037323771493765,-12.891846672827576,73.701,4.9084,397061.5847
2025-08-26,600653.SH,汽车服务,2.05,0.0049019607843137,0.0895522388059701,2.5066,0.0621761658031088,0.5616602402300095,0.0135021461661331,0.2027369488089204,-12.896736658078767,74.0623,4.9325,399007.965
2025-08-27,600653.SH,汽车服务,2.01,-0.0195121951219512,0.0552763819095478,2.717,0.0360824742268039,0.2748426473393095,0.0046552572518433,0.1944503859840162,-12.87703158691839,214.8109,5.1427,391222.4437
2025-08-28,600653.SH,汽车服务,1.99,-0.0099502487562188,0.1025641025641026,2.8051,0.052910052910053,0.2226032935179529,0.0047020454838263,0.1964019168827087,-12.86703150367115,212.6734,5.0916,387329.6831
2025-08-29,600653.SH,汽车服务,1.95,-0.0201005025125627,0.085427135678392,1.9576,0.0317460317460318,0.1840100526191783,0.0047984967269453,0.2004329351399021,-12.846726237426994,208.3986,4.9892,379544.1618
2025-09-01,600653.SH,汽车服务,1.99,0.0205128205128204,-0.0273972602739726,2.4944,0.052910052910053,0.1483739182841605,0.0047020454838263,0.1964019168827087,-12.86703150367115,212.6734,5.0916,387329.6831
2025-09-02,600653.SH,汽车服务,2.19,0.100502512562814,0.0238095238095237,7.0236,0.140625,0.380658419500784,0.0042726333136364,0.1784662609533667,-12.96279840866531,234.0477,5.6033,426257.2894
2025-09-03,600653.SH,汽车服务,2.1,-0.0410958904109588,0.0418604651162792,9.3543,0.09375,0.648557642845061,0.004455746197132,0.1861157640052112,-12.920834209693632,224.4293,5.373,408739.8666
2025-09-04,600653.SH,汽车服务,2.15,0.0238095238095237,0.0185185185185186,7.1227,0.12565445026178,0.763776844615933,0.0043521252297922,0.1817884346197895,-12.944364707137964,229.7728,5.5009,418471.7682
2025-09-05,600653.SH,汽车服务,2.16,0.0046511627906977,0.0610328638497652,6.1886,0.1250000000000002,0.8829159700861635,0.0043319767026292,0.1809463494074007,-12.949005086653532,230.8415,5.5265,420418.1485
2025-09-08,600653.SH,汽车服务,2.13,-0.0138888888888889,0.0837209302325581,4.5104,0.1036269430051812,0.9290392905339188,0.0043929898425288,0.183492972219164,-12.935018844561538,227.6354,5.4498,414579.0075
2025-09-09,600653.SH,汽车服务,2.15,0.0093896713615022,0.0491071428571427,5.215,0.1139896373056994,0.7335365274412393,0.0043521252297922,0.1817884346197895,-12.944364707137964,229.7728,5.5009,418471.7682
2025-09-10,600653.SH,汽车服务,2.24,0.0418604651162792,0.0545454545454544,7.9793,0.1606217616580312,0.530843540890072,0.0041772629904524,0.1744835287548855,-12.985372730739458,239.3912,5.7312,435989.191
2025-09-11,600653.SH,汽车服务,2.2,-0.0178571428571429,0.0663716814159294,5.0655,0.170212765957447,0.3789494360286896,0.0042532124513645,0.1776546039190605,-12.967354225161715,235.1164,5.6289,428203.6697
2025-09-12,600653.SH,汽车服务,2.26,0.0272727272727271,-0.0343347639484978,6.3082,0.1957671957671958,0.3052049482018779,0.0041402964286631,0.1729385722191477,-12.994261678079573,241.5286,5.7824,439881.9516
2025-09-15,600653.SH,汽车服务,2.33,0.0309734513274337,-0.0680851063829788,6.165,0.2135416666666667,0.3222987595785234,0.0040159094267851,0.1677430176968883,-13.024765132554464,249.0096,5.9615,453506.6139
2025-09-16,600653.SH,汽车服务,2.35,0.0085836909871244,-0.0905172413793103,4.8332,0.1989795918367347,0.2797368948106296,0.0039817318144353,0.1663146340246478,-13.033312193057858,251.147,6.0127,457399.3745
2025-09-17,600653.SH,汽车服务,2.32,-0.0127659574468086,-0.1286307053941908,4.176,0.1372549019607842,0.1289100372505995,0.0040332192066738,0.1684664499065011,-13.020464050471638,247.9409,5.9359,451560.2335
2025-09-18,600653.SH,汽车服务,2.41,0.038793103448276,-0.08,11.4429,0.1871921182266012,0.2848809813006157,0.0038826010165425,0.1621744348220946,-13.058523612399815,257.5593,6.1662,469077.6564
2025-09-19,600653.SH,汽车服务,2.25,-0.066390041493776,-0.050228310502283,7.5532,0.1029411764705883,0.2670918698433298,0.0041586975624625,0.1737076153418565,-12.989827081050102,240.4599,5.7568,437935.5713
2025-09-22,600653.SH,汽车服务,2.19,-0.0266666666666667,0.009478672985782,3.7875,0.0735294117647058,0.1645063783067064,0.0042726333136364,0.1784662609533667,-12.96279840866531,234.0477,5.6033,426257.2894
2025-09-23,600653.SH,汽车服务,2.11,-0.0365296803652968,-0.0047619047619048,4.156,0.0292682926829268,0.1227444736616585,0.0044346291319656,0.1852332086096395,-12.925584812410488,225.498,5.3986,410686.2469
2025-09-24,600653.SH,汽车服务,2.1,-0.0047393364928909,0.0096618357487923,2.386,0.0447761194029852,0.0613248646227757,0.004455746197132,0.1861157640052112,-12.920834209693632,224.4293,5.373,408739.8666
2025-09-25,600653.SH,汽车服务,2.07,-0.0142857142857144,0.0192307692307691,2.8102,0.0402010050251255,-0.251136347186636,0.0045203236009259,0.1888110567754848,-12.906445472120978,221.2231,5.2963,402900.7256
2025-09-26,600653.SH,汽车服务,2.08,0.0048309178743961,-0.0234741784037557,2.0544,0.0666666666666666,-0.4506157662185517,0.0044985914910041,0.1879063474764177,-12.911264758515165,222.2918,5.3218,404847.1059
2025-09-29,600653.SH,汽车服务,2.13,0.0240384615384614,0.0047846889952154,2.1746,0.0703517587939697,-0.5075108833016337,0.0043929898425288,0.183492972219164,-12.935018844561538,227.6354,5.4498,414579.0075
2025-09-30,600653.SH,汽车服务,2.09,-0.0187793427230047,0.0095693779904306,1.9113,-0.045662100456621,-0.5689310162242632,0.0044770653373961,0.1870067696450611,-12.916060930983116,223.3606,5.3474,406793.4863
2025-10-09,600653.SH,汽车服务,2.09,0.0,-0.0330188679245284,2.2073,-0.0047619047619048,-0.5447992958500643,0.0044770653373961,0.1870067696450611,-12.916060930983116,223.3606,5.3474,406793.4863
2025-10-10,600653.SH,汽车服务,2.12,0.0143540669856461,-0.0288461538461538,3.1734,-0.0139534883720929,-0.510255265786733,0.0044137112823729,0.1843589838132812,-12.930312953565084,226.5667,5.4242,412632.6272
2025-10-13,600653.SH,汽车服务,2.08,-0.0188679245283018,-0.0285714285714285,2.11,-0.037037037037037,-0.4855953272294638,0.0044985914910041,0.1879063474764177,-12.911264758515165,222.2918,5.3218,404847.1059
2025-10-14,600653.SH,汽车服务,2.1,0.0096153846153845,0.0047393364928911,2.8164,-0.0140845070422533,-0.4466642664511002,0.004455746197132,0.1861157640052112,-12.920834209693632,224.4293,5.373,408739.8666
2025-10-15,600653.SH,汽车服务,2.11,0.0047619047619047,0.0390243902439024,1.7185,-0.0186046511627907,-0.4329479693830759,0.0044346291319656,0.1852332086096395,-12.925584812410488,225.498,5.3986,410686.2469
2025-10-16,600653.SH,汽车服务,2.05,-0.028436018957346,0.0643564356435644,2.1355,-0.0848214285714287,-0.3946301264415692,0.0045644238761361,0.190654134334903,-12.896736658078767,219.0857,5.2451,399007.965
2025-10-17,600653.SH,汽车服务,2.02,-0.0146341463414633,0.0294117647058824,1.5627,-0.0818181818181819,-0.4518926953736174,0.0046322116587208,0.1934872201691078,-12.881994376217497,215.8796,5.1683,393168.824
2025-10-20,600653.SH,汽车服务,2.04,0.0099009900990099,-0.0141509433962265,1.1519,-0.0973451327433627,-0.4662002673264511,0.0045867982771985,0.1915892326851231,-12.891846672827576,218.017,5.2195,397061.5847
2025-10-21,600653.SH,汽车服务,2.12,0.0392156862745098,-0.0234741784037557,2.9386,-0.0901287553648068,-0.4332484843426786,0.0044137112823729,0.1843589838132812,-12.930312953565084,226.5667,5.4242,412632.6272
2025-10-22,600653.SH,汽车服务,2.13,0.0047169811320753,-0.0325581395348836,2.177,-0.0936170212765958,-0.3814292852332434,0.0043929898425288,0.183492972219164,-12.935018844561538,227.6354,5.4498,414579.0075
2025-10-23,600653.SH,汽车服务,2.15,0.0093896713615022,-0.0285714285714285,2.1834,-0.0732758620689655,-0.3586247093712169,0.0043521252297922,0.1817884346197895,-12.944364707137964,229.7728,5.5009,418471.7682
2025-10-24,600653.SH,汽车服务,2.1,-0.0232558139534883,-0.0191387559808612,2.3827,-0.1286307053941908,-0.1883515075687479,0.004455746197132,0.1861157640052112,-12.920834209693632,224.4293,5.373,408739.8666
2025-10-27,600653.SH,汽车服务,2.09,-0.0047619047619048,0.0096153846153845,1.9637,-0.0711111111111111,-0.0255119652058216,0.0044770653373961,0.1870067696450611,-12.916060930983116,223.3606,5.3474,406793.4863
2025-10-28,600653.SH,汽车服务,2.08,-0.0047846889952152,0.0048076923076922,1.2671,-0.050228310502283,-0.1189270483892694,0.0044985914910041,0.1879063474764177,-12.911264758515165,222.2918,5.3218,404847.1059
2025-10-29,600653.SH,汽车服务,2.08,0.0,0.0490196078431373,1.486,-0.0142180094786729,-0.1285850737021453,0.0044985914910041,0.1879063474764177,-12.911264758515165,222.2918,5.3218,404847.1059
2025-10-30,600653.SH,汽车服务,2.04,-0.0192307692307692,0.0341463414634148,1.5985,-0.0285714285714285,-0.1681172172382793,0.0045867982771985,0.1915892326851231,-12.891846672827576,218.017,5.2195,397061.5847
2025-10-31,600653.SH,汽车服务,2.05,0.0049019607843137,0.0,1.6015,-0.0096618357487923,-0.220298169373007,0.0014493394273225,0.1832005129614363,-12.896736658078767,689.9695,5.4585,399007.965
2025-11-03,600653.SH,汽车服务,2.1,0.024390243902439,0.0191387559808613,2.2303,0.0096153846153845,-0.197517062838315,0.0014148313945427,0.1788396881035839,-12.920834209693632,706.798,5.5916,408739.8666
2025-11-04,600653.SH,汽车服务,2.09,-0.0047619047619048,0.0046728971962615,1.4472,-0.0187793427230047,-0.164965179841749,0.0014216009131226,0.1796945193171608,-12.916060930983116,703.4323,5.565,406793.4863
2025-11-05,600653.SH,汽车服务,2.14,0.0239234449760767,0.0047169811320753,3.4394,0.0239234449760767,-0.0077781063737194,0.0013883859846322,0.175497095523069,-12.939702693833388,720.2608,5.6981,416525.3878
2025-11-06,600653.SH,汽车服务,2.12,-0.0093457943925233,0.0285714285714286,2.0012,0.0143540669856461,0.0360855382384923,0.0014014839472627,0.1771510567060532,-12.930312953565084,713.5294,5.6449,412632.6272
2025-11-07,600653.SH,汽车服务,2.1,-0.0094339622641509,0.0328638497652582,1.8859,-0.0094339622641509,0.097724297025999,0.0014148313945427,0.1788396881035839,-12.920834209693632,706.798,5.5916,408739.8666
2025-11-10,600653.SH,汽车服务,2.13,0.0142857142857142,0.0279069767441859,1.9325,0.0240384615384614,0.0727655310621242,0.0013949042195992,0.1763201974786211,-12.935018844561538,716.8951,5.6715,414579.0075
2025-11-11,600653.SH,汽车服务,2.15,0.0093896713615022,-0.004694835680751,1.7599,0.0238095238095237,0.1341129851917608,0.0013819283843253,0.174678591391839,-12.944364707137964,723.6265,5.7248,418471.7682
2025-11-12,600653.SH,汽车服务,2.13,-0.0093023255813953,-0.0462962962962962,1.7153,0.009478672985782,-0.0432600880590217,0.0013949042195992,0.1763201974786211,-12.935018844561538,716.8951,5.6715,414579.0075
2025-11-13,600653.SH,汽车服务,2.16,0.0140845070422537,-0.0727272727272727,2.5319,0.0536585365853661,0.0011539431485581,0.0013755305765316,0.1738707097402371,-12.949005086653532,726.9922,5.7514,420418.1485
2025-11-14,600653.SH,汽车服务,2.2,0.0185185185185186,-0.1176470588235294,2.7046,0.0891089108910891,0.0539177100196544,0.0013505207810709,0.1707096399733693,-12.967354225161715,740.4551,5.8579,428203.6697
2025-11-17,600653.SH,汽车服务,2.21,0.0045454545454544,-0.0707547169811321,1.8956,0.0833333333333332,0.0312792430175268,0.0013444098363476,0.1699379726399864,-12.971889380520484,743.8208,5.8845,430150.0501
2025-11-18,600653.SH,汽车服务,2.12,-0.0407239819004524,-0.0388349514563106,3.7768,0.0,0.2028632341206035,0.0014014839472627,0.1771510567060532,-12.930312953565084,713.5294,5.6449,412632.6272
2025-11-19,600653.SH,汽车服务,2.06,-0.0283018867924528,-0.0196078431372549,2.7509,-0.0328638497652581,0.2839847348335307,0.001442303809182,0.1823120818216623,-12.90160284768736,693.3352,5.4851,400954.3453
2025-11-20,600653.SH,汽车服务,2.04,-0.0097087378640776,0.0205128205128204,2.0659,-0.0511627906976743,0.2436158154813381,0.0014564440220109,0.1840976453911154,-12.891846672827576,686.6038,5.4319,397061.5847
2025-11-21,600653.SH,汽车服务,1.95,-0.0441176470588235,0.0253807106598984,2.6536,-0.0714285714285715,0.2309507865073827,0.0015236646450684,0.192596587188475,-12.846726237426994,656.3124,5.1922,379544.1618
2025-11-24,600653.SH,汽车服务,1.97,0.0102564102564102,0.025252525252525,1.3183,-0.0574162679425837,0.19493894784891,0.001508195762,0.1906395958440568,-12.856930407512964,663.0439,5.2455,383436.9224
2025-11-25,600653.SH,汽车服务,1.98,0.0050761421319796,0.02,1.1045,-0.0480769230769231,-0.0555372579344054,0.001500578623117,0.1896777375239468,-12.861993709685526,666.4096,5.2721,385383.3028
2025-11-26,600653.SH,汽车服务,2.0,0.0101010101010101,0.0100502512562812,1.2967,-0.0384615384615385,-0.1907073758406156,0.001485572859178,0.1877793217410898,-12.872044045450805,673.141,5.3254,389276.0634
2025-11-27,600653.SH,汽车服务,1.99,-0.005,-0.0198019801980198,1.2365,-0.0245098039215686,-0.2638572136836886,0.0014930380382794,0.1887255364523373,-12.86703150367115,669.7753,5.2987,387329.6831
2025-11-28,600653.SH,汽车服务,2.02,0.015075376884422,-0.0049261083743841,1.5932,-0.0146341463414633,-0.3663117256326771,0.0014708642386424,0.1859219871341985,-12.881994376217497,679.8724,5.3786,393168.824
2025-12-01,600653.SH,汽车服务,2.03,0.0049504950495049,-0.0147058823529413,1.3481,-0.0333333333333334,-0.3495476790745958,0.0014636186126037,0.1850070302671501,-12.88693265806857,683.2381,5.4052,395115.2044
2025-12-02,600653.SH,汽车服务,2.04,0.0049261083743843,-0.0099502487562188,1.4652,-0.0239234449760764,-0.314191125605297,0.0014564440220109,0.1840976453911154,-12.891846672827576,686.6038,5.4319,397061.5847
2025-12-03,600653.SH,汽车服务,2.01,-0.0147058823529413,0.0,1.4251,-0.060747663551402,-0.2649206873331131,0.001478181960356,0.186846038863976,-12.87703158691839,676.5067,5.352,391222.4437
2025-12-04,600653.SH,汽车服务,1.98,-0.0149253731343282,-0.0445544554455445,1.3595,-0.0660377358490567,-0.2394394500264411,0.001500578623117,0.1896777375239468,-12.861993709685526,666.4096,5.2721,385383.3028
2025-12-05,600653.SH,汽车服务,2.02,0.0202020202020201,-0.0398009950248755,1.1505,-0.0380952380952381,-0.2721075594721259,0.0014708642386424,0.1859219871341985,-12.881994376217497,679.8724,5.3786,393168.824
2025-12-08,600653.SH,汽车服务,2.01,-0.004950495049505,-0.0251256281407035,1.1428,-0.0563380281690141,-0.278895933037424,0.001478181960356,0.186846038863976,-12.87703158691839,676.5067,5.352,391222.4437
2025-12-09,600653.SH,汽车服务,1.99,-0.0099502487562188,-0.0404040404040404,1.2567,-0.0744186046511627,-0.2920593321915415,0.0014930380382794,0.1887255364523373,-12.86703150367115,669.7753,5.2987,387329.6831
2025-12-10,600653.SH,汽车服务,1.98,-0.0050251256281407,-0.0207253886010363,0.78,-0.0704225352112676,-0.3470926429579647,0.001500578623117,0.1896777375239468,-12.861993709685526,666.4096,5.2721,385383.3028
2025-12-11,600653.SH,汽车服务,1.93,-0.0252525252525253,-0.0155440414507772,1.6248,-0.1064814814814816,-0.298389068404945,0.0015394538941255,0.1945903872348706,-12.836416867858231,649.581,5.139,375651.4012
2025-12-12,600653.SH,汽车服务,1.93,0.0,0.0154639175257731,0.789,-0.1227272727272728,-0.3015730309018316,0.0015394538941255,0.1945903872348706,-12.836416867858231,649.581,5.139,375651.4012
2025-12-15,600653.SH,汽车服务,1.94,0.005181347150259,0.0421052631578948,0.5957,-0.1221719457013574,-0.3432377382556013,0.0015315185757122,0.1935883537246399,-12.841584837971393,652.9467,5.1656,377597.7815
2025-12-16,600653.SH,汽车服务,1.9,-0.0206185567010309,0.0264550264550265,1.3513,-0.1037735849056604,-0.2735982026472801,0.0015637610266654,0.1976636160581921,-12.820750750982132,639.4839,5.0591,369812.2602
2025-12-17,600653.SH,汽车服务,1.89,-0.0052631578947368,0.0157894736842105,1.1038,-0.0825242718446602,-0.1801419290954647,0.0015720348828252,0.1987083954297069,-12.815473693927071,636.1182,5.0325,367865.8799
2025-12-18,600653.SH,汽车服务,1.9,0.0052910052910053,-0.0152284263959391,1.1575,-0.0686274509803922,-0.2238047901587401,0.0015637610266654,0.1976636160581921,-12.820750750982132,639.4839,5.0591,369812.2602
2025-12-19,600653.SH,汽车服务,1.97,0.036842105263158,-0.0252525252525253,1.8687,0.0102564102564102,-0.0264299360378725,0.001508195762,0.1906395958440568,-12.856930407512964,663.0439,5.2455,383436.9224
2025-12-22,600653.SH,汽车服务,1.98,0.0050761421319796,0.0,1.3908,0.0050761421319796,0.0977620165812047,0.001500578623117,0.1896777375239468,-12.861993709685526,666.4096,5.2721,385383.3028
2025-12-23,600653.SH,汽车服务,1.94,-0.0202020202020202,-0.0103626943005181,1.2529,-0.0202020202020202,0.0756685511020771,0.0015315185757122,0.1935883537246399,-12.841584837971393,652.9467,5.1656,377597.7815
2025-12-24,600653.SH,汽车服务,1.93,-0.0051546391752577,-0.0206185567010309,0.7939,-0.035,0.0473628777444707,0.0015394538941255,0.1945903872348706,-12.836416867858231,649.581,5.139,375651.4012
2025-12-25,600653.SH,汽车服务,1.94,0.005181347150259,-0.0103626943005181,0.8288,-0.0251256281407035,0.0107956487892479,0.0015315185757122,0.1935883537246399,-12.841584837971393,652.9467,5.1656,377597.7815
2025-12-26,600653.SH,汽车服务,1.93,-0.0051546391752577,0.0,0.8817,-0.0445544554455445,-0.1262114500059405,0.0015394538941255,0.1945903872348706,-12.836416867858231,649.581,5.139,375651.4012
2025-12-29,600653.SH,汽车服务,1.94,0.005181347150259,0.0052356020942407,0.7987,-0.044334975369458,-0.2082511491306575,0.0015315185757122,0.1935883537246399,-12.841584837971393,652.9467,5.1656,377597.7815
2025-12-30,600653.SH,汽车服务,1.91,-0.0154639175257732,0.0210526315789474,0.9207,-0.0637254901960785,-0.2481967169346188,0.0015555738076215,0.1966297658139489,-12.82600010682297,642.8496,5.0857,371758.6405
2025-12-31,600653.SH,汽车服务,1.9,-0.0052356020942407,0.0209424083769633,0.8143,-0.0547263681592039,-0.2234597774230288,0.0015637610266654,0.1976636160581921,-12.820750750982132,639.4839,5.0591,369812.2602
2026-01-05,600653.SH,汽车服务,1.91,0.0052631578947368,0.0206185567010308,0.6669,-0.0353535353535353,-0.22864498452963,0.0015555738076215,0.1966297658139489,-12.82600010682297,642.8496,5.0857,371758.6405
2026-01-06,600653.SH,汽车服务,1.94,0.0157068062827225,0.0208333333333332,1.195,-0.0396039603960396,-0.1711888375601019,0.0015315185757122,0.1935883537246399,-12.841584837971393,652.9467,5.1656,377597.7815
2026-01-07,600653.SH,汽车服务,1.92,-0.0103092783505154,0.0103092783505154,0.9766,-0.0447761194029849,-0.1308355267533898,0.0015474718719906,0.1956066740997202,-12.83122205102688,646.2153,5.1123,373705.0209
2026-01-08,600653.SH,汽车服务,1.94,0.0104166666666667,-0.0102564102564102,1.0305,-0.0251256281407035,-0.1002996887847235,0.0015315185757122,0.1935883537246399,-12.841584837971393,652.9467,5.1656,377597.7815
2026-01-09,600653.SH,汽车服务,1.95,0.0051546391752577,-0.0252525252525253,1.0661,-0.0151515151515151,-0.064777308754625,0.0015236646450684,0.192596587188475,-12.846726237426994,656.3124,5.1922,379544.1618
2026-01-12,600653.SH,汽车服务,1.98,0.0153846153846153,-0.010204081632653,1.7789,0.0259067357512954,0.1376459189720529,0.001500578623117,0.1896777375239468,-12.861993709685526,666.4096,5.2721,385383.3028
2026-01-13,600653.SH,汽车服务,1.96,-0.01010101010101,0.0,1.23,0.0155440414507772,0.1209797814106936,0.0015158908564646,0.1916149306353951,-12.851841338049404,659.6781,5.2188,381490.5421
2026-01-14,600653.SH,汽车服务,1.96,0.0,0.005181347150259,1.5439,0.0103092783505154,0.174235133106706,0.0015158908564646,0.1916149306353951,-12.851841338049404,659.6781,5.2188,381490.5421
2026-01-15,600653.SH,汽车服务,1.93,-0.0153061224489795,0.0259067357512954,0.8811,0.0157894736842105,0.1721849527519299,0.0015394538941255,0.1945903872348706,-12.836416867858231,649.581,5.139,375651.4012
2026-01-16,600653.SH,汽车服务,1.93,0.0,0.0309278350515465,0.8356,0.0211640211640211,0.1444557012860181,0.0015394538941255,0.1945903872348706,-12.836416867858231,649.581,5.139,375651.4012
2026-01-19,600653.SH,汽车服务,1.94,0.005181347150259,-0.0051020408163264,0.7126,0.0210526315789474,-0.0305062955044087,0.0015315185757122,0.1935883537246399,-12.841584837971393,652.9467,5.1656,377597.7815
2026-01-20,600653.SH,汽车服务,1.96,0.0103092783505154,-0.0051546391752577,1.2597,-0.0050761421319797,0.0034949445555092,0.0015158908564646,0.1916149306353951,-12.851841338049404,659.6781,5.2188,381490.5421
2026-01-21,600653.SH,汽车服务,1.94,-0.010204081632653,-0.0303030303030302,0.748,-0.0202020202020202,-0.1220771768756275,0.0015315185757122,0.1935883537246399,-12.841584837971393,652.9467,5.1656,377597.7815
2026-01-22,600653.SH,汽车服务,1.98,0.0206185567010308,-0.04,2.0604,0.0206185567010308,0.0685807243357399,0.001500578623117,0.1896777375239468,-12.861993709685526,666.4096,5.2721,385383.3028
2026-01-23,600653.SH,汽车服务,2.0,0.0101010101010101,-0.0205128205128205,1.6989,0.0362694300518136,0.1819558198500575,0.001485572859178,0.1877793217410898,-12.872044045450805,673.141,5.3254,389276.0634
2026-01-26,600653.SH,汽车服务,1.95,-0.025,-0.0207253886010363,1.9893,0.0051546391752577,0.3437279385332346,0.0015236646450684,0.192596587188475,-12.846726237426994,656.3124,5.1922,379544.1618
2026-01-27,600653.SH,汽车服务,1.93,-0.0102564102564102,0.0,1.4579,0.0,0.3445115380877326,0.0015394538941255,0.1945903872348706,-12.836416867858231,649.581,5.139,375651.4012
2026-01-28,600653.SH,汽车服务,1.92,-0.005181347150259,0.0052083333333332,1.2211,-0.0103092783505154,0.3994976647638817,0.0015474718719906,0.1956066740997202,-12.83122205102688,646.2153,5.1123,373705.0209
2026-01-29,600653.SH,汽车服务,1.92,0.0,0.0052356020942407,1.1286,0.0052356020942407,0.2341101607711746,0.0015474718719906,0.1956066740997202,-12.83122205102688,646.2153,5.1123,373705.0209
2026-01-30,600653.SH,汽车服务,1.91,-0.0052083333333333,0.0158730158730158,1.2723,0.0052631578947368,0.1423400421760241,0.0015555738076215,0.1966297658139489,-12.82600010682297,642.8496,5.0857,371758.6405
2026-02-02,600653.SH,汽车服务,1.89,-0.0104712041884816,0.015625,1.1116,-0.0104712041884816,-0.0171481183105076,0.0015720348828252,0.1987083954297069,-12.815473693927071,636.1182,5.0325,367865.8799
2026-02-03,600653.SH,汽车服务,1.92,0.0158730158730158,0.0207253886010363,0.854,-0.0103092783505154,-0.1008444267432646,0.0015474718719906,0.1956066740997202,-12.83122205102688,646.2153,5.1123,373705.0209
2026-02-04,600653.SH,汽车服务,1.93,0.0052083333333332,0.0260416666666667,1.3433,0.0052083333333332,-0.0945376985228237,0.0015394538941255,0.1945903872348706,-12.836416867858231,649.581,5.139,375651.4012
2026-02-05,600653.SH,汽车服务,1.92,-0.005181347150259,0.0052083333333332,0.8348,-0.0103092783505154,-0.134412919878057,0.0015474718719906,0.1956066740997202,-12.83122205102688,646.2153,5.1123,373705.0209
2026-02-06,600653.SH,汽车服务,1.92,0.0,-0.0205128205128205,1.0029,-0.0153846153846154,-0.1753862422841672,0.0015474718719906,0.1956066740997202,-12.83122205102688,646.2153,5.1123,373705.0209
2026-02-09,600653.SH,汽车服务,1.95,0.015625,-0.0152284263959391,1.2077,-0.0151515151515151,-0.14031901679532,0.0015236646450684,0.192596587188475,-12.846726237426994,656.3124,5.1922,379544.1618
2026-02-10,600653.SH,汽车服务,1.97,0.0102564102564102,-0.0050761421319797,2.1572,0.0051020408163264,0.0340706688940755,0.001508195762,0.1906395958440568,-12.856930407512964,663.0439,5.2455,383436.9224
2026-02-11,600653.SH,汽车服务,1.97,0.0,0.0207253886010363,1.6713,0.0051020408163264,0.0804493816875782,0.001508195762,0.1906395958440568,-12.856930407512964,663.0439,5.2455,383436.9224
2026-02-12,600653.SH,汽车服务,1.93,-0.0203045685279188,0.0366492146596859,1.4413,0.0,0.1504546590537705,0.0015394538941255,0.1945903872348706,-12.836416867858231,649.581,5.139,375651.4012
2026-02-13,600653.SH,汽车服务,1.91,-0.0103626943005181,-0.0154639175257732,1.0961,-0.0103626943005181,0.1532376565533519,0.0015555738076215,0.1966297658139489,-12.82600010682297,642.8496,5.0857,371758.6405
2026-02-24,600653.SH,汽车服务,1.94,0.0157068062827225,-0.0459183673469386,1.2799,0.0,0.1396205885312058,0.0015315185757122,0.1935883537246399,-12.841584837971393,652.9467,5.1656,377597.7815
2026-02-25,600653.SH,汽车服务,1.96,0.0103092783505154,-0.0609137055837563,1.9817,0.0,0.084290395271116,0.0015158908564646,0.1916149306353951,-12.851841338049404,659.6781,5.2188,381490.5421
2026-02-26,600653.SH,汽车服务,1.97,0.0051020408163264,-0.0505050505050505,1.85,0.0154639175257731,0.0675394186383255,0.001508195762,0.1906395958440568,-12.856930407512964,663.0439,5.2455,383436.9224
2026-02-27,600653.SH,汽车服务,1.98,0.0050761421319796,0.0,1.6181,0.0,0.1093344673612588,0.001500578623117,0.1896777375239468,-12.861993709685526,666.4096,5.2721,385383.3028
2026-03-02,600653.SH,汽车服务,1.91,-0.0353535353535353,0.0106951871657752,2.2629,-0.045,0.2497533180460007,0.0015555738076215,0.1966297658139489,-12.82600010682297,642.8496,5.0857,371758.6405
2026-03-03,600653.SH,汽车服务,1.87,-0.0209424083769632,0.0270270270270269,2.4818,-0.0410256410256409,0.3929529112367418,0.0015888480660859,0.2008354755784062,-12.804835295815051,629.3868,4.9792,363973.1193
2026-03-04,600653.SH,汽车服务,1.85,-0.0106951871657754,0.0053191489361701,1.543,-0.0414507772020724,0.3291461736535919,0.0016060247771078,0.2030044660982541,-12.79408250385612,622.6554,4.926,360080.3586
2026-03-05,600653.SH,汽车服务,1.88,0.016216216216216,-0.0052356020942407,1.052,-0.0208333333333333,0.2274952467412343,0.0015803967586062,0.1997682688081825,-12.810168641743648,632.7525,5.0058,365919.4996
2026-03-06,600653.SH,汽车服务,1.91,0.0159574468085106,0.0158730158730158,1.0417,-0.0052083333333333,0.1519399661897496,0.0015555738076215,0.1966297658139489,-12.82600010682297,642.8496,5.0857,371758.6405
2026-03-09,600653.SH,汽车服务,1.89,-0.0104712041884816,0.0105263157894737,1.1102,-0.0104712041884816,-0.0009225506625434,0.0015720348828252,0.1987083954297069,-12.815473693927071,636.1182,5.0325,367865.8799
2026-03-10,600653.SH,汽车服务,1.9,0.0052910052910053,0.0211640211640211,0.7263,0.0052910052910053,-0.233343372017285,0.0015637610266654,0.1976636160581921,-12.820750750982132,639.4839,5.0591,369812.2602
2026-03-11,600653.SH,汽车服务,1.89,-0.0052631578947368,0.0105263157894737,0.8285,-0.015625,-0.3328309505199661,0.0015720348828252,0.1987083954297069,-12.815473693927071,636.1182,5.0325,367865.8799
2025-07-29,600654.SH,仓储物流,3.03,-0.0065573770491803,0.0066006600660066,1.1532,0.0236486486486486,0.1693228436218004,0.0010119394690191,0.1916075876604713,-13.678099753801272,988.2014,5.219,871612.0907
2025-07-30,600654.SH,仓储物流,3.03,0.0,0.1237458193979932,1.3958,0.0341296928327643,0.1384539085313723,0.0010119394690191,0.1916075876604713,-13.678099753801272,988.2014,5.219,871612.0907
2025-07-31,600654.SH,仓储物流,2.99,-0.013201320132013,0.1566666666666667,1.5226,0.0135593220338983,0.0074187158097522,0.0010254770544894,0.1941709869711267,-13.664810521613136,975.1559,5.1501,860105.6604
2025-08-01,600654.SH,仓储物流,3.0,0.0033444816053511,0.106312292358804,1.2896,0.0273972602739727,0.0014745168163414,0.0010220587882082,0.1935246647185183,-13.668149422925158,978.4173,5.1673,862982.268
2025-08-04,600654.SH,仓储物流,3.01,0.0033333333333331,0.1049180327868852,0.9589,0.0273037542662115,-0.0970318248383755,0.0010186632347223,0.1928826309190857,-13.671477213064028,981.6787,5.1845,865858.8756
2025-08-05,600654.SH,仓储物流,3.05,0.0132890365448505,0.0386904761904762,1.2773,0.0200668896321067,-0.0719290286808811,0.0010053037816914,0.190352914303118,-13.684678724876369,994.7242,5.2534,877365.3058
2025-08-06,600654.SH,仓储物流,3.36,0.1016393442622951,-0.0201729106628243,6.4695,0.1199999999999998,0.3998079774434262,0.0009125525527608,0.1727891626637177,-13.781478108273545,1095.8273,5.7874,966540.1402
2025-08-07,600654.SH,仓储物流,3.47,0.0327380952380953,-0.0060060060060059,13.0332,0.1490066225165562,1.06879668683493,0.0008836243726929,0.167313612635524,-13.81369172819578,1131.7026,5.9768,998182.8233
2025-08-08,600654.SH,仓储物流,3.33,-0.0403458213256484,-0.0089020771513353,5.9501,0.106312292358804,1.247825866355472,0.0009207736856139,0.1743466359816587,-13.772509438270278,1086.0432,5.7357,957910.3175
2025-08-11,600654.SH,仓储物流,3.37,0.0120120120120119,0.0515759312320915,4.3124,0.1270903010033444,1.3702173796852688,0.0009098446740467,0.1722771594941942,-13.784449878600686,1099.0887,5.8046,969416.7477
2025-08-12,600654.SH,仓储物流,3.49,0.0356083086053413,0.0970588235294118,6.6964,0.1830508474576271,1.5218761077248957,0.0008785606084699,0.1663533678239316,-13.81943887043154,1138.2254,6.0113,1003936.0384
2025-08-13,600654.SH,仓储物流,3.4,-0.0257879656160459,0.1117824773413898,5.1556,0.1371237458193979,1.2914766485531457,0.0009018166103617,0.1707562795621809,-13.793312565879162,1108.8729,5.8563,978046.5704
2025-08-14,600654.SH,仓储物流,3.31,-0.026470588235294,0.0898203592814372,3.6997,0.1070234113712373,0.6116071776958891,0.0009263372882995,0.1754016698238967,-13.766485323688029,1079.5204,5.7012,952157.1024
2025-08-15,600654.SH,仓储物流,3.34,0.0090634441087613,0.0163487738419618,2.5575,0.1133333333333332,0.3727370128876237,0.0009180168705796,0.1738253750282466,-13.775507941204024,1089.3046,5.7529,960786.925
2025-08-18,600654.SH,仓储物流,3.67,0.0988023952095809,0.0080428954423592,6.244,0.2112211221122113,0.3906915854227846,0.0008354703969862,0.1581953079271668,-13.869728796304582,1196.9305,6.3213,1055714.9745
2025-08-19,600654.SH,仓储物流,3.73,0.0163487738419618,0.0244565217391303,12.5131,0.2269736842105263,0.4922407674406526,0.0008220312260069,0.1556492910174794,-13.885945367931413,1216.4988,6.4247,1072974.6199
2025-08-20,600654.SH,仓储物流,3.68,-0.0134048257372653,-0.0082417582417583,6.8996,0.2185430463576159,0.4797303797981902,0.0008332001601743,0.1577660329731009,-13.87244988645678,1200.1918,6.3385,1058591.5821
2025-08-21,600654.SH,仓储物流,3.64,-0.0108695652173913,-0.0268096514745308,4.1083,0.1779935275080906,0.4676351764760635,0.0008423561611572,0.1594972646219117,-13.861520815867497,1187.1463,6.2697,1047085.1518
2025-08-22,600654.SH,仓储物流,3.73,0.0247252747252746,-0.053191489361702,5.545,0.2110389610389609,0.5291456856633387,0.0008220312260069,0.1556492910174794,-13.885945367931413,1216.4988,6.4247,1072974.6199
2025-08-25,600654.SH,仓储物流,3.76,0.0080428954423592,-0.0557029177718833,6.3906,0.2327868852459016,0.4595337770807346,0.0008154724480401,0.154409153374612,-13.893956091695832,1226.283,6.4763,1081604.4426
2025-08-26,600654.SH,仓储物流,3.77,0.002659574468085,0.0554016620498616,4.5816,0.2442244224422443,0.0944286725354071,0.0008133093851673,0.153997782431933,-13.896612135698524,1229.5444,6.4936,1084481.0501
2025-08-27,600654.SH,仓储物流,3.61,-0.0424403183023872,0.0495867768595041,5.2592,0.1914191419141915,-0.0088585371830731,0.0008493563704827,0.1608234158893534,-13.853244906640356,1177.3621,6.218,1038455.3292
2025-08-28,600654.SH,仓储物流,3.63,0.005540166204986,0.0786516853932584,4.7025,0.2140468227424747,-0.0160575451882639,0.0008446767080144,0.1599385835839037,-13.85876978255296,1183.8849,6.2524,1044208.5443
2025-08-29,600654.SH,仓储物流,3.56,-0.0192837465564738,0.0702247191011236,2.4482,0.1866666666666667,-0.1403853029382543,0.0008612854927138,0.1630815897193366,-13.839297679160046,1161.0552,6.1319,1024072.2914
2025-10-31,600654.SH,仓储物流,3.56,0.0,-0.0131233595800526,3.861,0.1827242524916945,-0.2532997686760104,0.0202050407535672,0.1686738859089835,-13.83922077694451,49.4926,5.9286,1023993.541
2025-11-03,600654.SH,仓储物流,3.81,0.0702247191011236,0.0183727034120735,15.0067,0.2491803278688524,-0.0025814331338661,0.0188792520795496,0.1576068968778073,-13.907089421147925,52.9682,6.3449,1095903.1997
2025-11-04,600654.SH,仓储物流,3.81,0.0,0.015625,9.3046,0.1339285714285714,0.1015262420548019,0.0188792520795496,0.1576068968778073,-13.907089421147925,52.9682,6.3449,1095903.1997
2025-11-05,600654.SH,仓储物流,3.84,0.0078740157480314,0.1259842519685039,8.0647,0.1066282420749278,0.2549861801383284,0.0187317833407011,0.156374611018155,-13.914932598651722,53.3852,6.3949,1104532.3588
2025-11-06,600654.SH,仓储物流,3.81,-0.0078125,0.1170212765957448,5.0499,0.1441441441441442,0.3492384841250779,0.0188792520795496,0.1576068968778073,-13.907089421147925,52.9682,6.3449,1095903.1997
2025-11-07,600654.SH,仓储物流,3.76,-0.0131233595800526,0.0902061855670104,4.189,0.1157270029673589,0.3613298309087875,0.0191303349721653,0.1597010396537681,-13.893879189461597,52.273,6.2617,1081521.268
2025-11-10,600654.SH,仓储物流,3.88,0.0319148936170212,0.1025641025641026,6.0283,0.1117478510028653,0.0734887438522284,0.0185386707402305,0.1547628259692021,-13.925295385683537,53.9413,6.4615,1116037.9042
2025-11-11,600654.SH,仓储物流,3.9,0.0051546391752577,0.0489510489510489,6.825,0.1470588235294117,-0.0215033440543159,0.0184435829241931,0.1539693293096015,-13.930436785182115,54.2194,6.4948,1121790.6769
2025-11-12,600654.SH,仓储物流,4.29,0.1,-0.0214285714285713,7.0934,0.29607250755287,-0.0783897335011154,0.0167669048126046,0.1399717257114063,-14.025746964994545,59.6413,7.1443,1233969.7446
2025-11-13,600654.SH,仓储物流,4.2,-0.0209790209790209,-0.0543735224586289,13.9181,0.2574850299401199,0.1027465935632687,0.0171261909125005,0.1429715200732014,-14.004544757310368,58.3901,6.9944,1208082.2674
2025-11-14,600654.SH,仓储物流,4.23,0.0071428571428571,-0.1116279069767441,10.5725,0.1525885558583106,0.2485780896915104,0.0170047205104136,0.1419567315882119,-14.01166222511798,58.8072,7.0444,1216711.4265
2025-11-17,600654.SH,仓储物流,4.3,0.0165484633569739,-0.1488888888888888,9.4871,0.1528150134048256,0.3749882477735362,0.0167279187290796,0.1396453009356235,-14.028075254712862,59.7803,7.161,1236846.1309
2025-11-18,600654.SH,仓储物流,4.5,0.0465116279069768,-0.0364963503649635,10.7818,0.2228260869565217,0.4482280447571003,0.0159844503267221,0.1334400854016546,-14.073537628852504,62.5608,7.494,1294373.858
2025-11-19,600654.SH,仓储物流,4.11,-0.0866666666666665,-0.03,9.5396,0.1291208791208791,0.4611379304777432,0.0175012119589281,0.1461027102052743,-13.982883260578731,57.1389,6.8445,1182194.7903
2025-11-20,600654.SH,仓储物流,4.0,-0.0267639902676399,0.1178010471204187,9.3184,0.0723860589812332,0.3042562041487395,0.0179825066175624,0.1501185936890143,-13.955754593157492,55.6096,6.6614,1150554.5404
2025-11-21,600654.SH,仓储物流,3.82,-0.045,0.08355091383812,5.8974,0.0159574468085106,0.1854037083111188,0.0188298385153048,0.1571931589537223,-13.909710654672466,53.1072,6.3616,1098779.5861
2025-11-24,600654.SH,仓储物流,3.83,0.0026178010471205,0.0404040404040404,4.2885,0.0159151193633952,0.050561245720835,0.0187806829407544,0.1567815875703557,-13.9123250352002,53.2462,6.3783,1101655.9724
2025-11-25,600654.SH,仓储物流,3.96,0.0339425587467363,0.0257731958762887,5.5136,0.0969529085872575,-0.0899353019909762,0.0181641494182931,0.1516369205574173,-13.945704257307504,55.0535,6.5947,1139048.995
2025-11-26,600654.SH,仓储物流,3.88,-0.0202020202020202,-0.091334894613583,3.6276,0.0688705234159778,-0.2402500009945932,0.0185386707402305,0.1547628259692021,-13.925295385683537,53.9413,6.4615,1116037.9042
2025-11-27,600654.SH,仓储物流,4.27,0.1005154639175256,-0.0867469879518073,5.8042,0.1994382022471907,-0.3479646678956019,0.0168454246984247,0.1406271972999578,-14.02107405929686,59.3633,7.111,1228216.9719
2025-11-28,600654.SH,仓储物流,4.15,-0.0281030444964869,-0.0655339805825242,11.5184,0.1657303370786518,-0.2398806640103616,0.0173325244821908,0.1446926727630512,-13.992568566309528,57.695,6.9112,1193700.3357
2025-12-01,600654.SH,仓储物流,4.12,-0.0072289156626507,-0.0301507537688442,6.3862,0.0813648293963253,-0.1423441158214013,0.0174587406312033,0.1457470996327173,-13.98531339538891,57.2779,6.8612,1185071.1766
2025-12-02,600654.SH,仓储物流,3.98,-0.0339805825242718,0.0309278350515465,4.8783,0.0446194225721785,-0.1339086717479265,0.0180728552942622,0.1508727991430425,-13.950742051335697,55.3316,6.6281,1144801.7677
2025-12-03,600654.SH,仓储物流,3.88,-0.0251256281407035,0.029023746701847,4.081,0.0104166666666667,-0.0975557033473459,0.0185386707402305,0.1547628259692021,-13.925295385683537,53.9413,6.4615,1116037.9042
2025-12-04,600654.SH,仓储物流,3.79,-0.0231958762886597,-0.0259740259740259,3.081,-0.005249343832021,-0.161379939984345,0.0189788973640209,0.1584384308257811,-13.901826251105334,52.6901,6.3116,1090150.427
2025-12-05,600654.SH,仓储物流,3.85,0.0158311345646438,-0.0103626943005181,2.7276,0.023936170212766,-0.4014458717673024,0.0186831028149831,0.1559673092519808,-13.917533380305688,53.5243,6.4116,1107408.7451
2025-12-08,600654.SH,仓储物流,3.86,0.0025974025974024,-0.0574999999999999,2.7173,-0.0051546391752577,-0.4933918598839608,0.0186347093823898,0.1555645437291932,-13.92012741552695,53.6633,6.4282,1110285.1315
2025-12-09,600654.SH,仓储物流,4.0,0.0362694300518136,-0.0615384615384614,7.966,0.0256410256410257,-0.4088162186238308,0.0179825066175624,0.1501185936890143,-13.955754593157492,55.6096,6.6614,1150554.5404
2025-12-10,600654.SH,仓储物流,3.9,-0.025,-0.016,4.3622,-0.0909090909090909,-0.3887421702567949,0.0184435829241931,0.1539693293096015,-13.930436785182115,54.2194,6.4948,1121790.6769
2025-12-11,600654.SH,仓储物流,3.75,-0.0384615384615384,-0.0445026178010471,3.2025,-0.1071428571428572,-0.332790462436939,0.0191813403920665,0.1601281024819855,-13.891216071996745,52.134,6.245,1078644.8816
2025-12-12,600654.SH,仓储物流,3.82,0.0186666666666666,-0.0238726790450928,2.8869,-0.0969267139479906,-0.2839607811250696,0.0188298385153048,0.1571931589537223,-13.909710654672466,53.1072,6.3616,1098779.5861
2025-12-15,600654.SH,仓储物流,3.77,-0.013089005235602,0.0081967213114753,2.1654,-0.1232558139534882,-0.2565549885817638,0.0190795636885375,0.1592787856585381,-13.896535233472624,52.4121,6.2783,1084397.6543
2025-12-16,600654.SH,仓储物流,3.66,-0.0291777188328912,-0.0135501355013549,2.7444,-0.1866666666666666,-0.4017360147605068,0.0196530065169369,0.1640662171252317,-13.866923379483172,50.8828,6.0951,1052757.4045
2025-12-17,600654.SH,仓储物流,3.69,0.0081967213114753,0.0164383561643834,2.7461,-0.1021897810218979,-0.4267596676154431,0.0194932153863847,0.162731281834307,-13.875086690072136,51.2999,6.1451,1061386.5635
2025-12-18,600654.SH,仓储物流,3.65,-0.010840108401084,0.0190217391304348,1.6279,-0.0875,-0.4481815863300178,0.0197068410327961,0.1645142716130624,-13.864187399617714,50.7438,6.0785,1049881.0181
2025-12-19,600654.SH,仓储物流,3.68,0.0082191780821918,0.0135501355013549,2.0265,-0.0366492146596857,-0.4636592548333403,0.0195462150709136,0.1631720649424818,-13.872372984248672,51.1608,6.1285,1058510.1772
2025-12-22,600654.SH,仓储物流,3.69,0.0027173913043476,0.0247252747252746,1.9731,-0.0365535248041776,-0.4578978548494444,0.0194932153863847,0.162731281834307,-13.875086690072136,51.2999,6.1451,1061386.5635
2025-12-23,600654.SH,仓储物流,3.64,-0.0135501355013549,0.0080862533692722,2.1892,-0.0808080808080807,-0.4632164427696992,0.0197610103409367,0.1649675014022237,-13.861443913720636,50.6047,6.0618,1047004.6318
2025-12-24,600654.SH,仓储物流,3.71,0.0192307692307691,0.0053333333333334,2.5141,-0.0438144329896906,-0.4674728698953457,0.0193881488001644,0.161854201735077,-13.880492108637268,51.5779,6.1784,1067139.3362
2025-12-25,600654.SH,仓储物流,3.75,0.0107816711590296,0.0347593582887699,1.8658,-0.1217798594847774,-0.4260812192251143,0.0191813403920665,0.1601281024819855,-13.891216071996745,52.134,6.245,1078644.8816
2025-12-26,600654.SH,仓储物流,3.74,-0.0026666666666665,0.0563002680965147,2.5122,-0.0987951807228916,-0.3160855449881444,0.0192326185210116,0.1605548776571832,-13.88854584348821,51.995,6.2284,1075768.4953
2025-12-29,600654.SH,仓储物流,3.73,-0.0026737967914438,0.0294117647058822,1.8855,-0.0946601941747573,-0.2707396139843399,0.0192841715519901,0.1609865254278217,-13.885868465671887,51.856,6.2117,1072892.1089
2025-12-30,600654.SH,仓储物流,3.74,0.002680965147453,0.039787798408488,2.4103,-0.0603015075376883,-0.2242073329288377,0.0192326185210116,0.1605548776571832,-13.88854584348821,51.995,6.2284,1075768.4953
2025-12-31,600654.SH,仓储物流,3.77,0.0080213903743315,0.0103359173126615,2.6369,-0.0283505154639175,-0.1955534139745275,0.0190795636885375,0.1592787856585381,-13.896535233472624,52.4121,6.2783,1084397.6543
2026-01-05,600654.SH,仓储物流,3.87,0.026525198938992,0.0431472081218275,3.3695,0.0211081794195251,-0.0932576676915022,0.0185865660018252,0.1551614454840261,-13.922714739046052,53.8023,6.4449,1113161.5178
2026-01-06,600654.SH,仓储物流,3.94,0.0180878552971575,0.0337662337662336,3.573,0.0233766233766232,-0.0326624232241332,0.0182489078028679,0.1525506468147424,-13.941047799816912,54.7978,6.5552,1133757.3914
2026-01-07,600654.SH,仓储物流,3.85,-0.0228426395939086,0.0357142857142855,3.0521,-0.0025906735751294,0.0425856356654696,0.018675531318866,0.1561158379517602,-13.91794022478752,53.546,6.4055,1107859.3799
2026-01-08,600654.SH,仓储物流,3.92,0.018181818181818,0.0204603580562658,2.9203,-0.02,0.1812114180681645,0.0183420274543466,0.1533295512044036,-13.935958730364344,54.5196,6.5219,1128002.2778
2026-01-09,600654.SH,仓储物流,3.91,-0.0025510204081632,-0.048661800486618,2.6958,0.0025641025641025,0.2244286484631599,0.0183889445665266,0.1537208122607719,-13.93340445049803,54.3805,6.5053,1125124.7209
2026-01-12,600654.SH,仓储物流,4.11,0.0511508951406649,-0.0125628140703517,5.1976,0.096,0.3163196370814041,0.0174941088588417,0.1462394524794899,-13.983290104992896,57.1621,6.8381,1182675.8575
2026-01-13,600654.SH,仓储物流,3.98,-0.0316301703163017,-0.0369458128078816,4.4495,0.0418848167539267,0.3428820717365164,0.0180655091492771,0.1510163399679845,-13.951148895782586,55.3541,6.6218,1145267.6187
2026-01-14,600654.SH,仓储物流,4.06,0.0201005025125626,-0.0075187969924812,5.654,0.0769230769230768,0.4414769536108938,0.0177095527098272,0.1480406815792979,-13.971050050145044,56.4667,6.7549,1168288.0734
2026-01-15,600654.SH,仓储物流,3.99,-0.0172413793103446,0.0332480818414322,3.5078,0.0901639344262295,0.4627256526411734,0.0180202259015519,0.1506387081224391,-13.95365830744819,55.4932,6.6384,1148145.1756
2026-01-16,600654.SH,仓储物流,3.91,-0.0200501253132832,0.0407124681933841,3.2365,0.0596205962059621,0.4871023447829257,0.0183889445665266,0.1537208122607719,-13.93340445049803,54.3805,6.5053,1125124.7209
2026-01-19,600654.SH,仓储物流,3.93,0.0051150895140665,0.030690537084399,2.1793,0.0767123287671234,0.271673712175642,0.0182953491392953,0.1529379377848469,-13.93850650241562,54.6587,6.5386,1130879.8346
2026-01-20,600654.SH,仓储物流,3.91,-0.005089058524173,0.0202020202020201,2.2511,0.0625,0.1205388057316356,0.0183889445665266,0.1537208122607719,-13.93340445049803,54.3805,6.5053,1125124.7209
2026-01-21,600654.SH,仓储物流,3.96,0.0127877237851661,-0.0222772277227722,2.9326,0.0731707317073171,-0.0754328389021696,0.0181567618504645,0.1517796159975715,-13.946111101806869,55.0759,6.5885,1139512.5051
2026-01-22,600654.SH,仓储物流,4.04,0.0202020202020201,-0.0366748166259168,3.2485,0.1098901098901099,-0.1079101468134587,0.0177972044151304,0.1487741014044275,-13.966111768471832,56.1886,6.7216,1162532.9597
2026-01-23,600654.SH,仓储物流,4.09,0.0123762376237623,-0.0372208436724567,3.623,0.1024258760107816,-0.0991008096352447,0.0175796357499472,0.1469550905243357,-13.978412046591972,56.884,6.8048,1176920.7439
2026-01-26,600654.SH,仓储物流,4.03,-0.0146699266503667,-0.0643564356435644,3.4592,0.0746666666666666,-0.0422426525626326,0.0178413723583618,0.1491424310216256,-13.963633452484046,56.0495,6.705,1159655.4029
2026-01-27,600654.SH,仓储物流,4.04,0.0024813895781636,-0.0354430379746836,2.6911,0.0802139037433153,-0.017791841609515,0.0177972044151304,0.1487741014044275,-13.966111768471832,56.1886,6.7216,1162532.9597
2026-01-28,600654.SH,仓储物流,3.95,-0.0222772277227722,-0.0253807106598985,2.734,0.0589812332439678,-0.0425221923943479,0.0182027347788731,0.1521629970023889,-13.94358265539286,54.9368,6.5719,1136634.9482
2026-01-29,600654.SH,仓储物流,3.94,-0.0025316455696202,-0.0257731958762886,3.6916,0.053475935828877,-0.0343916999734735,0.0182489078028679,0.1525506468147424,-13.941047799816912,54.7978,6.5552,1133757.3914
2026-01-30,600654.SH,仓储物流,3.88,-0.0152284263959391,-0.0079365079365079,2.7156,0.0291777188328912,-0.0895491507410457,0.0185311128118554,0.1549090683768627,-13.925702230129522,53.9633,6.4554,1116492.0504
2026-02-02,600654.SH,仓储物流,3.78,-0.0257731958762886,0.0288713910761153,3.3096,-0.0232558139534884,-0.0976517456221637,0.0190213514670217,0.1590077913817777,-13.899591086134366,52.5725,6.289,1087716.4821
2026-02-03,600654.SH,仓储物流,3.81,0.0079365079365079,0.015625,2.4845,-0.0329949238578679,-0.0952922522893614,0.0188715920263749,0.1577560775528877,-13.907496265647994,52.9897,6.3389,1096349.1526
2026-02-04,600654.SH,仓储物流,3.84,0.0078740157480314,0.0238095238095239,2.0627,-0.0025974025974027,-0.1228132211431287,0.0187241372853745,0.1565239168544953,-13.915339443115434,53.407,6.3888,1104981.8231
2026-02-05,600654.SH,仓储物流,3.78,-0.015625,0.0133333333333331,1.869,-0.0357142857142857,-0.2223274420639758,0.0190213514670217,0.1590077913817777,-13.899591086134366,52.5725,6.289,1087716.4821
2026-02-06,600654.SH,仓储物流,3.75,-0.0079365079365079,-0.0408163265306122,1.8022,-0.040920716112532,-0.2692165060206594,0.0191735435776298,0.1602795274959529,-13.891622916478571,52.1552,6.2391,1079083.8116
2026-02-09,600654.SH,仓储物流,3.92,0.0453333333333332,-0.0333333333333333,3.0283,-0.0462287104622871,-0.2616654166003337,0.0183420274543466,0.1533295512044036,-13.935958730364344,54.5196,6.5219,1128002.2778
2026-02-10,600654.SH,仓储物流,3.9,-0.0051020408163264,-0.0180878552971577,1.5886,-0.0201005025125627,-0.2870024040282971,0.0184361023129933,0.1541140752384915,-13.930843629663933,54.2414,6.4887,1122247.1641
2026-02-11,600654.SH,仓储物流,3.87,-0.0076923076923076,-0.0105263157894737,1.4441,-0.0467980295566501,-0.2772130347033846,0.0185790034965684,0.1553084425669379,-13.923121583563804,53.8242,6.4388,1113614.4936
2026-02-12,600654.SH,仓储物流,3.8,-0.0180878552971577,0.0053191489361701,1.7124,-0.0476190476190476,-0.2643194228630586,0.0189212610642074,0.1581702861300476,-13.904868143270049,52.8506,6.3223,1093471.5958
2026-02-13,600654.SH,仓储物流,3.76,-0.0105263157894737,-0.039787798408488,2.3529,-0.0383631713554988,-0.2085783006352051,0.0191225429922572,0.1598542129577825,-13.894286033961889,52.2943,6.2557,1081961.3685
2026-02-24,600654.SH,仓储物流,3.77,0.002659574468085,-0.0921052631578946,2.0313,-0.0407124681933842,-0.2844296651336506,0.0190718130046878,0.159428607869396,-13.89694207799132,52.4334,6.2724,1084838.9253
2026-02-25,600654.SH,仓储物流,3.8,0.0079575596816976,-0.0877659574468083,2.0926,-0.0281329923273657,-0.2425727977858937,0.0189212610642074,0.1581702861300476,-13.904868143270049,52.8506,6.3223,1093471.5958
2026-02-26,600654.SH,仓储物流,3.76,-0.0105263157894737,-0.0714285714285714,1.8077,-0.0505050505050505,-0.1962113735178065,0.0191225429922572,0.1598542129577825,-13.894286033961889,52.2943,6.2557,1081961.3685
2026-02-27,600654.SH,仓储物流,3.78,0.0053191489361701,-0.0220994475138122,1.8351,-0.0643564356435644,-0.1625534027784961,0.0190213514670217,0.1590077913817777,-13.899591086134366,52.5725,6.289,1087716.4821
2026-03-02,600654.SH,仓储物流,3.62,-0.0423280423280422,0.0231884057971012,3.3306,-0.1149144254278727,-0.0760546259504485,0.0198620777322274,0.1660357308892873,-13.856341102335978,50.3472,6.0228,1041675.5728
2026-03-03,600654.SH,仓储物流,3.45,-0.0469613259668507,0.0495626822157433,2.9693,-0.1439205955334987,0.012365098458148,0.0208408012871278,0.1742160278745644,-13.808241307567725,47.9828,5.74,992757.1067
2026-03-04,600654.SH,仓储物流,3.43,-0.0057971014492753,0.0284900284900284,1.933,-0.150990099009901,0.0151233783024289,0.0209623390616418,0.1752326213047821,-13.802427337663833,47.7046,5.7067,987001.993
2026-03-05,600654.SH,仓储物流,3.51,0.0233236151603497,0.0112994350282487,2.0748,-0.1113924050632911,0.0527853580400512,0.0204845413408771,0.1712387410527757,-13.825483114016004,48.8173,5.8398,1010022.4477
2026-03-06,600654.SH,仓储物流,3.54,0.0085470085470085,-0.0113314447592066,1.6156,-0.1015228426395938,0.0824627382268226,0.0203109608100011,0.1697879348693481,-13.833993803690626,49.2345,5.8897,1018655.1182
2026-03-09,600654.SH,仓储物流,3.53,-0.0028248587570621,-0.0166666666666667,1.9977,-0.0902061855670103,-0.0226200913663421,0.0203684655416484,0.1702678312986327,-13.831164947422293,49.0955,5.8731,1015777.5613
2026-03-10,600654.SH,仓储物流,3.6,0.0198300283286119,-0.0221606648199446,2.2825,-0.0476190476190475,-0.0638191275413622,0.0199724380355109,0.166958844644795,-13.850800922020095,50.069,5.9895,1035920.4592
2026-03-11,600654.SH,仓储物流,3.61,0.0027777777777777,-0.0083798882681564,1.9073,-0.05249343832021,-0.0533354736844626,0.0199171050089527,0.1664946222237021,-13.853574848872872,50.2081,6.0062,1038798.016
