date,ticker,industry,close,return_1d,forward_return_5d,turnover,momentum_20,turnover_shock_5_20,earnings_yield,book_yield,size_inv,pe_ttm,pb,total_mv
2024-09-02,000001.SZ,银行,10.11,-0.004921259842519787,-0.022817460317460347,0.4993,0.005970149253731183,0.10258470464245084,0.2392916965781287,2.099517111064455,-16.792028579303715,4.179,0.4763,19619383.2982
2024-09-02,000007.SZ,其他商业,4.64,0.002159827213822796,0.02813852813852802,0.743,-0.033333333333333326,0.48863838046110586,0.0167516253264473,0.08015839298453745,-11.987617414347834,59.6957,12.4753,160751.8924
2024-09-02,000009.SZ,电气设备,7.38,-0.02894736842105261,-0.005181347150259086,0.9645,-0.10545454545454547,0.5867219191112956,0.024197080380281316,0.5242463958060288,-14.459183791383486,41.3273,1.9075,1903459.9062
2024-09-02,000011.SZ,房产服务,7.4,-0.02759526938239154,-0.002631578947368318,1.2986,-0.038961038961038974,-0.5687592281452064,0.05721314758131418,1.0169836265636123,-12.996855772156664,17.4785,0.9833,441024.5281
2024-09-02,000012.SZ,玻璃,5.0,-0.017681728880157177,-0.04761904761904767,0.7125,0.010101010101010166,0.21659348581165228,0.09764862120146864,0.9130752373995618,-14.244266355614744,10.2408,1.0952,1535346.0535
2024-09-02,000017.SZ,服饰,5.37,-0.04618117229129659,0.012612612612612706,10.4586,-0.13387096774193552,0.08062342851067972,0.005068274728872643,0.0849733183780293,-12.821507737288286,197.3058,11.7684,370092.309
2024-09-02,600601.SH,元器件,2.78,0.010909090909090757,-0.043010752688172116,2.5256,0.022058823529411686,-0.08554736238328675,0.020417622041231345,0.34466119804232437,-13.963362758636245,48.9773,2.9014,1159341.5338
2024-09-02,600602.SH,软件服务,9.25,-0.041450777202072575,-0.0106609808102347,1.3447,-0.08415841584158412,0.05495191768190022,0.016846361185983826,0.36863641390496554,-14.050660104735329,59.36,2.7127,1265097.9459
2024-09-02,600605.SH,房产服务,27.02,-0.018525245187068662,-0.028951486697965545,0.4505,-0.008076358296622566,-0.386072614685145,0.018929893140753218,0.2457545894669583,-13.23099376296586,52.8265,4.0691,557375.1232
2024-09-02,600651.SH,电器仪表,2.77,-0.010714285714285676,0.0036101083032489267,0.3224,-0.02464788732394363,-0.06406189124506034,0.00650409888311614,0.3502136303144919,-13.450870779058805,153.7492,2.8554,694446.7602
2024-09-02,600654.SH,仓储物流,2.21,-0.01777777777777778,-0.013698630136986245,0.3679,-0.047413793103448176,-0.017018856367852275,0.01910369293488124,0.2577120325748009,-13.36207882281187,52.3459,3.8803,635443.731
2024-09-03,000001.SZ,银行,10.08,-0.0029673590504450953,-0.011976047904191489,0.4723,0.015105740181268867,0.16608886147563662,0.240003840061441,2.105706464518846,-16.789056808914253,4.1666,0.4749,19561165.5436
2024-09-03,000007.SZ,其他商业,4.62,-0.004310344827586077,0.0393013100436681,0.6269,-0.03347280334728031,0.40612296673018955,0.016824140622896982,0.08050557501106952,-11.983297753127916,59.4384,12.4215,160058.9963
2024-09-03,000009.SZ,电气设备,7.72,0.046070460704606964,-0.030456852791878153,1.1664,-0.07099879663056563,0.7457892792603911,0.023131442106626696,0.5011526510975243,-14.504224516802074,43.2312,1.9954,1991153.181
2024-09-03,000011.SZ,房产服务,7.6,0.027027027027026973,-0.019582245430809442,1.8783,-0.024390243902439046,-0.49994451794631045,0.05570751327231503,0.9902951079421667,-13.02352401914932,17.9509,1.0098,452944.1099
2024-09-03,000012.SZ,玻璃,5.04,0.008000000000000007,-0.0505050505050505,0.4714,0.001988071570576455,0.2639240575706754,0.09687387989576371,0.9058791557206268,-14.252234525245829,10.3227,1.1039,1547628.8219
2024-09-03,000017.SZ,服饰,5.55,0.03351955307262555,-0.05281090289608181,9.0754,-0.09902597402597413,0.1825034073586529,0.004903898304918512,0.08221723437667003,-12.854477756543384,203.9194,12.1629,382497.6378
2024-09-03,600601.SH,元器件,2.79,0.003597122302158251,-0.03649635036496357,1.6354,0.014545454545454639,-0.03345781705887363,0.02034443122056415,0.34343018064427505,-13.966953426778105,49.1535,2.9118,1163511.8271
2024-09-03,600602.SH,软件服务,9.38,0.014054054054054133,0.01820128479657379,0.9372,-0.0857699805068225,0.1127475498813939,0.016612868660321658,0.3635306092773012,-14.064616316217162,60.1943,2.7508,1282877.7008
2024-09-03,600603.SH,区域地产,4.66,-0.050916496945010215,0.036402569593147804,2.9913,-0.0717131474103585,0.3816773779656555,0.10906433705242721,1.1863803535413453,-13.259402259788526,9.1689,0.8429,573436.3704
2024-09-03,600605.SH,房产服务,25.56,-0.05403404885270169,-0.006331618519984206,1.2229,-0.07991360691144722,-0.25267821561686865,0.02001120627551429,0.259794242959576,-13.17544505982227,49.972,3.8492,527257.8885
2024-09-03,600651.SH,电器仪表,2.77,0.0,0.032727272727272716,0.2168,-0.03484320557491294,0.005097268093392726,0.00650409888311614,0.3502136303144919,-13.450870779058805,153.7492,2.8554,694446.7602
2024-09-03,600654.SH,仓储物流,2.19,-0.009049773755656076,0.0,0.3411,-0.0641025641025641,0.05450102804016832,0.01927814898924665,0.26006449599500675,-13.352987851110619,51.8722,3.8452,629693.109
2024-09-04,000001.SZ,银行,10.02,-0.005952380952381042,-0.04170804369414105,0.437,0.009063444108761365,0.12499869433970145,0.24144091940702112,2.1186440677966103,-16.783086641927138,4.1418,0.472,19444730.0344
2024-09-04,000007.SZ,其他商业,4.58,-0.008658008658008698,-0.027253668763102756,0.4101,-0.03578947368421048,-0.0006082217266344392,0.016971071112182174,0.08120838070488874,-11.974602046637806,58.9238,12.314,158673.2042
2024-09-04,000009.SZ,电气设备,7.88,0.020725388601036343,-0.024265644955300147,1.2,-0.050602409638554335,0.9319727891156464,0.02266175964031255,0.4909662215239592,-14.524738056615291,44.1272,2.0368,2032420.6044
2024-09-04,000011.SZ,房产服务,7.66,0.007894736842105399,-0.04370179948586117,1.8067,-0.012886597938144284,-0.4160474085222462,0.0552712158562064,0.982511298879937,-13.031387755715025,18.0926,1.0178,456519.9845
2024-09-04,000012.SZ,玻璃,4.95,-0.017857142857142794,-0.03413654618473916,0.4393,-0.025590551181102317,0.34363727734658545,0.0986348930797759,0.9223390518354546,-14.23421601978427,10.1384,1.0842,1519992.593
2024-09-04,000017.SZ,服饰,5.87,0.057657657657657735,-0.04895104895104885,21.5898,-0.026533996683250405,0.32540392419266384,0.004636563008573005,0.0777351098397102,-12.910534462735946,215.677,12.8642,404551.5557
2024-09-04,600601.SH,元器件,2.74,-0.017921146953404965,-0.06451612903225812,1.5027,0.00366300366300365,0.049162976123664714,0.020715685502748972,0.3496992586375717,-13.948869751288347,48.2726,2.8596,1142660.3606
2024-09-04,600602.SH,软件服务,9.34,-0.004264392324093924,0.004201680672269115,0.669,-0.09320388349514575,0.12290327478868246,0.016684018045433915,0.3650834215618269,-14.06034280545547,59.9376,2.7391,1277407.007
2024-09-04,600603.SH,区域地产,4.67,0.0021459227467810482,0.027253668763102867,3.6,-0.087890625,0.7574732982073946,0.10883050736782536,1.1837121212121213,-13.261545883242905,9.1886,0.8448,574666.9205
2024-09-04,600605.SH,房产服务,25.27,-0.011345852895148667,-0.04798172124904809,0.9262,-0.1274171270718233,-0.01799367558790066,0.02024082533989406,0.2627775587964788,-13.16403435179117,49.4051,3.8055,521275.6981
2024-09-04,600651.SH,电器仪表,2.75,-0.0072202166064981865,-0.014285714285714346,0.1919,-0.03508771929824561,0.06659819876757767,0.0065514013119836265,0.3527585720333004,-13.443624370436975,152.6391,2.8348,689432.7041
2024-09-04,600654.SH,仓储物流,2.16,-0.013698630136986245,-0.0273972602739726,0.2854,-0.07692307692307676,0.10884130907358314,0.019545909432074057,0.26367831245880025,-13.339194528978283,51.1616,3.7925,621067.176
2024-09-05,000001.SZ,银行,10.07,0.004990019960079861,-0.03373015873015872,0.3062,0.01307847082494984,-0.009935564331739699,0.24024024024024027,2.1079258010118043,-16.788064253001398,4.1625,0.4744,19541759.6254
2024-09-05,000007.SZ,其他商业,4.77,0.04148471615720517,-0.010570824524313016,0.9889,0.028017241379310276,-0.11518674852146327,0.016295084424832403,0.07797392551930635,-12.015249353182067,61.3682,12.8248,165255.717
2024-09-05,000009.SZ,电气设备,7.83,-0.006345177664974555,-0.009067357512953289,0.6248,-0.055488540410132625,0.9405884185694575,0.022806473389406848,0.49411997232928156,-14.518372662760532,43.8472,2.0238,2019524.5346
2024-09-05,000011.SZ,房产服务,7.78,0.015665796344647598,0.002645502645502784,1.9475,-0.08899297423887575,-0.28887531206985273,0.054418511000702,0.967305088024763,-13.046932110143253,18.3761,1.0338,463671.7336
2024-09-05,000012.SZ,玻璃,4.98,0.0060606060606061,0.0,0.2891,-0.02734374999999989,0.30362395375512463,0.09804113806153061,0.9167583425009168,-14.240258334226361,10.1998,1.0908,1529204.6693
2024-09-05,000017.SZ,服饰,5.72,-0.02555366269165249,-0.05347593582887711,15.93,-0.05921052631578949,0.425137300269147,0.004758152618696875,0.07977344342068525,-12.884648634276843,210.1656,12.5355,394213.7817
2024-09-05,600601.SH,元器件,2.79,0.018248175182481674,-0.022222222222222254,1.9288,0.029520295202952074,0.10732708478265263,0.02034443122056415,0.34343018064427505,-13.966953426778105,49.1535,2.9118,1163511.8271
2024-09-05,600602.SH,软件服务,9.52,0.01927194860813697,0.03747323340471098,1.0207,-0.05742574257425748,0.16626732536694266,0.016368567766688984,0.3581918475535497,-14.079431402025229,61.0927,2.7918,1302025.1292
2024-09-05,600603.SH,区域地产,4.77,0.021413276231263323,0.020876826722338038,1.7532,-0.06102362204724421,0.8607867283161781,0.1065496041682205,1.1590171534538711,-13.282733116445932,9.3853,0.8628,586972.422
2024-09-05,600605.SH,房产服务,26.26,0.039176889592402064,-0.04136064940085038,1.4006,-0.09040526498094903,0.2737010539679181,0.019477762238851903,0.25287007535528244,-13.202463299318023,51.3406,3.9546,541697.6586
2024-09-05,600651.SH,电器仪表,2.8,0.018181818181818077,-0.0036101083032491488,0.2423,-0.014084507042253502,0.10661713023395936,0.0064344143363898945,0.3464523281596452,-13.461642875975915,155.4143,2.8864,701967.8442
2024-09-05,600654.SH,仓储物流,2.19,0.01388888888888884,-0.004608294930875445,0.3232,-0.051948051948051965,0.08907262569832408,0.01927814898924665,0.26006449599500675,-13.352987851110619,51.8722,3.8452,629693.109
2024-09-06,000001.SZ,银行,10.08,0.0009930486593843213,-0.015228426395939132,0.4529,0.003984063745019917,-0.10597405811147997,0.240003840061441,2.105706464518846,-16.789056808914253,4.1666,0.4749,19561165.5436
2024-09-06,000007.SZ,其他商业,4.73,-0.008385744234800652,-0.002105263157894721,1.0946,0.012847965738758127,-0.10593516959693605,0.016432881538643564,0.07863304317740401,-12.006828250639817,60.8536,12.7173,163869.9248
2024-09-06,000009.SZ,电气设备,7.72,-0.014048531289910682,-0.03385416666666663,0.38,-0.0585365853658536,0.5332956112741805,0.023131442106626696,0.5011526510975243,-14.504224516802074,43.2312,1.9954,1991153.181
2024-09-06,000011.SZ,房产服务,7.56,-0.028277634961439646,0.03034300791556732,1.1484,-0.1948881789137381,-0.2997714149522789,0.05600232969691539,0.9955201592832256,-13.018246962199168,17.8564,1.0045,450560.1936
2024-09-06,000012.SZ,玻璃,4.88,-0.0200803212851407,0.027083333333333348,0.4645,-0.05242718446601946,0.08819119347121918,0.10005002501250626,0.9355412105903266,-14.219973663035022,9.995,1.0689,1498497.7482
2024-09-06,000017.SZ,服饰,5.61,-0.019230769230769162,-0.06049822064056942,10.5318,-0.08631921824104227,0.5180074377998127,0.00485144864256467,0.08133784487246226,-12.865230548325236,206.124,12.2944,386632.7474
2024-09-06,600601.SH,元器件,2.7,-0.032258064516129004,0.041198501872659055,1.5475,-0.01098901098901095,0.06058320472504919,0.021022580353557755,0.3548741970971291,-13.934163603940789,47.5679,2.8179,1125979.1875
2024-09-06,600602.SH,软件服务,9.34,-0.018907563025210017,0.0269396551724137,0.7846,-0.06972111553784854,-0.021851124433156066,0.016684018045433915,0.3650834215618269,-14.06034280545547,59.9376,2.7391,1277407.007
2024-09-06,600603.SH,区域地产,4.79,0.004192872117400492,0.03711340206185576,0.9499,-0.04960317460317465,0.9160873928535256,0.10610417307712713,1.154068090017311,-13.286917222965304,9.4247,0.8665,589433.5223
2024-09-06,600605.SH,房产服务,25.87,-0.014851485148514865,-0.003626107977437565,0.8235,-0.09797768479776847,0.2813653871696107,0.01977140303807379,0.25668009959187865,-13.187500426513292,50.5781,3.8959,533652.6438
2024-09-06,600651.SH,电器仪表,2.77,-0.010714285714285676,0.007194244604316502,0.2624,-0.021201413427561877,0.011168841795196949,0.00650409888311614,0.3502136303144919,-13.450870779058805,153.7492,2.8554,694446.7602
2024-09-06,600654.SH,仓储物流,2.17,-0.0091324200913242,-0.01388888888888895,0.2818,-0.06465517241379304,-0.04667103773022596,0.019455820695156473,0.26246030287918953,-13.343813474834578,51.3985,3.8101,623942.487
2024-09-09,000001.SZ,银行,9.85,-0.022817460317460347,-0.013131313131313216,0.8447,-0.015984015984015998,-0.029822224795876928,0.24560369387955594,2.155172413793103,-16.76597500145264,4.0716,0.464,19114829.425
2024-09-09,000007.SZ,其他商业,4.75,0.004228329809724984,0.04621848739495804,0.8134,0.02813852813852802,-0.0908586681457344,0.016363692892757267,0.07830179076195472,-12.011047666255752,61.1109,12.7711,164562.8209
2024-09-09,000009.SZ,电气设备,7.68,-0.005181347150259086,-0.05759162303664911,0.3367,-0.05882352941176472,0.2995811646776372,0.023251920608642274,0.5037529595486373,-14.49902969990483,43.0072,1.9851,1980836.3251
2024-09-09,000011.SZ,房产服务,7.58,0.002645502645502784,0.038615179760319585,0.7855,-0.10507674144037782,-0.2108345458053683,0.05585437646966828,0.9928514694201747,-13.020888971475783,17.9037,1.0072,451752.1517
2024-09-09,000012.SZ,玻璃,4.8,-0.016393442622950838,0.0574468085106381,0.4143,-0.0625,-0.05437588854137054,0.10171801731240655,0.9512032721392563,-14.203444361121628,9.8311,1.0513,1473932.2114
2024-09-09,000017.SZ,服饰,5.62,0.0017825311942958333,-0.07014388489208623,6.7733,-0.015761821366024442,0.4897796698486563,0.004842816698419401,0.08119321549491325,-12.867011492611091,206.4914,12.3163,387321.9323
2024-09-09,600601.SH,元器件,2.67,-0.011111111111111183,0.04166666666666652,1.0527,-0.03956834532374098,-0.04113306653326665,0.02125877455919931,0.3588602598148281,-13.922990303307738,47.0394,2.7866,1113468.3076
2024-09-09,600602.SH,软件服务,9.28,-0.0064239828693790635,-0.006309148264984299,0.5912,-0.061678463094034464,-0.1628033444361362,0.01679190630116284,0.36744442403086536,-14.053898099957827,59.5525,2.7215,1269200.9662
2024-09-09,600603.SH,区域地产,4.85,0.012526096033402823,0.03305785123966953,0.7761,-0.03578528827037786,0.8449376654544787,0.10479214478082723,1.1398609369656902,-13.299365516482428,9.5427,0.8773,596816.8232
2024-09-09,600605.SH,房产服务,24.82,-0.04058755315036722,-0.012743926722421306,0.8633,-0.11357142857142855,0.41997152735407783,0.020607806649314893,0.26753705388196264,-13.146066210177883,48.5253,3.7378,511992.9888
2024-09-09,600651.SH,电器仪表,2.78,0.0036101083032489267,0.0,0.3265,-0.0035842293906810374,0.0006254413396549197,0.006480704997012395,0.34895488013399867,-13.454474386540348,154.3042,2.8657,696953.7882
2024-09-09,600654.SH,仓储物流,2.16,-0.004608294930875445,-0.03703703703703709,0.1415,-0.07692307692307676,-0.16046287662228464,0.019545909432074057,0.26367831245880025,-13.339194528978283,51.1616,3.7925,621067.176
2024-09-10,000001.SZ,银行,9.9,0.005076142131979822,0.01658031088082912,0.3957,-0.005025125628140614,-0.06616202749964062,0.2443673329749279,2.1440823327615783,-16.771038303409714,4.0922,0.4664,19211859.016
2024-09-10,000007.SZ,其他商业,4.76,0.00210526315789461,0.1681034482758621,0.6227,0.034782608695652195,-0.09437223451327426,0.01632932992594649,0.07813781948600942,-12.013150716185718,61.2395,12.7979,164909.2689
2024-09-10,000009.SZ,电气设备,7.64,-0.00520833333333337,-0.022251308900523514,0.3938,-0.06372549019607854,0.02310018211761844,0.023373660689242504,0.5064060363599534,-14.493807755954073,42.7832,1.9747,1970519.4693
2024-09-10,000011.SZ,房产服务,7.51,-0.009234828496042291,0.07123655913978477,0.5903,-0.06125000000000003,-0.26121260259465184,0.05637487033779823,1.002104419280489,-13.011611237695108,17.7384,0.9979,447580.2981
2024-09-10,000012.SZ,玻璃,4.7,-0.02083333333333326,0.033264033264033266,0.621,-0.09090909090909083,-0.008190154010504713,0.10388207307065019,0.9714396735962696,-14.182390951903587,9.6263,1.0294,1443225.2903
2024-09-10,000017.SZ,服饰,5.56,-0.01067615658362997,-0.018382352941176516,6.6834,-0.01592920353982319,0.4355493240116908,0.004895076483122511,0.08206946359398595,-12.856277936961481,204.2869,12.1848,383186.8227
2024-09-10,600601.SH,元器件,2.64,-0.011235955056179692,0.05363984674329503,1.2936,-0.03296703296703296,-0.06375174141434792,0.02150038270681218,0.36293688527565054,-13.911690748108915,46.5108,2.7553,1100957.4278
2024-09-10,600602.SH,软件服务,9.51,0.024784482758620774,0.03661087866108792,1.1923,-0.04133064516129037,-0.12512456978476427,0.016385786968383623,0.35856430850873106,-14.078380429744689,61.0285,2.7889,1300657.4557
2024-09-10,600603.SH,区域地产,4.84,-0.0020618556701030855,0.030612244897959107,0.6155,-0.024193548387096753,0.40533481877870847,0.10500892575868949,1.142204454597373,-13.297301532347085,9.523,0.8755,595586.2731
2024-09-10,600605.SH,房产服务,25.11,0.011684125705076598,0.007600000000000051,0.6228,-0.1006446991404012,0.2653325782747822,0.02036979322622896,0.26445231924683976,-13.157682603491265,49.0923,3.7814,517975.1792
2024-09-10,600651.SH,电器仪表,2.84,0.021582733812949728,0.04347826086956519,0.5557,0.014285714285714235,0.19529091115569508,0.00634378895482905,0.3415767181308922,-13.475827511024052,157.6345,2.9276,711995.9563
2024-09-10,600654.SH,仓储物流,2.16,0.0,0.0,0.2574,-0.07692307692307676,-0.20821690668468096,0.019545909432074057,0.26367831245880025,-13.339194528978283,51.1616,3.7925,621067.176
2024-09-11,000001.SZ,银行,9.65,-0.025252525252525304,0.01642710472279263,0.5713,-0.027217741935483875,-0.046341893182724525,0.2506956805134247,2.1997360316761987,-16.74546146162271,3.9889,0.4546,18726711.0611
2024-09-11,000007.SZ,其他商业,4.64,-0.025210084033613467,0.1645299145299146,0.6874,0.01978021978021971,-0.046383135465956515,0.0167516253264473,0.08015839298453745,-11.987617414347834,59.6957,12.4753,160751.8924
2024-09-11,000009.SZ,电气设备,7.64,0.0,-0.03137254901960784,0.4739,-0.032911392405063356,-0.22944515656473163,0.023373660689242504,0.5064060363599534,-14.493807755954073,42.7832,1.9747,1970519.4693
2024-09-11,000011.SZ,房产服务,7.44,-0.009320905459387352,0.06200527704485492,0.6023,-0.06060606060606055,-0.36640141854156205,0.05690547999772378,1.0115314586283632,-13.002246620637939,17.573,0.9886,443408.4444
2024-09-11,000012.SZ,玻璃,4.81,0.023404255319148914,0.002049180327868827,0.7226,-0.062378167641325644,0.07258012854732976,0.10150635429777904,0.9492168960607498,-14.205525527320656,9.8516,1.0535,1477002.9035
2024-09-11,000017.SZ,服饰,5.44,-0.021582733812949506,-0.00941619585687381,4.8716,-0.01270417422867498,0.048856979104282106,0.005003056867746193,0.08387995101410861,-12.834458889820135,199.8778,11.9218,374916.6036
2024-09-11,600601.SH,元器件,2.61,-0.011363636363636465,0.04166666666666652,0.7837,-0.04744525547445266,-0.13986628561756642,0.021747498493985728,0.36710719530102787,-13.900262052249795,45.9823,2.724,1088446.5479
2024-09-11,600602.SH,软件服务,9.56,0.00525762355415349,0.08255933952528394,1.0274,-0.03434343434343434,-0.06786274994825614,0.01630007791437243,0.3566842630903125,-14.08362428026984,61.3494,2.8036,1307495.823
2024-09-11,600603.SH,区域地产,4.9,0.012396694214876103,0.05725971370143146,0.7606,-0.0020366598778003286,-0.11141003468123478,0.10372260426714794,1.128158844765343,-13.309622016724846,9.6411,0.8864,602969.574
2024-09-11,600605.SH,房产服务,25.0,-0.004380724810832293,0.028225806451612767,0.4513,-0.09222948438634715,0.1439213287794554,0.020459437119965954,0.265611304417116,-13.153292255226654,48.8772,3.7649,515706.0725
2024-09-11,600651.SH,电器仪表,2.76,-0.028169014084507116,0.050724637681159424,0.4055,-0.007194244604316502,0.31631997356197306,0.00652766653546057,0.3514814944993146,-13.447254138466008,153.1941,2.8451,691939.7321
2024-09-11,600654.SH,仓储物流,2.13,-0.01388888888888895,-0.004629629629629761,0.2342,-0.0858369098712447,-0.22185909119477087,0.019821212661790648,0.26738682852482687,-13.325208287003543,50.451,3.7399,612441.243
2024-09-12,000001.SZ,银行,9.74,0.00932642487046631,0.035051546391752675,0.2998,-0.02891326021934193,-0.03979331067988434,0.24837932490499492,2.1791239921551537,-16.754744663927195,4.0261,0.4589,18901364.3249
2024-09-12,000007.SZ,其他商业,4.68,0.008620689655172376,0.19409282700421948,0.7042,0.010799136069114423,-0.10985787637230149,0.016608454035273036,0.07947293549181826,-11.9962011581881,60.2103,12.5829,162137.6846
2024-09-12,000009.SZ,电气设备,7.65,0.0013089005235602524,-0.0026954177897573484,0.3139,-0.04494382022471899,-0.33096022697235095,0.023343106313843398,0.5057401507105649,-14.495115800581118,42.8392,1.9773,1973098.6832
2024-09-12,000011.SZ,房产服务,7.58,0.018817204301075252,0.02944942381562088,1.1616,-0.044136191677175196,-0.422369200926774,0.05585437646966828,0.9928514694201747,-13.020888971475783,17.9037,1.0072,451752.1517
2024-09-12,000012.SZ,玻璃,4.88,0.01455301455301461,-0.016227180527383367,0.7482,-0.05609284332688591,0.23751796538149095,0.10005002501250626,0.9355412105903266,-14.219973663035022,9.995,1.0689,1498497.7482
2024-09-12,000017.SZ,服饰,5.31,-0.02389705882352955,0.0,5.1096,-0.0397830018083184,-0.20578238549119687,0.005125542474601655,0.08593353900093667,-12.810271664015254,195.1013,11.6369,365957.1994
2024-09-12,600601.SH,元器件,2.64,0.011494252873563315,-0.014388489208632893,1.4282,-0.04347826086956508,-0.206706814003495,0.02150038270681218,0.36293688527565054,-13.911690748108915,46.5108,2.7553,1100957.4278
2024-09-12,600602.SH,软件服务,9.69,0.013598326359832491,0.09758656873032545,1.42,-0.026130653266331683,-0.005028913774462573,0.016081410532680643,0.35190203047471585,-14.097130979097681,62.1836,2.8417,1325275.5779
2024-09-12,600603.SH,区域地产,4.89,-0.0020408163265307477,0.031809145129224614,0.5152,0.018750000000000044,-0.33209006896424387,0.10393497827758955,1.1304544426859597,-13.307579115013649,9.6214,0.8846,601739.0238
2024-09-12,600605.SH,房产服务,24.8,-0.008000000000000007,0.06550748079255975,0.3989,-0.11015428776462144,-0.11625110125998128,0.0206244250941505,0.2677519545892685,-13.145260083490296,48.4862,3.7348,511580.4239
2024-09-12,600651.SH,电器仪表,2.76,0.0,0.04285714285714293,0.2193,-0.024734982332155542,0.3449121140142519,0.00652766653546057,0.3514814944993146,-13.447254138466008,153.1941,2.8451,691939.7321
2024-09-12,600654.SH,仓储物流,2.16,0.014084507042253724,0.04225352112676073,0.2258,-0.06896551724137923,-0.260486223662885,0.019545909432074057,0.26367831245880025,-13.339194528978283,51.1616,3.7925,621067.176
2024-09-13,000001.SZ,银行,9.7,-0.004106776180698213,0.06141248720573178,0.2919,-0.04244817374136245,-0.0689097442155524,0.24940143655227456,2.1881838074398248,-16.750629431781675,4.0096,0.457,18823740.6521
2024-09-13,000007.SZ,其他商业,4.74,0.012820512820512997,0.11445783132530107,0.7678,0.053333333333333455,-0.18416201038091706,0.016398227679552395,0.07846706737182405,-12.008940184184128,60.9822,12.7442,164216.3729
2024-09-13,000009.SZ,电气设备,7.42,-0.030065359477124187,0.08194444444444438,0.4178,-0.058375634517766506,-0.3164755827397817,0.02406663570092873,0.5214036185411127,-14.464589209918959,41.5513,1.9179,1913776.762
2024-09-13,000011.SZ,房产服务,7.81,0.03034300791556732,0.04743589743589749,2.7913,0.022251308900523625,-0.18503352753655056,0.05420965040196456,0.9635767970707265,-13.05078073585591,18.4469,1.0378,465459.6709
2024-09-13,000012.SZ,玻璃,4.93,0.010245901639344135,0.016096579476861272,1.2459,-0.03522504892367917,0.42933333333333334,0.09903539525026243,0.9260974254491572,-14.23016743126761,10.0974,1.0798,1513851.2088
2024-09-13,000017.SZ,服饰,5.28,-0.005649717514124131,0.06382978723404253,4.9862,-0.02402957486136781,-0.3377480974944883,0.00515466574569972,0.08642146017699115,-12.804605926476471,193.999,11.5712,363889.6446
2024-09-13,600601.SH,元器件,2.78,0.05303030303030298,0.0072727272727273196,3.5754,-0.0035842293906810374,-0.007625578018813806,0.020417622041231345,0.34466119804232437,-13.963362758636245,48.9773,2.9014,1159341.5338
2024-09-13,600602.SH,软件服务,9.53,-0.016511867905056765,0.14074074074074083,0.8437,-0.042211055276381915,-0.00023149174264025518,0.01635138471701476,0.35780735651925005,-14.080481270845835,61.1569,2.7948,1303392.8026
2024-09-13,600603.SH,区域地产,5.03,0.02862985685071595,0.06000000000000005,0.9351,0.04573804573804585,-0.3413354298460526,0.10104174034293566,1.0990218705352237,-13.335806795779261,9.8969,0.9099,618966.726
2024-09-13,600605.SH,房产服务,24.73,-0.0028225806451612767,0.09197256958450994,0.6278,-0.12429178470254953,-0.1542500071332783,0.020682822708912023,0.26851404328446377,-13.142433511858455,48.3493,3.7242,510136.4469
2024-09-13,600651.SH,电器仪表,2.8,0.01449275362318847,0.052816901408450745,0.3553,0.007194244604316502,0.38545948258225304,0.0064344143363898945,0.3464523281596452,-13.461642875975915,155.4143,2.8864,701967.8442
2024-09-13,600654.SH,仓储物流,2.13,-0.01388888888888895,0.08653846153846145,0.1963,-0.07792207792207795,-0.29421600923030633,0.019821212661790648,0.26738682852482687,-13.325208287003543,50.451,3.7399,612441.243
2024-09-18,000001.SZ,银行,9.77,0.007216494845360799,0.07033639143730874,0.2286,-0.05053449951409128,-0.26970733949639925,0.2476166893648632,2.1724961981316535,-16.757820012322476,4.0385,0.4603,18959582.0794
2024-09-18,000007.SZ,其他商业,4.98,0.05063291139240511,0.03690036900368998,1.99,0.13698630136986312,0.03435495058089133,0.015607953188626796,0.07468594559875723,-12.058332939176212,64.0699,13.3894,172531.1259
2024-09-18,000009.SZ,电气设备,7.2,-0.029649595687331498,0.058902275769745716,0.6089,-0.0874524714828897,-0.23558478646531955,0.024802017892175707,0.537345513164965,-14.434491178777355,40.3193,1.861,1857034.0548
2024-09-18,000011.SZ,房产服务,7.8,-0.001280409731113874,0.03136762860727749,2.1727,0.03585657370517925,0.010877898182872991,0.054279092236461435,0.9648784253184098,-13.049499505682784,18.4233,1.0364,464863.6918
2024-09-18,000012.SZ,玻璃,4.97,0.008113590263691739,0.02012072434607659,0.5375,-0.031189083820662766,0.45375424380545093,0.0982385822207814,0.9186110600771633,-14.238248283302942,10.1793,1.0886,1526133.9772
2024-09-18,000017.SZ,服饰,5.17,-0.02083333333333337,0.06741573033707882,4.5551,-0.05828779599271405,-0.38933273989217865,0.005264338214778682,0.08826047431178895,-12.78355251745405,189.9574,11.3301,356308.6104
2024-09-18,600601.SH,元器件,2.75,-0.010791366906474753,0.025454545454545396,2.0067,-0.04513888888888884,0.12732246029604677,0.02064034609732336,0.3484199156823804,-13.952512742578305,48.4488,2.8701,1146830.6539
2024-09-18,600602.SH,软件服务,9.45,-0.008394543546694666,0.08577194752774964,0.7783,-0.06063618290258466,0.05515198002677146,0.01648981341776118,0.3608414823368094,-14.072051294716228,60.6435,2.7713,1292451.415
2024-09-18,600603.SH,区域地产,5.0,-0.005964214711729698,0.055445544554455495,0.4325,0.05932203389830515,-0.39917035398230083,0.10164770936886938,1.105705440070765,-13.329824724025782,9.8379,0.9044,615275.0755
2024-09-18,600605.SH,房产服务,24.79,0.0024262029923169948,0.09884874950377132,0.6153,-0.1323066153307666,-0.19663403235824772,0.02063276565717422,0.2678595344601291,-13.144856776423152,48.4666,3.7333,511374.1415
2024-09-18,600651.SH,电器仪表,2.84,0.014285714285714235,0.05208333333333326,0.3855,0.014285714285714235,0.3886740630985508,0.00634378895482905,0.3415767181308922,-13.475827511024052,157.6345,2.9276,711995.9563
2024-09-18,600654.SH,仓储物流,2.08,-0.023474178403755763,0.05633802816901423,0.32,-0.09170305676855894,-0.16901574471667924,0.020297685860835007,0.2738150653048931,-13.301454200995435,49.2667,3.6521,598064.688
2024-09-19,000001.SZ,银行,9.81,0.004094165813715467,0.1262626262626263,0.3526,-0.05125725338491294,-0.2524990625167406,0.24660912453760792,2.163565556036348,-16.761905819845488,4.055,0.4622,19037205.7522
2024-09-19,000007.SZ,其他商业,5.42,0.08835341365461846,0.062385321100917324,6.3738,0.25462962962962954,0.7417830467796329,0.01434088572178395,0.0686224052153028,-12.142998863405133,69.7307,14.5725,187774.8398
2024-09-19,000009.SZ,电气设备,7.47,0.03749999999999987,0.11066126855600533,0.6468,-0.02352941176470591,-0.15621491442333235,0.02390554441291569,0.5179200331468821,-14.471305151923428,41.8313,1.9308,1926672.8319
2024-09-19,000011.SZ,房产服务,7.97,0.021794871794871717,0.0931677018633541,2.6451,0.08731241473396989,0.2566912136864439,0.05312113211756769,0.9442870632672333,-13.071060264652788,18.8249,1.059,474995.3363
2024-09-19,000012.SZ,玻璃,4.97,0.0,0.06952965235173836,0.5285,-0.017786561264822143,0.4058292839290527,0.0982385822207814,0.9186110600771633,-14.238248283302942,10.1793,1.0886,1526133.9772
2024-09-19,000017.SZ,服饰,5.34,0.03288201160541582,0.11406844106463887,5.8501,0.007547169811320753,-0.4130941538070082,0.00509674644094196,0.08545036615481898,-12.81590548173658,196.2036,11.7027,368024.7542
2024-09-19,600601.SH,元器件,2.75,0.0,0.05454545454545445,2.3043,-0.010791366906474753,0.2408670328455047,0.02064034609732336,0.3484199156823804,-13.952512742578305,48.4488,2.8701,1146830.6539
2024-09-19,600602.SH,软件服务,9.91,0.048677248677248874,0.052430886558627154,2.3002,0.02270381836945301,0.21502761166270834,0.015724407740182467,0.34409194136673316,-14.119580901529442,63.5954,2.9062,1355364.3939
2024-09-19,600603.SH,区域地产,5.05,0.010000000000000009,0.044487427466150864,0.4837,0.08602150537634401,-0.41640072411025875,0.10064209657615587,1.0946907498631637,-13.339775054951362,9.9362,0.9135,621427.8263
2024-09-19,600605.SH,房产服务,25.19,0.01613553852359839,0.131764705882353,0.8968,-0.08929862617498185,-0.11022169320041664,0.02030510450022031,0.26360880453407143,-13.160863520817271,49.2487,3.7935,519625.4387
2024-09-19,600651.SH,电器仪表,2.88,0.014084507042253502,0.08965517241379328,0.5352,0.05494505494505497,0.31566014881467397,0.006255680940253867,0.33683643222850984,-13.489813752914912,159.8547,2.9688,722024.0683
2024-09-19,600654.SH,仓储物流,2.13,0.024038461538461453,0.05581395348837215,0.2968,-0.053333333333333344,-0.13097493131282123,0.019821212661790648,0.26738682852482687,-13.325208287003543,50.451,3.7399,612441.243
2024-09-20,000001.SZ,银行,9.9,0.00917431192660545,0.13745019920318735,0.4109,-0.04347826086956519,-0.3122211245128159,0.2443673329749279,2.1440823327615783,-16.771038303409714,4.0922,0.4664,19211859.016
2024-09-20,000007.SZ,其他商业,5.45,0.005535055350553542,0.08657243816254412,4.238,0.25287356321839094,1.0259472920887749,0.014261937598318234,0.06824494475571721,-12.14851865699028,70.1167,14.6531,188814.184
2024-09-20,000009.SZ,电气设备,7.41,-0.008032128514056214,0.181081081081081,0.3748,-0.018543046357615833,-0.18647219878428867,0.024099114839511944,0.5221114185767243,-14.463240592081654,41.4953,1.9153,1911197.5481
2024-09-20,000011.SZ,房产服务,8.05,0.010037641154328814,0.13681592039801016,2.2999,0.07190412782956068,0.46111815014254054,0.052593379545382825,0.9349289454001495,-13.081047863415037,19.0138,1.0696,479763.1691
2024-09-20,000012.SZ,玻璃,4.89,-0.01609657947686116,0.10927835051546397,0.5072,-0.03168316831683171,0.2958687893345926,0.09984523987818882,0.9336196433572963,-14.222020746652108,10.0155,1.0711,1501568.4403
2024-09-20,000017.SZ,服饰,5.26,-0.014981273408239737,0.15719696969696972,4.0228,-0.048824593128390714,-0.405451566781481,0.005174264038554477,0.08674983083782986,-12.800810855689733,193.2642,11.5274,362511.2748
2024-09-20,600601.SH,元器件,2.75,0.0,0.10948905109489049,1.4317,-0.024822695035460973,0.31822475190441724,0.02064034609732336,0.3484199156823804,-13.952512742578305,48.4488,2.8701,1146830.6539
2024-09-20,600602.SH,软件服务,10.49,0.05852674066599395,0.14913957934990418,4.6954,0.10887949260042284,0.6362072970450758,0.014854978274594274,0.32506582582973054,-14.176458975602925,67.3175,3.0763,1434689.4543
2024-09-20,600603.SH,区域地产,5.17,0.023762376237623783,0.038535645472061564,0.6728,0.14128035320088284,-0.4283484116087046,0.09830618444206325,1.06928999144568,-13.36325950016389,10.1723,0.9352,636194.4281
2024-09-20,600605.SH,房产服务,25.5,0.012306470821754623,0.12523719165085367,1.0858,-0.07036091870215089,0.02797827535841413,0.02005828938896433,0.2604031040049998,-13.173094882617887,49.8547,3.8402,526020.194
2024-09-20,600651.SH,电器仪表,2.9,0.00694444444444442,0.10273972602739745,0.4876,0.06227106227106227,0.3156620110805164,0.0062125383934872715,0.33451528734863184,-13.496734195855957,160.9648,2.9894,727038.1244
2024-09-20,600654.SH,仓储物流,2.15,0.009389671361502261,0.06306306306306286,0.2875,-0.031531531531531654,-0.09060368173871292,0.019636797788111098,0.26490066225165565,-13.33455414942178,50.9248,3.775,618191.865
2024-09-23,000001.SZ,银行,10.04,0.01414141414141401,0.17743490838958542,0.4622,-0.032755298651252596,-0.23259135555604393,0.24095804920363365,2.1141649048625792,-16.785080660534206,4.1501,0.473,19483541.8708
2024-09-23,000007.SZ,其他商业,5.66,0.038532110091743066,0.2198198198198198,3.661,0.3255269320843093,1.1964056565448131,0.013732773951674368,0.06571295268010277,-12.186326940403896,72.8185,15.2177,196089.5929
2024-09-23,000009.SZ,电气设备,7.4,-0.0013495276653171517,0.23363286264441574,0.2533,-0.008042895442359144,-0.20286768143799672,0.024131681761033606,0.5228211428870183,-14.461890152965468,41.4393,1.9127,1908618.3341
2024-09-23,000011.SZ,房产服务,8.04,-0.001242236024844967,0.20195838433292534,1.4667,0.06772908366533859,0.5090787889641724,0.0526587397710398,0.9360666479453337,-13.07980485515885,18.9902,1.0683,479167.19
2024-09-23,000012.SZ,玻璃,4.85,-0.008179959100204526,0.14455445544554468,0.3571,-0.028056112224449037,0.15305307485660347,0.10066843843118305,0.9413536665725313,-14.213807148133393,9.9336,1.0623,1489285.6719
2024-09-23,000017.SZ,服饰,5.28,0.0038022813688214363,0.20545454545454533,3.426,0.0,-0.42983955016631603,0.00515466574569972,0.08642146017699115,-12.804605926476471,193.999,11.5712,363889.6446
2024-09-23,600601.SH,元器件,2.74,-0.0036363636363635488,0.20216606498194944,1.7149,0.00366300366300365,0.34920222441661064,0.020715685502748972,0.3496992586375717,-13.948869751288347,48.2726,2.8596,1142660.3606
2024-09-23,600602.SH,软件服务,10.46,-0.0028598665395613843,0.2263450834879408,2.7036,0.11632870864461053,0.730342745787322,0.0148975791433892,0.32599837000814996,-14.17359501180704,67.125,3.0675,1430586.4339
2024-09-23,600603.SH,区域地产,5.19,0.003868471953578423,0.05471698113207557,0.5959,0.13815789473684226,-0.4130401042230071,0.09792688778557929,1.0651896037494675,-13.367120508818017,10.2117,0.9388,638655.5284
2024-09-23,600605.SH,房产服务,26.35,0.03333333333333344,0.14776505356483183,1.4019,-0.027675276752767486,0.2371111972518143,0.019411218908080115,0.25200342724661057,-13.205884705318228,51.5166,3.9682,543554.2004
2024-09-23,600651.SH,电器仪表,2.92,0.006896551724137945,0.16053511705685608,0.4072,0.07749077490774914,0.3947571318427139,0.006169986839418071,0.33221487658217336,-13.503607075102268,162.0749,3.0101,732052.1804
2024-09-23,600654.SH,仓储物流,2.22,0.032558139534883956,0.13716814159292046,0.6906,0.023041474654378113,0.16806599390273713,0.01901762553534616,0.2565483978552554,-13.366593503166397,52.5828,3.8979,638319.042
2024-09-24,000001.SZ,银行,10.37,0.03286852589641431,0.2266666666666668,0.8442,-0.009551098376313405,-0.021248509623573608,0.2332905633967106,2.0470829068577276,-16.817420568510357,4.2865,0.4885,20123937.1713
2024-09-24,000007.SZ,其他商业,5.55,-0.019434628975265045,0.29181494661921703,3.8497,0.3214285714285714,1.3644101171477776,0.014004954953062393,0.06701514542286556,-12.166700975863531,71.4033,14.922,192278.6644
2024-09-24,000009.SZ,电气设备,7.79,0.05270270270270272,0.3084702907711756,0.8904,0.04423592493297579,-0.08858846526602826,0.022923581947220748,0.4966476285075739,-14.513251012620582,43.6232,2.0135,2009207.6787
2024-09-24,000011.SZ,房产服务,8.17,0.016169154228855787,0.17883211678832112,2.4965,0.10704607046070458,0.4143633010192034,0.051820989573616895,0.9211495946941785,-13.095844680847039,19.2972,1.0856,486914.9182
2024-09-24,000012.SZ,玻璃,5.05,0.04123711340206193,0.17357001972386588,0.8595,0.007984031936127733,-0.02469038691802783,0.09668187794879728,0.9040773890245004,-14.254216686445343,10.3432,1.1061,1550699.514
2024-09-24,000017.SZ,服饰,5.5,0.04166666666666652,0.21052631578947367,8.1987,0.037735849056603765,-0.35655981644714574,0.004948478911809693,0.08296483120805091,-12.84542792119459,202.0823,12.0533,379051.7132
2024-09-24,600601.SH,元器件,2.77,0.010948905109488871,0.2978723404255321,3.4049,0.03745318352059934,0.2554719216377481,0.02049134138369832,0.3459010722933241,-13.959759151121737,48.8011,2.891,1155171.2405
2024-09-24,600602.SH,软件服务,10.78,0.030592734225621365,0.35130111524163565,3.1207,0.13473684210526304,0.9203174591966783,0.01445535823991558,0.3163155563990637,-14.203729118678867,69.1785,3.1614,1474351.9845
2024-09-24,600603.SH,区域地产,5.3,0.021194605009633882,0.05253283302063805,0.7195,0.13490364025695922,-0.44358287873635616,0.09589474592687067,1.043079169708981,-13.388093632103757,10.4281,0.9587,652191.58
2024-09-24,600605.SH,房产服务,27.07,0.02732447817836814,0.13511560693641633,1.2499,-0.005145167217934565,0.3338753835110877,0.01889494786883883,0.24530245793062846,-13.23284253397929,52.9242,4.0766,558406.5353
2024-09-24,600651.SH,电器仪表,2.99,0.023972602739726234,0.19471947194719474,0.6694,0.09926470588235303,0.4875409688860952,0.006025537432747471,0.3244435792615664,-13.527296846217363,165.9603,3.0822,749601.3765
2024-09-24,600654.SH,仓储物流,2.26,0.018018018018017834,0.19111111111111123,0.6907,0.041474654377880116,0.39804875064990686,0.01868104359781955,0.25200977797938556,-13.384451120566403,53.5302,3.9681,649820.286
2024-09-25,000001.SZ,银行,10.5,0.012536162005786,0.047533632286995475,1.1134,0.0009532888465204614,0.2575627388818109,0.23039882035803977,2.0214271275520517,-16.82987880343369,4.3403,0.4947,20376214.1079
2024-09-25,000007.SZ,其他商业,5.62,0.012612612612612706,0.23661485319516418,3.3186,0.3009259259259258,1.3402524046660753,0.01383053172862284,0.06618046088072957,-12.179234711970995,72.3038,15.1102,194703.8007
2024-09-25,000009.SZ,电气设备,7.91,0.015404364569961526,0.1688942891859051,1.1183,0.03669724770642202,0.023901214549649996,0.022575809568531127,0.4891171435558816,-14.528537934527556,44.2952,2.0445,2040158.2463
2024-09-25,000011.SZ,房产服务,8.22,0.006119951040391758,-0.00909090909090915,2.5477,0.10187667560321723,0.40163337717554204,0.05150577122166539,0.9155832265152902,-13.10194598092029,19.4153,1.0922,489894.8136
2024-09-25,000012.SZ,玻璃,5.07,0.003960396039603964,0.0497131931166348,0.9769,0.007952286282306265,0.07931414820014027,0.09630014830222838,0.9004952723998199,-14.258169260752261,10.3842,1.1105,1556840.8982
2024-09-25,000017.SZ,服饰,5.7,0.036363636363636376,0.05972696245733777,10.6625,0.04587155963302747,-0.22493923769058632,0.004774846870660858,0.08005379615101348,-12.881146003639305,209.4308,12.4916,392835.4118
2024-09-25,600601.SH,元器件,2.82,0.018050541516245522,0.19999999999999996,3.692,0.04444444444444429,0.3552479161435085,0.020128014170121975,0.33977778532839525,-13.977648715842736,49.682,2.9431,1176022.7069
2024-09-25,600602.SH,软件服务,10.76,-0.0018552875695732052,0.3704710144927539,3.3786,0.13742071881606743,1.0990329948005249,0.014482238258887387,0.316906987799081,-14.201872107938463,69.0501,3.1555,1471616.6376
2024-09-25,600603.SH,区域地产,5.33,0.005660377358490676,-0.009259259259259411,0.8441,0.16885964912280715,-0.36856737534632633,0.09535433671523381,1.0372368011617052,-13.393738049795353,10.4872,0.9641,655883.2305
2024-09-25,600605.SH,房产服务,27.68,0.022534170668636833,0.09251559251559249,1.6576,-0.0025225225225224968,0.4947853562350035,0.01847855009904503,0.23989444644356483,-13.25512656115696,54.1168,4.1685,570989.7635
2024-09-25,600651.SH,电器仪表,3.03,0.013377926421404451,0.053797468354430444,0.8226,0.11397058823529393,0.5914165895103753,0.005945992549671335,0.3201536737634064,-13.540586078256796,168.1805,3.1235,759629.4885
2024-09-25,600654.SH,仓储物流,2.25,-0.004424778761061843,0.06167400881057272,0.856,0.022727272727272707,0.5866393004751598,0.018764084791146354,0.25312610742672,-13.380016523498538,53.2933,3.9506,646944.975
2024-09-26,000001.SZ,银行,11.15,0.06190476190476191,0.049036777583187474,1.5905,0.06903163950143831,0.5590662246984976,0.21697151164052159,1.9036740909956216,-16.889943044177727,4.6089,0.5253,21637598.7908
2024-09-26,000007.SZ,其他商业,5.79,0.030249110320284656,0.15121951219512186,2.5546,0.2953020134228188,0.8533273735966134,0.013424440536440645,0.06423721518824717,-12.209035339913752,74.491,15.5673,200593.4175
2024-09-26,000009.SZ,电气设备,8.23,0.04045512010113783,0.07894736842105265,1.0798,0.10026737967914445,0.10246427432571714,0.021697998576611293,0.4701015419330575,-14.56819616744668,46.0872,2.1272,2122693.0932
2024-09-26,000011.SZ,房产服务,8.8,0.07055961070559613,-0.049234135667396206,2.9958,0.20713305898491097,0.3578217992582158,0.04811092454763703,0.8552125203112974,-13.17012749346162,20.7853,1.1693,524461.601
2024-09-26,000012.SZ,玻璃,5.23,0.03155818540433919,0.026022304832713727,0.9671,0.035643564356435675,0.1679682835375318,0.09335412018409432,0.8729812309035356,-14.28923972128176,10.7119,1.1455,1605971.972
2024-09-26,000017.SZ,服饰,5.86,0.02807017543859658,-0.008183306055646544,6.4176,0.11832061068702293,-0.21713015178933437,0.004644476904177474,0.07786767167874914,-12.908829432319086,215.3095,12.8423,403862.3707
2024-09-26,600601.SH,元器件,2.9,0.028368794326241176,0.13486842105263164,2.7537,0.102661596958175,0.3453056830708561,0.019572765670934834,0.33040375338663847,-14.005622567889247,51.0914,3.0266,1209385.0532
2024-09-26,600602.SH,软件服务,11.04,0.026022304832713727,0.19966722129783698,2.4764,0.18454935622317592,1.00796456107543,0.014114923708837355,0.30887076847047196,-14.227561594026938,70.847,3.2376,1509911.4943
2024-09-26,600603.SH,区域地产,5.4,0.013133208255159623,0.03525046382189245,0.8941,0.12970711297071125,-0.27567473005938203,0.09411853288030946,1.0237510237510237,-13.406785765101713,10.6249,0.9768,664497.0815
2024-09-26,600605.SH,房产服务,28.86,0.04263005780346818,0.05227655986509272,2.0581,0.05830583058305838,0.6320082330658314,0.01772301759186726,0.23008605218351666,-13.296872983714257,56.4238,4.3462,595331.0901
2024-09-26,600651.SH,电器仪表,3.16,0.04290429042904309,0.03416149068322971,0.8342,0.17472118959107807,0.6071250374214152,0.00570137779495793,0.30698388334612436,-13.582595486343088,175.3962,3.2575,792220.8527
2024-09-26,600654.SH,仓储物流,2.27,0.008888888888888946,0.004237288135593209,0.947,0.031818181818181746,0.7795889076836331,0.01859873417015238,0.2508969566199162,-13.388866138775521,53.7671,3.9857,652695.597
2024-09-27,000001.SZ,银行,11.42,0.024215246636771326,-0.040131040131040185,1.9788,0.10551790900290414,0.8663010369031572,0.21184196589344348,1.858736059479554,-16.913869750497355,4.7205,0.538,22161558.5821
2024-09-27,000007.SZ,其他商业,6.15,0.06217616580310881,-0.04579025110782864,4.8084,0.30296610169491545,0.789563510898087,0.01263862997251098,0.06047704291450965,-12.269355130215365,79.1225,16.5352,213065.5471
2024-09-27,000009.SZ,电气设备,8.74,0.06196840826245431,-0.0780437044745057,1.5412,0.16223404255319163,0.32538950111286025,0.020431889275505637,0.44265415430923816,-14.628320342418354,48.9431,2.2591,2254233.0054
2024-09-27,000011.SZ,房产服务,9.14,0.03863636363636358,-0.11405295315682296,5.1698,0.24693042291950884,0.4916241288103036,0.046321172481517854,0.8233841086867024,-13.20803615738928,21.5884,1.2145,544724.8901
2024-09-27,000012.SZ,玻璃,5.38,0.028680688336520044,-0.0778546712802769,1.7767,0.06958250497017882,0.4082430119794638,0.09075151328148397,0.8486082824168365,-14.317516817374917,11.0191,1.1784,1652032.3536
2024-09-27,000017.SZ,服饰,6.11,0.04266211604095571,-0.11764705882352944,9.7507,0.12939001848428844,-0.07338712300743477,0.0044544402082718065,0.07468148347298771,-12.950606602095627,224.4951,13.3902,421091.9941
2024-09-27,600601.SH,元器件,3.04,0.048275862068965614,-0.042042042042042094,2.4186,0.15151515151515138,0.38604646552749466,0.018671381812953834,0.31518895577898953,-14.052769346301893,53.5579,3.1727,1267769.1592
2024-09-27,600602.SH,软件服务,12.02,0.08876811594202905,0.021936459909228434,3.866,0.2828175026680897,0.7395580969859057,0.012964132135620378,0.28368794326241137,-14.312608482292212,77.1359,3.525,1643943.4929
2024-09-27,600603.SH,区域地产,5.39,-0.0018518518518519933,0.005366726296959001,1.2015,0.13953488372093004,-0.19196733763767548,0.0942933655188021,1.0256410256410258,-13.40493219652917,10.6052,0.975,663266.5314
2024-09-27,600605.SH,房产服务,29.65,0.027373527373527384,-0.04151915030576114,1.568,0.08807339449541285,0.6314845368243052,0.017250778010088254,0.2239541341933172,-13.323878555826713,57.9684,4.4652,611627.402
2024-09-27,600651.SH,电器仪表,3.22,0.018987341772152,-0.08069164265129691,0.7068,0.1881918819188193,0.6065190996544316,0.00559514117939981,0.30126833971017986,-13.601404818313911,178.7265,3.3193,807263.0208
2024-09-27,600654.SH,仓储物流,2.36,0.03964757709251088,-0.09727626459143968,0.9605,0.08256880733944949,0.9343141487090341,0.017889471688122105,0.24133021212925646,-13.427747926319729,55.8988,4.1437,678573.396
2024-09-30,000001.SZ,银行,12.21,0.06917688266199651,-0.06677018633540377,2.7983,0.20533070088845018,1.2174810553091748,0.19813358166075568,1.7385257301808066,-16.9807588343946,5.0471,0.5752,23694626.1198
2024-09-30,000007.SZ,其他商业,6.77,0.1008130081300811,-0.07300275482093654,6.2962,0.45905172413793105,0.8303091818643185,0.011481174891589006,0.054938715862455426,-12.36540413518455,87.0991,18.2021,234545.3258
2024-09-30,000009.SZ,电气设备,9.61,0.09954233409610969,-0.13236714975845398,2.5374,0.2545691906005221,0.7047374962091704,0.018582145160001562,0.40259269696847694,-14.723214375751667,53.8151,2.4839,2478624.6204
2024-09-30,000011.SZ,房产服务,9.82,0.07439824945295404,-0.054695562435500444,6.1183,0.3360544217687076,0.7269143226019732,0.04311366918881631,0.7664009809932557,-13.279796894192385,23.1945,1.3048,585251.4683
2024-09-30,000012.SZ,玻璃,5.78,0.07434944237918217,-0.08907563025210086,3.6139,0.14003944773175547,0.9044309902037118,0.08447158798138246,0.7898894154818326,-14.389232125839014,11.8383,1.266,1774860.0378
2024-09-30,000017.SZ,服饰,6.63,0.0851063829787233,-0.12753623188405805,13.7853,0.2142857142857142,0.1356795376766109,0.004105071775127452,0.06882454558593777,-13.032284633067986,243.6011,14.5297,456929.6106
2024-09-30,600601.SH,元器件,3.33,0.09539473684210531,-0.040983606557377095,5.4028,0.24719101123595522,0.5920398009950252,0.01704532864245889,0.2877366634056511,-14.14388413493486,58.6671,3.4754,1388707.6646
2024-09-30,600602.SH,软件服务,13.22,0.0998336106489186,0.014442916093535096,6.5304,0.38284518828451874,0.87098191757272,0.011787351464637358,0.25793804328200365,-14.407767387609244,84.8367,3.8769,1808064.3075
2024-09-30,600603.SH,区域地产,5.59,0.03710575139146566,0.048128342245989275,3.2146,0.1743697478991597,0.16397072208416752,0.0909198359806159,0.9889240506329113,-13.441366098745604,10.9987,1.0112,687877.5344
2024-09-30,600605.SH,房产服务,31.07,0.04789207419898833,-0.0420114576702737,4.766,0.1460715603098488,0.8909249125625454,0.016462368671453925,0.21372088053002777,-13.370659153758728,60.7446,4.679,640919.5069
2024-09-30,600651.SH,电器仪表,3.47,0.07763975155279512,-0.09944751381215478,1.9876,0.26642335766423364,0.9425056101524409,0.005192035210305982,0.2795638803466592,-13.676178052747778,192.6027,3.577,869938.7212
2024-09-30,600654.SH,仓储物流,2.57,0.08898305084745761,-0.10820895522388063,4.7916,0.17889908256880727,1.5361352679292288,0.01642769841374144,0.22161155925893092,-13.512992206189338,60.8728,4.5124,738954.927
2024-10-08,000001.SZ,银行,12.88,0.05487305487305494,0.018835616438356295,3.0347,0.26771653543307083,1.419446313839853,0.1878251723295956,1.6479894528675016,-17.03417926694546,5.3241,0.6068,24994822.639
2024-10-08,000007.SZ,其他商业,7.26,0.07237813884785815,-0.0516759776536313,8.5084,0.5680345572354211,0.9213950095839056,0.010706271305479898,0.05123055800323777,-12.435282876870973,93.4032,19.5196,251521.2799
2024-10-08,000009.SZ,电气设备,10.35,0.07700312174817903,-0.08835758835758833,3.1226,0.36184210526315796,1.0383078616232861,0.017253575803585292,0.3738038277511962,-14.797396672476088,57.959,2.6752,2669486.4538
2024-10-08,000011.SZ,房产服务,9.69,-0.013238289205702691,0.029816513761467878,6.5109,0.2733245729303546,0.9277819874096447,0.04369216249989077,0.7766387076731904,-13.26647019772075,22.8874,1.2876,577503.7401
2024-10-08,000012.SZ,玻璃,5.95,0.02941176470588225,-0.029143897996357082,4.6595,0.16895874263261312,1.2941274919068313,0.08205801501661675,0.7673419275629221,-14.41821966275734,12.1865,1.3032,1827061.8037
2024-10-08,000017.SZ,服饰,6.9,0.040723981900452566,-0.04669887278582929,16.5216,0.22557726465364136,0.275394377570102,0.003944438637354228,0.06613144285582023,-13.072201240490555,253.5215,15.1214,475537.6038
2024-10-08,600601.SH,元器件,3.66,0.0990990990990992,-0.011494252873563204,6.2509,0.33090909090909104,0.686846535029936,0.015508468399169365,0.2617938111943034,-14.238374978307382,64.4809,3.8198,1526327.343
2024-10-08,600602.SH,软件服务,14.54,0.0998487140695914,-0.06807666886979513,6.4485,0.5067357512953365,0.968388580694532,0.01071725209656244,0.2345215759849906,-14.502940025311693,93.3075,4.264,1988597.2036
2024-10-08,600603.SH,区域地产,5.61,0.003577817531305927,0.12710280373831795,2.9128,0.17118997912317324,0.3960338111441284,0.0905953017276524,0.9854158454867955,-13.444937531110352,11.0381,1.0148,690338.6347
2024-10-08,600605.SH,房产服务,31.42,0.011264885741873343,-0.02917856010149067,5.0466,0.141300399564112,1.146357761838074,0.016278982693813497,0.21134053300082423,-13.381861063158157,61.4289,4.7317,648139.3919
2024-10-08,600651.SH,电器仪表,3.62,0.04322766570605174,-0.03603603603603611,2.1762,0.2928571428571429,1.1559651208878319,0.004976894766048619,0.26797438164911436,-13.71849748459938,200.9285,3.7317,907544.1414
2024-10-08,600654.SH,仓储物流,2.68,0.04280155642023353,-0.049792531120331995,6.3878,0.19111111111111123,1.9535192844395257,0.015753414946525032,0.21251726702794602,-13.554903101804975,63.4783,4.7055,770583.348
2024-10-09,000001.SZ,银行,11.68,-0.0931677018633541,0.006677796327211993,2.2001,0.1552917903066271,1.4315915771163308,0.20712510356255176,1.817520901490367,-16.93638152367188,4.828,0.5502,22666112.4553
2024-10-09,000007.SZ,其他商业,7.16,-0.01377410468319551,-0.06355932203389836,11.0475,0.5431034482758621,1.0968400718409397,0.010855806662425664,0.05194616299667026,-12.421413029165633,92.1166,19.2507,248056.7995
2024-10-09,000009.SZ,电气设备,9.62,-0.0705314009661836,-0.0827147401908801,2.4095,0.3035230352303522,1.149892158489314,0.018562828678085282,0.4021717273275689,-14.72425441742087,53.8711,2.4865,2481203.8343
2024-10-09,000011.SZ,房产服务,8.72,-0.10010319917440647,0.10471806674338313,3.6448,0.17837837837837833,0.9251320891451567,0.048552409898865334,0.8630361612151549,-13.160995009775899,20.5963,1.1587,519693.7682
2024-10-09,000012.SZ,玻璃,5.49,-0.07731092436974785,-0.021739130434782483,2.5525,0.09800000000000009,1.38559819274196,0.08893315783856853,0.8316008316008316,-14.337756698676577,11.2444,1.2025,1685809.9667
2024-10-09,000017.SZ,服饰,6.21,-0.10000000000000009,-0.01650165016501648,10.1497,0.15642458100558665,0.2661304748361015,0.004382710557467635,0.07347916498276914,-12.966840724786,228.1693,13.6093,427983.8434
2024-10-09,600601.SH,元器件,3.48,-0.049180327868852514,-0.01449275362318847,6.2634,0.2517985611510791,0.7628221156323782,0.01631063273837582,0.2753303964757709,-14.187944124724545,61.3097,3.632,1451262.0639
2024-10-09,600602.SH,软件服务,15.13,0.040577716643741546,0.0034674063800277377,12.89,0.6356756756756758,1.234017983777842,0.010299329410662071,0.22537750732476897,-14.542716080984249,97.0937,4.437,2069289.9374
2024-10-09,600603.SH,区域地产,5.35,-0.04634581105169355,0.13440860215053774,1.8624,0.08961303462321779,0.509180421087285,0.09499833752909324,1.0332713370531101,-13.39748337252238,10.5265,0.9678,658344.3308
2024-10-09,600605.SH,房产服务,31.53,0.0035009548058562157,-0.03685897435897434,3.8443,0.16691339748334566,1.1927454040269474,0.016222205279030042,0.21060168902554596,-13.385355903858535,61.6439,4.7483,650408.4986
2024-10-09,600651.SH,电器仪表,3.33,-0.08011049723756902,-0.027027027027026973,1.5635,0.20216606498194944,1.177523124742538,0.005410318559556787,0.29131587380196344,-13.6349957627931,184.832,3.4327,834840.329
2024-10-09,600654.SH,仓储物流,2.41,-0.10074626865671643,-0.029535864978903037,3.5275,0.09049773755656121,2.0149482595144876,0.017518319782912982,0.23632281696797827,-13.448713054784774,57.0831,4.2315,692949.951
2024-10-10,000001.SZ,银行,11.98,0.025684931506849473,0.019624573378839383,1.7657,0.1884920634920635,1.3116563213032708,0.20193861066235866,1.7513134851138354,-16.961742138957344,4.952,0.571,23248290.0012
2024-10-10,000007.SZ,其他商业,7.08,-0.011173184357541888,0.015479876160990669,4.798,0.5324675324675325,1.1002083416625577,0.010978466835149537,0.05253314841665091,-12.410176956110522,91.0874,19.0356,245285.2152
2024-10-10,000009.SZ,电气设备,9.43,-0.01975051975051967,-0.04514672686230237,1.5315,0.22150259067357503,1.2003416372917841,0.01893684750724808,0.41027324197915815,-14.704306249402766,52.8071,2.4374,2432198.769
2024-10-10,000011.SZ,房产服务,8.69,-0.0034403669724771824,0.02298850574712663,2.9525,0.1434210526315789,0.8819114326102175,0.04871988502107135,0.8660258075690656,-13.157548711085811,20.5255,1.1547,517905.8309
2024-10-10,000012.SZ,玻璃,5.52,0.005464480874316724,-0.013133208255159512,1.7304,0.09523809523809512,1.3876693445278758,0.08845017601585027,0.8270614506657844,-14.343206303490886,11.3058,1.2091,1695022.0431
2024-10-10,000017.SZ,服饰,6.06,-0.024154589371980784,-0.0017094017094017033,8.8167,0.09189189189189184,0.32168558353043264,0.004491192770976116,0.075297802810114,-12.942389628910268,222.658,13.2806,417646.0694
2024-10-10,600601.SH,元器件,3.45,-0.008620689655172376,0.1410658307210031,4.1141,0.23655913978494625,0.7823606813120325,0.016452455693536816,0.2777314891962451,-14.179286061954468,60.7812,3.6006,1438751.184
2024-10-10,600602.SH,软件服务,14.42,-0.04692663582286849,0.06809770540340487,12.2799,0.5373134328358207,1.4350441703408876,0.01080642982574632,0.23647370412410143,-14.494652685042967,92.5375,4.2288,1972185.1221
2024-10-10,600603.SH,区域地产,5.58,0.04299065420560755,0.1832740213523132,1.4544,0.19742489270386265,0.6902027871826113,0.09108297659167502,0.9906875371507826,-13.439575588046067,10.979,1.0094,686646.9843
2024-10-10,600605.SH,房产服务,31.2,-0.010466222645099998,0.00671591672263272,2.3101,0.22065727699530524,1.15055741565179,0.01639379199884588,0.2128293534244243,-13.374834525204966,60.9987,4.6986,643601.1785
2024-10-10,600651.SH,电器仪表,3.33,0.0,-0.0031347962382444194,1.1087,0.20216606498194944,1.1182582810284059,0.005410318559556787,0.29131587380196344,-13.6349957627931,184.832,3.4327,834840.329
2024-10-10,600654.SH,仓储物流,2.37,-0.016597510373444035,-0.017241379310344862,2.5932,0.08219178082191791,2.0065034492977922,0.01781397577655574,0.24031529366528886,-13.431976262429249,56.1357,4.1612,681448.707
2024-10-11,000001.SZ,银行,11.72,-0.02170283806343909,0.0016638935108153063,1.0672,0.1696606786427146,1.0687587162120353,0.20641539033150313,1.7901897601145722,-16.939800330421015,4.8446,0.5586,22743736.1281
2024-10-11,000007.SZ,其他商业,6.46,-0.08757062146892658,-0.022288261515601815,7.8513,0.41048034934497823,1.0541063961746997,0.012032130601558402,0.05757516437709429,-12.318532365896479,83.1108,17.3686,223805.4364
2024-10-11,000009.SZ,电气设备,8.86,-0.0604453870625663,-0.017817371937639215,1.327,0.12436548223350252,1.1445953371536226,0.02015515437840496,0.4366621544910703,-14.64195691737671,49.6151,2.2901,2285183.573
2024-10-11,000011.SZ,房产服务,8.7,0.0011507479861909697,0.007641921397379958,2.1608,0.13577023498694496,0.6386098788700667,0.04866393175370211,0.8650519031141869,-13.158698797484584,20.5491,1.156,518501.81
2024-10-11,000012.SZ,玻璃,5.33,-0.034420289855072395,-0.009225092250922495,1.3327,0.07676767676767682,1.2307077666823263,0.09160277373198861,0.8566044200788077,-14.308179681339457,10.9167,1.1674,1636678.893
2024-10-11,000017.SZ,服饰,5.85,-0.034653465346534684,0.0016611295681063787,7.9039,-0.0034071550255537764,0.3865626814981331,0.004652415697064465,0.07800068640604038,-12.90712149005562,214.9421,12.8204,403173.1858
2024-10-11,600601.SH,元器件,3.19,-0.07536231884057976,0.11111111111111116,3.8966,0.16423357664233573,0.8110906407984004,0.01779340434087892,0.30036343976211216,-14.100932747753708,56.2006,3.3293,1330323.5586
2024-10-11,600602.SH,软件服务,13.51,-0.06310679611650483,0.03186440677966096,7.3536,0.4464668094218416,1.4043063875880928,0.011534331360578194,0.2523977788995457,-14.429466705160635,86.6977,3.962,1847726.8377
2024-10-11,600603.SH,区域地产,5.62,0.007168458781362075,0.13435374149659873,1.4948,0.20342612419700212,0.8951261872690974,0.09043471969758629,0.9836710603974032,-13.446718475552228,11.0577,1.0166,691569.1849
2024-10-11,600605.SH,房产服务,29.78,-0.04551282051282046,0.033554817275747384,1.5744,0.17847249703205392,1.1094188738237678,0.017175490574949548,0.22298035543068656,-13.328253457676174,58.2225,4.4847,614309.0736
2024-10-11,600651.SH,电器仪表,3.19,-0.042042042042042094,0.0030674846625766694,0.8107,0.15999999999999992,1.0580264025514392,0.00564776153795324,0.30409925799781046,-13.592044375610266,177.0613,3.2884,799741.9368
2024-10-11,600654.SH,仓储物流,2.32,-0.021097046413502185,-0.008368200836820106,1.8161,0.07407407407407396,1.9608255406478086,0.018197898506680448,0.24548913710568307,-13.410653492960428,54.9514,4.0735,667072.152
2024-10-14,000001.SZ,银行,12.02,0.025597269624573205,-0.007563025210084007,1.2371,0.19364448857994043,0.6963619955698568,0.20126393752767377,1.7455053237912377,-16.965075475377446,4.9686,0.5729,23325913.674
2024-10-14,000007.SZ,其他商业,6.73,0.04179566563467496,-0.02945508100147276,3.6498,0.41090146750524137,0.8473531404488159,0.011549411268760574,0.05526510671692107,-12.359478191814373,86.5845,18.0946,233159.5336
2024-10-14,000009.SZ,电气设备,8.98,0.013544018058690765,0.0,0.9356,0.1468710089399745,0.8027564610596716,0.019885815646557465,0.4308302098143122,-14.655410035082406,50.2871,2.3211,2316134.1406
2024-10-14,000011.SZ,房产服务,9.16,0.052873563218390984,0.00222717149220486,3.2533,0.17737789203084842,0.3844773910476098,0.046220118693264804,0.8216251745953496,-13.21022195063852,21.6356,1.2171,545916.8483
2024-10-14,000012.SZ,玻璃,5.42,0.016885553470919357,-0.0037523452157599557,1.2609,0.08835341365461846,0.7832120539941032,0.09008197459688316,0.8423890152472412,-14.324924258635804,11.101,1.1871,1664315.122
2024-10-14,000017.SZ,服饰,6.02,0.029059829059828957,0.03378378378378377,6.838,0.0524475524475525,0.28914770561792835,0.004521034792527453,0.07579834608008854,-12.935767088226935,221.1883,13.1929,414889.3297
2024-10-14,600601.SH,元器件,3.51,0.10031347962382431,0.2441860465116279,5.311,0.25806451612903225,0.7040333604301634,0.01617120781134022,0.2729779160865886,-14.196527868374123,61.8383,3.6633,1463772.9437
2024-10-14,600602.SH,软件服务,14.75,0.09178386380458914,0.1439716312056738,6.1562,0.5493697478991597,1.233046748394918,0.0105646599447257,0.23118180136859628,-14.51727963596467,94.6552,4.3256,2017318.3461
2024-10-14,600603.SH,区域地产,5.88,0.0462633451957295,0.16086235489220568,1.2924,0.23270440251572344,0.5939260824026977,0.08643565297814042,0.940203083866115,-13.491943573518801,11.5693,1.0636,723563.4888
2024-10-14,600605.SH,房产服务,30.1,0.01074546675621213,-0.019928128062724593,1.7207,0.14623000761614624,0.7265946264639058,0.016992902064807528,0.2206093229499879,-13.338941602129388,58.8481,4.5329,620910.1113
2024-10-14,600651.SH,电器仪表,3.26,0.021943573667711602,0.03426791277258556,0.8077,0.16428571428571437,0.6766833467292388,0.0055264892921506725,0.2975659108492531,-13.613750654185608,180.9467,3.3606,817291.1329
2024-10-14,600654.SH,仓储物流,2.39,0.030172413793103647,0.0393013100436681,1.7687,0.091324200913242,1.3605001650104507,0.017664910774535678,0.23829949480507104,-13.440379673225628,56.6094,4.1964,687199.329
2024-10-15,000001.SZ,银行,11.9,-0.009983361064891727,-0.022388059701492602,1.0682,0.18055555555555558,0.3013535261284186,0.20329335230737958,1.7630465444287728,-16.95504194638683,4.919,0.5672,23093042.6556
2024-10-15,000007.SZ,其他商业,6.79,0.008915304606240682,0.02413273001508287,4.1322,0.43551797040169116,0.5608096884955314,0.011447358178679526,0.05477681187999496,-12.368353989881832,87.3564,18.2559,235238.2219
2024-10-15,000009.SZ,电气设备,8.77,-0.023385300668151587,0.02543352601156057,0.7984,0.13601036269430056,0.3266640140965156,0.02036199555701257,0.4411505205576143,-14.631746959137226,49.1111,2.2668,2261970.6473
2024-10-15,000011.SZ,房产服务,8.98,-0.01965065502183405,-0.03124999999999989,2.961,0.1878306878306879,0.08246997838298986,0.04714668275940105,0.8380824673147838,-13.190375654185404,21.2104,1.1932,535189.2246
2024-10-15,000012.SZ,玻璃,5.33,-0.016605166051660514,-0.005555555555555647,1.0629,0.09221311475409832,0.19951804134419593,0.09160277373198861,0.8566044200788077,-14.308179681339457,10.9167,1.1674,1636678.893
2024-10-15,000017.SZ,服饰,5.92,-0.01661129568106301,0.04026845637583887,5.7521,0.05525846702317283,0.04479036557363281,0.004597403110878789,0.07707841958408485,-12.919016277631934,217.5141,12.9738,407997.4803
2024-10-15,600601.SH,元器件,3.44,-0.019943019943019946,0.19117647058823528,5.626,0.2740740740740739,0.5580392181097931,0.016500288755053213,0.2785360147067016,-14.176383302287414,60.605,3.5902,1434580.8907
2024-10-15,600602.SH,软件服务,14.1,-0.04406779661016946,0.08016586040082929,5.1104,0.5096359743040686,1.056771266327551,0.011051689858637834,0.2418379685610641,-14.472211350601285,90.4839,4.135,1928419.5716
2024-10-15,600603.SH,区域地产,6.03,0.025510204081632626,0.16113744075829373,1.6407,0.2588726513569939,0.3284960139287354,0.08428505204601965,0.9167583425009168,-13.517133822394115,11.8645,1.0908,742021.7411
2024-10-15,600605.SH,房产服务,30.61,0.016943521594684263,0.07487520798668879,1.9048,0.18322381136451482,0.31019720520187843,0.01670977789363224,0.21693385686704122,-13.35574318336487,59.8452,4.6097,631430.5152
2024-10-15,600651.SH,电器仪表,3.21,-0.015337423312883347,0.02777777777777768,0.7495,0.15884476534296033,0.26677851294714916,0.00561257306166983,0.30220610456331215,-13.598294395918042,178.1714,3.309,804755.9928
2024-10-15,600654.SH,仓储物流,2.29,-0.04184100418410042,0.0565217391304349,2.03,0.055299539170506895,0.6176186800463139,0.018436306249170368,0.24870672502984478,-13.397638124848358,54.2408,4.0208,658446.219
2024-10-16,000001.SZ,银行,12.06,0.013445378151260456,-0.007531380753138084,0.9866,0.2243654822335026,0.07936451990941862,0.20059778138853784,1.7397355601948505,-16.968397737569763,4.9851,0.5748,23403537.3468
2024-10-16,000007.SZ,其他商业,6.63,-0.02356406480117823,0.04573170731707332,2.7338,0.39578947368421047,0.12188625241242046,0.011723618049213404,0.05609877872958705,-12.344507852528876,85.2979,17.8257,229695.0532
2024-10-16,000009.SZ,电气设备,8.65,-0.0136830102622576,0.06855791962174917,0.8424,0.12630208333333348,0.00565750579397073,0.020644479356552867,0.447267197423741,-14.617969473687927,48.4391,2.2358,2231020.0797
2024-10-16,000011.SZ,房产服务,9.6,0.06904231625835178,0.038202247191011285,4.3605,0.26649076517150383,0.06537321440091826,0.04410162779108177,0.7839448102853559,-13.257138870340025,22.6749,1.2756,572139.9283
2024-10-16,000012.SZ,玻璃,5.4,0.013133208255159623,0.03992395437262353,1.2553,0.12500000000000022,-0.027364613802015714,0.09041591320072333,0.8454514710855596,-14.321227396762934,11.06,1.1828,1658173.7378
2024-10-16,000017.SZ,服饰,5.96,0.006756756756756799,0.06164383561643838,4.9953,0.06049822064056931,-0.08086504140407447,0.004566547845091738,0.07656147120523067,-12.925750309979419,218.9838,13.0614,410754.2201
2024-10-16,600601.SH,元器件,3.4,-0.011627906976744207,0.13186813186813184,2.8622,0.27340823970037453,0.31118949961448683,0.0166944072066417,0.2818092151613358,-14.164687262557846,59.9003,3.5485,1417899.7176
2024-10-16,600602.SH,软件服务,14.47,0.026241134751773032,0.11573111573111583,3.5559,0.5592672413793105,0.5639159172789427,0.01076909656971967,0.23565453045834805,-14.498114093842206,92.8583,4.2435,1979023.4894
2024-10-16,600603.SH,区域地产,6.33,0.04975124378109452,0.14135338345864645,1.2456,0.30515463917525776,0.19856063090103504,0.0802909744915574,0.8733624454148472,-13.56568704776959,12.4547,1.145,778938.2456
2024-10-16,600605.SH,房产服务,30.05,-0.018294674942829103,0.15210140093395585,1.3108,0.21071716357775983,0.004878687852266417,0.01702116070699093,0.2209749414416405,-13.337279091267074,58.7504,4.5254,619878.6991
2024-10-16,600651.SH,电器仪表,3.24,0.009345794392523477,0.06289308176100628,0.5517,0.16546762589928066,-0.0016542853425363102,0.005560603347705639,0.29941016198089765,-13.60759678864824,179.8366,3.3399,812277.0769
2024-10-16,600654.SH,仓储物流,2.3,0.004366812227074135,0.06140350877192979,1.5506,0.06481481481481466,0.2828321003802381,0.018356168406831432,0.24762895277715874,-13.401995430217314,54.4776,4.0383,661321.53
2024-10-17,000001.SZ,银行,11.95,-0.009121061359867455,-0.02408637873754149,0.8522,0.20707070707070696,-0.09972661665435778,0.20244554214916186,1.75561797752809,-16.9592348246473,4.9396,0.5696,23190072.2466
2024-10-17,000007.SZ,其他商业,6.56,-0.010558069381598867,0.03039513677811545,3.5953,0.37815126050420167,0.026688170535025924,0.01184870623976568,0.05669737774627924,-12.333893651323603,84.3974,17.6375,227269.9169
2024-10-17,000009.SZ,电气设备,8.46,-0.021965317919075078,0.00340136054421758,0.8871,0.10732984293193737,-0.13335685146490817,0.021108090308853578,0.4573101019801527,-14.59575932637806,47.3752,2.1867,2182015.0144
2024-10-17,000011.SZ,房产服务,8.9,-0.07291666666666663,0.03250270855904658,3.7978,0.1850865512649802,0.0647938392479066,0.04757034464714697,0.8455944529003889,-13.181427048676992,21.0215,1.1826,530421.3919
2024-10-17,000012.SZ,玻璃,5.26,-0.02592592592592602,0.007448789571694592,1.157,0.11914893617021272,-0.12843104519195914,0.09282206937521464,0.867980210051211,-14.294959469941407,10.7733,1.1521,1615184.0483
2024-10-17,000017.SZ,服饰,5.84,-0.020134228187919434,0.036484245439469376,5.4564,0.05035971223021596,-0.1640245586712763,0.004660381675938496,0.07813476684585573,-12.905410625733959,214.5747,12.7984,402484.0009
2024-10-17,600601.SH,元器件,3.64,0.07058823529411762,0.025641025641025772,7.9185,0.3787878787878787,0.4004614568696385,0.015593666476423934,0.2632340940798652,-14.232895512591355,64.1286,3.7989,1517986.7565
2024-10-17,600602.SH,软件服务,14.43,-0.0027643400138217533,-0.009855453350854138,4.8938,0.5173501577287067,0.17914384344814827,0.01079894947819476,0.23630606361359233,-14.495345925994748,92.6016,4.2318,1973552.7956
2024-10-17,600603.SH,区域地产,6.65,0.050552922590837435,0.13043478260869557,1.1793,0.37396694214876036,0.12562417871222076,0.07642747414840687,0.8313242996092776,-13.615003666241114,13.0843,1.2029,818315.8504
2024-10-17,600605.SH,房产服务,29.98,-0.0023294509151414733,-0.0006428801028608433,1.3208,0.19394663480684993,-0.12521397714039972,0.01706091600058007,0.22149375387614068,-13.334946922964992,58.6135,4.5148,618434.7221
2024-10-17,600651.SH,电器仪表,3.18,-0.01851851851851849,0.051987767584097844,0.6429,0.11971830985915499,-0.12183939212798345,0.00566552015423812,0.30505475732894055,-13.588904655624473,176.5063,3.2781,797234.9088
2024-10-17,600654.SH,仓储物流,2.28,-0.008695652173913104,0.03797468354430378,1.4282,0.05555555555555536,0.08782845081030777,0.01851718116654538,0.24980015987210233,-13.39326175024856,54.0039,4.0032,655570.908
2024-10-18,000001.SZ,银行,12.04,0.007531380753138084,-0.008467400508043954,1.3422,0.24766839378238337,-0.08275792887833766,0.2009323259926057,1.7424638438752398,-16.96673798615123,4.9768,0.5739,23364725.5104
2024-10-18,000007.SZ,其他商业,6.58,0.0030487804878049918,0.10622154779969661,3.3376,0.4181034482758621,-0.20882105554308616,0.011812693211363337,0.056524958595467835,-12.33693779375699,84.6547,17.6913,227962.813
2024-10-18,000009.SZ,电气设备,8.82,0.04255319148936154,0.11060433295324978,1.495,0.1544502617801049,-0.1425619388112418,0.020246562639827822,0.43865420888713424,-14.637432022760857,49.3911,2.2797,2274866.7171
2024-10-18,000011.SZ,房产服务,9.23,0.03707865168539337,0.11888888888888882,4.0283,0.24059139784946226,0.12311380279025186,0.045869665931223026,0.8153946510110894,-13.217834820386866,21.8009,1.2264,550088.7019
2024-10-18,000012.SZ,玻璃,5.37,0.020912547528517234,0.06403013182674222,1.5751,0.11642411642411643,-0.12053733173545911,0.09092066262978925,0.8501955449753444,-14.315656351726282,10.9986,1.1762,1648961.6615
2024-10-18,000017.SZ,服饰,6.03,0.03253424657534243,0.07843137254901955,7.4947,0.10845588235294112,-0.1894381291765378,0.004513537679238223,0.07567273057481005,-12.937426839565756,221.5557,13.2148,415578.5146
2024-10-18,600601.SH,元器件,3.9,0.0714285714285714,-0.07242990654205606,8.0415,0.49425287356321834,0.48023686416123845,0.01455409173735104,0.2456821364518586,-14.30188838403878,68.7092,4.0703,1626414.3819
2024-10-18,600602.SH,软件服务,15.22,0.05474705474705477,-0.08245505269683806,6.1302,0.5920502092050208,0.06658495973457645,0.010238422136287732,0.22404445041896312,-14.54864690561997,97.6713,4.4634,2081598.9985
2024-10-18,600603.SH,区域地产,6.67,0.003007518796992459,0.05142857142857138,2.7325,0.36122448979591826,0.2293771059759382,0.0761980234232724,0.8288437629506838,-13.6180066714985,13.1237,1.2065,820776.9507
2024-10-18,600605.SH,房产服务,31.11,0.03769179452968641,0.04366666666666652,2.9728,0.24439999999999995,-0.036831422802193425,0.016441202969938905,0.21344717182497333,-13.371945741238392,60.8228,4.685,641744.6366
2024-10-18,600651.SH,电器仪表,3.27,0.028301886792452713,0.07831325301204828,0.8759,0.18478260869565233,-0.1309597245096572,0.005509590268300517,0.2966566792251328,-13.61681344369782,181.5017,3.3709,819798.1609
2024-10-18,600654.SH,仓储物流,2.37,0.03947368421052655,0.04621848739495804,2.3664,0.11267605633802824,0.08432227634274381,0.01781397577655574,0.24031529366528886,-13.431976262429249,56.1357,4.1612,681448.707
2024-10-21,000001.SZ,银行,11.81,-0.019102990033222467,-0.012722646310432406,1.4463,0.21252566735112932,-0.09132607681170402,0.20310754544531331,1.8138944313440957,-16.947450176477826,4.9235,0.5513,22918389.3918
2024-10-21,000007.SZ,其他商业,6.59,0.001519756838905817,0.044182621502209196,2.6987,0.4081196581196582,-0.26848588914618754,0.011794775622085954,0.05643914167353343,-12.33845639674114,84.7833,17.7182,228309.261
2024-10-21,000009.SZ,电气设备,8.77,-0.005668934240362855,0.14092446448703488,1.3783,0.14640522875816986,-0.10709577163261841,0.02036199555701257,0.4411505205576143,-14.631746959137226,49.1111,2.2668,2261970.6473
2024-10-21,000011.SZ,房产服务,9.0,-0.024918743228602436,0.10967741935483866,3.0273,0.18733509234828505,0.07861307695731523,0.047041777802866724,0.8361903169161301,-13.192600349237411,21.2577,1.1959,536381.1828
2024-10-21,000012.SZ,玻璃,5.31,-0.011173184357541999,0.06517690875232773,1.6061,0.08811475409836067,-0.09935154772737276,0.09194810448982595,0.8597713008339781,-14.304420278424066,10.8757,1.1631,1630537.5088
2024-10-21,000017.SZ,服饰,6.12,0.014925373134328401,0.09193548387096762,6.7401,0.15254237288135597,-0.2006853834109643,0.004447162154650064,0.07455953952028392,-12.952241925357974,224.8625,13.4121,421781.179
2024-10-21,600601.SH,元器件,4.28,0.09743589743589753,-0.012345679012345623,8.0318,0.6212121212121213,0.4929729605497526,0.013261913508452482,0.22386890237077167,-14.39486484049516,75.4039,4.4669,1784885.5268
2024-10-21,600602.SH,软件服务,16.13,0.05978975032851497,-0.042226487523992384,6.8771,0.6646026831785345,0.037901569408402835,0.009660808996145338,0.21140308225693932,-14.606717445321552,103.511,4.7303,2206057.2829
2024-10-21,600603.SH,区域地产,7.0,0.0494752623688155,0.051700680272108945,1.7585,0.43149284253578735,0.24156243651876141,0.07260582298700356,0.78976465013426,-13.666296960646994,13.773,1.2662,861385.1057
2024-10-21,600605.SH,房产服务,30.0,-0.03567984570877525,0.018575851393188847,2.8197,0.20967741935483875,0.013825020489691475,0.017049542560773095,0.22134177383297549,-13.33561381202061,58.6526,4.5179,618847.287
2024-10-21,600651.SH,电器仪表,3.32,0.015290519877675823,0.1501501501501501,0.9154,0.2028985507246377,-0.1409713917762856,0.005426613196437971,0.292192613370734,-13.631988241747184,184.277,3.4224,832333.301
2024-10-21,600654.SH,仓储物流,2.38,0.00421940928270037,0.07407407407407396,1.9309,0.10185185185185164,0.05045659265613889,0.017739145860126836,0.23930314922944387,-13.436186794965593,56.3725,4.1788,684324.018
2024-10-22,000001.SZ,银行,11.79,-0.0016934801016089684,-0.026981450252951067,0.8337,0.2154639175257731,-0.1471684853690438,0.20345052083333334,1.8171906232963837,-16.945755260817656,4.9152,0.5503,22879577.5554
2024-10-22,000007.SZ,其他商业,6.79,0.030349013657056112,0.007288629737609353,2.3554,0.4324894514767932,-0.35855892756183927,0.011447358178679526,0.05477681187999496,-12.368353989881832,87.3564,18.2559,235238.2219
2024-10-22,000009.SZ,电气设备,8.87,0.011402508551881407,0.06084070796460184,0.9349,0.1954177897574123,-0.10368547982454723,0.020132431131986202,0.43616696471409255,-14.643084949096503,49.6711,2.2927,2287762.787
2024-10-22,000011.SZ,房产服务,9.3,0.03333333333333344,0.08225108225108224,3.0702,0.19078104993597966,0.08062216403984035,0.04552428037493797,0.8092579104960751,-13.22539017213257,21.9663,1.2357,554260.5556
2024-10-22,000012.SZ,玻璃,5.37,0.011299435028248705,0.02010968921389411,1.2837,0.08924949290060868,-0.0706643468860324,0.09092066262978925,0.8501955449753444,-14.315656351726282,10.9986,1.1762,1648961.6615
2024-10-22,000017.SZ,服饰,6.2,0.013071895424836555,0.04516129032258065,5.6954,0.1742424242424243,-0.2058716862474489,0.00438977901413465,0.07359759777440864,-12.965229120968914,227.8019,13.5874,427294.6585
2024-10-22,600601.SH,元器件,4.05,-0.053738317757009435,0.004854368932038833,7.0151,0.45683453237410077,0.4976271463740609,0.014015063390131715,0.2365855966688748,-14.33962871201935,71.3518,4.2268,1688968.7812
2024-10-22,600602.SH,软件服务,15.63,-0.030998140111593186,-0.10434782608695659,5.5034,0.6400839454354672,0.007407850266140992,0.009969851170061732,0.21816436503261555,-14.575228697640991,100.3024,4.5837,2137673.6102
2024-10-22,600603.SH,区域地产,7.35,0.050000000000000044,0.06982872200263501,1.6992,0.46123260437375735,0.21633670181036524,0.06914864192067267,0.7521624670928921,-13.71508712483301,14.4616,1.3295,904454.361
2024-10-22,600605.SH,房产服务,32.3,0.07666666666666666,-0.018818760856977423,3.8069,0.30610594419733106,0.11364790024424498,0.01583548827936335,0.20558365198799392,-13.40948366063209,63.1493,4.8642,666292.2457
2024-10-22,600651.SH,电器仪表,3.33,0.003012048192771122,0.12426035502958577,0.7115,0.18928571428571428,-0.16677371012631126,0.005410318559556787,0.29131587380196344,-13.6349957627931,184.832,3.4327,834840.329
2024-10-22,600654.SH,仓储物流,2.43,0.021008403361344685,0.037190082644628086,2.0799,0.14084507042253525,0.0027867095391211905,0.01737414171739916,0.23437866216659634,-13.456977564634666,57.5568,4.2666,698700.573
2024-10-23,000001.SZ,银行,11.86,0.00593723494486853,-0.03659574468085103,0.7791,0.2139201637666326,-0.19683534627732757,0.20225309952875029,1.8063583815028903,-16.951674939838576,4.9443,0.5536,23015418.9828
2024-10-23,000007.SZ,其他商业,6.86,0.010309278350515427,0.03539823008849541,2.9464,0.3775100401606426,-0.35600460138408085,0.011330546019012656,0.05421787997245732,-12.378610490014319,88.257,18.4441,237663.3582
2024-10-23,000009.SZ,电气设备,9.04,0.01916572717023679,0.1333333333333333,1.472,0.2555555555555553,-0.03546642790395782,0.019753827797981554,0.4279722673970727,-14.662069327176585,50.6231,2.3366,2331609.4244
2024-10-23,000011.SZ,房产服务,9.24,-0.006451612903225823,0.0482686253934943,2.7919,0.18461538461538463,-0.021041272871824113,0.045820064606291094,0.8144648965629582,-13.218917657540256,21.8245,1.2278,550684.681
2024-10-23,000012.SZ,玻璃,5.47,0.01862197392923637,0.003696857670979492,1.9392,0.10060362173038229,-0.024443426595532003,0.08925861791956013,0.8346548702111677,-14.334107059597269,11.2034,1.1981,1679668.5825
2024-10-23,000017.SZ,服饰,6.2,0.0,0.05600000000000005,7.0514,0.19922630560928445,-0.1657375794867837,0.00438977901413465,0.07359759777440864,-12.965229120968914,227.8019,13.5874,427294.6585
2024-10-23,600601.SH,元器件,4.12,0.01728395061728394,0.022499999999999964,5.2681,0.4981818181818183,0.5481940758903183,0.013776932180295957,0.2325635479894881,-14.356764994257452,72.5851,4.2999,1718160.8342
2024-10-23,600602.SH,软件服务,16.1,0.0300703774792066,-0.04844061048440618,10.8125,0.7037037037037039,0.16898468434304625,0.009678808732221239,0.21179709837975222,-14.604855825204359,103.3185,4.7215,2201954.2626
2024-10-23,600603.SH,区域地产,7.59,0.03265306122448974,0.10079575596816981,3.146,0.518,0.35488068855331645,0.06696174475522135,0.7283321194464676,-13.747218402989583,14.9339,1.373,933987.5646
2024-10-23,600605.SH,房产服务,34.54,0.06934984520123844,0.12190414924412996,4.0956,0.3933037515127067,0.2668460882990662,0.014808518452154418,0.19224853891110427,-13.476534503124705,67.5287,5.2016,712499.5098
2024-10-23,600651.SH,电器仪表,3.38,0.01501501501501501,0.12209302325581395,0.8751,0.1901408450704225,-0.11821660800245626,0.005330282990054225,0.28700169330999054,-13.649899168325089,187.6073,3.4843,847375.4691
2024-10-23,600654.SH,仓储物流,2.42,-0.004115226337448652,0.12195121951219501,1.9494,0.16346153846153832,0.0017920686839849598,0.017445917655268667,0.23534949399858793,-13.452853847450804,57.32,4.249,695825.262
2024-10-24,000001.SZ,银行,11.75,-0.009274873524451888,-0.02818104184457726,0.4562,0.19775739041794083,-0.2603054713791896,0.20414412575278146,1.8231540565177757,-16.94235678686257,4.8985,0.5485,22801953.8827
2024-10-24,000007.SZ,其他商业,6.78,-0.011661807580174988,-0.06858710562414261,1.358,0.2509225092250924,-0.4211871815124193,0.01146423502598942,0.05485764441274892,-12.366880150025274,87.2278,18.229,234891.7738
2024-10-24,000009.SZ,电气设备,8.85,-0.02101769911504414,0.11498973305954818,0.8068,0.18473895582329325,-0.053943263017605436,0.020177928977725582,0.4371584699453552,-14.64082761176423,49.5591,2.2875,2282604.359
2024-10-24,000011.SZ,房产服务,9.53,0.031385281385281294,0.02383316782522349,4.3171,0.1957340025094103,-0.0147475171892395,0.04442568693218419,0.7897022822395957,-13.249820489609558,22.5095,1.2663,567968.0747
2024-10-24,000012.SZ,玻璃,5.41,-0.010968921389396646,-0.024778761061946986,1.154,0.08853118712273655,-0.04411639164403358,0.09024863498939578,0.8438818565400843,-14.32307753604686,11.0805,1.185,1661244.4299
2024-10-24,000017.SZ,服饰,6.25,0.008064516129032251,0.06060606060606055,5.5262,0.17041198501872667,-0.16219763396950226,0.004354661011413566,0.07300868803387603,-12.973261292514525,229.639,13.697,430740.5831
2024-10-24,600601.SH,元器件,4.0,-0.029126213592232997,0.04785894206549113,4.1233,0.4545454545454546,0.3598252479822819,0.014190234280767974,0.23953817040745445,-14.327206192041515,70.471,4.1747,1668117.3148
2024-10-24,600602.SH,软件服务,15.07,-0.06397515527950315,0.020270270270270174,7.4215,0.5206861755802219,0.20273215055796023,0.010340331324896312,0.22627505996289088,-14.538742565836916,96.7087,4.4194,2061083.8967
2024-10-24,600603.SH,区域地产,7.54,-0.006587615283267456,0.11956521739130443,1.9341,0.49306930693069306,0.3873187424604252,0.06740588453371979,0.7331915829606277,-13.740608993661123,14.8355,1.3639,927834.8139
2024-10-24,600605.SH,房产服务,31.09,-0.09988419224088008,0.11114659853082087,4.9114,0.2342199285430726,0.4472311778820912,0.016451779013123582,0.2135839384878257,-13.371302654489927,60.7837,4.682,641332.0718
2024-10-24,600651.SH,电器仪表,3.44,0.01775147928994092,0.1871508379888267,0.8394,0.19444444444444442,-0.0902953040402078,0.005237313132667426,0.2819999436000113,-13.667494930226445,190.9376,3.5461,862417.6372
2024-10-24,600654.SH,仓储物流,2.46,0.016528925619834656,0.09638554216867457,2.2242,0.15492957746478875,0.03244872397056486,0.017162255394954983,0.23151899613363275,-13.46924765722648,58.2674,4.3193,707326.506
2024-10-25,000001.SZ,银行,11.71,-0.0034042553191488967,-0.01804123711340211,0.5698,0.18282828282828278,-0.38166613058861365,0.20484247613585152,1.8294914013904136,-16.938946723881685,4.8818,0.5466,22724330.2099
2024-10-25,000007.SZ,其他商业,7.29,0.0752212389380531,-0.05077574047954858,9.6198,0.3376146788990826,-0.1847870559392274,0.010662219810191163,0.05101988755216783,-12.439406594324797,93.7891,19.6002,252560.6241
2024-10-25,000009.SZ,电气设备,9.74,0.10056497175141255,0.010869565217391353,1.4114,0.31443994601889336,-0.10306317208819371,0.018334158370460003,0.3972194637537239,-14.736651270405808,54.543,2.5175,2512154.4019
2024-10-25,000011.SZ,房产服务,10.07,0.05666316894018908,-0.06686046511627897,4.9718,0.2509316770186334,0.0009663697809836336,0.04204330460374185,0.7473841554559043,-13.304936478558348,23.785,1.338,600150.9456
2024-10-25,000012.SZ,玻璃,5.65,0.044362292051756125,-0.05069930069930073,3.0693,0.15541922290388555,0.05906439932377472,0.08641473889786641,0.8080808080808081,-14.366483988364932,11.5721,1.2375,1734941.0405
2024-10-25,000017.SZ,服饰,6.6,0.05600000000000005,-0.011816838995568513,14.4398,0.2547528517110267,-0.04715856156877618,0.0041237317463014254,0.06913716814159292,-13.027749477900604,242.4988,14.464,454862.0558
2024-10-25,600601.SH,元器件,3.97,-0.007499999999999951,-0.03249999999999997,4.0904,0.4436363636363636,0.16206753985242361,0.013667139549695086,0.24524831391784183,-14.319677925597167,73.1682,4.0775,1655606.4349
2024-10-25,600602.SH,软件服务,14.8,-0.01791639017916391,-0.06546426185704746,6.3107,0.41086749285033375,0.19287284545071293,0.010528975741239892,0.23039882035803977,-14.520663733961303,94.976,4.3403,2024156.7134
2024-10-25,600603.SH,区域地产,7.36,-0.023872679045092826,0.11901681759379046,1.6594,0.42359767891682787,0.21823796809012652,0.06905457382969761,0.7511454968827462,-13.716446744292716,14.4813,1.3313,905684.9111
2024-10-25,600605.SH,房产服务,31.31,0.007076230299131625,0.030699088145896614,5.1223,0.2278431372549019,0.496926763392334,0.016336185631344566,0.21208457933023692,-13.378353965698317,61.2138,4.7151,645870.2852
2024-10-25,600651.SH,电器仪表,3.58,0.04069767441860472,0.015665796344647598,1.4771,0.23448275862068968,-0.01326466357106637,0.005032502416859285,0.2709733362237156,-13.707386259240792,198.7083,3.6904,897516.0294
2024-10-25,600654.SH,仓储物流,2.49,0.012195121951219523,0.003831417624521105,2.1198,0.15813953488372112,-0.03494103130246229,0.016955474922852588,0.22873350259612524,-13.481369017758826,58.978,4.3719,715952.439
2024-10-28,000001.SZ,银行,11.64,-0.0059777967549103,-0.0069324090121315,0.6027,0.1593625498007969,-0.5119509165506079,0.2060750937641676,1.8406037180195105,-16.932950988574742,4.8526,0.5433,22588488.7825
2024-10-28,000007.SZ,其他商业,7.09,-0.027434842249657,0.0303907380607815,7.0061,0.2526501766784452,-0.0344474414766684,0.0109629769306076,0.0524590163934426,-12.411588388769523,91.2161,19.0625,245631.6632
2024-10-28,000009.SZ,电气设备,10.12,0.0390143737166324,0.0573514077163712,5.3593,0.3675675675675673,0.2527910310581607,0.0176457094457482,0.3822922241761602,-14.774923816622326,56.671,2.6158,2610164.5326
2024-10-28,000011.SZ,房产服务,10.32,0.0248262164846078,-0.038,4.9582,0.2835820895522389,0.0565092041058914,0.0410247994912924,0.729235032450959,-13.329459531883067,24.3755,1.3713,615050.4229
2024-10-28,000012.SZ,玻璃,5.72,0.0123893805309733,-0.021505376344086,1.9165,0.1793814432989691,0.0475982679332684,0.0853570056762408,0.7981482959533882,-14.378797248570072,11.7155,1.2529,1756435.8852
2024-10-28,000017.SZ,服饰,6.77,0.0257575757575756,0.0216049382716048,11.6955,0.2821969696969695,0.0215168530279783,0.004020181310177,0.0674008869956728,-13.053180915660564,248.745,14.8366,466578.1996
2024-10-28,600601.SH,元器件,4.0,0.0075566750629723,-0.0483091787439613,3.5593,0.4598540145985401,-0.0381771257104359,0.0135646375325381,0.2434096828371832,-14.327206192041515,73.7211,4.1083,1668117.3148
2024-10-28,600602.SH,软件服务,14.97,0.0114864864864865,-0.0166435506241331,4.1635,0.4311663479923517,0.0923304967380884,0.0095153816143796,0.229969644006991,-14.532084751605677,105.093,4.3484,2047407.1621
2024-10-28,600603.SH,区域地产,7.73,0.0502717391304348,0.1059113300492613,1.7447,0.489402697495183,0.1762314253867967,0.0657492455274075,0.7151541157119359,-13.765495674166832,15.2093,1.3983,951215.2667
2024-10-28,600605.SH,房产服务,32.9,0.0507824976045991,-0.0050162289760992,4.4509,0.2485768500948766,0.5304357931832437,0.0155466835814584,0.2018326403746013,-13.427889088115045,64.3224,4.9546,678669.1914
2024-10-28,600651.SH,电器仪表,3.83,0.0698324022346368,0.1263157894736843,2.3049,0.3116438356164384,0.1587061612258993,0.004704009603706,0.2532863909222157,-13.774888261940449,212.5846,3.9481,960191.7297
2024-10-28,600654.SH,仓储物流,2.61,0.0481927710843372,0.0557768924302788,3.2796,0.1756756756756754,0.0289968011903367,0.01617591632522,0.2182167328590756,-13.528436528616812,61.8203,4.5826,750456.171
2024-10-29,000001.SZ,银行,11.54,-0.0085910652920963,0.0291519434628975,0.6174,0.1128254580520733,-0.540595743388433,0.2078613149306782,1.8566654288897144,-16.924322807350524,4.8109,0.5386,22394429.6005
2024-10-29,000007.SZ,其他商业,6.91,-0.0253878702397742,0.1153846153846154,3.3746,0.2450450450450452,0.0128022818877242,0.0112485559666277,0.0538256586914982,-12.385872685972071,88.9003,18.5785,239395.5984
2024-10-29,000009.SZ,电气设备,9.59,-0.0523715415019762,0.0299102691924229,3.3882,0.2310654685494222,0.4472244281737341,0.0186208989797609,0.4034210101662094,-14.72113104163654,53.7031,2.4788,2473466.1924
2024-10-29,000011.SZ,房产服务,10.0,-0.0310077519379845,-0.0180180180180179,4.241,0.2239902080783353,0.0929775677653796,0.0423377195210757,0.7526153383005946,-13.297960864895238,23.6196,1.3287,595979.092
2024-10-29,000012.SZ,玻璃,5.58,-0.0244755244755243,0.0202578268876612,1.7786,0.104950495049505,0.0753266445403795,0.0874990156360741,0.8181966944853543,-14.354017219570364,11.4287,1.2222,1713446.1957
2024-10-29,000017.SZ,服饰,6.48,-0.0428360413589363,0.0060606060606061,9.3889,0.1781818181818182,0.0989560308381567,0.0042000976942723,0.0704175762270262,-13.009400339224266,238.0897,14.201,446591.8366
2024-10-29,600601.SH,元器件,4.14,0.0349999999999999,0.0024449877750609,6.1191,0.4945848375451263,-0.0984600772296959,0.013105919419565,0.2351779120904964,-14.361607618748424,76.3014,4.2521,1726501.4208
2024-10-29,600602.SH,软件服务,14.42,-0.0367401469605879,0.0209205020920502,5.9293,0.3376623376623378,0.0816790657040986,0.0098783188681817,0.238743255503032,-14.494652685042968,101.2318,4.1886,1972185.1221
2024-10-29,600603.SH,区域地产,8.12,0.0504527813712805,0.0963855421686745,1.5613,0.5320754716981131,0.1327680111861615,0.0625911483597989,0.6808278867102396,-13.814716965753258,15.9767,1.4688,999206.7226
2024-10-29,600605.SH,房产服务,33.89,0.0300911854103345,0.0407110091743116,3.299,0.2519394163280384,0.4451064054636002,0.0159528306702741,0.1982710762154017,-13.457536416004592,62.6848,5.0436,699091.1519
2024-10-29,600651.SH,电器仪表,3.8,-0.0078328981723237,0.1450777202072539,1.9968,0.2709030100334446,0.3170285874981324,0.0047411475663215,0.2552843868069029,-13.767024525527097,210.9194,3.9172,952670.6457
2024-10-29,600654.SH,仓储物流,2.51,-0.0383141762452107,-0.0217391304347824,2.5454,0.1106194690265487,0.0280110619093669,0.0168203768773643,0.22690658255996,-13.489369060425902,59.4517,4.4071,721703.061
2024-10-30,000001.SZ,银行,11.32,-0.0190641247833621,0.0149384885764498,0.7639,0.0780952380952382,-0.5367573786008072,0.2119003220884895,1.8925056775170328,-16.90507461904361,4.7192,0.5284,21967499.4001
2024-10-30,000007.SZ,其他商业,7.02,0.0159189580318377,0.1929307805596465,2.6238,0.2491103202846973,0.0066456164431001,0.011072296560391,0.0529820973493056,-12.401666266296264,90.3155,18.8743,243206.5269
2024-10-30,000009.SZ,电气设备,10.03,0.0458811261730969,-0.0248618784530386,4.0052,0.2680151706700378,0.6070266962934336,0.0178040486406608,0.3857280617164899,-14.765990754731122,56.167,2.5925,2586951.6069
2024-10-30,000011.SZ,房产服务,9.99,-0.001,-0.04364694471387,2.5999,0.2153284671532846,0.0823906214712466,0.0423800644176979,0.7533524182612626,-13.296960364548218,23.596,1.3274,595383.1129
2024-10-30,000012.SZ,玻璃,5.43,-0.0268817204301076,0.012704174228675,2.238,0.0710059171597632,0.0710846994679588,0.0584983474216853,0.8438818565400843,-14.326767577125889,17.0945,1.185,1667385.8141
2024-10-30,000017.SZ,服饰,6.6,0.0185185185185183,-0.04,6.9474,0.1578947368421051,0.1203530207444034,0.0044563279857397,0.0695120255804254,-13.027749477900604,224.4,14.386,454862.0558
2024-10-30,600601.SH,元器件,4.09,-0.0120772946859902,-0.0240384615384616,5.4235,0.450354609929078,-0.1074505765629021,0.013266153531848,0.23805556216821,-14.3494568009863,75.3798,4.2007,1705649.9544
2024-10-30,600602.SH,软件服务,14.34,-0.0055478502080443,0.0483443708609272,4.3141,0.3327137546468401,-0.1276280116630007,0.0099334261777566,0.2400729821865847,-14.489089388378003,100.6702,4.1654,1961243.7345
2024-10-30,600603.SH,区域地产,8.3,0.0221674876847293,0.1601941747572814,1.4993,0.5572232645403379,-0.0700959930911545,0.0612339873123178,0.6660450246436659,-13.83664232636486,16.3308,1.5014,1021356.6253
2024-10-30,600605.SH,房产服务,34.88,0.0292121569784598,0.0344926703075596,2.4258,0.2601156069364163,0.3180974742780742,0.0155000310000619,0.1926448207439943,-13.486330029465943,64.516,5.1909,719513.1124
2024-10-30,600651.SH,电器仪表,3.86,0.0157894736842105,0.1435294117647059,1.3376,0.273927392739274,0.3673753501881993,0.0046674511096164,0.2513131110050011,-13.78269064228183,214.2497,3.9791,967712.8138
2024-10-30,600654.SH,仓储物流,2.76,0.0996015936254979,0.0073260073260073,4.517,0.2266666666666665,0.1560639039001214,0.0152967882863314,0.2063557573256293,-13.584316987011269,65.3732,4.846,793585.836
2024-10-31,000001.SZ,银行,11.38,0.0053003533568904,0.0419947506561679,0.6442,0.020627802690583,-0.4892271326124802,0.2107836937734497,1.882530120481928,-16.91036097496731,4.7442,0.5312,22083934.9093
2024-10-31,000007.SZ,其他商业,6.79,-0.0327635327635327,0.1471025260029717,3.2823,0.1727115716753022,0.0791763691425857,0.0120296120931284,0.0548107385198908,-12.368353989881832,83.1282,18.2446,235238.2219
2024-10-31,000009.SZ,电气设备,10.86,0.0827517447657029,0.0342130987292277,7.1869,0.3195625759416767,0.9691635136163356,0.0165410101264063,0.3622794623772778,-14.845496467264704,60.4558,2.7603,2801026.366
2024-10-31,000011.SZ,房产服务,10.31,0.0320320320320319,0.087227414330218,4.0362,0.1715909090909091,0.053902922063121,0.0384477859842441,0.7289161017566879,-13.328490070008176,26.0093,1.3719,614454.4439
2024-10-31,000012.SZ,玻璃,5.51,0.014732965009208,0.0552486187845304,1.6042,0.0535372848948374,0.1000842700270958,0.0576488493289674,0.8316699933466402,-14.341393066370882,17.3464,1.2024,1691951.351
2024-10-31,000017.SZ,服饰,7.0,0.0606060606060605,0.0478325859491777,15.647,0.1945392491467577,0.2872614635642743,0.0042016806722689,0.0655398187168614,-13.08658997787957,238.0,15.2579,482429.4531
2024-10-31,600601.SH,元器件,4.16,0.0171149144254278,0.0775193798449611,5.8008,0.4344827586206898,-0.0703441606144861,0.0130429111777748,0.2340495248794645,-14.366426905199408,76.67,4.2726,1734842.0074
2024-10-31,600602.SH,软件服务,15.1,0.0529986052998605,0.1779842744817728,7.6638,0.3677536231884057,-0.1541247053143264,0.0094334638924736,0.2279877798549998,-14.540731297036324,106.0056,4.3862,2065186.9171
2024-10-31,600603.SH,区域地产,8.24,-0.0072289156626507,0.1606936416184969,1.5055,0.5259259259259259,-0.1322354990609435,0.0370717746629248,0.6823609689525759,-13.829387155489393,26.9747,1.4655,1013973.3244
2024-10-31,600605.SH,房产服务,34.79,-0.0025802752293578,0.0940725449719848,2.6951,0.2054747054747054,0.1614821030887905,0.0155401362869952,0.1931434089811685,-13.483746419534846,64.3495,5.1775,717656.5705
2024-10-31,600651.SH,电器仪表,4.25,0.1010362694300519,0.3059125964010283,3.8999,0.3449367088607593,0.6730083640546873,0.0045677409688909,0.2292894320500768,-13.878942441754546,218.9266,4.3613,1065486.9064
2024-10-31,600654.SH,仓储物流,2.73,-0.0108695652173912,0.1564885496183206,10.4834,0.2026431718061674,0.5208035764587358,0.0089221108643651,0.2080948912704193,-13.573387916479078,112.0811,4.8055,784959.903
2024-11-01,000001.SZ,银行,11.43,0.0043936731107203,0.0226876090750436,0.8193,0.0008756567425569,-0.4226477816528434,0.209859184487209,1.8744142455482664,-16.9147450240763,4.7651,0.5335,22180964.5003
2024-11-01,000007.SZ,其他商业,6.73,-0.0088365243004417,0.0477528089887639,3.2414,0.0943089430894308,-0.1730297300559199,0.0121368649992232,0.0552996411053292,-12.359478191814372,82.3936,18.0833,233159.5336
2024-11-01,000009.SZ,电气设备,10.23,-0.0580110497237568,0.0335305719921104,4.1225,0.1704805491990846,1.09454213091922,0.0175596633461343,0.3846005922849121,-14.785734732720774,56.9487,2.6001,2638535.8862
2024-11-01,000011.SZ,房产服务,9.63,-0.0659553831231813,0.0395010395010395,3.3964,0.0536105032822757,-0.0035156260120055,0.0411625963719287,0.7803964413922272,-13.260258997718196,24.2939,1.2814,573927.8656
2024-11-01,000012.SZ,玻璃,5.43,-0.0145190562613429,0.0347985347985349,1.2491,0.0092936802973977,-0.0760616106143975,0.0584983474216853,0.8438818565400843,-14.326767577125889,17.0945,1.185,1667385.8141
2024-11-01,000017.SZ,服饰,6.69,-0.0442857142857142,0.0589123867069485,13.016,0.0949263502454991,0.2334247427681939,0.0043963773850347,0.0685767579651904,-13.041293703014276,227.46,14.5822,461064.7202
2024-11-01,600601.SH,元器件,3.87,-0.0697115384615384,0.053299492385787,5.8747,0.2730263157894737,-0.0349886614573337,0.0140202901639252,0.2515913150678038,-14.294166337982524,71.3252,3.9747,1613903.5021
2024-11-01,600602.SH,软件服务,13.99,-0.0735099337748343,0.1459802538787025,5.9823,0.1638935108153079,-0.1768914617856609,0.0101819411056162,0.2460811575657652,-14.464379341845104,98.2131,4.0637,1913375.1635
2024-11-01,600603.SH,区域地产,8.65,0.0497572815533979,0.0623608017817369,1.2302,0.6048237476808906,-0.1796060128863105,0.0353146001151256,0.6500260010400416,-13.877946132521377,28.3169,1.5384,1064425.8806
2024-11-01,600605.SH,房产服务,33.91,-0.0252946248922104,0.1120996441281139,1.8833,0.1436762225969645,-0.0524218344832236,0.0159434199911354,0.1981571386109184,-13.458126386440249,62.7218,5.0465,699503.7167
2024-11-01,600651.SH,电器仪表,3.89,-0.0847058823529411,0.1869158878504673,4.8413,0.2080745341614907,0.8876134596073952,0.0049904607343063,0.2505072772364037,-13.790432616389223,200.3823,3.9919,975233.8978
2024-11-01,600654.SH,仓储物流,2.62,-0.0402930402930402,0.2566037735849058,6.0854,0.1101694915254238,0.6440326169795845,0.0092967043183191,0.2168303735987337,-13.532260625055216,107.565,4.6119,753331.482
2024-11-04,000001.SZ,银行,11.46,0.0026246719160105,-0.0042918454935623,0.5831,-0.0614250614250614,-0.3672455087057042,0.2093101138647019,1.8695083193120208,-16.917366257556445,4.7776,0.5349,22239182.2549
2024-11-04,000007.SZ,其他商业,7.12,0.0579494799405646,-0.0268199233716475,4.2627,0.051698670605613,-0.2735668896628657,0.0114720603705704,0.052270363226754,-12.415810773519576,87.1683,19.1313,246671.0073
2024-11-04,000009.SZ,电气设备,10.14,-0.0087976539589442,0.0484027105517907,2.0268,0.0551508844953174,0.8247325126426557,0.0177155450364585,0.388002948822411,-14.776898150914558,56.4476,2.5773,2615322.9605
2024-11-04,000011.SZ,房产服务,9.62,-0.0010384215991694,0.0163098878695209,1.6384,-0.0203665987780041,-0.1247375144908503,0.0412055083523565,0.7811889696117491,-13.25922003657183,24.2686,1.2801,573331.8865
2024-11-04,000012.SZ,玻璃,5.46,0.0055248618784531,0.0144404332129963,0.9543,-0.055363321799308,-0.1153923339353805,0.0581767409389726,0.839278220730172,-14.332277232924335,17.189,1.1915,1676597.8904
2024-11-04,000017.SZ,服饰,6.62,-0.0104633781763826,0.066265060240964,6.4949,-0.0015082956259426,0.1665381064840772,0.0044428647591967,0.0693019903531629,-13.030775198672348,225.08,14.4296,456240.4256
2024-11-04,600601.SH,元器件,3.94,0.0180878552971575,0.0463414634146341,2.7624,0.1831831831831831,-0.0408914590960816,0.01377120248763,0.2471210398853358,-14.312092554244856,72.6153,4.0466,1643095.5551
2024-11-04,600602.SH,软件服务,14.18,0.0135811293781271,0.1823770491803278,2.4952,0.0726172465960663,-0.2022278007950599,0.010045506142827,0.2427832673772123,-14.477869074300372,99.547,4.1189,1939360.9592
2024-11-04,600603.SH,区域地产,8.98,0.038150289017341,0.0494505494505495,1.6356,0.6064400715563507,-0.1551947073918617,0.0340168451417141,0.6261348694508797,-13.9153866939076,29.3972,1.5971,1105034.0356
2024-11-04,600605.SH,房产服务,33.72,-0.0056030669419049,0.0752066115702481,2.0849,0.0852912777598968,-0.1685866825950246,0.0160332465400253,0.1992706693501783,-13.45250756350936,62.3704,5.0183,695584.3506
2024-11-04,600651.SH,电器仪表,4.28,0.1002570694087403,0.167420814479638,2.7777,0.2334293948126802,0.9004014265837159,0.004535723357161,0.2276815190910953,-13.885976468369824,220.472,4.3921,1073007.9904
2024-11-04,600654.SH,仓储物流,2.65,0.0114503816793891,0.3555555555555556,3.5743,0.0311284046692608,0.6935220315665958,0.0091914552555362,0.2143760584817887,-13.54364594728034,108.7967,4.6647,761957.415
2024-11-05,000001.SZ,银行,11.65,0.0165794066317626,-0.000865800865801,0.8582,-0.0954968944099379,-0.2471836332669853,0.205896886839071,1.8389113644722328,-16.93380972628325,4.8568,0.5438,22607894.7007
2024-11-05,000007.SZ,其他商业,7.83,0.0997191011235953,-0.0493827160493826,9.268,0.0785123966942149,-0.0265059930652366,0.010431814530683,0.0475307761775749,-12.51086555838886,95.8606,21.039,271268.8185
2024-11-05,000009.SZ,电气设备,10.33,0.0187376725838264,-0.0028328611898016,2.3728,-0.0019323671497584,0.7644658056547542,0.0173897014709948,0.3808653260207191,-14.795462435870002,57.5053,2.6256,2664328.0258
2024-11-05,000011.SZ,房产服务,9.81,0.0197505197505198,0.0669371196754564,2.299,0.0123839009287927,-0.1843156259853094,0.0404074689165545,0.7661074082586379,-13.278778045560562,24.7479,1.3053,584655.4893
2024-11-05,000012.SZ,玻璃,5.54,0.0146520146520146,0.0053763440860215,1.5326,-0.06890756302521,-0.0601381602609419,0.0573368194119535,0.8271298593879238,-14.34682294395277,17.4408,1.209,1701163.4273
2024-11-05,000017.SZ,服饰,6.64,0.0030211480362536,0.0803571428571428,9.2067,-0.0376811594202899,0.2126475796145603,0.004429482636428,0.0690932205731973,-13.033791792286376,225.76,14.4732,457618.7955
2024-11-05,600601.SH,元器件,4.1,0.0406091370558374,0.0172413793103449,3.7606,0.1202185792349725,-0.1074451363279124,0.013233797530838,0.2374732842555212,-14.351898804649432,75.5641,4.211,1709820.2477
2024-11-05,600602.SH,软件服务,14.64,0.0324400564174895,0.0777005685407452,3.5606,0.0068775790921595,-0.2576427312911501,0.0097298696294768,0.2351557907113462,-14.50979406171441,102.7763,4.2525,2002273.9381
2024-11-05,600603.SH,区域地产,9.1,0.0133630289532293,0.0251046025104602,0.9314,0.6221033868092689,-0.1806620833370976,0.0335683115139308,0.6178560395427866,-13.928661225105555,29.79,1.6185,1119800.6374
2024-11-05,600605.SH,房产服务,36.3,0.0765124555160141,0.1475409836065573,3.6816,0.1553150859325269,-0.1228191883946479,0.0148936962430651,0.1851097700936655,-13.526234171669325,67.1425,5.4022,748805.2173
2024-11-05,600651.SH,电器仪表,4.42,0.0327102803738317,-0.0123456790123457,5.2243,0.2209944751381214,1.1078352510521223,0.0043920579294872,0.2204731353484577,-13.918163154857291,227.6837,4.5357,1108106.3826
2024-11-05,600654.SH,仓储物流,2.7,0.0188679245283018,0.2872727272727273,4.1195,0.007462686567164,0.85706288968293,0.009021248649068,0.2104067161823805,-13.562338080292491,110.8494,4.7527,776333.97
2024-11-06,000001.SZ,银行,11.55,-0.0085836909871244,-0.0251889168765743,0.7535,-0.0111301369863012,-0.1891436614099055,0.2076800066457602,1.854943424225561,-16.92518898323846,4.8151,0.5391,22413835.5187
2024-11-06,000007.SZ,其他商业,8.1,0.0344827586206895,-0.0194300518134714,18.8151,0.1312849162011171,0.5401440114591043,0.0100840810679445,0.0459463805738702,-12.544767109745056,99.1662,21.7645,280622.9156
2024-11-06,000009.SZ,电气设备,10.59,0.0251694094869312,-0.0113421550094516,2.9506,0.1008316008316008,0.6500982696146813,0.0169627514939943,0.3715262297518204,-14.820320312355848,58.9527,2.6916,2731387.5889
2024-11-06,000011.SZ,房产服务,9.86,0.0050968399592252,-0.0076408787010506,2.5,0.1307339449541282,-0.1763853590176005,0.0402024595864775,0.7621951219512195,-13.283861940495315,24.8741,1.312,587635.3847
2024-11-06,000012.SZ,玻璃,5.58,0.0072202166064982,-0.0209424083769633,1.8247,0.0163934426229508,-0.0908814069012771,0.0569258881861704,0.8212203334154554,-14.354017219570364,17.5667,1.2177,1713446.1957
2024-11-06,000017.SZ,服饰,6.72,0.0120481927710842,0.0199714693295294,10.0344,0.0821256038647342,0.2864784841977805,0.0043767507002801,0.0682705699227177,-13.045767983411135,228.48,14.6476,463132.275
2024-11-06,600601.SH,元器件,4.06,-0.0097560975609756,-0.0215827338129496,3.4939,0.1666666666666665,-0.1583358310805109,0.0133641778558245,0.2398139044101777,-14.342094804522272,74.8269,4.1699,1693139.0745
2024-11-06,600602.SH,软件服务,15.83,0.0812841530054644,0.0891990291262134,12.8793,0.046265697290152,0.0071989817092539,0.0089984378711855,0.2174764038101865,-14.58794342710032,111.1304,4.5982,2165027.0793
2024-11-06,600603.SH,区域地产,9.56,0.0505494505494505,-0.0418326693227091,1.0213,0.7869158878504674,-0.2184439322503105,0.0319530673346988,0.5881315062047874,-13.977974538692392,31.2959,1.7003,1176405.9444
2024-11-06,600605.SH,房产服务,35.99,-0.0085399449035811,0.1191374663072777,2.4005,0.1414525848398351,-0.1023007004581679,0.0150219846745712,0.1867030115195758,-13.517657552488457,66.5691,5.3561,742410.462
2024-11-06,600651.SH,电器仪表,4.86,0.0995475113122172,-0.0216535433070866,3.2031,0.4594594594594594,1.2192638910523153,0.0039944237843969,0.2005092936057586,-14.013061896715367,250.349,4.9873,1218415.6153
2024-11-06,600654.SH,仓储物流,2.75,0.0185185185185183,0.2838283828382839,4.0435,0.1410788381742738,0.8114309940725217,0.0088572233313434,0.2065816927303902,-13.580687218960689,112.9022,4.8407,790710.525
2024-11-07,000001.SZ,银行,11.91,0.0311688311688311,-0.0153583617747441,1.1558,-0.0058430717863104,-0.0434199131716438,0.2014017562233142,1.7988846914912755,-16.955881929636643,4.9652,0.5559,23112448.5738
2024-11-07,000007.SZ,其他商业,7.72,-0.0469135802469136,-0.0013404825737265,13.0584,0.0903954802259887,0.7817155278741001,0.0105804543035468,0.0482081047465699,-12.496717412365534,94.5139,20.7434,267457.89
2024-11-07,000009.SZ,电气设备,10.58,-0.0009442870632672,-0.034351145038168,2.218,0.1219512195121952,0.1925904632484887,0.0169787646590409,0.3718716299133539,-14.819375579196493,58.8971,2.6891,2728808.375
2024-11-07,000011.SZ,房产服务,10.47,0.0618661257606492,-0.033,4.1248,0.2048331415420023,-0.1853024561567341,0.0378602879653502,0.7177720356014929,-13.343889796745176,26.4129,1.3932,623990.1093
2024-11-07,000012.SZ,玻璃,5.73,0.0268817204301075,-0.0318584070796461,2.2253,0.0380434782608696,-0.0273427130342449,0.0554354454238039,0.7996801279488205,-14.38054397390104,18.039,1.2505,1759506.5773
2024-11-07,000017.SZ,服饰,7.01,0.0431547619047618,-0.0328102710413693,14.9822,0.1567656765676568,0.2260643228452146,0.0041956868339347,0.0654463111186738,-13.088017529802448,238.34,15.2797,483118.638
2024-11-07,600601.SH,元器件,4.17,0.0270935960591134,-0.0481927710843373,4.0424,0.2086956521739129,-0.2260233815952443,0.0130116337016926,0.233486656237596,-14.368827866744413,76.8543,4.2829,1739012.3007
2024-11-07,600602.SH,软件服务,16.48,0.0410612760581174,0.0270769230769232,11.5313,0.1428571428571428,0.1333136926744746,0.0086435279423649,0.2088991017338625,-14.628184077654812,115.6935,4.787,2253925.8538
2024-11-07,600603.SH,区域地产,10.04,0.0502092050209204,-0.0366876310272535,1.1881,0.7992831541218637,-0.2515116869522956,0.0304254697692532,0.5600044800358402,-14.026963925852026,32.8672,1.7857,1235472.3516
2024-11-07,600605.SH,房产服务,37.1,0.0308419005279243,0.0562666666666666,2.8857,0.1891025641025641,-0.0980180242996845,0.0145725435791915,0.1811167659790266,-13.54803339998491,68.6222,5.5213,765307.8116
2024-11-07,600651.SH,电器仪表,5.08,0.045267489711934,-0.0177165354330708,7.0399,0.5255255255255256,1.2048688709338524,0.0038214365009093,0.1918281220026856,-14.057334720369443,261.6817,5.213,1273570.2316
2024-11-07,600654.SH,仓储物流,3.03,0.1018181818181818,0.2852852852852854,2.3974,0.2784810126582278,0.2980386681367428,0.0080387338351111,0.1874906254687265,-13.677648926803489,124.3977,5.3336,871219.233
2024-11-08,000001.SZ,银行,11.72,-0.015952980688497,-0.0137931034482758,0.9766,0.0,-0.0021503392693459,0.2046663937781416,1.827819411442149,-16.939800330421015,4.886,0.5471,22743736.1281
2024-11-08,000007.SZ,其他商业,7.46,-0.0336787564766839,-0.0538057742782152,8.0123,0.1547987616099071,0.9535766564842648,0.0109492088101713,0.0498882503192848,-12.462458462332012,91.3308,20.0448,258450.2408
2024-11-08,000009.SZ,电气设备,10.48,-0.0094517958412098,-0.0914127423822714,2.1171,0.1828442437923252,0.0006829475072416,0.0171407806597143,0.3754176521380035,-14.80987883164084,58.3404,2.6637,2703016.2353
2024-11-08,000011.SZ,房产服务,10.0,-0.0448901623686724,-0.0621865596790371,3.5392,0.149425287356322,-0.1931949027567394,0.0396395967860214,0.7515406583496167,-13.297960864895238,25.2273,1.3306,595979.092
2024-11-08,000012.SZ,玻璃,5.65,-0.0139616055846422,-0.0427046263345196,2.0349,0.0600375234521577,0.0478428687996037,0.0562205193651579,0.8110300081103,-14.366483988364932,17.7871,1.233,1734941.0405
2024-11-08,000017.SZ,服饰,7.01,0.0,-0.0649717514124293,12.8356,0.1982905982905982,0.1885129661891496,0.0041956868339347,0.0654463111186738,-13.088017529802448,238.34,15.2797,483118.638
2024-11-08,600601.SH,元器件,4.15,-0.0047961630695442,-0.1118881118881118,4.5266,0.3009404388714736,-0.2827521533759377,0.0130743393863166,0.2346151139056378,-14.364020165161342,76.4857,4.2623,1730671.7141
2024-11-08,600602.SH,软件服务,16.25,-0.0139563106796116,-0.0756787983824378,8.729,0.2028127313101406,0.2058258684618761,0.0087658629246951,0.2118554298546671,-14.614129461978228,114.0789,4.7202,2222469.3644
2024-11-08,600603.SH,区域地产,9.54,-0.0498007968127489,-0.0596858638743456,1.8686,0.6975088967971528,-0.1814914838777225,0.0320200829960551,0.5893793835091649,-13.97588029709106,31.2304,1.6967,1173944.8441
2024-11-08,600605.SH,房产服务,37.5,0.0107816711590296,-0.0402254675890341,2.82,0.2592343854936199,-0.0532615853929018,0.0144171160001153,0.1791857798165137,-13.558757363399454,69.362,5.5808,773559.1088
2024-11-08,600651.SH,电器仪表,5.08,0.0,-0.0271317829457365,4.7052,0.5924764890282133,1.0053957345298614,0.0038214365009093,0.1918281220026856,-14.057334720369443,261.6817,5.213,1273570.2316
2024-11-08,600654.SH,仓储物流,3.33,0.0990099009900991,0.2868852459016393,1.3164,0.4353448275862071,-9.060022650053678e-05,0.0073145237915858,0.1705989729941825,-13.77205861127456,136.7143,5.8617,957478.563
2024-11-11,000001.SZ,银行,11.6,-0.0102389078498293,0.0181975736568458,0.7662,-0.0349417637271214,0.0690954773869347,0.2067824648469809,1.8467220683287169,-16.92950864438342,4.836,0.5415,22510865.1097
2024-11-11,000007.SZ,其他商业,7.62,0.0214477211796246,-0.0831168831168831,5.5517,0.1322436849925705,0.9665221579961468,0.0107192969856264,0.0488407644556452,-12.483679417801696,93.2897,20.4747,263993.4095
2024-11-11,000009.SZ,电气设备,10.83,0.0333969465648855,-0.0255681818181819,2.6253,0.2060133630289531,0.0152110580797124,0.0165868287310412,0.3632928867252779,-14.842730213770034,60.2888,2.7526,2793288.7241
2024-11-11,000011.SZ,房产服务,9.97,-0.0029999999999998,-0.1121673003802281,2.5957,0.0884279475982532,-0.1302424239798887,0.0397589020181618,0.7538067239559777,-13.294956355834548,25.1516,1.3266,594191.1547
2024-11-11,000012.SZ,玻璃,5.62,-0.0053097345132744,-0.0303030303030302,1.3963,0.0369003690036899,0.0973336052177458,0.0565204858500963,0.8153946510110894,-14.361160107066542,17.6927,1.2264,1725728.9641
2024-11-11,000017.SZ,服饰,7.08,0.0099857346647647,-0.1129476584022037,6.8591,0.1760797342192692,0.1964555464883604,0.0041542040545031,0.0647991550190185,-13.097953736603664,240.72,15.4323,487942.9326
2024-11-11,600601.SH,元器件,4.29,0.033734939759036,-0.1113801452784503,4.4491,0.2222222222222223,-0.2111007663248996,0.0126476774437526,0.2269580808424683,-14.397198563848692,79.0659,4.4061,1789055.8201
2024-11-11,600602.SH,软件服务,17.31,0.0652307692307692,-0.1324736225087923,13.0511,0.1735593220338982,0.4534945038892743,0.0082290777754827,0.1988822815775342,-14.67732092237724,121.5203,5.0281,2367442.7506
2024-11-11,600603.SH,区域地产,9.55,0.0010482180293502,-0.0377551020408164,1.9364,0.6241496598639458,-0.1610770071593136,0.0319865912209601,0.588754783632617,-13.976927966080066,31.2631,1.6985,1175175.3942
2024-11-11,600605.SH,房产服务,39.03,0.0407999999999999,-0.1167070217917676,3.403,0.2966777408637873,0.0077668260499645,0.0138519503546099,0.1721614874752517,-13.598747011567124,72.192,5.8085,805120.3204
2024-11-11,600651.SH,电器仪表,5.16,0.0157480314960629,-0.0458333333333332,4.1504,0.5828220858895707,0.9807083119569376,0.0037621890221581,0.1888538460085739,-14.072960038257309,265.8027,5.2951,1293626.4557
2024-11-11,600654.SH,仓储物流,3.66,0.0990990990990992,0.463276836158192,0.4667,0.5313807531380752,-0.1840087261188605,0.0066550159520732,0.1552168379225778,-13.866549454695484,150.2626,6.4426,1052363.826
2024-11-12,000001.SZ,银行,11.54,-0.0051724137931035,0.0060292850990526,0.8851,-0.0302521008403362,0.0872688277688247,0.2078613149306782,1.8566654288897144,-16.924322807350524,4.8109,0.5386,22394429.6005
2024-11-12,000007.SZ,其他商业,7.7,0.010498687664042,-0.0647291941875826,4.8078,0.134020618556701,0.7952892919288392,0.0106079298518814,0.048333228611338,-12.494123377143811,94.2691,20.6897,266764.9939
2024-11-12,000009.SZ,电气设备,10.56,-0.0249307479224376,-0.0688336520076482,2.5318,0.2041049030786774,-0.007204921368217,0.0170109397353438,0.3725782414307004,-14.817483431018774,58.7857,2.684,2723649.947
2024-11-12,000011.SZ,房产服务,10.52,0.0551654964894683,-0.1020211742059673,6.8314,0.1714922048997771,0.0716484490277618,0.0376802529098575,0.7143877696813831,-13.348653979236277,26.5391,1.3998,626970.0048
2024-11-12,000012.SZ,玻璃,5.61,-0.0017793594306049,-0.0249554367201426,1.6185,0.052532833020638,0.0893702095311061,0.0566212941362987,0.8167932696234583,-14.359379162699575,17.6612,1.2243,1722658.272
2024-11-12,000017.SZ,服饰,7.26,0.0254237288135592,-0.0783216783216783,14.8912,0.2263513513513513,0.2587764825642484,0.0040512072597634,0.0631927505276594,-13.123059657744902,246.84,15.8246,500348.2614
2024-11-12,600601.SH,元器件,4.13,-0.0372960372960373,-0.0784313725490196,4.0719,0.2005813953488371,-0.1866900050575293,0.0131376523803455,0.2357489744919609,-14.359189237876569,76.1171,4.2418,1722331.1275
2024-11-12,600602.SH,软件服务,17.06,-0.0144425187752743,-0.1587743732590528,10.1341,0.2099290780141842,0.587299305967999,0.0083496638842803,0.2017959842599132,-14.66277309524191,119.7653,4.9555,2333250.9142
2024-11-12,600603.SH,区域地产,9.8,0.0261780104712041,0.0291060291060292,0.866,0.625207296849088,-0.1490708963299633,0.0311706123466795,0.5737234652897303,-14.002769197284792,32.0815,1.743,1205939.148
2024-11-12,600605.SH,房产服务,41.3,0.0581603894440172,-0.1119942196531793,3.0012,0.3492322770336491,-0.0545631058472454,0.0130905987247138,0.162699510274474,-13.655278930360652,76.3907,6.1463,851946.4318
2024-11-12,600651.SH,电器仪表,4.8,-0.0697674418604651,-0.0845070422535211,4.0104,0.4953271028037382,0.7647025133398884,0.0040443536172496,0.2030168300952149,-14.000639376708603,247.2583,4.9257,1203373.4472
2024-11-12,600654.SH,仓储物流,3.54,-0.0327868852459016,0.2442159383033417,20.2956,0.5458515283842795,0.4481806087318594,0.0068806124295511,0.1604775812818949,-13.833213034427892,145.3359,6.2314,1017860.094
2024-11-13,000001.SZ,银行,11.61,0.0060658578856152,0.0086655112651647,0.5598,-0.037313432835821,0.0681635137378346,0.2066073015020351,1.8453589223103888,-16.93037034198099,4.8401,0.5419,22530271.0279
2024-11-13,000007.SZ,其他商业,7.57,-0.0168831168831168,-0.0577181208053692,3.0304,0.1417797888386125,0.2280406037464208,0.010790105473281,0.0491632416274999,-12.477096115628058,92.6775,20.3404,262261.1693
2024-11-13,000009.SZ,电气设备,10.46,-0.0094696969696969,-0.0355731225296441,1.6854,0.2092485549132947,-0.122902419598473,0.0171735733053976,0.3761378168961107,-14.807968611395829,58.229,2.6586,2697857.8074
2024-11-13,000011.SZ,房产服务,10.39,-0.0123574144486691,-0.0062047569803516,4.7347,0.0822916666666668,0.187809951931515,0.0381517753928679,0.7233273056057866,-13.336219577031706,26.2111,1.3825,619222.2766
2024-11-13,000012.SZ,玻璃,5.61,0.0,0.0018281535648996,1.069,0.0388888888888889,0.0045024438398379,0.0566212941362987,0.8167932696234583,-14.359379162699575,17.6612,1.2243,1722658.272
2024-11-13,000017.SZ,服饰,7.15,-0.015151515151515,-0.0250737463126843,13.2326,0.1996644295302014,0.2710408808134166,0.0041135335252982,0.064164672214772,-13.10779218554032,243.1,15.5849,492767.2271
2024-11-13,600601.SH,元器件,4.08,-0.0121065375302662,-0.0455696202531645,2.3687,0.1999999999999999,-0.2273825039680687,0.0132986681383859,0.2386407025582283,-14.347008819340044,75.1955,4.1904,1701479.6611
2024-11-13,600602.SH,软件服务,17.95,0.0521688159437281,-0.0503295386458958,9.8875,0.2404975812024878,0.4388046695798147,0.0079356702824225,0.1917913310318373,-14.71362666811534,126.0133,5.214,2454973.8517
2024-11-13,600603.SH,区域地产,9.62,-0.0183673469387756,0.1273122959738846,0.9293,0.5197472353870456,-0.1521574186538107,0.0317537937845124,0.5844535359438925,-13.984231076301397,31.4923,1.711,1183789.2453
2024-11-13,600605.SH,房产服务,41.52,0.0053268765133174,0.0239838424640244,4.3204,0.3816971713810317,0.0205012662866512,0.0130212232918433,0.1618358660646372,-13.660591669206749,76.7977,6.1791,856484.6452
2024-11-13,600651.SH,电器仪表,4.97,0.0354166666666666,-0.0781563126252505,3.612,0.5339506172839505,0.6967936970606485,0.0039060150287834,0.1960745867728083,-14.035443298939413,256.0154,5.1001,1245992.9235
2024-11-13,600654.SH,仓储物流,3.89,0.0988700564971751,0.1168224299065421,10.6077,0.6913043478260872,0.5977921159685624,0.0062615329610225,0.1460387002555677,-13.927495464912564,159.7053,6.8475,1118495.979
2024-11-14,000001.SZ,银行,11.54,-0.0060292850990525,0.0131118881118881,0.5977,-0.0343096234309623,-0.0542883553601319,0.2078613149306782,1.8566654288897144,-16.924322807350524,4.8109,0.5386,22394429.6005
2024-11-14,000007.SZ,其他商业,7.45,-0.0158520475561426,-0.0221914008321775,2.4743,0.1356707317073171,-0.1405518840078902,0.0109639024475815,0.0499550404635827,-12.46111708067816,91.2084,20.018,258103.7928
2024-11-14,000009.SZ,电气设备,10.12,-0.0325047801147229,-0.0142276422764228,1.289,0.1962174940898342,-0.2020911959172631,0.0177505444979524,0.3887722572117253,-14.774923816622326,56.3363,2.5722,2610164.5326
2024-11-14,000011.SZ,房产服务,9.67,-0.0692974013474495,0.0352941176470589,4.5709,0.0865168539325842,0.1994711359805256,0.0409923426303966,0.7771819382917541,-13.26440408142886,24.3948,1.2867,576311.782
2024-11-14,000012.SZ,玻璃,5.47,-0.0249554367201426,0.0167286245353159,1.2609,0.0399239543726235,-0.1143674074340765,0.0580706603795498,0.8377314233056882,-14.334107059597269,17.2204,1.1937,1679668.5825
2024-11-14,000017.SZ,服饰,6.78,-0.0517482517482517,0.0166163141993958,7.9814,0.1609589041095891,0.1151031297383851,0.0043380183931979,0.0676663238239592,-13.054656930832202,230.52,14.7784,467267.3846
2024-11-14,600601.SH,元器件,3.95,-0.0318627450980392,-0.0131233595800526,2.2989,0.085164835164835,-0.255054293376618,0.013736339210655,0.2464936281397126,-14.314627409855902,72.7996,4.0569,1647265.8484
2024-11-14,600602.SH,软件服务,16.69,-0.0701949860724232,-0.015625,10.6291,0.1566181566181568,0.3617894414229095,0.0085347680847468,0.2062706270627062,-14.640846290867168,117.1678,4.848,2282646.9964
2024-11-14,600603.SH,区域地产,9.19,-0.0446985446985446,0.1391982182628062,1.0774,0.3819548872180449,-0.1633213050669072,0.0332395976679098,0.6118078923218109,-13.93850274798669,30.0846,1.6345,1130875.5888
2024-11-14,600605.SH,房产服务,39.61,-0.0460019267822736,0.0640683395621997,4.4766,0.3212141427618411,0.0670266605680858,0.0136491193588189,0.1696410395602904,-13.61349804203022,73.2648,5.8948,817084.7013
2024-11-14,600651.SH,电器仪表,4.99,0.0040241448692153,-0.095617529880478,3.4637,0.5691823899371069,0.369114476773724,0.0038903603096104,0.195285800769426,-14.039459368570174,257.0456,5.1207,1251006.9795
2024-11-14,600654.SH,仓储物流,4.28,0.1002570694087403,-0.0743099787685773,9.3311,0.8771929824561406,0.7556009593288038,0.0056909722400065,0.132731616671091,-14.023039316875916,175.7169,7.534,1230633.108
2024-11-15,000001.SZ,银行,11.44,-0.0086655112651645,-0.04,0.6265,-0.0498338870431893,-0.1015946283450255,0.2096787721211104,1.8726591760299625,-16.915619532221324,4.7692,0.534,22200370.4185
2024-11-15,000007.SZ,其他商业,7.21,-0.0322147651006711,-0.0410764872521246,2.9839,0.0957446808510638,-0.3193856520337885,0.0113288644739271,0.0516179651165791,-12.42837199940998,88.2701,19.3731,249789.0397
2024-11-15,000009.SZ,电气设备,9.84,-0.0276679841897232,-0.0913508260447035,1.6632,0.1156462585034012,-0.2399181305836593,0.0182556373408108,0.3998400639744102,-14.746865863835268,54.7776,2.501,2537946.5416
2024-11-15,000011.SZ,房产服务,9.35,-0.0330920372285419,-0.0096359743040684,2.5323,0.0130010834236184,0.1687854854046091,0.0423953365129835,0.8037939072421831,-13.230752115165895,23.5875,1.2441,557240.451
2024-11-15,000012.SZ,玻璃,5.38,-0.016453382084095,-0.0202205882352941,0.9407,0.0018621973929235,-0.231047317859426,0.0590419847553595,0.8517162081594414,-14.317516817374916,16.9371,1.1741,1652032.3536
2024-11-15,000017.SZ,服饰,6.62,-0.023598820058997,0.0077639751552793,5.5911,0.0978441127694857,-0.02035389436635,0.0044428647591967,0.0693019903531629,-13.030775198672348,225.08,14.4296,456240.4256
2024-11-15,600601.SH,元器件,3.81,-0.0354430379746836,-0.0190735694822887,2.5699,-0.0230769230769229,-0.2968918187851714,0.0142410786762632,0.2555518642508497,-14.278541020030652,70.2194,3.9131,1588881.7423
2024-11-15,600602.SH,软件服务,16.0,-0.0413421210305573,0.0114864864864865,6.0179,0.0512483574244415,0.2923161697097922,0.0089028327033095,0.2151648162492469,-14.598625275431017,112.3238,4.6476,2188277.528
2024-11-15,600603.SH,区域地产,8.98,-0.0228509249183894,0.0774125132555674,0.9884,0.3463268365817091,-0.2316281597179655,0.0340168451417141,0.6261348694508797,-13.9153866939076,29.3972,1.5971,1105034.0356
2024-11-15,600605.SH,房产服务,37.46,-0.0542792224185811,0.0934758771929826,2.9345,0.2041144326583093,0.0744152705040404,0.014432492736848,0.1793754148056467,-13.557690127330396,69.2881,5.5749,772733.979
2024-11-15,600651.SH,电器仪表,5.02,0.006012024048096,-0.0436681222707423,3.154,0.5351681957186543,0.2151034775527462,0.0038671106109648,0.1941219862561634,-14.045453392474558,258.591,5.1514,1258528.0635
2024-11-15,600654.SH,仓储物流,4.71,0.1004672897196261,-0.2277992277992278,22.279,0.9873417721518988,1.1783716196468197,0.0051714142835496,0.1206141673400957,-14.118774215310536,193.3707,8.2909,1354271.481
2024-11-18,000001.SZ,银行,11.75,0.027097902097902,-0.0428082191780821,1.9568,-0.0050804403048264,0.1706989927620588,0.2041441257527814,1.823154056517776,-16.94235678686257,4.8985,0.5485,22801953.8827
2024-11-18,000007.SZ,其他商业,7.06,-0.0208044382801665,-0.0028248587570621,2.9458,0.0713201820940818,-0.4147914486093271,0.0115695614094965,0.0527148128624143,-12.407348099861538,86.4337,18.97,244592.3191
2024-11-18,000009.SZ,电气设备,10.29,0.0457317073170731,-0.0369609856262833,5.8475,0.1733181299885975,-0.0704654313956871,0.0174572776772044,0.3823506920547526,-14.791582702606956,57.2827,2.6154,2654011.17
2024-11-18,000011.SZ,房产服务,9.34,-0.0010695187165775,-0.0032154340836012,2.2152,0.0377777777777776,0.1608255760147741,0.0424406785415685,0.804634695848085,-13.22968202409164,23.5623,1.2428,556644.4719
2024-11-18,000012.SZ,玻璃,5.44,0.0111524163568774,-0.0201096892138938,1.1941,0.0244821092278721,-0.2462868488627457,0.0583907509050566,0.8423180592991913,-14.328607504043706,17.126,1.1872,1670456.5062
2024-11-18,000017.SZ,服饰,6.44,-0.0271903323262839,0.0091047040971168,5.1196,0.0522875816993464,-0.0476656407460672,0.0045670442089879,0.0712387709887229,-13.003208369048666,218.96,14.0373,443835.0969
2024-11-18,600601.SH,元器件,3.67,-0.036745406824147,-0.0452127659574468,2.8252,-0.1425233644859813,-0.3304619990313094,0.0147843481063467,0.2653012495688854,-14.241103492969156,67.6391,3.7693,1530497.6363
2024-11-18,600602.SH,软件服务,14.8,-0.0749999999999999,-0.0357615894039734,5.7133,-0.082455052696838,0.1099859555619577,0.0096246853930962,0.2326122354035822,-14.520663733961303,103.8995,4.299,2024156.7134
2024-11-18,600603.SH,区域地产,9.43,0.0501113585746102,-0.005050505050505,1.0439,0.3471428571428572,-0.3341500911216619,0.0323935951383692,0.5962318149296446,-13.96428290824308,30.8703,1.6772,1160408.7924
2024-11-18,600605.SH,房产服务,36.48,-0.0261612386545649,0.0957417954976946,2.7527,0.2159999999999999,0.0369184331237006,0.0148202159601869,0.1841959845275373,-13.531180595575217,67.4754,5.429,752518.301
2024-11-18,600651.SH,电器仪表,4.58,-0.0876494023904381,-0.0373626373626373,3.0955,0.3795180722891567,0.1055902601730234,0.0042386243798892,0.2127704844783931,-13.95372245694698,235.9256,4.6999,1148218.8309
2024-11-18,600654.SH,仓储物流,5.18,0.0997876857749469,-0.1880165289256198,5.0601,1.176470588235294,1.2756732454700217,0.0047021936203458,0.109670768353403,-14.213891363553602,212.6667,9.1182,1489411.098
2024-11-19,000001.SZ,银行,11.68,-0.0059574468085106,-0.0317869415807561,1.2522,-0.0093299406276504,0.2310081915175572,0.2053683280964409,1.834189288334556,-16.93638152367188,4.8693,0.5452,22666112.4553
2024-11-19,000007.SZ,其他商业,7.08,0.0028328611898018,0.0327635327635327,2.5764,0.0427098674521355,-0.4961919898740732,0.0115368729997946,0.0525657334496788,-12.410176956110522,86.6786,19.0238,245285.2152
2024-11-19,000009.SZ,电气设备,9.74,-0.053449951409135,-0.0573770491803279,4.5162,0.0980834272829764,0.0068662326330626,0.0184430726896823,0.4039424785910486,-14.736651270405808,54.2209,2.4756,2512154.4019
2024-11-19,000011.SZ,房产服务,9.33,-0.0010706638115631,-0.0353798126951092,1.7613,0.0032258064516128,-0.1047025421977654,0.0424862981688405,0.8054772452678212,-13.228610786695702,23.537,1.2415,556048.4928
2024-11-19,000012.SZ,玻璃,5.47,0.0055147058823528,-0.009124087591241,0.864,0.0186219739292363,-0.3310737442019572,0.0580706603795498,0.8377314233056882,-14.334107059597269,17.2204,1.1937,1679668.5825
2024-11-19,000017.SZ,服饰,6.59,0.0232919254658383,-0.0060514372163389,3.7436,0.0629032258064514,-0.2671572379119867,0.0044630902436847,0.0696175213377702,-13.026233177235186,224.06,14.3642,454172.8708
2024-11-19,600601.SH,元器件,3.76,0.0245231607629428,-0.0079575596816975,1.9553,-0.0716049382716049,-0.3944379290059344,0.01443045171643,0.2589466052100057,-14.265330788315774,69.2979,3.8618,1568030.2759
2024-11-19,600602.SH,软件服务,15.1,0.0202702702702701,-0.0902208201892744,3.23,-0.0339091490722969,-0.0567933104739523,0.0094334638924736,0.2279877798549998,-14.540731297036324,106.0056,4.3862,2065186.9171
2024-11-19,600603.SH,区域地产,9.9,0.0498409331919407,-0.0540540540540539,0.7787,0.3469387755102042,-0.3249117201950562,0.0308557217307591,0.5679236710586097,-14.012921568740431,32.4089,1.7608,1218244.6495
2024-11-19,600605.SH,房产服务,36.87,0.0106907894736842,0.0409270216962522,2.0873,0.1414860681114551,0.0084312311544791,0.0146634446191023,0.1822456306610049,-13.541814642574266,68.1968,5.4871,760563.3157
2024-11-19,600651.SH,电器仪表,4.55,-0.0065502183406114,-0.043478260869565,2.8012,0.3663663663663663,-0.0046891273655867,0.0042665701852928,0.214174037823135,-13.9471506917357,234.3803,4.6691,1140697.7468
2024-11-19,600654.SH,仓储物流,4.84,-0.0656370656370656,-0.2343096234309624,25.9557,0.9917695473251028,1.0535011272250072,0.0050325125473119,0.1173750249421927,-14.14600102801075,198.7079,8.5197,1391650.524
2024-11-20,000001.SZ,银行,11.64,-0.0034246575342464,-0.0172562553925798,0.663,-0.0185497470489037,0.2655078222001488,0.2060750937641676,1.8406037180195105,-16.932950988574742,4.8526,0.5433,22588488.7825
2024-11-20,000007.SZ,其他商业,7.02,-0.0084745762711865,-0.001418439716312,2.6256,0.0233236151603497,-0.5093329871328833,0.0116354835706971,0.0530149608219439,-12.401666266296264,85.944,18.8626,243206.5269
2024-11-20,000009.SZ,电气设备,9.76,0.002053388090349,-0.0195876288659793,1.7848,0.0796460176991151,0.0082458670512515,0.0184052580141094,0.4031120248317007,-14.738702553164456,54.3323,2.4807,2517312.8298
2024-11-20,000011.SZ,房产服务,9.61,0.030010718113612,-0.0320247933884297,1.8387,0.0400432900432898,-0.2586518072600291,0.0412483397543248,0.7820442637053258,-13.25817999486244,24.2434,1.2787,572735.9074
2024-11-20,000012.SZ,玻璃,5.48,0.0018281535648996,-0.0054844606946982,0.9421,0.0018281535648996,-0.3259101114131228,0.0579646299827845,0.8361903169161301,-14.335933544119175,17.2519,1.1959,1682739.2746
2024-11-20,000017.SZ,服饰,6.61,0.0030349013657056,-0.0178306092124814,4.0674,0.0661290322580645,-0.4469897329481492,0.0044495861884844,0.069406849067866,-13.029263482659314,224.74,14.4078,455551.2407
2024-11-20,600601.SH,元器件,3.77,0.002659574468085,0.0186170212765959,2.0057,-0.0849514563106796,-0.3875596577585629,0.0143921752621534,0.2582644628099174,-14.26798683238218,69.4822,3.872,1572200.5692
2024-11-20,600602.SH,软件服务,15.85,0.0496688741721853,-0.0736507936507936,4.9336,-0.015527950310559,-0.1554989306750995,0.0089870837632155,0.2172024326672458,-14.589206053526055,111.2708,4.604,2167762.4262
2024-11-20,600603.SH,区域地产,10.36,0.0464646464646463,-0.0547409579667644,1.3583,0.3649538866930171,-0.2156783604094492,0.0294856522815997,0.54271138608488,-14.058339048394778,33.9148,1.8426,1274849.9564
2024-11-20,600605.SH,房产服务,40.56,0.1000813669650122,0.0627195183140993,4.3987,0.1742906774753909,0.0085454812530949,0.013329423369145,0.1656671415791392,-13.637198789612697,75.022,6.0362,836681.532
2024-11-20,600651.SH,电器仪表,4.6,0.0109890109890109,-0.0308370044052862,1.7722,0.36094674556213,-0.1302791500397219,0.0042201945594095,0.2118464536903652,-13.958079762289806,236.9559,4.7204,1153232.8869
2024-11-20,600654.SH,仓储物流,4.78,-0.0123966942148759,-0.1513761467889908,20.1533,0.975206611570248,1.058478717802544,0.0050956816136596,0.1188481239823629,-14.133526853785574,196.2446,8.4141,1374398.658
2024-11-21,000001.SZ,银行,11.59,-0.0042955326460482,0.0053191489361703,0.4552,-0.0136170212765958,0.2301980505370335,0.2069622087006912,1.8484288354898333,-16.928646203622673,4.8318,0.541,22491459.1915
2024-11-21,000007.SZ,其他商业,7.05,0.0042735042735042,0.0457902511078287,1.3442,0.0398230088495574,-0.5500312881521595,0.011585968465311,0.0527893914438954,-12.405930664951496,86.3113,18.9432,244245.871
2024-11-21,000009.SZ,电气设备,9.7,-0.0061475409836065,0.053475935828877,1.1458,0.0960451977401128,-0.0069346930510324,0.0185191358230459,0.4056136935182932,-14.732536038284668,53.9982,2.4654,2501837.5461
2024-11-21,000011.SZ,房产服务,9.68,0.0072840790842871,0.0778378378378379,1.5275,0.0157397691500524,-0.4096776989685051,0.0409500409500409,0.7763975155279503,-13.265437673265946,24.42,1.288,576907.7611
2024-11-21,000012.SZ,玻璃,5.47,-0.0018248175182482,0.0337711069418384,0.6334,0.0110905730129389,-0.3970573212726346,0.0580706603795498,0.8377314233056882,-14.334107059597269,17.2204,1.1937,1679668.5825
2024-11-21,000017.SZ,服饰,6.73,0.0181543116490165,0.0523882896764251,7.229,0.0767999999999999,-0.4674199109219382,0.0043702473560003,0.068169113937857,-13.047254972461488,228.82,14.6694,463821.4599
2024-11-21,600601.SH,元器件,3.76,-0.0026525198938992,0.1694444444444445,1.5446,-0.06,-0.4071114857974246,0.01443045171643,0.2589466052100057,-14.265330788315774,69.2979,3.8618,1568030.2759
2024-11-21,600602.SH,软件服务,15.75,-0.0063091482649841,-0.0367401469605879,3.2892,0.0451227604512276,-0.339698344332902,0.0090441426514532,0.2185792349726776,-14.58287691845127,110.5688,4.575,2154085.6916
2024-11-21,600603.SH,区域地产,10.23,-0.0125482625482624,-0.0255905511811023,0.8179,0.356763925729443,-0.2220172609460371,0.0298603728963367,0.5496317467296912,-14.045711391576663,33.4892,1.8194,1258852.8045
2024-11-21,600605.SH,房产服务,39.86,-0.017258382642998,0.0704437202306342,2.9913,0.2820842714699261,-0.0539157885542808,0.0135635152291149,0.1685772083614295,-13.6197897451504,73.7272,5.932,822241.762
2024-11-21,600651.SH,电器仪表,4.54,-0.0130434782608694,0.0296803652968036,1.7921,0.3197674418604652,-0.2430163533070404,0.0042759675231714,0.2146429414668698,-13.944950470839228,233.8652,4.6589,1138190.7188
2024-11-21,600654.SH,仓储物流,4.36,-0.0878661087866108,-0.0274999999999999,16.1129,0.7723577235772359,1.0501099323695595,0.0055865516060497,0.1302965549590868,-14.041558364643151,179.0013,7.6748,1253635.596
2024-11-22,000001.SZ,银行,11.28,-0.0267471958584987,0.0178890876565296,0.8375,-0.0367207514944493,0.2616292206880126,0.2126528442317916,1.8993352326685664,-16.901534792338115,4.7025,0.5265,21889875.7273
2024-11-22,000007.SZ,其他商业,6.77,-0.0397163120567376,0.028328611898017,2.1604,-0.0713305898491084,-0.5494271363001859,0.0120651566720919,0.0549728434153528,-12.36540413518455,82.8833,18.1908,234545.3258
2024-11-22,000009.SZ,电气设备,9.35,-0.0360824742268041,0.0511727078891257,1.2644,-0.040041067761807,-0.0310478396294225,0.0192123327806585,0.4207868714496107,-14.695786496066308,52.0499,2.3765,2411565.0573
2024-11-22,000011.SZ,房产服务,9.25,-0.0444214876033057,0.0387096774193547,1.5606,-0.0814299900695134,-0.4391745693795728,0.042853714559978,0.8124796880077999,-13.219999323425526,23.3352,1.2308,551280.6601
2024-11-22,000012.SZ,玻璃,5.33,-0.0255941499085922,0.0261194029850746,1.0254,-0.0566371681415929,-0.3415445930762546,0.0595958211410216,0.859697386519945,-14.308179681339457,16.7797,1.1632,1636678.893
2024-11-22,000017.SZ,服饰,6.49,-0.0356612184249628,0.0466165413533834,7.1668,-0.0166666666666666,-0.4127471922909961,0.0045318589685488,0.0706898623668379,-13.010942359502248,220.66,14.1463,447281.0215
2024-11-22,600601.SH,元器件,3.6,-0.0425531914893616,0.2896935933147633,2.1416,-0.0931989924433249,-0.4149023244899726,0.0150718172090008,0.2704603234705469,-14.221845676370368,66.349,3.6974,1501305.5833
2024-11-22,600602.SH,软件服务,14.97,-0.0495238095238095,0.0233516483516482,3.6298,0.0114864864864865,-0.3961876832844574,0.0095153816143796,0.229969644006991,-14.532084751605677,105.093,4.3484,2047407.1621
2024-11-22,600603.SH,区域地产,10.16,-0.0068426197458455,-0.0030456852791878,1.0295,0.3804347826086955,-0.1958515580645934,0.0300661455201443,0.5534034311012729,-14.03884525372922,33.26,1.807,1250238.9534
2024-11-22,600605.SH,房产服务,39.89,0.0007526342197692,0.0346534653465346,2.0873,0.2740338549984031,-0.0623872376792327,0.0135533126329071,0.168449423060726,-13.62054209629886,73.7827,5.9365,822860.6093
2024-11-22,600651.SH,电器仪表,4.38,-0.0352422907488987,0.0273972602739727,2.1521,0.2234636871508379,-0.3101227754651048,0.0044321683231157,0.2224842592386588,-13.909072183210432,225.6232,4.4947,1098078.2706
2024-11-22,600654.SH,仓储物流,4.0,-0.0825688073394496,-0.0458015267175573,13.0198,0.6064257028112447,0.7302339210897428,0.0060893403661155,0.1420232634105466,-13.9553806684021,164.2214,7.0411,1150124.4
2024-11-25,000001.SZ,银行,11.18,-0.0088652482269503,0.010647737355812,0.6009,-0.0395189003436426,-0.0694867738763445,0.2145508378210217,1.9164430816404752,-16.892630013998826,4.6609,0.5218,21695816.5454
2024-11-25,000007.SZ,其他商业,7.06,0.0428360413589365,0.0068965517241379,2.7371,-0.004231311706629,-0.53844974903253,0.0115695614094965,0.0527148128624143,-12.407348099861538,86.4337,18.97,244592.3191
2024-11-25,000009.SZ,电气设备,9.38,0.0032085561497328,0.0945652173913045,1.1293,-0.0731225296442685,-0.2954817185363374,0.0191508879309189,0.4194454930581771,-14.698989915785878,52.2169,2.3841,2419302.6992
2024-11-25,000011.SZ,房产服务,9.3,0.0054054054054055,0.070118662351672,1.1086,-0.0988372093023255,-0.4771859357135911,0.0426232023664402,0.8080808080808081,-13.22539017213257,23.4614,1.2375,554260.5556
2024-11-25,000012.SZ,玻璃,5.36,0.0056285178236397,0.0368324125230203,0.8073,-0.0629370629370628,-0.3715828105349094,0.059262419921655,0.8549200649739249,-14.313792418292518,16.8741,1.1697,1645890.9694
2024-11-25,000017.SZ,服饰,6.65,0.0246533127889059,0.1004566210045663,4.8092,-0.0177252584933529,-0.3971126525224541,0.004422821760283,0.0689893066574681,-13.035296683393833,226.1,14.495,458307.9804
2024-11-25,600601.SH,元器件,3.59,-0.0027777777777778,0.2727272727272727,1.9827,-0.1025,-0.4498583213363497,0.0151137993522225,0.2712085050987199,-14.21906403339977,66.1647,3.6872,1497135.29
2024-11-25,600602.SH,软件服务,14.56,-0.0273881095524382,0.0589459084604715,3.7018,-0.0273881095524382,-0.4527578926208812,0.00978332862103,0.2364457475232307,-14.504314595969817,102.2147,4.2293,1991332.5505
2024-11-25,600603.SH,区域地产,9.85,-0.0305118110236221,0.0295918367346939,0.8674,0.2742561448900387,-0.1958731276802916,0.0310123677322516,0.5708088361207831,-14.007858266746805,32.2452,1.7519,1212091.8987
2024-11-25,600605.SH,房产服务,40.4,0.0127851591877663,-0.0028422548555187,1.7208,0.2279635258358663,-0.0892566714139062,0.0133822230548938,0.1663229326059477,-13.633246215373555,74.726,6.0124,833381.0132
2024-11-25,600651.SH,电器仪表,4.38,0.0,0.0454545454545451,1.336,0.1436031331592688,-0.4061001666531055,0.0044321683231157,0.2224842592386588,-13.909072183210432,225.6232,4.4947,1098078.2706
2024-11-25,600654.SH,仓储物流,3.93,-0.0174999999999999,0.07103825136612,12.2858,0.5057471264367817,0.7986642692011301,0.0061978028788794,0.1445525376197979,-13.93772573316338,161.3475,6.9179,1129997.223
2024-11-26,000001.SZ,银行,11.27,0.0080500894454382,0.0087796312554873,0.4283,-0.0233968804159444,-0.262249904225213,0.212838413076792,1.9011406844106464,-16.900647874319795,4.6984,0.526,21870469.8091
2024-11-26,000007.SZ,其他商业,7.25,0.0269121813031161,0.0127840909090908,3.219,0.049204052098408,-0.5117662385402633,0.0112663488805192,0.0513331211564325,-12.433904517075788,88.7599,19.4806,251174.8319
2024-11-26,000009.SZ,电气设备,9.2,-0.0191897654584223,0.0536277602523658,0.9475,-0.0406673618352451,-0.5304669091017985,0.0195256058795504,0.4276611213274601,-14.67961363681034,51.2148,2.3383,2372876.8478
2024-11-26,000011.SZ,房产服务,9.27,-0.003225806451613,0.0672358591248667,0.9408,-0.073,-0.5048090914898602,0.0427611745639429,0.8107012565869477,-13.222159151507917,23.3857,1.2335,552472.6183
2024-11-26,000012.SZ,玻璃,5.43,0.0130597014925371,0.0330882352941175,1.2544,-0.0268817204301076,-0.3006764357386049,0.0584983474216853,0.8438818565400843,-14.326767577125889,17.0945,1.185,1667385.8141
2024-11-26,000017.SZ,服饰,6.57,-0.0120300751879699,0.086232980332829,5.4263,0.0138888888888888,-0.345083194746736,0.004476676515355,0.0698294764185858,-13.023193661362736,223.38,14.3206,452794.501
2024-11-26,600601.SH,元器件,3.74,0.0417827298050139,0.1775456919060052,3.5293,-0.0966183574879225,-0.3353542604089113,0.0145076397230781,0.2603353118817036,-14.2599974423237,68.9292,3.8412,1559689.6893
2024-11-26,600602.SH,软件服务,14.42,-0.0096153846153846,0.0486634681288553,2.2585,0.0,-0.4668053565214789,0.0098783188681817,0.238743255503032,-14.494652685042968,101.2318,4.1886,1972185.1221
2024-11-26,600603.SH,区域地产,9.8,-0.0050761421319796,0.0455015511892449,0.5502,0.2068965517241381,-0.200238719219492,0.0311706123466795,0.5737234652897303,-14.002769197284792,32.0815,1.743,1205939.148
2024-11-26,600605.SH,房产服务,42.22,0.045049504950495,-0.0597261567516524,2.7125,0.245795219828858,-0.0367154174283973,0.0128053434136996,0.1591520379418458,-13.677310472734996,78.0924,6.2833,870924.4152
2024-11-26,600651.SH,电器仪表,4.4,0.0045662100456622,0.084090909090909,1.1729,0.1578947368421053,-0.4980096580029447,0.0044120209923958,0.2214741318214032,-13.913627999718972,226.6535,4.5152,1103092.3266
2024-11-26,600654.SH,仓储物流,3.66,-0.0687022900763358,0.1648648648648647,10.5968,0.4581673306772911,0.4241361924485967,0.0066550159520732,0.1552168379225778,-13.866549454695484,150.2626,6.4426,1052363.826
2024-11-27,000001.SZ,银行,11.39,0.010647737355812,0.0105820105820106,0.4613,0.0061837455830389,-0.2989950381583256,0.2105972538118103,1.881113619262604,-16.911239323728307,4.7484,0.5316,22103340.8275
2024-11-27,000007.SZ,其他商业,7.04,-0.0289655172413793,0.0014124293785311,2.4491,0.0028490028490029,-0.5180457661875708,0.0116024221216421,0.0528644608089319,-12.404511218477555,86.1889,18.9163,243899.423
2024-11-27,000009.SZ,电气设备,9.51,0.0336956521739131,0.0040609137055838,1.4357,-0.0518444666001993,-0.5342013267637424,0.0188891302499976,0.4137189193661826,-14.712754029306527,52.9405,2.4171,2452832.4807
2024-11-27,000011.SZ,房产服务,9.37,0.0107874865156418,-0.0050150451354062,1.1302,-0.0620620620620621,-0.5431863692765739,0.0423047635163719,0.8020532563362208,-13.23288886814436,23.638,1.2468,558432.4092
2024-11-27,000012.SZ,玻璃,5.44,0.0018416206261511,0.0036297640653357,0.9904,0.0018416206261511,-0.2587563331969664,0.0583907509050566,0.8423180592991913,-14.328607504043706,17.126,1.1872,1670456.5062
2024-11-27,000017.SZ,服饰,6.61,0.0060882800608828,0.0146412884333821,5.2652,0.0015151515151516,-0.3111377753251308,0.0044495861884844,0.069406849067866,-13.029263482659314,224.74,14.4078,455551.2407
2024-11-27,600601.SH,元器件,3.83,0.0240641711229945,0.0403800475059381,3.5594,-0.0635696821515892,-0.2216668674891745,0.0141667138890462,0.2542135902585352,-14.28377663410103,70.588,3.9337,1597222.3289
2024-11-27,600602.SH,软件服务,14.59,0.0117891816920943,0.0277392510402219,2.5345,0.0174337517433751,-0.5323905078349269,0.0097632127999625,0.2359603586597451,-14.506372915703375,102.4253,4.238,1995435.5708
2024-11-27,600603.SH,区域地产,9.67,-0.013265306122449,-0.0040404040404041,1.0444,0.1650602409638553,-0.2395791516862606,0.0315895880717715,0.5814629608093964,-13.989415121042596,31.656,1.7198,1189941.996
2024-11-27,600605.SH,房产服务,42.36,0.003315963998105,-0.0880562060889931,1.3481,0.2144495412844036,-0.2336664579125174,0.0127630138070283,0.1586269253343062,-13.680620951041304,78.3514,6.3041,873812.3692
2024-11-27,600651.SH,电器仪表,4.4,0.0,0.0354767184035476,1.0942,0.1398963730569948,-0.5376710807818298,0.0044120209923958,0.2214741318214032,-13.913627999718972,226.6535,4.5152,1103092.3266
2024-11-27,600654.SH,仓储物流,3.7,0.0109289617486338,0.0719794344473008,8.3744,0.3405797101449277,0.169443277168535,0.0065830704493867,0.1535390756947643,-13.877419126932388,151.9048,6.513,1063865.07
2024-11-28,000001.SZ,银行,11.34,-0.0043898156277436,0.0052724077328645,0.3778,-0.0035149384885765,-0.3068627199836053,0.2115238175818597,1.889287738522577,-16.906839844568363,4.7276,0.5293,22006311.2365
2024-11-28,000007.SZ,其他商业,7.08,0.0056818181818181,-0.0123966942148759,1.3979,0.0427098674521355,-0.5064639057770352,0.0115368729997946,0.0525657334496788,-12.410176956110522,86.6786,19.0238,245285.2152
2024-11-28,000009.SZ,电气设备,9.85,0.0357518401682439,0.0,2.5123,-0.0930018416206261,-0.3687091326375957,0.0182370931532481,0.3994248282473238,-14.747881607929502,54.8333,2.5036,2540525.7555
2024-11-28,000011.SZ,房产服务,9.97,0.0640341515474922,0.0175983436853002,5.498,-0.0329776915615906,-0.2731609745188902,0.0397589020181618,0.7538067239559777,-13.294956355834548,25.1516,1.3266,594191.1547
2024-11-28,000012.SZ,玻璃,5.51,0.0128676470588233,0.0109090909090907,1.5926,0.0,-0.1074222746950018,0.0576488493289674,0.8316699933466402,-14.341393066370882,17.3464,1.2024,1691951.351
2024-11-28,000017.SZ,服饰,6.83,0.0332829046898637,0.0129310344827586,12.204,-0.0242857142857142,-0.1802478074570264,0.0043062613039359,0.067170896194097,-13.062004502324102,232.22,14.8874,470713.3092
2024-11-28,600601.SH,元器件,4.21,0.0992167101827676,-0.0237580993520518,5.5386,0.0120192307692306,0.026108129216021,0.0128880096402312,0.2312673450508788,-14.378374478600536,77.5915,4.324,1755693.4738
2024-11-28,600602.SH,软件服务,14.42,-0.0116518163125428,0.0053691275167784,2.7243,-0.0450331125827814,-0.5319952975438176,0.0098783188681817,0.238743255503032,-14.494652685042968,101.2318,4.1886,1972185.1221
2024-11-28,600603.SH,区域地产,9.9,0.0237849017580145,-0.0101832993890019,0.5763,0.2014563106796116,-0.251530638061023,0.0308557217307591,0.5679236710586097,-14.012921568740431,32.4089,1.7608,1218244.6495
2024-11-28,600605.SH,房产服务,42.7,0.0080264400377716,-0.0086124401913875,1.2928,0.227364185110664,-0.3371223084047232,0.0126613851808615,0.1573638409366295,-13.688615350558974,78.9803,6.3547,880825.9718
2024-11-28,600651.SH,电器仪表,4.51,0.0249999999999999,0.0844444444444443,1.7231,0.0611764705882351,-0.5260997476287719,0.0043044114190869,0.2160713899872517,-13.9383206123403,232.3198,4.6281,1130669.6348
2024-11-28,600654.SH,仓储物流,3.89,0.0513513513513512,0.1226666666666667,13.424,0.4249084249084249,0.1016890740498539,0.0062615329610225,0.1460387002555677,-13.927495464912564,159.7053,6.8475,1118495.979
2024-11-29,000001.SZ,银行,11.38,0.0035273368606703,0.0237050043898154,0.53,-0.0043744531933507,-0.3740367361586898,0.2107836937734497,1.882530120481928,-16.91036097496731,4.7442,0.5312,22083934.9093
2024-11-29,000007.SZ,其他商业,7.26,0.0254237288135592,-0.0191780821917807,2.7658,0.0787518573551262,-0.47893319127458,0.0112508339680678,0.0512625977834052,-12.435282876870971,88.8823,19.5074,251521.2799
2024-11-29,000009.SZ,电气设备,9.86,0.001015228426396,-0.0148957298907647,1.3692,-0.0361681329423265,-0.3190384203606959,0.0182186197938016,0.39902637564343,-14.74889632137382,54.8889,2.5061,2543104.9695
2024-11-29,000011.SZ,房产服务,9.66,-0.0310932798395185,-0.0060483870967742,3.095,0.0031152647975076,-0.1597347003959509,0.0410349001826053,0.7779679477205539,-13.263369420174254,24.3695,1.2854,575715.8029
2024-11-29,000012.SZ,玻璃,5.5,-0.0018148820326678,0.0,1.3428,0.0128913443830571,-0.060920572309116,0.0577537265592062,0.8331250520703158,-14.339576535448677,17.3149,1.2003,1688880.6589
2024-11-29,000017.SZ,服饰,6.96,0.0190336749633968,0.0248962655601658,10.2138,0.0403587443946187,-0.0936941491125701,0.0042258282623394,0.0659165364815071,-13.080859303237297,236.64,15.1707,479672.7134
2024-11-29,600601.SH,元器件,4.63,0.0997624703087884,-0.0630252100840336,12.6867,0.1963824289405684,0.5140965283892751,0.0117189056417155,0.2102916745526044,-14.473468699029608,85.3322,4.7553,1930845.7919
2024-11-29,600602.SH,软件服务,14.9,0.0332871012482662,-0.0111329404060248,3.7012,0.0650464617583987,-0.5211379484928746,0.0095600832109642,0.2310482659827638,-14.527397766167184,104.6016,4.3281,2037833.448
2024-11-29,600603.SH,区域地产,9.82,-0.0080808080808081,-0.0594648166501485,0.7718,0.1352601156069364,-0.283846077938433,0.0311071017513298,0.572573718866304,-14.00480793397295,32.147,1.7465,1208400.2483
2024-11-29,600605.SH,房产服务,41.8,-0.0210772833723654,-0.0118764845605701,1.7249,0.2326747272191094,-0.3615142367863466,0.0129340003828464,0.1607536129374507,-13.667312769865967,77.3156,6.2207,862260.5532
2024-11-29,600651.SH,电器仪表,4.5,-0.0022172949002217,0.0847826086956522,1.3558,0.1568123393316194,-0.551812837255474,0.0043139763775281,0.2165533370869245,-13.93610085561535,231.8047,4.6178,1128162.6068
2024-11-29,600654.SH,仓储物流,3.75,-0.0359897172236504,0.1275510204081633,9.69,0.4312977099236641,0.0205533448457091,0.0064952948084407,0.1514921981517951,-13.890842147264529,153.9576,6.601,1078241.625
2024-12-02,000001.SZ,银行,11.39,0.0008787346221441,0.0156657963446475,0.5027,-0.006108202443281,-0.3965011708680165,0.2105972538118103,1.881113619262604,-16.911239323728307,4.7484,0.5316,22103340.8275
2024-12-02,000007.SZ,其他商业,7.3,0.0055096418732782,0.0196353436185132,4.0722,0.0252808988764043,-0.4224438550543432,0.0111891867699055,0.0509816517035518,-12.440777396284467,89.372,19.6149,252907.0721
2024-12-02,000009.SZ,电气设备,10.07,0.0212981744421907,-0.0209580838323352,1.4863,-0.0069033530571992,-0.277164612680161,0.0178386670947946,0.3907013088493846,-14.76997085950314,56.058,2.5595,2597268.4628
2024-12-02,000011.SZ,房产服务,9.92,0.0269151138716357,-0.048,2.7965,0.0311850311850312,-0.0587128761337332,0.0399594012483316,0.7575757575757576,-13.289928693258863,25.0254,1.32,591211.2593
2024-12-02,000012.SZ,玻璃,5.63,0.0236363636363636,-0.00355871886121,2.0717,0.031135531135531,0.0896469341988119,0.0564203542069837,0.8139345596614033,-14.362937885308527,17.7241,1.2286,1728799.6562
2024-12-02,000017.SZ,服饰,7.23,0.038793103448276,0.0,10.6859,0.0921450151057401,0.0211938434848915,0.0040680172483931,0.06345499771562,-13.118918865077212,245.82,15.7592,498280.7066
2024-12-02,600601.SH,元器件,4.76,0.0280777537796976,-0.006651884700665,18.2158,0.2081218274111675,0.9884134301888045,0.011398856238765,0.2045491736213385,-14.501159499158907,87.7281,4.8888,1985059.6046
2024-12-02,600602.SH,软件服务,15.27,0.0248322147651005,-0.0366013071895424,3.1998,0.0768688293370944,-0.5398509126275872,0.0093284452280338,0.2254537256228159,-14.551926672428957,107.199,4.4355,2088437.3658
2024-12-02,600603.SH,区域地产,10.09,0.0274949083503055,-0.0801186943620176,0.6619,0.1236080178173719,-0.289985817838008,0.0302746821915236,0.5572582892170521,-14.03193164599022,33.0309,1.7945,1241625.1024
2024-12-02,600605.SH,房产服务,42.1,0.0071770334928231,-0.000753201104695,1.6045,0.248517200474496,-0.3644142858188579,0.0128418335569952,0.1596067290196954,-13.674464171058304,77.8705,6.2654,868449.0261
2024-12-02,600651.SH,电器仪表,4.6,0.0222222222222221,0.0230607966457023,1.4855,0.0747663551401867,-0.531636717651979,0.0042201945594095,0.2118464536903652,-13.958079762289806,236.9559,4.7204,1153232.8869
2024-12-02,600654.SH,仓储物流,3.92,0.0453333333333332,0.0139211136890953,10.3407,0.479245283018868,-0.0462399668168157,0.0062136115374339,0.1449212353086097,-13.93517796108458,160.937,6.9003,1127121.912
2024-12-03,000001.SZ,银行,11.49,0.0087796312554873,0.0287958115183244,0.5579,-0.0137339055793991,-0.3496868475991649,0.2087639088954301,1.8646280067126608,-16.919980638130788,4.7901,0.5363,22297400.0095
2024-12-03,000007.SZ,其他商业,7.13,-0.0232876712328766,0.0141043723554301,2.8248,-0.0893997445721583,-0.3985767738575128,0.0114559741186632,0.0521972429416278,-12.41721428274876,87.2907,19.1581,247017.4554
2024-12-03,000009.SZ,电气设备,10.02,-0.0049652432969216,-0.0040444893832154,1.0429,-0.0300096805421103,-0.2448541105761713,0.0179277011667347,0.3926495994974084,-14.764993248400454,55.7796,2.5468,2584372.3929
2024-12-03,000011.SZ,房产服务,10.0,0.0080645161290322,-0.0131048387096774,2.3479,0.019367991845056,0.0387969809237842,0.0396395967860214,0.7515406583496167,-13.297960864895238,25.2273,1.3306,595979.092
2024-12-03,000012.SZ,玻璃,5.62,-0.0017761989342806,0.0126582278481011,0.8807,0.0144404332129963,0.0594396438858337,0.0565204858500963,0.8153946510110894,-14.361160107066542,17.6927,1.2264,1725728.9641
2024-12-03,000017.SZ,服饰,7.18,-0.0069156293222684,0.0288600288600289,9.1854,0.0813253012048191,0.1089842925588167,0.004096346059315,0.0638969470038721,-13.111979211896514,244.12,15.6502,494834.7819
2024-12-03,600601.SH,元器件,4.51,-0.0525210084033613,0.0228310502283106,11.9238,0.1,1.1696122745092712,0.0120307120015976,0.2158848038686556,-14.44720898441654,83.1206,4.6321,1880802.2724
2024-12-03,600602.SH,软件服务,15.3,0.0019646365422396,0.015519568151147,2.9966,0.0450819672131148,-0.5141085452734149,0.0093101461041228,0.2250123756806624,-14.553889381613518,107.4097,4.4442,2092540.3862
2024-12-03,600603.SH,区域地产,10.11,0.0019821605550049,-0.0344827586206896,0.2748,0.110989010989011,-0.3223209469430959,0.0302147665607135,0.5561425949613481,-14.033911844655409,33.0964,1.7981,1244086.2027
2024-12-03,600605.SH,房产服务,39.83,-0.0539192399049881,0.019517205957884,3.2957,0.0972451790633608,-0.3168996562750537,0.013573733197415,0.1687023415885012,-13.619036827543487,73.6717,5.9276,821622.9147
2024-12-03,600651.SH,电器仪表,4.77,0.0369565217391303,0.0663811563169165,2.1167,0.0791855203619908,-0.4369396770222319,0.0040697903935853,0.2042942654599685,-13.994369763732635,245.7129,4.8949,1195852.3632
2024-12-03,600654.SH,仓储物流,4.31,0.0994897959183673,0.026378896882494,14.5942,0.5962962962962961,-0.0201953503677744,0.0056513586431313,0.1318078768387199,-14.030024211397864,176.9486,7.5868,1239259.041
2024-12-04,000001.SZ,银行,11.46,-0.0026109660574411,0.0253496503496504,0.5192,-0.0077922077922077,-0.3235851942490058,0.2093101138647019,1.8695083193120208,-16.917366257556445,4.7776,0.5349,22239182.2549
2024-12-04,000007.SZ,其他商业,7.09,-0.005610098176718,0.0292887029288702,1.7739,-0.1246913580246913,-0.2949087363173147,0.0115206046013294,0.0524915094983386,-12.411588388769523,86.801,19.0507,245631.6632
2024-12-04,000009.SZ,电气设备,9.89,-0.0129740518962074,0.0060851926977687,0.8416,-0.0661000944287062,-0.264720568368172,0.0181633576056335,0.3978199466921271,-14.751934298395843,55.0559,2.5137,2550842.6114
2024-12-04,000011.SZ,房产服务,9.92,-0.008,0.0020345879959307,2.8671,0.0060851926977687,0.1527620608021329,0.0399594012483316,0.7575757575757576,-13.289928693258863,25.0254,1.32,591211.2593
2024-12-04,000012.SZ,玻璃,5.53,-0.0160142348754448,0.014388489208633,0.8823,-0.0089605734767024,0.0820560359294835,0.0574405633770455,0.8286377195889957,-14.345016258731963,17.4093,1.2068,1698092.7352
2024-12-04,000017.SZ,服饰,6.93,-0.0348189415041783,0.0624113475177305,6.4559,0.03125,0.1609732454555144,0.0042441218911807,0.0662019291242146,-13.076539642090976,235.62,15.1053,477605.1586
2024-12-04,600601.SH,元器件,4.38,-0.0288248337028824,0.0243362831858406,7.2324,0.0788177339901479,1.2357728971755917,0.012387797523927,0.2222913795403014,-14.417960555306694,80.7246,4.4986,1826588.4597
2024-12-04,600602.SH,软件服务,14.82,-0.0313725490196078,0.0480640854472629,2.7286,-0.0638029058749209,-0.4643050325768705,0.0096116970508429,0.2322988292139007,-14.522014173054242,104.0399,4.3048,2026892.0603
2024-12-04,600603.SH,区域地产,9.86,-0.0247279920870425,-0.0401234567901235,0.287,0.0313807531380752,-0.4561727187663551,0.0309808538323316,0.5702554744525548,-14.008872980217763,32.278,1.7536,1213322.4489
2024-12-04,600605.SH,房产服务,38.94,-0.0223449661059502,-0.0583976833976832,2.3868,0.0819672131147539,-0.2401336164941155,0.0138839523724897,0.1725595761936808,-13.59643843027014,72.0256,5.7951,803263.7785
2024-12-04,600651.SH,电器仪表,4.67,-0.020964360587002,0.0553278688524592,1.411,-0.0390946502057614,-0.3943480921115412,0.0041569377003903,0.2086680716983494,-13.973182530471291,240.5617,4.7923,1170782.083
2024-12-04,600654.SH,仓储物流,4.17,-0.0324825986078886,-0.007125890736342,16.1898,0.5163636363636364,0.059645001843364,0.0058410942004943,0.1362342138604689,-13.99700234309292,171.2008,7.3403,1199004.687
2024-12-05,000001.SZ,银行,11.44,-0.0017452006980803,0.016295025728988,0.3541,-0.0394626364399665,-0.29141263085241,0.2096787721211104,1.8726591760299625,-16.915619532221324,4.7692,0.534,22200370.4185
2024-12-05,000007.SZ,其他商业,7.17,0.0112834978843441,0.0614525139664803,1.7772,-0.0712435233160622,-0.1409755923146184,0.0113920647433823,0.0519059878747612,-12.422808702627496,87.7804,19.2656,248403.2475
2024-12-05,000009.SZ,电气设备,9.86,-0.0030333670374116,0.003024193548387,0.6484,-0.0680529300567108,-0.4310587403025575,0.0182186197938016,0.39902637564343,-14.74889632137382,54.8889,2.5061,2543104.9695
2024-12-05,000011.SZ,房产服务,9.83,-0.0090725806451612,0.0162271805273834,1.8694,-0.0611270296084049,-0.0624519065768319,0.0403251822698238,0.764525993883792,-13.280814705998818,24.7984,1.308,585847.4474
2024-12-05,000012.SZ,玻璃,5.56,0.0054249547920433,0.019538188277087,0.6771,-0.0296684118673649,-0.0025640370379836,0.0571304516733509,0.8241305422778968,-14.35042655144782,17.5038,1.2134,1707304.8115
2024-12-05,000017.SZ,服饰,7.05,0.0173160173160173,0.0337381916329284,4.8874,0.0057061340941513,0.0498135894406417,0.0041718815185648,0.0650749337862548,-13.093707445720469,239.7,15.3669,485875.3778
2024-12-05,600601.SH,元器件,4.52,0.0319634703196345,0.013452914798206,6.8473,0.0839328537170263,1.2256400729416717,0.0120040957974861,0.2154104646403722,-14.449423824753032,83.3049,4.6423,1884972.5657
2024-12-05,600602.SH,软件服务,14.98,0.0107962213225372,0.013907284768212,2.0363,-0.0910194174757281,-0.4420991151587331,0.009509029774674,0.2298163767150047,-14.532752531285189,105.1632,4.3513,2048774.8356
2024-12-05,600603.SH,区域地产,9.72,-0.0141987829614603,0.0210748155953635,0.3763,-0.0318725099601592,-0.4759755861802314,0.0314271706746785,0.5784693700468561,-13.994572430087436,31.8196,1.7287,1196094.7468
2024-12-05,600605.SH,房产服务,41.44,0.0642013353877761,-0.0961538461538461,2.613,0.1169811320754716,-0.1384511627303735,0.0130463654782732,0.1621481385393695,-13.658663028337758,76.6497,6.1672,854834.3858
2024-12-05,600651.SH,电器仪表,4.88,0.044967880085653,0.0140280561122243,1.7248,-0.0393700787401575,-0.3273216868070676,0.0039780522899061,0.1996884859618994,-14.017168678643468,251.3793,5.0078,1223429.6713
2024-12-05,600654.SH,仓储物流,4.21,0.0095923261390886,-0.0678733031674208,9.6597,0.3894389438943895,-0.0314553898500803,0.0057855973339967,0.1349400191614827,-14.0065489549765,172.843,7.4107,1210505.931
2024-12-06,000001.SZ,银行,11.66,0.0192307692307693,-0.0094258783204798,0.8896,-0.0051194539249147,-0.182885007741394,0.2057189878625797,1.8372221201543264,-16.934667727193972,4.861,0.5443,22627300.6189
2024-12-06,000007.SZ,其他商业,7.16,-0.0013947001394699,-0.0013755158184318,2.1414,-0.0402144772117962,-0.0952390363445917,0.0114079718907572,0.0519785640401898,-12.421413029165633,87.658,19.2387,248056.7995
2024-12-06,000009.SZ,电气设备,9.92,0.0060851926977687,-0.0101936799184505,0.8856,-0.0534351145038168,-0.4647197166882206,0.0181084296550887,0.396620790861857,-14.754963074059942,55.2229,2.5213,2558580.2533
2024-12-06,000011.SZ,房产服务,9.86,0.0030518819938962,0.0231092436974791,1.7654,-0.014,-0.1306655320673593,0.0402024595864775,0.7621951219512195,-13.283861940495315,24.8741,1.312,587635.3847
2024-12-06,000012.SZ,玻璃,5.63,0.0125899280575541,0.0071428571428571,1.1329,-0.0035398230088495,9.7446028187953e-05,0.0564203542069837,0.8139345596614033,-14.362937885308527,17.7241,1.2286,1728799.6562
2024-12-06,000017.SZ,服饰,7.41,0.0510638297872341,0.0389972144846797,15.0005,0.0570613409415121,0.1552663056180845,0.0039691990156386,0.0619133708115604,-13.143510268224285,251.94,16.1516,510686.0354
2024-12-06,600601.SH,元器件,4.46,-0.0132743362831857,-0.0334821428571429,4.5151,0.0746987951807227,0.9062564784572956,0.0121655981216316,0.218307245617482,-14.436060596952522,82.199,4.5807,1859950.806
2024-12-06,600602.SH,软件服务,15.1,0.008010680907877,0.0115332428765264,2.1975,-0.0707692307692308,-0.46614574617094,0.0094334638924736,0.2279877798549998,-14.540731297036324,106.0056,4.3862,2065186.9171
2024-12-06,600603.SH,区域地产,9.49,-0.0236625514403292,0.0086021505376343,0.7632,-0.0052410901467504,-0.4439235018324499,0.0321888066643705,0.5924872615238772,-13.970625424214374,31.0667,1.6878,1167792.0933
2024-12-06,600605.SH,房产服务,41.6,0.0038610038610038,-0.0354271356783918,2.303,0.1093333333333332,-0.0868598131890129,0.0129961947141876,0.1615247940558875,-13.662516597579058,76.9456,6.191,858134.9046
2024-12-06,600651.SH,电器仪表,4.99,0.0225409836065575,0.0512295081967213,1.7777,-0.0177165354330708,-0.2464199038523228,0.0038903603096104,0.195285800769426,-14.039459368570174,257.0456,5.1207,1251006.9795
2024-12-06,600654.SH,仓储物流,4.42,0.0498812351543942,-0.0869565217391303,12.02,0.3273273273273274,-0.0354749127784091,0.0055107166907484,0.1285280962418384,-14.055226003371816,181.4646,7.7804,1270887.462
2024-12-09,000001.SZ,银行,11.67,0.0008576329331047,-0.018659881255301,0.4968,0.0060344827586207,-0.1683834597562055,0.2055456208505477,1.8358729575913348,-16.93552499257018,4.8651,0.5447,22646706.5371
2024-12-09,000007.SZ,其他商业,7.27,0.01536312849162,0.0514603616133517,3.5711,-0.0459317585301838,-0.0991965095764955,0.0112353617280885,0.0511920058563654,-12.436659339802276,89.0047,19.5343,251867.728
2024-12-09,000009.SZ,电气设备,9.81,-0.0110887096774192,-0.0233502538071066,0.8078,-0.0941828254847645,-0.5147022939769827,0.0183114633422815,0.4010587952193792,-14.74381242634645,54.6106,2.4934,2530208.8997
2024-12-09,000011.SZ,房产服务,9.52,-0.0344827586206896,-0.013278855975485,2.1062,-0.045135406218656,-0.1746535160656677,0.041638213887177,0.7893905904641617,-13.248770620732666,24.0164,1.2668,567372.0956
2024-12-09,000012.SZ,玻璃,5.6,-0.0053285968028419,-0.0071428571428571,0.9986,-0.00355871886121,-0.1755046463079776,0.0567224626624389,0.8182636445462729,-14.357595040910118,17.6297,1.2221,1719587.5799
2024-12-09,000017.SZ,服饰,7.18,-0.0310391363022942,0.0238429172510519,9.3243,0.0141242937853107,0.1042179804850544,0.004096346059315,0.0638969470038721,-13.111979211896514,244.12,15.6502,494834.7819
2024-12-09,600601.SH,元器件,4.48,0.0044843049327354,-0.0468750000000002,3.8925,0.0442890442890444,0.3533637348656018,0.0121112735367462,0.2173298850324908,-14.440534877361364,82.5677,4.6013,1868291.3926
2024-12-09,600602.SH,软件服务,14.74,-0.0238410596026489,-0.0212624584717607,2.3287,-0.1484690930098208,-0.4406564981228441,0.0096638618918169,0.2335575485799701,-14.516601439967303,103.4783,4.2816,2015950.6727
2024-12-09,600603.SH,区域地产,9.3,-0.0200210748155953,-0.0315126050420166,0.7916,-0.0261780104712041,-0.371047602227787,0.0328464396101784,0.6045949214026602,-13.950401211724676,30.4447,1.654,1144411.6404
2024-12-09,600605.SH,房产服务,39.8,-0.0432692307692308,-0.1297229219143578,3.4512,0.0197284140404816,0.0503800700143728,0.0135839481201853,0.1688305110499569,-13.618283342624483,73.6163,5.9231,821004.0674
2024-12-09,600651.SH,电器仪表,4.88,-0.0220440881763527,0.002008032128514,1.4929,-0.0542635658914729,-0.1986517424395564,0.0039780522899061,0.1996884859618994,-14.017168678643468,251.3793,5.0078,1223429.6713
2024-12-09,600654.SH,仓储物流,4.37,-0.01131221719457,-0.058411214953271,9.1182,0.1939890710382512,-0.0846542365021136,0.0055737662886352,0.1299984400187197,-14.043849316389707,179.4119,7.6924,1256510.907
2024-12-10,000001.SZ,银行,11.79,0.0102827763496142,-0.0170502983802217,1.1171,0.0216637781629116,-0.0201096892138941,0.2034505208333333,1.817190623296384,-16.945755260817656,4.9152,0.5503,22879577.5554
2024-12-10,000007.SZ,其他商业,7.19,-0.0110041265474551,-0.037940379403794,3.2488,-0.0662337662337662,-0.0397108172980068,0.0113603702571874,0.0517614418667246,-12.425594219797636,88.0253,19.3194,249096.1436
2024-12-10,000009.SZ,电气设备,9.85,0.0040774719673801,-0.0423387096774193,1.1225,-0.0672348484848485,-0.4847152165718285,0.0182370931532481,0.3994248282473238,-14.747881607929502,54.8333,2.5036,2540525.7555
2024-12-10,000011.SZ,房产服务,9.79,0.028361344537815,-0.0558375634517765,3.1474,-0.0693916349809886,-0.0484015566533169,0.0404899281303775,0.7676364473785215,-13.276737228498456,24.6975,1.3027,583463.5311
2024-12-10,000012.SZ,玻璃,5.6,0.0,-0.0336879432624113,1.3246,-0.001782531194296,-0.0832990632853555,0.0567224626624389,0.8182636445462729,-14.357595040910118,17.6297,1.2221,1719587.5799
2024-12-10,000017.SZ,服饰,7.13,-0.0069637883008356,-0.082777036048064,7.1963,-0.0179063360881542,0.1077095623174491,0.0041250721887633,0.0643446815903431,-13.104991063191443,242.42,15.5413,491388.8572
2024-12-10,600601.SH,元器件,4.48,0.0,-0.0842332613390928,5.5457,0.0847457627118646,0.0867694263960177,0.0121112735367462,0.2173298850324908,-14.440534877361364,82.5677,4.6013,1868291.3926
2024-12-10,600602.SH,软件服务,15.05,0.0210312075983718,-0.1038216560509553,3.6972,-0.1178194607268463,-0.3620317454080165,0.0094648032362055,0.2287491993778022,-14.537414544398263,105.6546,4.3716,2058348.5498
2024-12-10,600603.SH,区域地产,9.52,0.0236559139784944,-0.0460878885316183,0.802,-0.0285714285714286,-0.2349480377193593,0.0320873803541805,0.5905976848570753,-13.973781660435929,31.1649,1.6932,1171483.7438
2024-12-10,600605.SH,房产服务,39.7,-0.0025125628140701,-0.1465914915427987,2.1187,-0.0387409200968521,-0.0214743979567015,0.0136181709979259,0.1692562878710944,-13.615767618014964,73.4313,5.9082,818941.2431
2024-12-10,600651.SH,电器仪表,4.98,0.0204918032786887,-0.0718446601941747,1.8993,0.0375,-0.1783185392021803,0.0038981719522629,0.1956793988728866,-14.037453349855348,256.5305,5.1104,1248499.9515
2024-12-10,600654.SH,仓储物流,4.28,-0.0205949656750571,-0.1028708133971291,8.0078,0.2090395480225988,-0.1434423197479957,0.0056909722400065,0.132731616671091,-14.023039316875916,175.7169,7.534,1230633.108
2024-12-11,000001.SZ,银行,11.73,-0.0050890585241729,-0.0168776371308015,0.4987,0.0103359173126615,-0.0217221805250924,0.2044947956074517,1.8264840182648403,-16.94065320893762,4.8901,0.5475,22763142.0463
2024-12-11,000007.SZ,其他商业,7.38,0.026425591098748,-0.0802631578947368,2.1643,-0.0250990752972259,0.006984929721461,0.0110678971216826,0.0504288977755813,-12.451676686931098,90.3514,19.8299,255678.6565
2024-12-11,000009.SZ,电气设备,9.92,0.0071065989847716,-0.0422110552763819,0.7074,-0.0516252390057362,-0.485727670013622,0.0181084296550887,0.396620790861857,-14.754963074059942,55.2229,2.5213,2558580.2533
2024-12-11,000011.SZ,房产服务,9.85,0.0061287027579162,-0.0608782435129739,2.4166,-0.0519730510105871,-0.0398253764682898,0.0402432300826193,0.7629510948348212,-13.28284722705112,24.8489,1.3107,587039.4056
2024-12-11,000012.SZ,玻璃,5.64,0.0071428571428571,-0.054006968641115,1.1034,0.0053475935828875,-0.0443899011834266,0.0563202595237558,0.8124796880077999,-14.364712508662896,17.7556,1.2308,1731870.3483
2024-12-11,000017.SZ,服饰,7.49,0.0504908835904629,-0.0926892950391644,14.7535,0.0475524475524475,0.3092729289742086,0.0039268043666064,0.0612519906896974,-13.15424862632045,254.66,16.326,516199.5148
2024-12-11,600601.SH,元器件,4.63,0.0334821428571427,-0.0486725663716813,6.558,0.1348039215686274,0.0192412113422466,0.0117189056417155,0.2102916745526044,-14.473468699029608,85.3322,4.7553,1930845.7919
2024-12-11,600602.SH,软件服务,15.7,0.043189368770764,-0.0770738079686479,5.4544,-0.1253481894150417,-0.1837074996461144,0.0090729446604813,0.2192790106131041,-14.579697265568782,110.2178,4.5604,2147247.3244
2024-12-11,600603.SH,区域地产,9.33,-0.0199579831932772,-0.0681114551083591,0.4627,-0.03014553014553,-0.1657889413131292,0.0327408333851729,0.602627455706882,-13.95362182646574,30.5429,1.6594,1148103.2909
2024-12-11,600605.SH,房产服务,39.02,-0.0171284634760705,-0.0851063829787235,1.7738,-0.0602119460500963,-0.0206773148647406,0.0138555009802766,0.172205958326158,-13.598490765605598,72.1735,5.807,804914.038
2024-12-11,600651.SH,电器仪表,5.15,0.0341365461847389,-0.051383399209486,2.5383,0.0362173038229376,-0.0413374323534641,0.0037694939378998,0.189221919467151,-14.07102017345104,265.2876,5.2848,1291119.4277
2024-12-11,600654.SH,仓储物流,4.18,-0.0233644859813085,-0.0776699029126214,6.0881,0.0745501285347043,-0.2882512740714082,0.0058271187112278,0.1359083434132021,-13.999397553818874,171.6114,7.3579,1201879.998
2024-12-12,000001.SZ,银行,11.85,0.0102301790281329,0.0025951557093424,0.5082,0.0268630849220103,0.0299109565931727,0.2024209546172219,1.807991321641656,-16.950831413850047,4.9402,0.5531,22996013.0646
2024-12-12,000007.SZ,其他商业,7.6,0.029810298102981,-0.0440771349862257,3.439,0.0201342281879193,0.1156787231964517,0.010747510876481,0.0489691983742226,-12.481051295349571,93.0448,20.421,263300.5134
2024-12-12,000009.SZ,电气设备,9.95,0.003024193548387,-0.0195674562306901,0.709,-0.016798418972332,-0.4687611791360448,0.0180538003249684,0.3954132068011072,-14.757982703935587,55.39,2.529,2566317.8952
2024-12-12,000011.SZ,房产服务,10.02,0.017258883248731,-0.0318275154004107,2.5758,0.0361944157187177,0.0653008281504639,0.0395605612852435,0.7500187504687618,-13.299958867584705,25.2777,1.3333,597171.0502
2024-12-12,000012.SZ,玻璃,5.74,0.0177304964539009,-0.0407801418439716,2.216,0.0493601462522852,0.1848127827930663,0.0553391181158137,0.7983394539358135,-14.382287653501908,18.0704,1.2526,1762577.2694
2024-12-12,000017.SZ,服饰,7.66,0.0226969292389853,-0.0777479892761394,11.8076,0.1297935103244838,0.4508507938411117,0.0038396559668253,0.0598927919024945,-13.17669181261843,260.44,16.6965,527915.6587
2024-12-12,600601.SH,元器件,4.52,-0.0237580993520518,0.043879907621247,4.3832,0.1443037974683543,-0.0902197111448953,0.0120040957974861,0.2154104646403722,-14.449423824753032,83.3049,4.6423,1884972.5657
2024-12-12,600602.SH,软件服务,15.31,-0.02484076433121,0.0147551978537894,4.2541,-0.0826842420611144,0.0155789616762922,0.0093040652252188,0.2248656427784399,-14.55454276285844,107.4799,4.4471,2093908.0596
2024-12-12,600603.SH,区域地产,9.69,0.0385852090032152,-0.0319829424307036,0.6025,0.0544069640914037,-0.0781746673131836,0.0315244598283808,0.580248346292213,-13.99148123747842,31.7214,1.7234,1192403.0963
2024-12-12,600605.SH,房产服务,37.6,-0.0363915940543311,-0.0502735087262308,3.0486,-0.0507447614238828,0.0438883201565589,0.0143787654391993,0.1787086512858087,-13.561420480702733,69.547,5.5957,775621.933
2024-12-12,600651.SH,电器仪表,5.06,-0.0174757281553399,-0.0506822612085769,1.7403,0.0140280561122243,0.0042087810477313,0.0038365403613637,0.1925854597977852,-14.053389942102015,260.6515,5.1925,1268556.1756
2024-12-12,600654.SH,仓储物流,4.12,-0.0143540669856457,-0.0526315789473684,6.7226,-0.0373831775700934,-0.3278671520095285,0.0059119824059403,0.1378872909283951,-13.984939470643644,169.148,7.2523,1184628.132
2024-12-13,000001.SZ,银行,11.56,-0.0244725738396623,0.0043215211754537,0.6925,0.0104895104895106,-0.0325990160440298,0.2074990143796816,1.853224610822832,-16.92605440951498,4.8193,0.5396,22433241.4369
2024-12-13,000007.SZ,其他商业,7.26,-0.0447368421052631,-0.0727513227513226,2.5453,0.0069348127600554,0.1563308117336463,0.0112508339680678,0.0512625977834052,-12.435282876870971,88.8823,19.5074,251521.2799
2024-12-13,000009.SZ,电气设备,9.71,-0.0241206030150752,-0.0124740124740123,1.2192,-0.013211382113821,-0.418789819052044,0.0185000527251502,0.4051863857374392,-14.73356643505259,54.0539,2.468,2504416.76
2024-12-13,000011.SZ,房产服务,9.74,-0.027944111776447,-0.0331262939958592,1.8129,0.0417112299465241,0.0868500330095467,0.0406977217415369,0.7716049382716049,-13.271616889541852,24.5714,1.296,580483.6356
2024-12-13,000012.SZ,玻璃,5.64,-0.0174216027874565,-0.0341726618705034,2.4055,0.0483271375464684,0.3226510211879554,0.0563202595237558,0.8124796880077999,-14.364712508662896,17.7556,1.2308,1731870.3483
2024-12-13,000017.SZ,服饰,7.46,-0.0261096605744125,-0.0369863013698629,8.1855,0.1268882175226586,0.2601998928267677,0.003942595805078,0.0614983456945008,-13.150235243004914,253.64,16.2606,514131.96
2024-12-13,600601.SH,元器件,4.33,-0.0420353982300883,0.0515222482435597,4.0876,0.1364829396325459,-0.1180719200147785,0.0125308415337248,0.2248605864364094,-14.406479372952084,79.8031,4.4472,1805736.9933
2024-12-13,600602.SH,软件服务,14.91,-0.0261267145656434,0.0196877121520704,2.5584,-0.0681249999999999,0.0893791370269683,0.0095536715715216,0.2308935580697298,-14.52806868196543,104.6718,4.331,2039201.1214
2024-12-13,600603.SH,区域地产,9.38,-0.0319917440660473,-0.0216919739696312,0.3456,0.044543429844098,-0.154047585527242,0.0325662886806093,0.5994125756758377,-13.958966574576891,30.7066,1.6683,1154256.0416
2024-12-13,600605.SH,房产服务,38.39,0.0210106382978723,0.0573082489146166,2.2567,0.0248264815803522,0.0547777286713755,0.014082880568723,0.1750301927082421,-13.582213439332014,71.0082,5.7133,791918.2449
2024-12-13,600651.SH,电器仪表,5.13,0.0138339920948618,-0.0160320641282565,2.173,0.0219123505976095,0.0742226078036589,0.0037841906354148,0.1899587789449689,-14.067129117981324,264.2573,5.2643,1286105.3717
2024-12-13,600654.SH,仓储物流,3.99,-0.0315533980582524,-0.0471464019851117,5.0011,-0.1528662420382165,-0.3986997396897791,0.0061046036036696,0.1423791556916067,-13.952877538183982,163.8108,7.0235,1147249.089
2024-12-16,000001.SZ,银行,11.57,0.0008650519031141,0.0173460537727667,0.4152,-0.0153191489361701,0.0632165945616947,0.2073226354853422,1.851508979818552,-16.92691908747642,4.8234,0.5401,22452647.3551
2024-12-16,000007.SZ,其他商业,7.56,0.0413223140495868,-0.0535211267605634,6.0932,0.0708215297450425,0.2737411859805889,0.0108043749074875,0.0492283456814433,-12.475774238538094,92.5551,20.3135,261914.7213
2024-12-16,000009.SZ,电气设备,9.62,-0.0092687950566427,-0.0221052631578948,0.6638,-0.0651117589893099,-0.3259221713662885,0.0186731250781937,0.4089812277616457,-14.72425441742087,53.5529,2.4451,2481203.8343
2024-12-16,000011.SZ,房产服务,9.66,-0.0082135523613963,-0.0387096774193549,1.3347,0.0342612419700214,0.0379075231146235,0.0410349001826053,0.7779679477205539,-13.263369420174254,24.3695,1.2854,575715.8029
2024-12-16,000012.SZ,玻璃,5.56,-0.0141843971631205,-0.0256880733944955,1.2613,0.0220588235294116,0.3620633847540611,0.0571304516733509,0.8241305422778968,-14.35042655144782,17.5038,1.2134,1707304.8115
2024-12-16,000017.SZ,服饰,7.3,-0.0214477211796246,-0.0756914119359535,6.076,0.1335403726708073,0.1734565955294236,0.0040290088638195,0.0628464410060458,-13.128554176998476,248.2,15.9118,503105.0011
2024-12-16,600601.SH,元器件,4.27,-0.0138568129330255,-0.0047169811320755,2.5791,0.1634877384196185,-0.1635592516193359,0.0127069162474443,0.228018971178402,-14.39252565813464,78.6973,4.3856,1780715.2335
2024-12-16,600602.SH,软件服务,14.73,-0.0120724346076458,0.0213219616204689,1.8835,-0.0047297297297297,0.127133790141779,0.0096704223363546,0.2337158482716713,-14.515922783658327,103.4081,4.2787,2014582.9992
2024-12-16,600603.SH,区域地产,9.22,-0.0170575692963752,-0.0235955056179776,0.5527,-0.0222693531283137,-0.1934260798553387,0.0331314523503452,0.6098304671301379,-13.941761849140793,30.1828,1.6398,1134567.2392
2024-12-16,600605.SH,房产服务,34.55,-0.1000260484501173,0.0777777777777779,3.7557,-0.0529057017543859,0.0580461248810528,0.015648080919356,0.194484421797814,-13.476823980579148,63.9056,5.1418,712705.7922
2024-12-16,600651.SH,电器仪表,4.99,-0.0272904483430798,-0.0627615062761506,1.5175,0.0895196506550217,0.1253542247538244,0.0038903603096104,0.195285800769426,-14.039459368570174,257.0456,5.1207,1251006.9795
2024-12-16,600654.SH,仓储物流,4.03,0.0100250626566416,-0.0399999999999999,3.9122,-0.2220077220077219,-0.4857582423094335,0.0060440088460113,0.1409661822128871,-13.9628526832408,165.4531,7.0939,1158750.333
2024-12-17,000001.SZ,银行,11.53,-0.003457216940363,0.0180257510729613,0.4133,-0.0128424657534247,-0.1066938768298395,0.2080386119663809,1.858045336306206,-16.923455880551447,4.8068,0.5382,22375023.6823
2024-12-17,000007.SZ,其他商业,7.1,-0.0608465608465608,-0.0257510729613734,4.4837,0.002824858757062,0.3179082943308582,0.011504382019111,0.0524177696239025,-12.412997832093858,86.9234,19.0775,245978.1112
2024-12-17,000009.SZ,电气设备,9.5,-0.0124740124740123,-0.0031479538300104,0.7233,-0.0246406570841889,-0.2831584011974981,0.0189089891443493,0.4141472707694856,-14.711701951382246,52.8849,2.4146,2450253.2668
2024-12-17,000011.SZ,房产服务,9.3,-0.0372670807453415,-0.0520722635494155,1.5486,-0.0032154340836012,-0.1047290351345293,0.0426232023664402,0.8080808080808081,-13.22539017213257,23.4614,1.2375,554260.5556
2024-12-17,000012.SZ,玻璃,5.45,-0.0197841726618703,-0.0055248618784529,1.0879,-0.0036563071297988,0.3112413927504223,0.0582835494681626,0.8408307407718826,-14.330444051846834,17.1575,1.1893,1673527.1983
2024-12-17,000017.SZ,服饰,6.87,-0.058904109589041,-0.1151079136690647,6.7715,0.0424886191198785,0.1419512151231319,0.0042811884579159,0.0667801929947577,-13.067843935119765,233.58,14.9745,473470.049
2024-12-17,600601.SH,元器件,4.24,-0.0070257611241216,-0.0069767441860465,3.7216,0.1276595744680853,-0.2415550796643633,0.0127968222930881,0.2296316708000367,-14.385475100172275,78.1444,4.3548,1768204.3537
2024-12-17,600602.SH,软件服务,14.07,-0.044806517311609,0.013446567586695,3.2598,-0.0682119205298013,0.0989934951189721,0.0101240397348311,0.2446782481037435,-14.470081424325327,98.7748,4.087,1924316.5512
2024-12-17,600603.SH,区域地产,8.9,-0.03470715835141,-0.0254706533776299,0.7651,-0.101010101010101,-0.2033982424897089,0.0343226258181655,0.6317518478741551,-13.906438088338906,29.1353,1.5829,1095189.6344
2024-12-17,600605.SH,房产服务,33.3,-0.0361794500723589,0.0218023255813952,3.397,-0.096826688364524,0.1321788902788523,0.0162354793931177,0.2017837685136607,-13.439973827388526,61.5935,4.9558,686920.4886
2024-12-17,600651.SH,电器仪表,4.78,-0.0420841683366733,-0.0520833333333333,1.4793,0.0505494505494505,0.1196544481212984,0.0040612748910461,0.2038652858191307,-13.996464005323157,246.2281,4.9052,1198359.3912
2024-12-17,600654.SH,仓储物流,3.75,-0.0694789081885857,-0.0684210526315789,4.8686,-0.2252066115702479,-0.4939080787896088,0.0064952948084407,0.1514921981517951,-13.890842147264529,153.9576,6.601,1078241.625
2024-12-18,000001.SZ,银行,11.65,0.0104076322636601,0.0284728213977567,0.5239,0.0008591065292096,-0.0865637466234949,0.205896886839071,1.8389113644722328,-16.93380972628325,4.8568,0.5438,22607894.7007
2024-12-18,000007.SZ,其他商业,6.99,-0.0154929577464787,-0.0446685878962537,3.0411,-0.0042735042735041,0.3696049747159364,0.0116854237193067,0.0532424661910339,-12.397383604636614,85.5767,18.782,242167.1828
2024-12-18,000009.SZ,电气设备,9.53,0.003157894736842,-0.0178571428571429,0.5198,-0.0235655737704918,-0.2757744856433353,0.0188494662773623,0.412847824291966,-14.714854870403148,53.0519,2.4222,2457990.9086
2024-12-18,000011.SZ,房产服务,9.41,0.0118279569892472,-0.0551431601272534,1.0379,-0.0208116545265347,-0.2176542997756965,0.0421249510297444,0.7986582541330565,-13.237148725548408,23.7389,1.2521,560816.3256
2024-12-18,000012.SZ,玻璃,5.43,-0.0036697247706423,-0.0110905730129391,0.7054,-0.009124087591241,0.25870204192066,0.0584983474216853,0.8438818565400843,-14.326767577125889,17.0945,1.185,1667385.8141
2024-12-18,000017.SZ,服饰,6.95,0.0116448326055313,-0.1380813953488372,4.7647,0.0514372163388805,-0.1014737576519274,0.0042319085907744,0.0660113935665295,-13.079421488327885,236.3,15.1489,478983.5284
2024-12-18,600601.SH,元器件,4.3,0.0141509433962263,-0.0353982300884954,2.6404,0.1405835543766578,-0.3843327846796563,0.0126182646857673,0.2264287655103704,-14.399526853615564,79.2502,4.4164,1793226.1134
2024-12-18,600602.SH,软件服务,14.13,0.0042643923240939,-0.0594844679444811,2.6363,-0.1085173501577286,-0.0442455850205908,0.0100810516553086,0.2436409706656271,-14.474336749879908,99.196,4.1044,1932522.5919
2024-12-18,600603.SH,区域地产,9.03,0.0146067415730335,-0.0088105726872246,0.3734,-0.1283783783783784,-0.169789954625166,0.0338285838001677,0.62266500622665,-13.920939179062872,29.5608,1.606,1111186.7864
2024-12-18,600605.SH,房产服务,34.4,0.033033033033033,-0.0655512890839276,2.0762,-0.1518737672583827,0.2122288807429742,0.0157163265915531,0.1953315753491551,-13.472472994794176,63.6281,5.1195,709611.5558
2024-12-18,600651.SH,电器仪表,4.8,0.0041841004184099,-0.1190965092402464,1.0481,0.0434782608695651,-0.0362633436873687,0.0040443536172496,0.2030168300952149,-14.000639376708603,247.2583,4.9257,1203373.4472
2024-12-18,600654.SH,仓储物流,3.8,0.0133333333333331,-0.1137566137566137,3.519,-0.205020920502092,-0.5035074403616304,0.0064098331969107,0.1494991777545223,-13.90408737401455,156.0103,6.689,1092618.18
2024-12-19,000001.SZ,银行,11.59,-0.0051502145922747,0.0206540447504304,0.3594,0.0,-0.1323662083649093,0.2069622087006912,1.8484288354898333,-16.928646203622673,4.8318,0.541,22491459.1915
2024-12-19,000007.SZ,其他商业,6.94,-0.0071530758226037,-0.0299572039942939,1.5744,-0.0156028368794325,0.2343627402369879,0.0117696075777441,0.0536262039082777,-12.390204822578188,84.9646,18.6476,240434.9425
2024-12-19,000009.SZ,电气设备,9.52,-0.0010493179433368,-0.0231578947368421,0.5925,-0.0185567010309277,-0.2789393315073806,0.0188692774198904,0.4132743728561391,-14.713805001566763,52.9962,2.4197,2455411.6947
2024-12-19,000011.SZ,房产服务,9.43,0.0021253985122209,-0.0449678800856531,0.9294,-0.0258264462809917,-0.3636993005323592,0.0420357051279356,0.7969397513547977,-13.239271868624847,23.7893,1.2548,562008.2838
2024-12-19,000012.SZ,玻璃,5.41,-0.0036832412523019,-0.0074487895716945,0.7749,-0.0109689213893966,0.016498744660732,0.0587143897226332,0.8470269354565475,-14.32307753604686,17.0316,1.1806,1661244.4299
2024-12-19,000017.SZ,服饰,6.88,-0.0100719424460432,-0.1564722617354197,3.6763,0.0222882615156017,-0.280490625616013,0.0042749658002735,0.0666831151684082,-13.069298480761072,233.92,14.9963,474159.2339
2024-12-19,600601.SH,元器件,4.52,0.0511627906976743,0.0690423162583517,5.8609,0.2021276595744681,-0.3566305664853284,0.0120040957974861,0.2154104646403722,-14.449423824753032,83.3049,4.6423,1884972.5657
2024-12-19,600602.SH,软件服务,15.13,0.0707714083510262,-0.0286284953395472,5.2289,-0.0393650793650792,-0.0117853934759768,0.0094147597070879,0.2275364627181506,-14.542716080984247,106.2162,4.3949,2069289.9374
2024-12-19,600603.SH,区域地产,9.08,0.0055370985603544,0.0099778270509978,0.2796,-0.1124144672531769,-0.2391525702085728,0.0336422816195394,0.6192333890643383,-13.926461004197725,29.7245,1.6149,1117339.5371
2024-12-19,600605.SH,房产服务,36.46,0.0598837209302325,-0.0796605529701616,2.7181,-0.085298544907175,0.191450632688412,0.0148283470544971,0.1842978252856616,-13.530632199563764,67.4384,5.426,752105.7361
2024-12-19,600651.SH,电器仪表,4.87,0.0145833333333333,-0.1283095723014256,1.2873,0.0726872246696035,-0.0770157843926975,0.0039862204332064,0.2001000500250125,-14.01511739588516,250.8642,4.9975,1220922.6433
2024-12-19,600654.SH,仓储物流,3.78,-0.0052631578947368,-0.1223958333333332,3.3897,-0.1330275229357799,-0.5423003221391143,0.0064437473741729,0.1502900598154438,-13.898810316913703,155.1892,6.6538,1086867.558
2024-12-20,000001.SZ,银行,11.62,0.0025884383088869,0.0085251491901108,0.3683,0.0301418439716312,-0.2161805712563116,0.2064281733170943,1.843657817109145,-16.931231297695042,4.8443,0.5424,22549676.9461
2024-12-20,000007.SZ,其他商业,7.01,0.0100864553314119,0.056547619047619,1.3214,0.035450516986706,0.1662144005988628,0.0116520782646792,0.0530906735613754,-12.400240749074529,85.8216,18.8357,242860.0788
2024-12-20,000009.SZ,电气设备,9.5,-0.0021008403361344,0.0139935414424112,0.5184,0.0160427807486631,-0.392873129636615,0.0189089891443493,0.4141472707694856,-14.711701951382246,52.8849,2.4146,2450253.2668
2024-12-20,000011.SZ,房产服务,9.34,-0.009544008483563,0.0100671140939596,1.1777,0.0097297297297296,-0.4190444296139604,0.0424406785415685,0.804634695848085,-13.22968202409164,23.5623,1.2428,556644.4719
2024-12-20,000012.SZ,玻璃,5.37,-0.0073937153419593,0.0112994350282487,0.6522,0.0075046904315196,-0.2580581077725355,0.0591519969714177,0.8533151292772422,-14.315656351726282,16.9056,1.1719,1648961.6615
2024-12-20,000017.SZ,服饰,7.03,0.0218023255813955,-0.0503937007874014,4.7521,0.0832049306625577,-0.3547974683073859,0.0041837503137812,0.0652600941050557,-13.090866534648894,239.02,15.3233,484497.0079
2024-12-20,600601.SH,元器件,4.49,-0.0066371681415927,0.1587677725118483,4.303,0.2472222222222222,-0.361053350623855,0.0120843000773395,0.2168491813943402,-14.442764532695548,82.752,4.6115,1872461.6859
2024-12-20,600602.SH,软件服务,15.02,-0.0072703238598811,-0.0083507306889352,3.5733,0.0033400133600534,0.0535870012405943,0.0094837069913887,0.229205345068647,-14.535419199522355,105.444,4.3629,2054245.5294
2024-12-20,600603.SH,区域地产,9.02,-0.0066079295154185,0.0356731875719218,0.3616,-0.1122047244094488,-0.1894423158790973,0.0338660462406995,0.6233636703652911,-13.91983114566441,29.5281,1.6042,1109956.2362
2024-12-20,600605.SH,房产服务,36.53,0.0019199122325836,-0.071050431875174,1.3557,-0.0842316370017548,0.13325864999212,0.0147999271843582,0.1839418743676998,-13.532550271116545,67.5679,5.4365,753549.7131
2024-12-20,600651.SH,电器仪表,4.91,0.0082135523613962,-0.0290178571428573,1.1065,0.1210045662100456,-0.1818730503618145,0.0039537474804744,0.198467828365022,-14.02329740062962,252.9246,5.0386,1230950.7554
2024-12-20,600654.SH,仓储物流,3.84,0.0158730158730158,-0.0555555555555555,3.3545,-0.04,-0.5549354628376721,0.0063430646516864,0.147942125040684,-13.914558673881844,157.6525,6.7594,1104119.424
2024-12-23,000001.SZ,银行,11.73,0.0094664371772805,0.0075885328836424,0.8551,0.0491949910554563,-0.0726259039137394,0.2044947956074517,1.8264840182648403,-16.94065320893762,4.8901,0.5475,22763142.0463
2024-12-23,000007.SZ,其他商业,6.72,-0.0413694721825963,0.0543318649045521,2.3086,-0.0481586402266288,-0.0942037493640168,0.0121549217709234,0.0553817184947248,-12.357991202881712,82.2712,18.0565,232813.0856
2024-12-23,000009.SZ,电气设备,9.29,-0.0221052631578948,-0.011578947368421,0.7044,-0.0095948827292112,-0.371268810130746,0.0193364503691328,0.4235134677282737,-14.689348705587353,51.7158,2.3612,2396089.7735
2024-12-23,000011.SZ,房产服务,8.94,-0.0428265524625267,-0.0033632286995515,1.4374,-0.0387096774193549,-0.4137908779511844,0.0443396059095826,0.8406186953597848,-13.185911360996524,22.5532,1.1896,532805.3082
2024-12-23,000012.SZ,玻璃,5.31,-0.0111731843575419,-0.0092592592592594,0.8495,-0.0093283582089553,-0.3274059873906185,0.0598204191018562,0.8629616845012081,-14.304420278424066,16.7167,1.1588,1630537.5088
2024-12-23,000017.SZ,服饰,6.35,-0.0967283072546231,-0.0487804878048782,8.7279,-0.0451127819548873,-0.3059389780243238,0.0046317739694302,0.0722485929586521,-12.989134641831685,215.9,13.8411,437632.4325
2024-12-23,600601.SH,元器件,4.22,-0.0601336302895324,0.1288056206088994,3.1891,0.1754874651810585,-0.3472367653206081,0.0128574698042321,0.2307230861520003,-14.38074695896159,77.7758,4.3342,1759863.7671
2024-12-23,600602.SH,软件服务,14.37,-0.0432756324900133,0.0949720670391061,3.3271,-0.0130494505494506,0.1521692580578149,0.0099126890349798,0.2395726024771807,-14.49117925326436,100.8808,4.1741,1965346.7548
2024-12-23,600603.SH,区域地产,8.69,-0.0365853658536585,0.0727272727272725,0.7575,-0.1177664974619289,-0.1097700040350169,0.0351521031503314,0.6470397929472662,-13.882559750851213,28.4478,1.5455,1069348.0812
2024-12-23,600605.SH,房产服务,35.89,-0.0175198467013413,0.0207681365576104,1.3727,-0.1116336633663366,-0.0628013311676467,0.0150638481202577,0.1872238448288774,-13.514875135543631,66.3841,5.3412,740347.6377
2024-12-23,600651.SH,电器仪表,4.48,-0.0875763747454174,-0.0725274725274724,1.7532,0.0228310502283106,-0.1630164214011172,0.0043332362688409,0.2175189785308768,-13.931646505203844,230.7744,4.5973,1123148.5507
2024-12-23,600654.SH,仓储物流,3.6,-0.0624999999999998,-0.0649717514124293,4.0565,-0.0839694656488549,-0.5289130959154326,0.0067659319090144,0.1578033769922676,-13.850020152744271,147.7993,6.337,1035111.96
2024-12-24,000001.SZ,银行,11.86,0.011082693947144,-0.0184563758389262,0.6961,0.0523513753327418,0.0066443989512625,0.2022530995287502,1.8063583815028903,-16.951674939838576,4.9443,0.5536,23015418.9828
2024-12-24,000007.SZ,其他商业,6.81,0.0133928571428572,0.0603318250377074,1.9511,-0.0606896551724138,-0.2576773204863833,0.0119942907176184,0.0546498855084898,-12.371295168523211,83.373,18.2983,235931.118
2024-12-24,000009.SZ,电气设备,9.5,0.0226049515608182,-0.0213903743315507,0.5988,0.032608695652174,-0.3858568520427653,0.0189089891443493,0.4141472707694856,-14.711701951382246,52.8849,2.4146,2450253.2668
2024-12-24,000011.SZ,房产服务,8.92,-0.0022371364653243,-0.0190796857463524,0.7745,-0.0377562028047464,-0.485761460668225,0.0444391117510343,0.8425309630128907,-13.183671718560827,22.5027,1.1869,531613.3501
2024-12-24,000012.SZ,玻璃,5.4,0.016949152542373,-0.0130841121495326,0.6629,-0.0055248618784529,-0.3825526094008734,0.0588231833930388,0.8486082824168365,-14.321227396762934,17.0001,1.1784,1658173.7378
2024-12-24,000017.SZ,服饰,6.15,-0.0314960629921259,-0.0219224283305227,6.3682,-0.0639269406392694,-0.319570420079133,0.0047824007651841,0.074597917226151,-12.957131910654478,209.1,13.4052,423848.7338
2024-12-24,600601.SH,元器件,4.27,0.0118483412322274,0.0068807339449539,2.2986,0.1417112299465239,-0.3881189642311178,0.0127069162474443,0.228018971178402,-14.39252565813464,78.6973,4.3856,1780715.2335
2024-12-24,600602.SH,软件服务,14.32,-0.0034794711203895,0.1117357695010541,2.233,-0.0069348127600554,0.0869799451669368,0.0099472992087918,0.2404077315126454,-14.487693714744156,100.5298,4.1596,1958508.3876
2024-12-24,600603.SH,区域地产,8.8,0.0126582278481013,0.0688888888888887,0.3746,-0.1020408163265306,-0.2350016927106533,0.0347127003356718,0.6389368091495752,-13.895138533094311,28.8079,1.5651,1082884.1329
2024-12-24,600605.SH,房产服务,35.15,-0.0206185567010309,0.018197828001174,1.1924,-0.1674561819043107,-0.2267952516989904,0.0153809712775742,0.1911643822522987,-13.494041048566856,65.0154,5.2311,725082.7379
2024-12-24,600651.SH,电器仪表,4.55,0.0156249999999997,-0.034965034965035,0.9569,0.0340909090909089,-0.2232666485698233,0.0042665701852928,0.214174037823135,-13.9471506917357,234.3803,4.6691,1140697.7468
2024-12-24,600654.SH,仓储物流,3.54,-0.0166666666666667,-0.035820895522388,3.907,-0.0327868852459016,-0.5333609407692489,0.0068806124295511,0.1604775812818949,-13.833213034427892,145.3359,6.2314,1017860.094
2024-12-25,000001.SZ,银行,11.92,0.0050590219224284,-0.036256323777403,0.7602,0.0465320456540825,0.062984758790147,0.2012315370064796,1.7972681524083394,-16.956721207906725,4.9694,0.5564,23131854.492
2024-12-25,000007.SZ,其他商业,6.63,-0.0264317180616739,0.0323529411764704,1.3769,-0.0582386363636363,-0.3664698424601973,0.012319913662045,0.0561337330055123,-12.344507852528876,81.1694,17.8146,229695.0532
2024-12-25,000009.SZ,电气设备,9.35,-0.0157894736842105,-0.0409482758620688,0.5744,-0.0168243953732912,-0.3449001512527674,0.0192123327806585,0.4207868714496107,-14.695786496066308,52.0499,2.3765,2411565.0573
2024-12-25,000011.SZ,房产服务,8.91,-0.0011210762331838,-0.0336322869955157,0.9889,-0.0490928495197438,-0.4887315091518109,0.0444889333778222,0.8434547908232118,-13.18255001343664,22.4775,1.1856,531017.371
2024-12-25,000012.SZ,玻璃,5.35,-0.0092592592592594,-0.0356472795497186,0.5736,-0.0165441176470589,-0.3941860414987134,0.0593729033943488,0.8565310492505354,-14.311925004061168,16.8427,1.1675,1642820.2772
2024-12-25,000017.SZ,服饰,5.93,-0.0357723577235773,0.0758853288364249,4.7975,-0.102874432677761,-0.3168602635281121,0.0049598254141454,0.0773658476202265,-12.920704041909742,201.62,12.9256,408686.6653
2024-12-25,600601.SH,元器件,4.36,0.0210772833723655,-0.1229166666666666,3.9944,0.1383812010443865,-0.3452086343403842,0.0124446214346159,0.2233139794551139,-14.413383888264969,80.356,4.478,1818247.8731
2024-12-25,600602.SH,软件服务,14.23,-0.0062849162011172,0.1233721727210419,1.9355,-0.0246744345442083,0.0522431784616128,0.0100102104146229,0.2419315817486814,-14.48138896531098,99.898,4.1334,1946199.3265
2024-12-25,600603.SH,区域地产,9.0,0.0227272727272727,0.0318331503841933,0.3851,-0.0692864529472595,-0.182834372899965,0.0339413357952115,0.6247266820765914,-13.9176113889279,29.4626,1.6007,1107495.1359
2024-12-25,600605.SH,房产服务,34.07,-0.0307254623044096,0.0309339678762641,0.9646,-0.195703493862134,-0.3196292791613816,0.0158685575639859,0.1972230987693278,-13.46283366202706,63.0177,5.0704,702804.2356
2024-12-25,600651.SH,电器仪表,4.29,-0.057142857142857,-0.0560747663551401,1.3267,-0.025,-0.1940063733984252,0.0045251510156022,0.2271539876882538,-13.88831019170214,220.9871,4.4023,1075515.0184
2024-12-25,600654.SH,仓储物流,3.35,-0.0536723163841807,-0.0445103857566765,3.5337,-0.0945945945945946,-0.5180524896728742,0.007270855357966,0.169580627109159,-13.778046653119183,137.5354,5.8969,963229.185
2024-12-26,000001.SZ,银行,11.86,-0.0050335570469799,-0.0380388841927302,0.5154,0.0458553791887124,0.1042622497559122,0.2022530995287502,1.8063583815028903,-16.951674939838576,4.9443,0.5536,23015418.9828
2024-12-26,000007.SZ,其他商业,6.8,0.0256410256410255,-0.0704225352112676,0.9077,-0.0395480225988701,-0.4106092139845152,0.0120119254395764,0.0547303435970971,-12.36982566030637,83.2506,18.2714,235584.6699
2024-12-26,000009.SZ,电气设备,9.28,-0.0074866310160428,-0.0743099787685773,0.5306,-0.0578680203045686,-0.2803103424956502,0.0193572614895025,0.4239623521431297,-14.688271699545098,51.6602,2.3587,2393510.5595
2024-12-26,000011.SZ,房产服务,8.92,0.0011223344556676,-0.0841638981173864,0.663,-0.1053159478435307,-0.4504024005036479,0.0444391117510343,0.8425309630128907,-13.183671718560827,22.5027,1.1869,531613.3501
2024-12-26,000012.SZ,玻璃,5.33,-0.0037383177570092,-0.0540037243947858,0.603,-0.0326678765880217,-0.3981527764643369,0.0595958211410216,0.859697386519945,-14.308179681339457,16.7797,1.1632,1636678.893
2024-12-26,000017.SZ,服饰,5.93,0.0,0.0381426202321724,4.0729,-0.1317715959004393,-0.271578509503929,0.0049598254141454,0.0773658476202265,-12.920704041909742,201.62,12.9256,408686.6653
2024-12-26,600601.SH,元器件,4.8,0.1009174311926603,-0.1860940695296523,6.4889,0.1401425178147268,-0.3295862160756786,0.0113038671659961,0.2028438710724355,-14.509527748855453,88.4653,4.9299,2001740.7778
2024-12-26,600602.SH,软件服务,14.59,0.0252986647926913,0.0350877192982457,2.2675,0.0117891816920943,-0.1325594290518181,0.0097632127999625,0.2359603586597451,-14.506372915703375,102.4253,4.238,1995435.5708
2024-12-26,600603.SH,区域地产,9.11,0.0122222222222221,0.0177777777777778,0.2532,-0.0797979797979798,-0.1673663861279803,0.0335315045250765,0.6172077521293667,-13.929759522898337,29.8227,1.6202,1121031.1876
2024-12-26,600605.SH,房产服务,33.62,-0.0132081009685941,0.0098980203959206,1.7057,-0.2126463700234193,-0.4156178654549484,0.0160809450449784,0.1998640924171563,-13.449537558341808,62.1854,5.0034,693521.5263
2024-12-26,600651.SH,电器仪表,4.28,-0.0023310023310022,-0.0965517241379309,0.6846,-0.0509977827050996,-0.2449782027115438,0.004535723357161,0.2276815190910953,-13.885976468369824,220.472,4.3921,1073007.9904
2024-12-26,600654.SH,仓储物流,3.37,0.0059701492537314,-0.1058823529411764,2.2345,-0.1336760925449871,-0.5125467252558522,0.0072277052397249,0.1685743665818175,-13.78399905164648,138.3565,5.9321,968979.807
2024-12-27,000001.SZ,银行,11.83,-0.0025295109612141,-0.0426778242677824,0.6648,0.039543057996485,0.1928428065080925,0.2027657244819335,1.810938065918145,-16.949142224259028,4.9318,0.5522,22957201.2282
2024-12-27,000007.SZ,其他商业,7.1,0.0441176470588235,-0.0766016713091921,3.5686,-0.0220385674931129,-0.2534497745673594,0.011504382019111,0.0524177696239025,-12.412997832093858,86.9234,19.0775,245978.1112
2024-12-27,000009.SZ,电气设备,9.42,0.0150862068965518,-0.0692225772097977,0.5952,-0.0446247464503042,-0.2245237833964847,0.0190695944850732,0.4176586058555737,-14.703245241331269,52.4395,2.3943,2429619.555
2024-12-27,000011.SZ,房产服务,9.03,0.0123318385650224,-0.0663667041619797,0.8041,-0.0652173913043479,-0.457243019179452,0.0438977708711951,0.8322237017310253,-13.19592813937468,22.7802,1.2016,538169.1201
2024-12-27,000012.SZ,玻璃,5.37,0.0075046904315196,-0.0429906542056074,0.5913,-0.0236363636363635,-0.3884259000316946,0.0591519969714177,0.8533151292772422,-14.315656351726282,16.9056,1.1719,1648961.6615
2024-12-27,000017.SZ,服饰,6.03,0.0168634064080945,0.0717948717948717,4.2698,-0.1336206896551723,-0.2557604415416001,0.0048775729197151,0.0760826561976931,-12.937426839565756,205.02,13.1436,415578.5146
2024-12-27,600601.SH,元器件,4.89,0.01875,-0.1618257261410789,12.1945,0.0561555075593951,-0.0648275655982848,0.0110958112203062,0.1991079961771264,-14.52810413438732,90.1241,5.0224,2039273.4173
2024-12-27,600602.SH,软件服务,14.25,-0.0233036326250856,-0.1530612244897959,2.5288,-0.0436241610738254,-0.1849588812654061,0.0099961614739939,0.2415925782759953,-14.48279345991872,100.0384,4.1392,1948934.6734
2024-12-27,600603.SH,区域地产,9.0,-0.0120746432491766,-0.0466101694915254,0.3623,-0.0835030549898167,-0.1324051379580378,0.0339413357952115,0.6247266820765914,-13.9176113889279,29.4626,1.6007,1107495.1359
2024-12-27,600605.SH,房产服务,33.34,-0.0083283759666863,-0.0334448160535117,1.3088,-0.2023923444976075,-0.4143748503878172,0.0162159970811205,0.2015438257048995,-13.441174307701456,61.6675,4.9617,687745.6183
2024-12-27,600651.SH,电器仪表,4.35,0.0163551401869157,-0.0829383886255923,0.8796,-0.0333333333333334,-0.2630069212347693,0.0044627357105433,0.2240193552722955,-13.902199303872424,224.0778,4.4639,1090557.1865
2024-12-27,600654.SH,仓储物流,3.4,0.0089020771513352,-0.0996978851963746,2.5037,-0.0933333333333333,-0.5117965804049869,0.0071639293292699,0.1670871693762636,-13.792861738904325,139.5882,5.9849,977605.74
2024-12-30,000001.SZ,银行,11.95,0.0101437024513946,-0.0162393162393161,0.6966,0.0491659350307285,0.1201438365371689,0.2007266304020554,1.7927572606669058,-16.9592348246473,4.9819,0.5578,23190072.2466
2024-12-30,000007.SZ,其他商业,7.18,0.0112676056338028,-0.0142247510668563,1.8915,-0.0164383561643836,-0.2542265979540036,0.011376188953948,0.051833614098743,-12.424202431301495,87.9029,19.2925,248749.6956
2024-12-30,000009.SZ,电气设备,9.39,-0.003184713375796,-0.0459016393442622,0.4013,-0.067527308838133,-0.2502759094600504,0.0191305179587737,0.4190061174893153,-14.700055445961064,52.2725,2.3866,2421881.9131
2024-12-30,000011.SZ,房产服务,8.89,-0.0155038759689921,-0.0240274599542335,0.8245,-0.1038306451612902,-0.4998365680524462,0.044589111339011,0.8453799983092399,-13.180302821449654,22.427,1.1829,529825.4128
2024-12-30,000012.SZ,玻璃,5.35,-0.0037243947858474,-0.0359848484848485,0.5624,-0.0497335701598579,-0.3997242485773734,0.0593729033943488,0.8565310492505354,-14.311925004061168,16.8427,1.1675,1642820.2772
2024-12-30,000017.SZ,服饰,5.85,-0.0298507462686568,0.1086206896551724,4.0227,-0.1908713692946059,-0.3512956938854276,0.0050276520864756,0.0784239914674697,-12.90712149005562,198.9,12.7512,403173.1858
2024-12-30,600601.SH,元器件,4.82,-0.0143149284253577,0.0113895216400912,6.5534,0.0126050420168069,0.1590826168670933,0.011256963839255,0.201999798000202,-14.51368575896722,88.8339,4.9505,2010081.3643
2024-12-30,600602.SH,软件服务,15.68,0.1003508771929824,-0.156763590391909,4.3531,0.0268500327439424,-0.133493605905144,0.0090845251473282,0.2195582488034075,-14.578422568094844,110.0773,4.5546,2144511.9774
2024-12-30,600603.SH,区域地产,9.44,0.0488888888888887,-0.051975051975052,0.7875,-0.064420218037661,-0.1312975106192823,0.0323593178655794,0.5956280898207159,-13.965342791711212,30.903,1.6789,1161639.3425
2024-12-30,600605.SH,房产服务,35.88,0.0761847630473904,0.031997693859902,2.7171,-0.1477434679334917,-0.3112122501991857,0.015068047301614,0.1872764387512407,-13.514596467613902,66.3656,5.3397,740141.3553
2024-12-30,600651.SH,电器仪表,4.22,-0.0298850574712643,-0.0434782608695651,0.9927,-0.0826086956521738,-0.3525800497552364,0.0046002117017425,0.230920217065004,-13.87185858681432,217.3813,4.3305,1057965.8223
2024-12-30,600654.SH,仓储物流,3.31,-0.026470588235294,-0.043343653250774,2.416,-0.1556122448979591,-0.53332496648598,0.0073587199359497,0.1716296232729769,-13.76603449667118,135.8932,5.8265,951727.941
2024-12-31,000001.SZ,银行,11.7,-0.0209205020920502,0.0061242344706911,0.7603,0.0182767624020887,0.1226290397197804,0.2050188617352796,1.8311664530305805,-16.938092388075685,4.8776,0.5461,22704924.2917
2024-12-31,000007.SZ,其他商业,7.03,-0.0208913649025068,-0.0128205128205127,1.6464,-0.0140252454417951,-0.2609157589875968,0.0116189360772612,0.0529397439833981,-12.403089753900389,86.0664,18.8894,243552.9749
2024-12-31,000009.SZ,电气设备,9.15,-0.0255591054313099,-0.0303370786516853,0.6788,-0.0868263473053891,-0.208049676702652,0.0196322872596271,0.4299965600275197,-14.674164032053367,50.9365,2.3256,2359980.778
2024-12-31,000011.SZ,房产服务,8.74,-0.0168728908886389,-0.019721577726218,0.6922,-0.126,-0.483624003613475,0.0453543535643986,0.8598452278589853,-13.163285961553276,22.0486,1.163,520885.7264
2024-12-31,000012.SZ,玻璃,5.28,-0.0130841121495326,-0.0155642023346304,0.8285,-0.0604982206405694,-0.3648514826599913,0.0601601463094758,0.8679048776254124,-14.298754540901282,16.6223,1.1522,1621325.4325
2024-12-31,000017.SZ,服饰,5.8,-0.0085470085470085,-0.0125391849529781,3.6933,-0.192200557103064,-0.4024178407623282,0.0050709939148073,0.0790995309397815,-12.898537746276562,197.2,12.6423,399727.2611
2024-12-31,600601.SH,元器件,4.39,-0.0892116182572615,0.0285035629453682,6.155,-0.0266075388026607,0.3736785561433491,0.012359579724851,0.2217885024840312,-14.420241058012529,80.9089,4.5088,1830758.753
2024-12-31,600602.SH,软件服务,15.82,0.0089285714285713,-0.2141549725442343,16.3696,0.033986928104575,0.4671429869234593,0.0090041256903913,0.2176136487280482,-14.58731151552612,111.0602,4.5953,2163659.4058
2024-12-31,600603.SH,区域地产,9.62,0.0190677966101695,-0.0319148936170213,0.7313,-0.0484668644906033,-0.0323770019587509,0.0317537937845124,0.5844535359438925,-13.984231076301397,31.4923,1.711,1183789.2453
2024-12-31,600605.SH,房产服务,34.69,-0.0331661092530659,0.0490478938257357,1.7641,-0.1290484559377354,-0.2357435314894567,0.0155849418292046,0.193700848409716,-13.480867891338717,64.1645,5.1626,715593.7462
2024-12-31,600651.SH,电器仪表,4.14,-0.0189573459715639,-0.0198019801980198,0.7206,-0.1320754716981131,-0.3540299470717601,0.0046891052858877,0.2353827323227568,-13.852719246622346,213.2603,4.2484,1037909.5982
2024-12-31,600654.SH,仓储物流,3.23,-0.0241691842900302,-0.0341614906832299,2.4951,-0.2505800464037122,-0.5333360472504775,0.0075409776726733,0.1758798388940675,-13.741568444516776,132.6088,5.6857,928725.453
2025-01-02,000001.SZ,银行,11.43,-0.0230769230769229,0.0017574692442881,0.9377,-0.0026178010471205,0.1418076705021835,0.209859184487209,1.8744142455482664,-16.9147450240763,4.7651,0.5335,22180964.5003
2025-01-02,000007.SZ,其他商业,7.02,-0.0014224751066856,0.0803030303030303,1.9691,-0.0098730606488012,-0.217315291018565,0.0116354835706971,0.0530149608219439,-12.401666266296264,85.944,18.8626,243206.5269
2025-01-02,000009.SZ,电气设备,8.9,-0.0273224043715847,-0.0160550458715597,0.9371,-0.1001011122345804,-0.1107841819737877,0.0201837528862766,0.4420671057866583,-14.64646142951522,49.5448,2.2621,2295500.4289
2025-01-02,000011.SZ,房产服务,8.62,-0.0137299771167048,0.0193470374848852,0.8039,-0.1310483870967742,-0.4722906253809581,0.0459856800592295,0.8718395815170008,-13.149460856569007,21.7459,1.147,513733.9773
2025-01-02,000012.SZ,玻璃,5.14,-0.0265151515151516,-0.0177165354330708,0.8366,-0.0705244122965642,-0.310385134726617,0.0617985860483512,0.8915039671926541,-14.271881522648986,16.1816,1.1217,1578335.743
2025-01-02,000017.SZ,服饰,6.38,0.1,-0.0111821086261979,7.996,-0.0793650793650793,-0.3182933741427194,0.0046099944680066,0.0719088196167259,-12.993847926285572,216.92,13.9065,439699.9873
2025-01-02,600601.SH,元器件,4.21,-0.0410022779043279,0.1959798994974873,4.3196,-0.0388127853881278,0.4266313385180356,0.0128880096402312,0.2312673450508788,-14.378374478600536,77.5915,4.324,1755693.4738
2025-01-02,600602.SH,软件服务,16.39,0.0360303413400757,-0.119322033898305,12.6284,0.1059379217273954,0.800437514896509,0.0086909892692355,0.2100443193513831,-14.622707945926898,115.0617,4.7609,2241616.7927
2025-01-02,600603.SH,区域地产,9.4,-0.0228690228690227,-0.0087336244541484,0.4344,-0.0466531440162271,-0.0272102402908487,0.0324969696575794,0.5981576743629621,-13.961096500833058,30.7721,1.6718,1156717.1419
2025-01-02,600605.SH,房产服务,34.66,-0.0008648025367541,0.0644490644490645,1.3035,-0.1099126861838726,-0.1851951310982811,0.0155984339172347,0.1938660773137916,-13.480002714626332,64.109,5.1582,714974.8989
2025-01-02,600651.SH,电器仪表,4.04,-0.0241545893719805,0.0101781170483461,1.0164,-0.1349036402569593,-0.3891099990396824,0.0048051719026222,0.2412079695113126,-13.82826815080731,208.1091,4.1458,1012839.3181
2025-01-02,600654.SH,仓储物流,3.22,-0.003095975232198,0.0361842105263157,2.8579,-0.2278177458033572,-0.4980349347168891,0.0075643995152732,0.1764259628446922,-13.738467666838526,132.1982,5.6681,925850.142
2025-01-03,000001.SZ,银行,11.38,-0.0043744531933507,-0.0122377622377621,0.595,-0.005244755244755,0.1452029896115698,0.2107836937734497,1.882530120481928,-16.91036097496731,4.7442,0.5312,22083934.9093
2025-01-03,000007.SZ,其他商业,6.6,-0.0598290598290598,0.0211161387631975,2.2905,-0.0794979079497908,-0.1177802658822021,0.0123759159724809,0.0563888575617457,-12.339972697066647,80.8021,17.734,228655.709
2025-01-03,000009.SZ,电气设备,8.72,-0.0202247191011235,-0.0389016018306636,0.5631,-0.1156186612576063,-0.0961360563580729,0.0206003773989139,0.4512024545413527,-14.626029390685126,48.5428,2.2163,2249074.5775
2025-01-03,000011.SZ,房产服务,8.27,-0.0406032482598607,-0.0168674698795181,0.914,-0.1586978636826043,-0.4179520160258834,0.0479317451948425,0.9087604507451836,-13.108010280969252,20.863,1.1004,492874.7091
2025-01-03,000012.SZ,玻璃,5.08,-0.0116731517509727,-0.041015625,0.8208,-0.0863309352517984,-0.271763216999395,0.0625285286411925,0.9020386072523904,-14.260139704799242,15.9927,1.1086,1559911.5904
2025-01-03,000017.SZ,服饰,6.26,-0.018808777429467,-0.0940988835725677,19.5554,-0.1120567375886525,0.0149975611634534,0.0046983649689907,0.0732874553862615,-12.974860014033611,212.84,13.6449,431429.7681
2025-01-03,600601.SH,元器件,3.98,-0.0546318289786222,0.297029702970297,3.9972,-0.1194690265486725,0.3659725034900047,0.0136328005180464,0.244636348068596,-14.322193650202308,73.3525,4.0877,1659776.7282
2025-01-03,600602.SH,软件服务,14.75,-0.1000610128126906,-0.0617469879518071,8.1049,-0.0153538050734313,0.93722968509139,0.0096573103424965,0.2333994631812346,-14.51727963596467,103.5485,4.2845,2017318.3461
2025-01-03,600603.SH,区域地产,9.16,-0.025531914893617,-0.01,0.3382,-0.0576131687242799,0.0086183141551297,0.0333484512979217,0.6138358602909582,-13.935232990263524,29.9864,1.6291,1127183.9383
2025-01-03,600605.SH,房产服务,33.67,-0.0285631852279283,0.0187427912341406,1.0026,-0.1874999999999999,-0.2212705176236348,0.0160570603697298,0.199568931108805,-13.451023663469526,62.2779,5.0108,694552.9384
2025-01-03,600651.SH,电器仪表,3.93,-0.0272277227722772,0.0025839793281652,1.0513,-0.1946721311475409,-0.3206667103949393,0.0049396693484131,0.2479605246844702,-13.800662884681,202.4427,4.0329,985262.0099
2025-01-03,600654.SH,仓储物流,3.04,-0.0559006211180124,0.0100671140939596,3.2727,-0.2779097387173397,-0.4191440936803501,0.0080053860237167,0.1872799460633755,-13.681805778652006,124.9159,5.3396,874848.2998
2025-01-06,000001.SZ,银行,11.44,0.0052724077328645,-0.0269331016507384,0.5594,-0.0188679245283019,0.141708219398424,0.2096787721211104,1.8726591760299625,-16.915619532221324,4.7692,0.534,22200370.4185
2025-01-06,000007.SZ,其他商业,6.63,0.0045454545454546,-0.0158730158730158,1.0989,-0.074022346368715,-0.295217422303908,0.012319913662045,0.0561337330055123,-12.344507852528876,81.1694,17.8146,229695.0532
2025-01-06,000009.SZ,电气设备,8.74,0.0022935779816513,-0.0343642611683849,0.4234,-0.1189516129032257,-0.1159607970097418,0.0205532524494338,0.4501665616278023,-14.628320342418354,48.6541,2.2214,2254233.0054
2025-01-06,000011.SZ,房产服务,8.3,0.003627569528416,-0.036342321219226,0.5547,-0.1582150101419877,-0.4289869049592382,0.0477586849168521,0.9054690329590728,-13.111631286784608,20.9386,1.1044,494662.6464
2025-01-06,000012.SZ,玻璃,5.12,0.0078740157480314,-0.031434184675835,0.6513,-0.0905861456483125,-0.2414850048950011,0.0620401275545022,0.8950147677436678,-14.267982882242238,16.1186,1.1173,1572194.3588
2025-01-06,000017.SZ,服饰,6.27,0.0015974440894568,-0.1524105754276826,11.2614,-0.1538461538461539,0.2238551378976792,0.0046908715639365,0.073170553242553,-12.976456183489912,213.18,13.6667,432118.953
2025-01-06,600601.SH,元器件,4.04,0.015075376884422,0.0878378378378377,3.7083,-0.0941704035874438,0.0255309885872438,0.0134303361747447,0.2409986986070275,-14.337156522866191,74.4583,4.1494,1684798.4879
2025-01-06,600602.SH,软件服务,13.28,-0.0996610169491526,-0.0727136431784108,8.1493,-0.1205298013245033,1.050403113303669,0.0107262991693553,0.2592352559948153,-14.412295697217498,93.2288,3.8575,1816270.3482
2025-01-06,600603.SH,区域地产,9.0,-0.0174672489082969,-0.0076754385964911,0.3184,-0.0516332982086407,0.0357068447213595,0.0339413357952115,0.6247266820765914,-13.9176113889279,29.4626,1.6007,1107495.1359
2025-01-06,600605.SH,房产服务,34.68,0.02999702999703,-0.0483240223463686,1.0286,-0.1663461538461539,-0.224455370387827,0.0155894365977613,0.1937571447947143,-13.480579582309934,64.146,5.1611,715387.4638
2025-01-06,600651.SH,电器仪表,3.87,-0.0152671755725191,-0.0202020202020202,0.792,-0.2244488977955911,-0.3086009109292611,0.0050162526586139,0.251806713166973,-13.785277965831296,199.352,3.9713,970219.8418
2025-01-06,600654.SH,仓储物流,2.98,-0.0197368421052631,-0.0194174757281553,2.3544,-0.3257918552036198,-0.3591402324749769,0.0081665719344322,0.1910511635015857,-13.661871563820233,122.4504,5.2342,857581.5571
2025-01-07,000001.SZ,银行,11.51,0.006118881118881,-0.0104347826086955,0.3854,-0.0137103684661525,0.0510119617613167,0.2084028009336445,1.8615040953090096,-16.921719769004092,4.7984,0.5372,22336211.8459
2025-01-07,000007.SZ,其他商业,6.93,0.0452488687782806,0.0144300144300144,0.9235,-0.0467675378266849,-0.3371457236017054,0.0117865873350761,0.0537036738683293,-12.388762861444336,84.8422,18.6207,240088.4945
2025-01-07,000009.SZ,电气设备,8.73,-0.0011441647597253,-0.0057937427578216,0.3977,-0.110091743119266,-0.0895475961064283,0.0205768091130572,0.4506737572671143,-14.627175522586873,48.5984,2.2189,2251653.7914
2025-01-07,000011.SZ,房产服务,8.53,0.0277108433734938,-0.0082840236686388,0.6827,-0.1039915966386555,-0.4192087066944258,0.0464707768519766,0.8810572687224669,-13.13896513345199,21.5189,1.135,508370.1655
2025-01-07,000012.SZ,玻璃,5.09,-0.005859375,-0.0059288537549405,0.5823,-0.0910714285714285,-0.2207778604124987,0.0624060009610524,0.9002520705797623,-14.262106273766747,16.0241,1.1108,1562982.2825
2025-01-07,000017.SZ,服饰,6.43,0.025518341307815,-0.0841269841269841,12.5165,-0.1044568245125348,0.4175136588969446,0.0045741469215991,0.0713495772537547,-13.001654367030907,218.62,14.0155,443145.9119
2025-01-07,600601.SH,元器件,4.44,0.0990099009900991,0.2263279445727481,7.1571,-0.0089285714285713,0.0161747660815194,0.0122203973095573,0.2192886276917679,-14.431566207350636,81.8304,4.5602,1851610.2194
2025-01-07,600602.SH,软件服务,13.34,0.0045180722891566,0.0326086956521738,5.981,-0.0949796472184532,1.0406735036709316,0.0106780565936999,0.2580711760303492,-14.416803593695157,93.65,3.8749,1824476.389
2025-01-07,600603.SH,区域地产,9.12,0.0133333333333331,-0.0131868131868131,0.1427,-0.0193548387096775,-0.1665252799457074,0.0334946659744435,0.6165228113440197,-13.930856615667228,29.8555,1.622,1122261.7377
2025-01-07,600605.SH,房产服务,35.8,0.0322952710495962,-0.0346534653465345,1.2225,-0.100502512562814,-0.3360519495524261,0.0151017252210892,0.187694733285784,-13.512364323738026,66.2176,5.3278,738491.0958
2025-01-07,600651.SH,电器仪表,3.96,0.0232558139534884,0.0151515151515151,0.6765,-0.1885245901639344,-0.3359152265396781,0.0049022467487074,0.2460811575657652,-13.808267484020856,203.9881,4.0637,992783.0939
2025-01-07,600654.SH,仓储物流,3.09,0.0369127516778522,0.0353697749196142,2.8316,-0.2929061784897026,-0.2855404407533233,0.0078758513795341,0.1842468908337171,-13.69811935414427,126.9704,5.4275,889237.2521
2025-01-08,000001.SZ,银行,11.5,-0.0008688097306689,0.0070175438596491,0.5475,-0.0245971162001695,0.0295243767548711,0.2085810232985003,1.862891207153502,-16.920850581639417,4.7943,0.5368,22316805.9277
2025-01-08,000007.SZ,其他商业,6.93,0.0,-0.0126227208976157,1.1147,-0.0361613351877608,-0.3527266522131966,0.0117865873350761,0.0537036738683293,-12.388762861444336,84.8422,18.6207,240088.4945
2025-01-08,000009.SZ,电气设备,8.63,-0.0114547537227949,0.0034965034965033,0.6985,-0.1238578680203044,-0.0531093464610751,0.0208152500848221,0.4558924093913837,-14.615654657852929,48.0417,2.1935,2225861.6518
2025-01-08,000011.SZ,房产服务,8.45,-0.0093786635404454,-0.0047449584816131,0.6054,-0.1368743615934626,-0.3691986766405803,0.0469109161701928,0.8893632159373888,-13.129542213190849,21.317,1.1244,503602.3327
2025-01-08,000012.SZ,玻璃,5.06,-0.005893909626719,0.0140280561122243,0.6882,-0.0964285714285714,-0.224315977677846,0.0627758212646816,0.9056330374932076,-14.256194926452988,15.9297,1.1042,1553770.2061
2025-01-08,000017.SZ,服饰,6.3,-0.0202177293934681,-0.0856219709208401,10.9098,-0.1164095371669003,0.5659742883633394,0.0046685340802987,0.0728220738270184,-12.981229462244777,214.2,13.7321,434186.5078
2025-01-08,600601.SH,元器件,4.33,-0.0247747747747748,0.0336134453781513,6.7571,-0.0334821428571429,0.0278383706301326,0.0125308415337248,0.2248605864364094,-14.406479372952084,79.8031,4.4472,1805736.9933
2025-01-08,600602.SH,软件服务,12.88,-0.0344827586206896,0.0223248652809853,6.4125,-0.1441860465116279,0.6007888353044522,0.0110594144924779,0.2672867719776548,-14.381712273844734,90.4207,3.7413,1761563.41
2025-01-08,600603.SH,区域地产,9.1,-0.0021929824561403,-0.0033039647577092,0.3076,-0.0441176470588234,-0.3100716204118172,0.0335683115139308,0.6178560395427866,-13.928661225105555,29.79,1.6185,1119800.6374
2025-01-08,600605.SH,房产服务,36.36,0.0156424581005587,-0.0253906250000001,1.4323,-0.0841309823677582,-0.3593552372268142,0.0148691367276598,0.1848018923713779,-13.527885699609069,67.2534,5.4112,750042.9118
2025-01-08,600651.SH,电器仪表,3.96,0.0,0.0025188916876572,0.8642,-0.2048192771084338,-0.2846332046332047,0.0049022467487074,0.2460811575657652,-13.808267484020856,203.9881,4.0637,992783.0939
2025-01-08,600654.SH,仓储物流,3.11,0.006472491909385,0.0095238095238097,3.0165,-0.2733644859813084,-0.2074088205774764,0.007825203729179,0.1830630102881411,-13.704570989515434,127.7922,5.4626,894992.8331
2025-01-09,000001.SZ,银行,11.4,-0.0086956521739129,0.0238938053097343,0.3873,-0.0281329923273657,-0.1497388675096207,0.2104111433741531,1.8793459875963163,-16.91211690166976,4.7526,0.5321,22122746.7457
2025-01-09,000007.SZ,其他商业,7.13,0.0288600288600289,0.0457902511078287,1.7354,-0.0338753387533875,-0.3672401227888077,0.0114559741186632,0.0521972429416278,-12.41721428274876,87.2907,19.1581,247017.4554
2025-01-09,000009.SZ,电气设备,8.58,-0.0057937427578216,0.0297619047619046,0.4362,-0.1350806451612902,-0.1930158984421929,0.0209365329938823,0.458547322083639,-14.609844066268773,47.7634,2.1808,2212965.582
2025-01-09,000011.SZ,房产服务,8.43,-0.0023668639053253,0.0257352941176469,0.3753,-0.1441624365482233,-0.3899774072919911,0.0470220909783416,0.8915039671926541,-13.127172544002534,21.2666,1.1217,502410.3746
2025-01-09,000012.SZ,玻璃,4.99,-0.0138339920948615,0.0346232179226069,0.4966,-0.1152482269503545,-0.2741369844595581,0.0636565601268038,0.9182736455463728,-14.24226435294864,15.7093,1.089,1532275.3614
2025-01-09,000017.SZ,服饰,6.19,-0.0174603174603174,0.0123239436619719,6.1155,-0.1735647530040053,0.605916166358256,0.0047514967214672,0.0741163478428437,-12.96361491545747,210.46,13.4923,426605.4735
2025-01-09,600601.SH,元器件,4.76,0.0993071593533487,0.0324427480916029,3.3357,0.0280777537796976,0.0214572160364778,0.011398856238765,0.2045491736213385,-14.501159499158907,87.7281,4.8888,1985059.6046
2025-01-09,600602.SH,软件服务,12.99,0.0085403726708073,0.0561797752808987,4.4459,-0.1726114649681528,0.2961248750378193,0.010965765975202,0.2650200090106803,-14.390216383848411,91.1929,3.7733,1776607.818
2025-01-09,600603.SH,区域地产,9.08,-0.0021978021978021,0.063973063973064,0.1179,-0.0267952840300107,-0.4297420616444735,0.0336422816195394,0.6192333890643383,-13.926461004197725,29.7245,1.6149,1117339.5371
2025-01-09,600605.SH,房产服务,35.84,-0.0143014301430142,-0.0141522785168411,1.0484,-0.0814966683751922,-0.3745081303362574,0.0150848674643544,0.1874835951854212,-13.51348101841649,66.2916,5.3338,739316.2255
2025-01-09,600651.SH,电器仪表,3.97,0.0025252525252525,0.0335051546391751,0.662,-0.229126213592233,-0.2879487168205837,0.0048898990333647,0.2454590083456063,-13.810789553539069,204.5032,4.074,995290.122
2025-01-09,600654.SH,仓储物流,3.15,0.0128617363344052,0.0697674418604652,2.7138,-0.2464114832535885,-0.1769852859075623,0.0077258318596309,0.1807403123192597,-13.71735071611714,129.4359,5.5328,906503.9949
2025-01-10,000001.SZ,银行,11.3,-0.0087719298245613,0.0223214285714286,0.4113,-0.0464135021097045,-0.2062504872365677,0.2122736632066059,1.896094046264695,-16.903306271986683,4.7109,0.5274,21928687.5637
2025-01-10,000007.SZ,其他商业,6.77,-0.0504908835904628,0.0410557184750732,1.1503,-0.1092105263157895,-0.4396391912040062,0.0120651566720919,0.0549728434153528,-12.36540413518455,82.8833,18.1908,234545.3258
2025-01-10,000009.SZ,电气设备,8.4,-0.0209790209790209,0.0272835112692764,0.4806,-0.1557788944723617,-0.2049016488402639,0.0213851595546754,0.468384074941452,-14.588641858604612,46.7614,2.135,2166539.7306
2025-01-10,000011.SZ,房产服务,8.16,-0.0320284697508895,0.0206812652068126,0.7862,-0.1856287425149699,-0.3590142948581183,0.0485778824901022,0.9209799226376864,-13.094619940934782,20.5855,1.0858,486318.9391
2025-01-10,000012.SZ,玻璃,4.91,-0.0160320641282565,0.0324543610547667,0.4663,-0.1445993031358885,-0.2833266047638274,0.0646935144751738,0.9332711152589828,-14.226102384962534,15.4575,1.0715,1507709.8245
2025-01-10,000017.SZ,服饰,5.68,-0.0823909531502424,0.0348623853211007,9.3364,-0.2584856396866841,0.3563211861277588,0.0051781275890637,0.0807708772524978,-12.877631061444916,193.12,12.3807,391457.0419
2025-01-10,600601.SH,元器件,5.24,0.1008403361344538,0.1594202898550722,17.9506,0.1592920353982303,0.3984388829036382,0.0103546788133952,0.1858114385521572,-14.597233329260067,96.5747,5.3818,2185233.6824
2025-01-10,600602.SH,软件服务,12.46,-0.0408006158583524,0.0638641875505254,3.5756,-0.186152841280209,0.1262148554395954,0.0114322036029732,0.2762965214267952,-14.348560066532936,87.4722,3.6193,1704121.1249
2025-01-10,600603.SH,区域地产,8.91,-0.0187224669603524,0.0386740331491712,0.3406,-0.0804953560371516,-0.4106587588392781,0.0342841470104223,0.6310342651605982,-13.907561053037004,29.168,1.5847,1096420.1845
2025-01-10,600605.SH,房产服务,35.33,-0.0142299107142858,0.0111535074845905,0.7108,-0.0603723404255319,-0.3659137577002054,0.0153026169005161,0.19018999980981,-13.49914889178851,65.3483,5.2579,728795.8217
2025-01-10,600651.SH,电器仪表,3.88,-0.0226700251889169,0.0257731958762887,0.8566,-0.2332015810276679,-0.2947951476310367,0.0050033247092693,0.2511553144464537,-13.787858612409378,199.8671,3.9816,972726.8698
2025-01-10,600654.SH,仓储物流,3.01,-0.0444444444444445,0.0495049504950495,2.2792,-0.2694174757281554,-0.1818989207612795,0.0080851724405578,0.189146758970285,-13.67188834208656,123.6832,5.2869,866214.9285
2025-01-13,000001.SZ,银行,11.2,-0.008849557522124,0.0035149384885764,0.4818,-0.0311418685121108,-0.2188812422798657,0.2141694508695279,1.912777352716144,-16.8944173245731,4.6692,0.5228,21734628.3818
2025-01-13,000007.SZ,其他商业,6.82,0.0073855243722305,0.0227596017069702,0.8789,-0.0606060606060605,-0.4383377010543026,0.0119766933547316,0.0545696636325933,-12.372762520030715,83.4955,18.3252,236277.566
2025-01-13,000009.SZ,电气设备,8.43,0.0035714285714285,0.0163170163170163,0.3834,-0.1318228630278064,-0.1607260119250874,0.0213090580543977,0.4667226733874732,-14.592206924771409,46.9284,2.1426,2174277.3725
2025-01-13,000011.SZ,房产服务,8.22,0.0073529411764705,0.0214797136038185,0.57,-0.1560574948665297,-0.310006798018863,0.0482234481694379,0.91424392027793,-13.10194598092029,20.7368,1.0938,489894.8136
2025-01-13,000012.SZ,玻璃,4.93,0.0040733197556006,-0.0198807157057655,0.5478,-0.125886524822695,-0.218917628556183,0.0644313290894564,0.9294544102611766,-14.23016743126761,15.5204,1.0759,1513851.2088
2025-01-13,000017.SZ,服饰,5.45,-0.0404929577464787,-0.0017331022530329,5.4527,-0.2694369973190348,0.2217703873454388,0.0053966540744738,0.084179335656683,-12.836295437539343,185.3,11.8794,375605.7885
2025-01-13,600601.SH,元器件,4.83,-0.0782442748091603,0.0263653483992467,15.1965,0.1154734411085449,0.6469473288616923,0.0112336578362626,0.2015844538069224,-14.51575829857568,89.0182,4.9607,2014251.6576
2025-01-13,600602.SH,软件服务,12.37,-0.0072231139646871,0.0090225563909773,2.7316,-0.1703554661301141,-0.088946092323194,0.0115153776352941,0.2783034620950684,-14.341310739574942,86.8404,3.5932,1691812.0638
2025-01-13,600603.SH,区域地产,9.05,0.0157126823793491,0.064587973273942,0.2601,-0.035181236673774,-0.4328343724981197,0.0337537930824976,0.621272365805169,-13.923151569343924,29.6263,1.6096,1113647.8867
2025-01-13,600605.SH,房产服务,34.07,-0.0356637418624398,-0.0233618233618233,0.7252,-0.1125293045063818,-0.373306505700872,0.0158685575639859,0.1972230987693278,-13.46283366202706,63.0177,5.0704,702804.2356
2025-01-13,600651.SH,电器仪表,3.88,0.0,0.0074626865671643,0.6597,-0.2436647173489279,-0.2683346695062391,0.0050033247092693,0.2511553144464537,-13.787858612409378,199.8671,3.9816,972726.8698
2025-01-13,600654.SH,仓储物流,3.03,0.0066445182724252,-0.0093167701863354,1.9903,-0.2406015037593986,-0.1655310217227661,0.0080318059515682,0.1878957554348847,-13.678510882823812,124.505,5.3221,871970.5094
2025-01-14,000001.SZ,银行,11.38,0.0160714285714287,-0.0130662020905923,0.4249,-0.0164217804667242,-0.2056207410280597,0.2107836937734497,1.882530120481928,-16.91036097496731,4.7442,0.5312,22083934.9093
2025-01-14,000007.SZ,其他商业,7.03,0.0307917888563049,0.0127840909090908,1.113,-0.07010582010582,-0.340521712334609,0.0116189360772612,0.0529397439833981,-12.403089753900389,86.0664,18.8894,243552.9749
2025-01-14,000009.SZ,电气设备,8.58,0.0177935943060498,0.0034843205574914,0.7346,-0.108108108108108,-0.0486334090375129,0.0209365329938823,0.458547322083639,-14.609844066268773,47.7634,2.1808,2212965.582
2025-01-14,000011.SZ,房产服务,8.38,0.0194647201946471,0.0131108462455302,0.7836,-0.1325051759834368,-0.2637725610475404,0.0473025708947281,0.896780557797507,-13.121223686403193,21.1405,1.1151,499430.4791
2025-01-14,000012.SZ,玻璃,5.03,0.0202839756592292,-0.0296442687747034,0.812,-0.0953237410071941,-0.1268641026570487,0.0631500508357909,0.910995718320124,-14.250248427278695,15.8353,1.0977,1544558.1298
2025-01-14,000017.SZ,服饰,5.77,0.058715596330275,-0.0070671378091873,5.8048,-0.2095890410958905,0.0387352673585272,0.0050973595677439,0.0795108492553808,-12.89335190924116,196.18,12.5769,397659.7063
2025-01-14,600601.SH,元器件,5.31,0.0993788819875776,0.1443089430894308,18.7832,0.243559718969555,0.7899225930358984,0.0102181785483646,0.1833617544052661,-14.610503666176829,97.8648,5.4537,2214425.7354
2025-01-14,600602.SH,软件服务,13.3,0.0751818916734035,0.0128012048192771,4.4491,-0.097080787508486,-0.1701909566258954,0.0107101699489767,0.2588460642455931,-14.41380058844643,93.3692,3.8633,1819005.6952
2025-01-14,600603.SH,区域地产,8.98,-0.0077348066298342,0.0596685082872927,0.3005,-0.0260303687635574,-0.3359527503879073,0.0340168451417141,0.6261348694508797,-13.9153866939076,29.3972,1.5971,1105034.0356
2025-01-14,600605.SH,房产服务,35.1,0.0302318755503376,-0.0097337532207271,1.0638,0.0159189580318379,-0.338361546457833,0.0154028855765839,0.191438854429895,-13.492617560844083,64.9229,5.2236,724051.3258
2025-01-14,600651.SH,电器仪表,4.02,0.0360824742268039,0.015075376884422,0.7554,-0.1943887775551103,-0.2237143324339791,0.0048290795581199,0.2424066128523986,-13.82330536139592,207.0788,4.1253,1007825.262
2025-01-14,600654.SH,仓储物流,3.22,0.0627062706270629,-0.0188679245283018,3.2341,-0.2009925558312655,-0.1297609027302856,0.0075578820396002,0.1768096467343258,-13.739329622814331,132.3122,5.6558,926648.5281
2025-01-15,000001.SZ,银行,11.48,0.0087873462214411,-0.0414866032843561,0.5316,-0.0043365134431916,-0.2193683475833187,0.2089471154850707,1.8663680477790217,-16.91910993716145,4.7859,0.5358,22277994.0913
2025-01-15,000007.SZ,其他商业,7.04,0.0014224751066855,-0.0155367231638418,1.2941,-0.0084507042253521,-0.2554371593764044,0.0116024221216421,0.0528644608089319,-12.404511218477555,86.1889,18.9163,243899.423
2025-01-15,000009.SZ,电气设备,8.61,0.0034965034965033,-0.0104046242774565,0.9275,-0.0936842105263158,0.0130725101100346,0.0208635855323552,0.4569548528605373,-14.613334471210743,47.9304,2.1884,2220703.2239
2025-01-15,000011.SZ,房产服务,8.39,0.0011933174224343,-0.0047789725209078,0.668,-0.0978494623655914,-0.2078589470802693,0.0472462521910449,0.8957362952346829,-13.122416292404305,21.1657,1.1164,500026.4582
2025-01-15,000012.SZ,玻璃,5.06,0.0059642147117295,-0.0354330708661416,0.6865,-0.071559633027523,-0.1012014545888997,0.0627758212646816,0.9056330374932076,-14.256194926452988,15.9297,1.1042,1553770.2061
2025-01-15,000017.SZ,服饰,5.66,-0.0190641247833621,-0.0417391304347826,4.2593,-0.1761280931586608,-0.1298067061365674,0.0051964248596965,0.0810563260409658,-12.874103721095748,192.44,12.3371,390078.6721
2025-01-15,600601.SH,元器件,4.92,-0.0734463276836158,0.0961182994454712,13.0202,0.1603773584905659,0.8467746242994598,0.0110281548794071,0.1978944035462677,-14.534220361423891,90.677,5.0532,2051784.2972
2025-01-15,600602.SH,软件服务,13.28,-0.0015037593984963,0.0189969604863222,4.9765,-0.0561478322672353,-0.2378774387935178,0.0107262991693553,0.2592352559948153,-14.412295697217498,93.2288,3.8575,1816270.3482
2025-01-15,600603.SH,区域地产,9.05,0.0077951002227172,0.0263713080168777,0.341,0.0168539325842695,-0.2810835811034028,0.0337537930824976,0.621272365805169,-13.923151569343924,29.6263,1.6096,1113647.8867
2025-01-15,600605.SH,房产服务,34.93,-0.0048433048433048,-0.0200976169968416,0.8536,0.0489489489489489,-0.3612873503175933,0.0154778635595371,0.1923705826904949,-13.48776248918136,64.6084,5.1983,720544.5245
2025-01-15,600651.SH,电器仪表,3.98,-0.0099502487562188,-0.0174563591022443,0.7845,-0.1673640167364016,-0.2120287367283363,0.0048776133642704,0.244845991871113,-13.81330527812117,205.0183,4.0842,997797.15
2025-01-15,600654.SH,仓储物流,3.18,-0.0124223602484472,-0.0496894409937889,2.1537,-0.1519999999999999,-0.1484928734777739,0.007652947992096,0.1790350013427625,-13.726829460093535,130.6686,5.5855,915137.3663
2025-01-16,000001.SZ,银行,11.57,0.0078397212543552,-0.0113537117903929,0.4499,-0.0068669527896996,-0.1923076923076923,0.2073226354853422,1.851508979818552,-16.92691908747642,4.8234,0.5401,22452647.3551
2025-01-16,000007.SZ,其他商业,7.08,0.0056818181818181,-0.0197183098591549,1.2125,0.0128755364806867,-0.2787423190487592,0.0115368729997946,0.0525657334496788,-12.410176956110522,86.6786,19.0238,245285.2152
2025-01-16,000009.SZ,电气设备,8.65,0.0046457607433219,-0.0150115473441109,0.6081,-0.092339979013641,0.0638290650509987,0.0207670949533882,0.4548348949331393,-14.617969473687928,48.1531,2.1986,2231020.0797
2025-01-16,000011.SZ,房产服务,8.37,-0.0023837902264601,-0.0357568533969011,0.6467,-0.1105207226354942,-0.1188736274247236,0.0473592483140107,0.8979078746520608,-13.120029656394555,21.1152,1.1137,498834.5
2025-01-16,000012.SZ,玻璃,5.08,0.0039525691699606,-0.0294695481335951,0.6413,-0.0644567219152854,-0.0534513805522212,0.0625285286411925,0.9020386072523904,-14.260139704799242,15.9927,1.1086,1559911.5904
2025-01-16,000017.SZ,服饰,5.75,0.0159010600706712,-0.0248226950354609,4.6784,-0.1726618705035971,-0.1696845858031629,0.0051150895140664,0.079787446243208,-12.889879683696602,195.5,12.5333,396281.3365
2025-01-16,600601.SH,元器件,5.41,0.0995934959349593,-0.0249999999999999,19.2865,0.258139534883721,1.0476961989622595,0.0100293056310539,0.1799726441580879,-14.62916092379464,99.7078,5.5564,2256128.6683
2025-01-16,600602.SH,软件服务,13.16,-0.0090361445783131,0.0205167173252278,4.2431,-0.0686482661004954,-0.2568123242682163,0.0108241156968078,0.2616020509600795,-14.403218479099516,92.3863,3.8226,1799858.2668
2025-01-16,600603.SH,区域地产,9.48,0.047513812154696,0.0265957446808511,0.6429,0.0498338870431895,-0.0378461145846623,0.0322227234645872,0.5930846331771544,-13.969571127817463,31.034,1.6861,1166561.5431
2025-01-16,600605.SH,房产服务,34.83,-0.0028628685943316,0.0084179970972424,0.7496,0.0124999999999999,-0.3745450665203256,0.0155222861223,0.1929198418057297,-13.48489551472662,64.4235,5.1835,718481.7002
2025-01-16,600651.SH,电器仪表,4.01,0.0075376884422109,-0.0100502512562814,0.8197,-0.1645833333333333,-0.1685472799038957,0.0048411216491571,0.2430133657351154,-13.820814700098314,206.5637,4.115,1005318.234
2025-01-16,600654.SH,仓储物流,3.22,0.0125786163522012,-0.0408805031446541,2.5319,-0.1526315789473683,-0.1465161710440634,0.0075578820396002,0.1768096467343258,-13.739329622814331,132.3122,5.6558,926648.5281
2025-01-17,000001.SZ,银行,11.45,-0.0103716508210891,-0.0070052539404553,0.3554,-0.0120793787748059,-0.2116654954321857,0.209494280806134,1.87125748502994,-16.91649327627001,4.7734,0.5344,22219776.3367
2025-01-17,000007.SZ,其他商业,7.1,0.002824858757062,-0.0403337969401946,1.4668,0.0230547550432276,-0.2357054314715934,0.011504382019111,0.0524177696239025,-12.412997832093858,86.9234,19.0775,245978.1112
2025-01-17,000009.SZ,电气设备,8.66,0.0011560693641619,-0.0206422018348625,0.3465,-0.0903361344537814,0.0400221864004299,0.0207431438723715,0.4543182953977557,-14.619124875334164,48.2087,2.2011,2233599.2937
2025-01-17,000011.SZ,房产服务,8.39,0.002389486260454,-0.0537383177570094,0.5873,-0.1102863202545068,-0.1510876721794511,0.0472462521910449,0.8957362952346829,-13.122416292404305,21.1657,1.1164,500026.4582
2025-01-17,000012.SZ,玻璃,5.09,0.0019685039370078,0.0040567951318459,0.4312,-0.0591497227356747,-0.0392088907372751,0.0624060009610524,0.9002520705797623,-14.262106273766747,16.0241,1.1108,1562982.2825
2025-01-17,000017.SZ,服饰,5.64,-0.0191304347826087,-0.0381944444444444,3.6399,-0.1802325581395348,-0.329676827403405,0.005214851898206,0.0813437995688778,-12.870563894303352,191.76,12.2935,388700.3022
2025-01-17,600601.SH,元器件,5.6,0.0351201478743068,-0.0238532110091742,20.915,0.238938053097345,0.94208254943239,0.0096890211763246,0.1738646637457403,-14.663678428654164,103.2096,5.7516,2335364.2407
2025-01-17,600602.SH,软件服务,13.16,0.0,0.0394932935916541,2.7152,-0.1302048909451421,-0.2717974114532243,0.0108241156968078,0.2616020509600795,-14.403218479099516,92.3863,3.8226,1799858.2668
2025-01-17,600603.SH,区域地产,9.4,-0.0084388185654008,0.0177824267782427,0.3471,0.0352422907488987,-0.0427731039281423,0.0324969696575794,0.5981576743629621,-13.961096500833058,30.7721,1.6718,1156717.1419
2025-01-17,600605.SH,房产服务,34.45,-0.0109101349411425,-0.0026254375729288,0.6831,-0.055128908392759,-0.3265386220259366,0.0156935119882738,0.1950496401334139,-13.473925427811086,63.7206,5.1269,710642.9679
2025-01-17,600651.SH,电器仪表,3.98,-0.0074812967581047,-0.0123456790123456,0.6182,-0.1827515400410677,-0.1906459813208879,0.0048776133642704,0.244845991871113,-13.81330527812117,205.0183,4.0842,997797.15
2025-01-17,600654.SH,仓储物流,3.18,-0.0124223602484472,-0.0282131661442005,1.6315,-0.1587301587301586,-0.166206116824337,0.007652947992096,0.1790350013427625,-13.726829460093535,130.6686,5.5855,915137.3663
2025-01-20,000001.SZ,银行,11.42,-0.0026200873362445,0.0123565754633716,0.4288,-0.0172117039586918,-0.2343571147712876,0.2100443193513831,1.8761726078799248,-16.913869750497355,4.7609,0.533,22161558.5821
2025-01-20,000007.SZ,其他商业,7.19,0.0126760563380283,-0.0252454417952313,1.8815,0.0256776034236805,-0.122983008181246,0.0113603702571874,0.0517614418667246,-12.425594219797636,88.0253,19.3194,249096.1436
2025-01-20,000009.SZ,电气设备,8.72,0.0069284064665127,-0.0381944444444444,0.4216,-0.0821052631578946,0.0621755318219161,0.0206003773989139,0.4512024545413527,-14.626029390685126,48.5428,2.2163,2249074.5775
2025-01-20,000011.SZ,房产服务,8.56,0.0202622169249107,-0.0470588235294118,0.9271,-0.0835117773019271,-0.0423274462374497,0.0463080877075181,0.8779631255487269,-13.14247596214893,21.5945,1.139,510158.1028
2025-01-20,000012.SZ,玻璃,4.93,-0.031434184675835,0.0142566191446029,1.2397,-0.0819366852886406,0.123122946108843,0.0644313290894564,0.9294544102611766,-14.23016743126761,15.5204,1.0759,1513851.2088
2025-01-20,000017.SZ,服饰,5.76,0.0212765957446807,-0.0088967971530248,3.8608,-0.1806543385490754,-0.3705016018203019,0.0051062091503267,0.079648907615232,-12.891617303511904,195.84,12.5551,396970.5214
2025-01-20,600601.SH,元器件,5.45,-0.0267857142857141,-0.0959147424511545,14.8409,0.2138084632516703,0.8269691356661188,0.0099556971476927,0.1786511835640911,-14.636527439590177,100.445,5.5975,2272809.8414
2025-01-20,600602.SH,软件服务,13.42,0.0197568389057749,0.0111524163568772,3.9087,-0.1065246338215711,-0.2294173713929848,0.0106144041710362,0.2565286542506798,-14.422782684729322,94.2116,3.8982,1835417.7766
2025-01-20,600603.SH,区域地产,9.56,0.0170212765957447,-0.0166840458811261,0.3481,0.0598669623059868,0.0034723102268405,0.0319530673346988,0.5881315062047874,-13.977974538692392,31.2959,1.7003,1176405.9444
2025-01-20,600605.SH,房产服务,34.28,-0.0049346879535558,0.0367158138190226,0.9536,-0.0615932110594031,-0.2767802377851531,0.0157713283559021,0.1960169358632585,-13.468978524071062,63.4062,5.1016,707136.1666
2025-01-20,600651.SH,电器仪表,4.05,0.0175879396984923,-0.0247524752475247,0.7533,-0.175152749490835,-0.1531822901594974,0.0047933077754162,0.2406159769008662,-13.830740339937828,208.6242,4.156,1015346.3461
2025-01-20,600654.SH,仓储物流,3.19,0.0031446540880502,-0.0256410256410256,1.7652,-0.1692708333333333,-0.1583081222700928,0.0076289579987717,0.1784726312220021,-13.72996918003278,131.0795,5.6031,918015.1567
2025-01-21,000001.SZ,银行,11.33,-0.0078809106830122,0.0252479711451758,0.4648,-0.0341005967604433,-0.1928859618968357,0.2117119024431553,1.8910741301059,-16.90595762130858,4.7234,0.5288,21986905.3183
2025-01-21,000007.SZ,其他商业,7.13,-0.0083449235048679,0.0043041606886657,1.1269,0.0610119047619048,-0.0872956994342823,0.0114559741186632,0.0521972429416278,-12.41721428274876,87.2907,19.1581,247017.4554
2025-01-21,000009.SZ,电气设备,8.64,-0.0091743119266055,-0.022196261682243,0.3365,-0.0699677072120558,-0.0463341731458655,0.0207911446356767,0.4553734061930783,-14.616812735589258,48.0974,2.196,2228440.8658
2025-01-21,000011.SZ,房产服务,8.5,-0.0070093457943926,-0.0216086434573828,1.2219,-0.0492170022371364,0.0894177759849401,0.0466348306222951,0.8841732979664014,-13.135441935397465,21.4432,1.131,506582.2282
2025-01-21,000012.SZ,玻璃,4.91,-0.0040567951318457,0.0061224489795916,0.6544,-0.0753295668549904,0.0923770436654776,0.0646935144751738,0.9332711152589828,-14.226102384962534,15.4575,1.0715,1507709.8245
2025-01-21,000017.SZ,服饰,5.62,-0.0243055555555554,0.0235934664246824,4.1378,-0.1149606299212597,-0.3981327847861522,0.0052334100900146,0.081633319455669,-12.867011492611091,191.08,12.2499,387321.9323
2025-01-21,600601.SH,元器件,5.63,0.0330275229357797,-0.1416526138279932,13.4121,0.3341232227488151,0.6265272143610054,0.0096373930851704,0.1729385722191477,-14.669021273081317,103.7625,5.7824,2347875.1206
2025-01-21,600602.SH,软件服务,13.45,0.0022354694485842,0.11558538404176,2.6894,-0.0640222686151704,-0.2919530041920291,0.0105907297224593,0.2559574086871944,-14.425015659252672,94.4222,3.9069,1839520.797
2025-01-21,600603.SH,区域地产,9.59,0.0031380753138074,-0.0616649537512846,0.2709,0.1035673187571921,0.0534276916428071,0.0318531188981369,0.5863039399624765,-13.9811077004794,31.3941,1.7056,1180097.5948
2025-01-21,600605.SH,房产服务,34.59,0.0090431738623104,0.0468795780837971,0.9405,-0.0362217887991083,-0.284508874321803,0.0156299820567805,0.1942615148512927,-13.477981053292115,63.9796,5.1477,713530.9219
2025-01-21,600651.SH,电器仪表,4.04,-0.0024691358024691,0.0279187817258883,0.6257,-0.0982142857142858,-0.1267533916079677,0.0048051719026222,0.2412079695113126,-13.82826815080731,208.1091,4.1458,1012839.3181
2025-01-21,600654.SH,仓储物流,3.12,-0.0219435736677116,0.0359477124183005,1.6863,-0.1333333333333333,-0.2399322298970415,0.0078001233979521,0.1824784219266071,-13.707781265078712,128.2031,5.4801,897870.6235
2025-01-22,000001.SZ,银行,11.09,-0.0211827007943512,0.0035335689045936,0.6942,-0.0649241146711635,-0.1338997312776527,0.2162957195077109,1.931993817619784,-16.884547347633323,4.6233,0.5176,21521163.2816
2025-01-22,000007.SZ,其他商业,6.97,-0.0224403927068723,0.0057471264367816,1.049,0.0234948604992657,-0.0925842363669426,0.0117189468416852,0.0533954144018111,-12.394518273114157,85.3319,18.7282,241474.2867
2025-01-22,000009.SZ,电气设备,8.56,-0.0092592592592593,-0.0035169988276669,0.4063,-0.0989473684210525,-0.2210561141029646,0.0209854340102534,0.4596221905593602,-14.607510342890878,47.6521,2.1757,2207807.154
2025-01-22,000011.SZ,房产服务,8.33,-0.02,0.011124845488257,0.7471,-0.0661434977578475,0.1127396171514014,0.0475866433809358,0.9022013713460844,-13.115239228007429,21.0143,1.1084,496450.5836
2025-01-22,000012.SZ,玻璃,4.9,-0.0020366598778003,0.0040485829959513,0.4459,-0.0925925925925925,0.0372576882451725,0.0648256190846622,0.9351912466099318,-14.224063648277289,15.426,1.0693,1504639.1324
2025-01-22,000017.SZ,服饰,5.51,-0.0195729537366549,0.0363636363636363,2.8677,-0.1040650406504065,-0.4240960130162718,0.0053378883313761,0.0832632534283644,-12.847244452033848,187.34,12.0101,379740.8981
2025-01-22,600601.SH,元器件,5.93,0.0532859680284192,-0.0347985347985349,14.9245,0.3887587822014051,0.5658711859250192,0.0091498340220108,0.1641901321730564,-14.720936043934898,109.2916,6.0905,2472983.9192
2025-01-22,600602.SH,软件服务,13.41,-0.0029739776951672,0.1571109456440804,2.7609,-0.0635474860335195,-0.3797271792493534,0.0106223191921938,0.2567196364849947,-14.422037250509357,94.1414,3.8953,1834050.1032
2025-01-22,600603.SH,区域地产,9.73,0.0145985401459853,-0.0393782383419689,0.2959,0.1056818181818182,0.0401190329934342,0.0313948085544574,0.5778676683039584,-13.995600707770384,31.8524,1.7305,1197325.2969
2025-01-22,600605.SH,房产服务,34.13,-0.0132986412257878,0.0388601036269431,0.6866,-0.0290184921763868,-0.2978963481303301,0.0158406556764197,0.1968775224932569,-13.464593193309735,63.1287,5.0793,704041.9302
2025-01-22,600651.SH,电器仪表,3.94,-0.0247524752475247,0.0456852791878172,0.5554,-0.134065934065934,-0.1619064187237107,0.0049271302077918,0.2473288484368817,-13.803204182094476,202.9579,4.0432,987769.0379
2025-01-22,600654.SH,仓储物流,3.06,-0.0192307692307692,0.078688524590164,1.3584,-0.135593220338983,-0.2653943369388359,0.0079530641963388,0.1860534345464017,-13.68836317928931,125.7377,5.3748,880603.8808
2025-01-23,000001.SZ,银行,11.32,0.0207394048692515,0.0035273368606703,0.7807,-0.0503355704697986,-0.0160031789610575,0.2119003220884895,1.8925056775170328,-16.90507461904361,4.7192,0.5284,21967499.4001
2025-01-23,000007.SZ,其他商业,6.96,-0.0014347202295551,0.0072463768115942,1.1148,0.0497737556561086,-0.0977811449984881,0.0117357806347883,0.0534722185088737,-12.393082522456,85.2095,18.7013,241127.8386
2025-01-23,000009.SZ,电气设备,8.53,-0.0035046728971963,0.009367681498829,0.5088,-0.0877005347593583,-0.2530557147876255,0.021059237529246,0.4612333379456667,-14.60399951423848,47.4851,2.1681,2200069.5121
2025-01-23,000011.SZ,房产服务,8.09,-0.0288115246098439,0.0209876543209877,1.4157,-0.0920314253647587,0.2830411041418412,0.0489982311638549,0.9289363678588016,-13.086004502913518,20.4089,1.0765,482147.0854
2025-01-23,000012.SZ,玻璃,4.94,0.0081632653061225,0.0222222222222221,0.8286,-0.0766355140186915,0.0733896397235864,0.0643008249795844,0.927557740469344,-14.232193774408165,15.5519,1.0781,1516921.9009
2025-01-23,000017.SZ,服饰,5.5,-0.0018148820326678,0.0379061371841156,3.4069,-0.072512647554806,-0.4565942149888516,0.0053475935828877,0.0834139668346067,-12.84542792119459,187.0,11.9884,379051.7132
2025-01-23,600601.SH,元器件,5.46,-0.0792580101180437,-0.0131578947368421,15.0967,0.2522935779816513,0.4135059997411789,0.0099374635419306,0.1783230500374478,-14.63836062067756,100.6293,5.6078,2276980.1347
2025-01-23,600602.SH,软件服务,13.43,0.0014914243102162,0.1741935483870966,5.0869,-0.05621925509487,-0.3666205318422558,0.010606500936554,0.2563379559611392,-14.423527563745434,94.2818,3.9011,1836785.4501
2025-01-23,600603.SH,区域地产,9.65,-0.0082219938335046,0.0,0.2434,0.0722222222222221,-0.1618040089086859,0.0316550861809721,0.5826487210860573,-13.987344726929944,31.5905,1.7163,1187480.8957
2025-01-23,600605.SH,房产服务,34.74,0.0178728391444475,0.0605440187189236,1.6815,0.0196653947754623,-0.1611702195327771,0.0155625068085967,0.1934198564824665,-13.482308191107222,64.257,5.1701,716625.1583
2025-01-23,600651.SH,电器仪表,3.94,0.0,0.05,0.7638,-0.0815850815850816,-0.1459291021233307,0.0049271302077918,0.2473288484368817,-13.803204182094476,202.9579,4.0432,987769.0379
2025-01-23,600654.SH,仓储物流,3.05,-0.0032679738562092,0.0677419354838708,2.6114,-0.0895522388059701,-0.2446274578519844,0.0079791393381144,0.1866646755767938,-13.685089853898916,125.3268,5.3572,877726.0903
2025-01-24,000001.SZ,银行,11.34,0.0017667844522968,-0.003487358326068,0.4869,-0.0438448566610455,0.0341624186231812,0.2115238175818597,1.889287738522577,-16.906839844568363,4.7276,0.5293,22006311.2365
2025-01-24,000007.SZ,其他商业,6.9,-0.0086206896551723,-0.0057553956834532,1.375,0.0147058823529413,-0.1241614105025183,0.0118378358542004,0.0539371416551151,-12.384424459979746,84.4749,18.5401,239049.1504
2025-01-24,000009.SZ,电气设备,8.54,0.0011723329425556,0.0276774969915762,0.4641,-0.0797413793103448,-0.2046737927120836,0.0210346082409388,0.4607021100156639,-14.605171160551285,47.5407,2.1706,2202648.7261
2025-01-24,000011.SZ,房产服务,8.1,0.0012360939431397,0.0469135802469136,0.7564,-0.0919282511210762,0.3192597027357682,0.048937804943697,0.9278159213212098,-13.087239833538154,20.4341,1.0778,482743.0645
2025-01-24,000012.SZ,玻璃,4.95,0.0020242914979755,0.0100401606425701,0.6702,-0.0712945590994371,0.1389492578939166,0.0641708484669584,0.925754489909276,-14.23421601978427,15.5834,1.0802,1519992.593
2025-01-24,000017.SZ,服饰,5.54,0.0072727272727273,0.066427289048474,3.8318,-0.0657672849915682,-0.4497667092903723,0.0053089827988957,0.082812305908658,-12.852674329630592,188.36,12.0755,381808.4529
2025-01-24,600601.SH,元器件,5.32,-0.0256410256410255,0.0864440078585462,10.3959,0.1083333333333333,0.204738596491228,0.0101989717396692,0.1830161054172767,-14.61238513428239,98.0491,5.464,2218596.0287
2025-01-24,600602.SH,软件服务,13.95,0.0387192851824274,0.2654411764705884,4.5921,-0.043865661411926,-0.312102877439193,0.0102111356518737,0.2467856173342217,-14.461516061445504,97.9323,4.0521,1907904.4697
2025-01-24,600603.SH,区域地产,9.73,0.0082901554404144,0.0837751855779429,0.3547,0.0680570801317235,-0.1693089012421933,0.0313948085544574,0.5778676683039584,-13.995600707770384,31.8524,1.7305,1197325.2969
2025-01-24,600605.SH,房产服务,34.19,-0.0158318940702361,0.0030674846625766,1.1411,0.0169541939321833,-0.0610019420175259,0.0158128517371208,0.1965331551432727,-13.46634963407914,63.2397,5.0882,705279.6248
2025-01-24,600651.SH,电器仪表,4.0,0.015228426395939,0.0964467005076143,0.6972,-0.0654205607476635,-0.1262930368997993,0.0048532239481365,0.2436231636904036,-13.818317819914649,206.0486,4.1047,1002811.206
2025-01-24,600654.SH,仓储物流,3.1,0.0163934426229508,0.1973684210526316,1.7901,-0.0801186943620178,-0.2242018958264026,0.0078504458660729,0.1836547291092745,-13.701350374770698,127.3813,5.445,892115.0426
2025-01-27,000001.SZ,银行,11.47,0.0114638447971782,0.0043975373790678,0.5936,-0.0304311073541841,0.1009468609599839,0.2091262704420929,1.867762420620097,-16.918238477411222,4.7818,0.5354,22258588.1731
2025-01-27,000007.SZ,其他商业,6.95,0.0072463768115942,-0.0385714285714284,1.3365,-0.0211267605633802,-0.1322946370164767,0.011752676672112,0.0535489571340598,-12.391644707868966,85.087,18.6745,240781.3906
2025-01-27,000009.SZ,电气设备,8.31,-0.0269320843091332,0.005973715651135,0.7722,-0.1178343949044585,-0.0892067763103706,0.0216167607716318,0.4734624307561195,-14.577869761615704,46.2604,2.1121,2143326.8049
2025-01-27,000011.SZ,房产服务,8.1,0.0,0.0245398773006133,0.6901,-0.1029900332225913,0.2669673764816951,0.048937804943697,0.9278159213212098,-13.087239833538154,20.4341,1.0778,482743.0645
2025-01-27,000012.SZ,玻璃,4.98,0.0060606060606061,0.0162271805273834,0.6157,-0.0726256983240223,-0.0479109748783904,0.0637844595542742,0.9201324990798676,-14.24025833422636,15.6778,1.0868,1529204.6693
2025-01-27,000017.SZ,服饰,5.57,0.0054151624548737,0.074468085106383,3.7911,-0.0762852404643449,-0.4498841679998658,0.0052803886366036,0.0823662166725695,-12.858074882812945,189.38,12.1409,383876.0077
2025-01-27,600601.SH,元器件,5.09,-0.0432330827067669,0.06286836935167,6.5228,0.0408997955010226,0.0858176849280996,0.0106598330030561,0.1912850529859596,-14.568189661492063,93.8101,5.2278,2122679.2831
2025-01-27,600602.SH,软件服务,13.6,-0.025089605734767,0.1363636363636362,3.9654,-0.0456140350877193,-0.3188929473368812,0.0104739241185145,0.2531389226407452,-14.43610634593324,95.4752,3.9504,1860035.8988
2025-01-27,600603.SH,区域地产,9.43,-0.0308324768756423,0.1215772179627601,0.4339,0.0477777777777777,-0.1307444509385491,0.0334040385482604,0.6148548942449582,-13.93356856861157,29.9365,1.6264,1125309.3894
2025-01-27,600605.SH,房产服务,35.86,0.0488446914302427,0.066890568150014,2.5278,0.0755848830233951,0.1515784174977201,0.0150764526915991,0.1873817152922217,-13.514038898543552,66.3286,5.3367,739728.7904
2025-01-27,600651.SH,电器仪表,3.94,-0.015,0.0518518518518518,0.5736,-0.0942528735632183,-0.1559177888022678,0.0049271302077918,0.2473288484368817,-13.803204182094476,202.9579,4.0432,987769.0379
2025-01-27,600654.SH,仓储物流,3.04,-0.0193548387096774,0.1514195583596214,1.695,-0.1058823529411764,-0.2167779441406357,0.0080053860237167,0.1872799460633755,-13.681805778652006,124.9159,5.3396,874848.2998
2025-02-05,000001.SZ,银行,11.37,-0.00871839581517,0.005281690140845,0.4346,-0.0485355648535564,0.116598668670818,0.2109660133752452,1.884303749764462,-16.90948185403148,4.7401,0.5307,22064528.9911
2025-02-05,000007.SZ,其他商业,7.0,0.0071942446043165,-0.04,1.0981,-0.0250696378830083,-0.1109655862687389,0.0116687203614502,0.0531666028667432,-12.398813197264516,85.6992,18.8088,242513.6308
2025-02-05,000009.SZ,电气设备,8.37,0.007220216606498,0.0282352941176471,0.4932,-0.1086261980830672,-0.0399157757165415,0.0214618065690297,0.4700573469963335,-14.585064037254412,46.5944,2.1274,2158802.0887
2025-02-05,000011.SZ,房产服务,8.15,0.0061728395061728,0.0366748166259169,0.4204,-0.0832395950506187,0.0855361075380334,0.0486376591667396,0.9220839096357768,-13.093393699195138,20.5602,1.0845,485722.96
2025-02-05,000012.SZ,玻璃,4.93,-0.0100401606425704,0.0120967741935482,0.5552,-0.0785046728971962,-0.0767977124400887,0.0644313290894564,0.9294544102611766,-14.23016743126761,15.5204,1.0759,1513851.2088
2025-02-05,000017.SZ,服饰,5.64,0.0125673249551165,0.0543859649122806,3.2873,-0.0358974358974358,-0.4728702144432481,0.005214851898206,0.0813437995688778,-12.870563894303352,191.76,12.2935,388700.3022
2025-02-05,600601.SH,元器件,5.09,0.0,0.0550284629981023,5.6925,0.0560165975103732,-0.0493878557295567,0.0106598330030561,0.1912850529859596,-14.568189661492063,93.8101,5.2278,2122679.2831
2025-02-05,600602.SH,软件服务,14.96,0.1,0.1370656370656373,3.5153,-0.0459183673469386,-0.2840844769248187,0.0095217419455584,0.2301231158669888,-14.53141652574734,105.0228,4.3455,2046039.4887
2025-02-05,600603.SH,区域地产,9.13,-0.0318133616118768,0.1003236245954692,0.4498,-0.0328389830508473,0.0130210559307064,0.0345015560201765,0.6350415952244872,-13.90123816660082,28.9842,1.5747,1089509.5149
2025-02-05,600605.SH,房产服务,35.73,-0.0036252091466816,0.0576336935439179,1.0518,-0.0041806020066891,0.2562668911435026,0.0151312942401215,0.1880618347312596,-13.510407102370706,66.0882,5.3174,737047.1188
2025-02-05,600651.SH,电器仪表,4.05,0.0279187817258883,0.0825242718446601,0.9403,-0.0402843601895734,-0.0701417057367117,0.0047933077754162,0.2406159769008662,-13.830740339937828,208.6242,4.156,1015346.3461
2025-02-05,600654.SH,仓储物流,3.17,0.0427631578947367,0.1367781155015197,3.8711,-0.0422960725075529,-0.0589154178835983,0.0076770893390563,0.1795977011494253,-13.723679851146862,130.2577,5.568,912259.5758
2025-02-06,000001.SZ,银行,11.36,-0.0008795074758135,0.0105448154657292,0.4924,-0.029059829059829,0.0679485215259689,0.2111531071179712,1.8860807242549984,-16.90860195956195,4.7359,0.5302,22045123.0729
2025-02-06,000007.SZ,其他商业,7.0,0.0,-0.0345323741007194,1.5916,-0.0042674253200569,-0.0282277758928606,0.0116687203614502,0.0531666028667432,-12.398813197264516,85.6992,18.8088,242513.6308
2025-02-06,000009.SZ,电气设备,8.5,0.0155316606929511,0.0243619489559165,0.7601,-0.0710382513661203,0.0805531780710842,0.0211336066613128,0.462877244954638,-14.600476316274422,47.318,2.1604,2192331.8703
2025-02-06,000011.SZ,房产服务,8.18,0.003680981595092,0.0278113663845225,0.9451,-0.0640732265446224,0.1198018752979814,0.048459238511526,0.9187798603454612,-13.0970679226061,20.6359,1.0884,487510.8973
2025-02-06,000012.SZ,玻璃,4.96,0.0060851926977687,-0.0059288537549405,0.47,-0.0606060606060606,-0.0442749950534984,0.0640413963586062,0.9238728750923872,-14.236234183935863,15.6149,1.0824,1523063.2851
2025-02-06,000017.SZ,服饰,5.7,0.0106382978723404,0.0330434782608697,4.3101,-0.0172413793103447,-0.4313156199530451,0.0051599587203302,0.0804874318875107,-12.881146003639303,193.8,12.4243,392835.4118
2025-02-06,600601.SH,元器件,5.27,0.0353634577603143,0.0114285714285713,7.1242,0.2004555808656036,-0.1937999411967275,0.0102957346830355,0.1847540923031445,-14.6029421934526,97.1276,5.4126,2197744.5622
2025-02-06,600602.SH,软件服务,15.54,0.0387700534759356,0.0653235653235653,12.5929,-0.0176991150442478,0.1068191773611084,0.0091663649404873,0.2215330084182543,-14.56945389814485,109.0945,4.514,2125364.5491
2025-02-06,600603.SH,区域地产,9.27,0.0153340635268344,0.0565262076053441,0.3346,-0.0363825363825363,0.0970752110166548,0.033980549533447,0.6254691018263698,-13.916455851558538,29.4286,1.5988,1106216.123
2025-02-06,600605.SH,房产服务,36.09,0.0100755667506298,0.0303364589078876,1.3726,0.0403574517151918,0.402159651930837,0.0149803757078227,0.1861850679575498,-13.520432249065538,66.754,5.371,744473.2863
2025-02-06,600651.SH,电器仪表,4.12,0.0172839506172839,0.0333333333333332,0.9359,-0.004830917874396,0.0156800872630942,0.0047118669783409,0.2365240426689372,-13.847876622175557,212.2301,4.2279,1032895.5422
2025-02-06,600654.SH,仓储物流,3.29,0.0378548895899053,0.081570996978852,3.7464,0.0185758513931888,0.1106364455422492,0.0073970734218713,0.1730493017460674,-13.76083582801463,135.1886,5.7787,946793.0613
2025-02-07,000001.SZ,银行,11.38,0.0017605633802817,0.010498687664042,0.7253,-0.0043744531933507,0.0684599444813702,0.2107836937734497,1.882530120481928,-16.91036097496731,4.7442,0.5312,22083934.9093
2025-02-07,000007.SZ,其他商业,6.95,-0.0071428571428571,-0.0347322720694646,2.4078,-0.0099715099715098,0.1458631391279463,0.011752676672112,0.0535489571340598,-12.391644707868966,85.087,18.6745,240781.3906
2025-02-07,000009.SZ,电气设备,8.62,0.0141176470588233,0.0515222482435597,1.0535,-0.0314606741573034,0.2635989978512649,0.0208393680670027,0.4564334291843534,-14.614495237417453,47.9861,2.1909,2223282.4378
2025-02-07,000011.SZ,房产服务,8.27,0.011002444987775,0.008254716981132,1.1116,-0.0406032482598607,0.0185018138396941,0.0479317451948425,0.9087604507451836,-13.108010280969252,20.863,1.1004,492874.7091
2025-02-07,000012.SZ,玻璃,5.06,0.0201612903225805,0.0039761431411529,0.9985,-0.0155642023346304,-0.0048186431121971,0.0627758212646816,0.9056330374932076,-14.256194926452988,15.9297,1.1042,1553770.2061
2025-02-07,000017.SZ,服饰,5.75,0.0087719298245614,-0.0168350168350168,4.748,-0.0987460815047022,-0.3748751678776817,0.0051150895140664,0.079787446243208,-12.889879683696602,195.5,12.5333,396281.3365
2025-02-07,600601.SH,元器件,5.25,-0.0037950664136621,-0.1175406871609403,7.8803,0.2470308788598574,-0.3342274443101755,0.0103349559214129,0.1854565011776487,-14.599139907536577,96.759,5.3921,2189403.9757
2025-02-07,600602.SH,软件服务,16.38,0.0540540540540539,0.1156304474142939,16.8212,-0.0006101281269067,0.4854217110121512,0.0086962949435393,0.2101723413198823,-14.62209763162062,114.9915,4.758,2240249.1193
2025-02-07,600603.SH,区域地产,9.73,0.0496224379719525,0.0078277886497064,0.6831,0.0351063829787234,0.3133277061443082,0.0323740890740686,0.5958765343820761,-13.964886368138089,30.8889,1.6782,1161109.2639
2025-02-07,600605.SH,房产服务,36.26,0.0047104461069547,0.0091743119266054,1.5242,0.0461627236006925,0.3602557120025713,0.0149101291962694,0.185312158330708,-13.525131635746655,67.0685,5.3963,747980.0876
2025-02-07,600651.SH,电器仪表,4.2,0.0194174757281553,-0.0138888888888889,1.161,0.0396039603960396,0.1084309449836937,0.0046221186867636,0.2320185614849188,-13.86710798408408,216.351,4.31,1052951.7663
2025-02-07,600654.SH,仓储物流,3.31,0.006079027355623,-0.021978021978022,3.9834,0.0279503105590062,0.1945285745392642,0.0073523789357284,0.1720015824145582,-13.766896452710562,136.0104,5.8139,952548.6423
2025-02-10,000001.SZ,银行,11.43,0.0043936731107203,0.0315236427320488,0.529,0.0043936731107203,0.0919644262553125,0.209859184487209,1.8744142455482664,-16.9147450240763,4.7651,0.5335,22180964.5003
2025-02-10,000007.SZ,其他商业,6.91,-0.0057553956834532,-0.0104011887072809,1.9405,0.0469696969696971,0.2448253052791174,0.0118207082259126,0.0538589971454731,-12.385872685972071,84.5973,18.567,239395.5984
2025-02-10,000009.SZ,电气设备,8.54,-0.0092807424593968,0.0570071258907363,1.072,-0.0206422018348625,0.4161435589519651,0.0210346082409388,0.4607021100156639,-14.605171160551285,47.5407,2.1706,2202648.7261
2025-02-10,000011.SZ,房产服务,8.48,0.0253929866989117,0.0287425149700599,1.0317,0.0253929866989117,0.0817028402138209,0.0467449176588275,0.8862105636299185,-13.133086221673343,21.3927,1.1284,505390.27
2025-02-10,000012.SZ,玻璃,5.03,-0.0059288537549405,0.0,0.7302,-0.0098425196850393,0.0201712092885955,0.0631500508357909,0.910995718320124,-14.250248427278695,15.8353,1.0977,1544558.1298
2025-02-10,000017.SZ,服饰,5.94,0.0330434782608697,-0.0214521452145214,4.8588,-0.0511182108626196,-0.2572964846340925,0.0049514755397108,0.0772355839782504,-12.922388962193924,201.96,12.9474,409375.8502
2025-02-10,600601.SH,元器件,5.53,0.0533333333333334,-0.0517560073937154,8.3893,0.3894472361809045,-0.381758014908672,0.0098116747155104,0.176065637269574,-14.651099646451096,101.9194,5.6797,2306172.1877
2025-02-10,600602.SH,软件服务,17.21,0.0506715506715507,0.2423529411764706,15.5187,0.1667796610169492,0.7598565616257018,0.008276891828473,0.2000400080016003,-14.6715271634338,120.8183,4.999,2353766.0161
2025-02-10,600603.SH,区域地产,10.22,0.0503597122302157,0.0419921875,0.786,0.1157205240174672,0.4686851021969616,0.030821865031053,0.5673115107505532,-14.0140190567175,32.4445,1.7627,1219582.3923
2025-02-10,600605.SH,房产服务,35.97,-0.0079977937120794,-0.020461699895068,1.7123,0.0683100683100681,0.4173492745533302,0.0150303387387441,0.1868076441687993,-13.517101688048466,66.5321,5.3531,741997.8971
2025-02-10,600651.SH,电器仪表,4.32,0.0285714285714286,0.0093896713615022,1.1449,0.0992366412213741,0.2162993369522823,0.0044937256355813,0.2255757821840247,-13.895278861069244,222.5325,4.4331,1083036.1025
2025-02-10,600654.SH,仓储物流,3.64,0.0996978851963745,-0.0027397260273972,4.0834,0.1973684210526316,0.3543797988220785,0.0066858193103844,0.1564088527410651,-13.861931944890062,149.5703,6.3935,1047515.7274
2025-02-11,000001.SZ,银行,11.42,-0.0008748906386701,0.0341506129597197,0.4352,-0.0017482517482516,0.0423679859769337,0.2100443193513831,1.8761726078799248,-16.913869750497355,4.7609,0.533,22161558.5821
2025-02-11,000007.SZ,其他商业,6.73,-0.0260492040520983,-0.025297619047619,1.9201,0.015082956259427,0.2921423677472865,0.0121368649992232,0.0552996411053292,-12.359478191814372,82.3936,18.0833,233159.5336
2025-02-11,000009.SZ,电气设备,8.42,-0.0140515222482434,0.0080091533180779,0.8975,-0.0366132723112128,0.4021920009181159,0.0213343801402522,0.467267884678286,-14.591019980995766,46.8727,2.1401,2171698.1585
2025-02-11,000011.SZ,房产服务,8.35,-0.0153301886792454,-0.0200471698113207,0.6132,0.006024096385542,0.0579063873472138,0.047472560859823,0.900009000090001,-13.117637310723769,21.0648,1.1111,497642.5418
2025-02-11,000012.SZ,玻璃,5.01,-0.0039761431411531,-0.0059760956175297,0.5502,-0.0214843750000001,0.0080544284101653,0.0634022938949931,0.914662032379036,-14.246264358272867,15.7723,1.0933,1538416.7456
2025-02-11,000017.SZ,服饰,6.06,0.0202020202020201,-0.0415973377703826,7.9515,-0.0334928229665071,-0.0832896795065097,0.0048534265191225,0.0757059580588992,-12.942389628910268,206.04,13.209,417646.0694
2025-02-11,600601.SH,元器件,5.41,-0.0216998191681736,-0.1079136690647482,5.4897,0.3391089108910892,-0.4043006269522264,0.0100293056310539,0.1799726441580879,-14.62916092379464,99.7078,5.5564,2256128.6683
2025-02-11,600602.SH,软件服务,17.0,-0.0122022080185938,0.3146576117713637,16.1081,0.280120481927711,1.031824666122695,0.0083791322738199,0.2025070371195398,-14.65924989724745,119.3441,4.9381,2325044.8735
2025-02-11,600603.SH,区域地产,10.24,0.0019569471624265,0.0225490196078432,0.6391,0.1377777777777777,0.5144700846869721,0.0307616586686354,0.5662193533774984,-14.015974091551705,32.508,1.7661,1221969.0506
2025-02-11,600605.SH,房产服务,38.12,0.0597720322490964,-0.031700288184438,3.4291,0.0991926182237601,0.425301053687908,0.0141826268494145,0.17627046940826,-13.575155509083414,70.5088,5.6731,786348.6193
2025-02-11,600651.SH,电器仪表,4.26,-0.0138888888888889,-0.0582959641255604,0.8664,0.1007751937984495,0.2850715590258557,0.0045570169402547,0.2287544321171222,-13.8812926190854,219.4418,4.3715,1067993.9344
2025-02-11,600654.SH,仓储物流,3.65,0.0027472527472527,-0.0775401069518716,11.1708,0.2248322147651007,0.786050502044257,0.0066675023269583,0.1559794731013398,-13.864675430873998,149.9812,6.4111,1050393.5179
2025-02-12,000001.SZ,银行,11.42,0.0,0.0182608695652175,0.5095,-0.0078192875760207,0.0591163536552972,0.2100443193513831,1.8761726078799248,-16.913869750497355,4.7609,0.533,22161558.5821
2025-02-12,000007.SZ,其他商业,6.72,-0.0014858841010402,-0.0208643815201191,1.6508,-0.0303030303030302,0.3368050797131239,0.0121549217709234,0.0553817184947248,-12.357991202881712,82.2712,18.0565,232813.0856
2025-02-12,000009.SZ,电气设备,8.74,0.0380047505938243,-0.001132502831257,2.0456,0.0011454753722794,0.6837680908224284,0.0205532524494338,0.4501665616278023,-14.628320342418354,48.6541,2.2214,2254233.0054
2025-02-12,000011.SZ,房产服务,8.48,0.0155688622754492,-0.0223529411764705,0.7611,-0.0058616647127782,0.1396140169434176,0.0467449176588275,0.8862105636299185,-13.133086221673343,21.3927,1.1284,505390.27
2025-02-12,000012.SZ,玻璃,5.02,0.0019960079840319,-0.0079522862823061,0.5798,-0.0137524557956778,0.0157533776309661,0.0632759209810298,0.9128251939753538,-14.2482583768752,15.8038,1.0955,1541487.4377
2025-02-12,000017.SZ,服饰,6.01,-0.0082508250825081,-0.0185185185185186,5.7731,-0.0653188180404354,0.0732302029572409,0.0048938044435744,0.0763358778625954,-12.9341045772917,204.34,13.1,414200.1447
2025-02-12,600601.SH,元器件,5.56,0.0277264325323474,-0.0564971751412428,6.6559,0.2522522522522521,-0.3863778415467545,0.0097587252762695,0.1751160143595131,-14.65650993919619,102.4724,5.7105,2318683.0676
2025-02-12,600602.SH,软件服务,17.67,0.0394117647058824,0.318624641833811,15.2056,0.3245877061469266,1.2373669164074013,0.0080614215833276,0.194829232177996,-14.697904839529048,124.0476,5.1327,2416678.995
2025-02-12,600603.SH,区域地产,10.2,-0.0039062500000001,-0.0359922178988325,0.541,0.1184210526315789,0.4848100320967383,0.0308823075260183,0.5684402000909504,-14.012060192233776,32.381,1.7592,1217195.734
2025-02-12,600605.SH,房产服务,38.17,0.0013116474291712,0.008832976445396,1.3725,0.0662011173184358,0.4669607644463844,0.014164045137979,0.1760408414752222,-13.576466297124483,70.6013,5.6805,787380.0315
2025-02-12,600651.SH,电器仪表,4.46,0.0469483568075117,-0.0161290322580646,1.3282,0.1262626262626263,0.3287058535989249,0.0043526670096568,0.2184932704072714,-13.927172224835674,229.7442,4.5768,1118134.4947
2025-02-12,600654.SH,仓储物流,3.74,0.0246575342465753,-0.0111731843575418,6.1341,0.2103559870550162,0.8357547922189685,0.006507052994741,0.1522255373561468,-13.889033874668874,153.6794,6.5692,1076293.632
2025-02-13,000001.SZ,银行,11.5,0.0070052539404552,0.0095238095238094,0.7001,0.0,0.1239762340922527,0.2085810232985003,1.862891207153502,-16.920850581639417,4.7943,0.5368,22316805.9277
2025-02-13,000007.SZ,其他商业,6.71,-0.0014880952380952,-0.0119940029985007,1.1752,-0.0317460317460317,0.2755655918201327,0.0121730323510507,0.0554643475174158,-12.356501999089554,82.1488,18.0296,232466.6375
2025-02-13,000009.SZ,电气设备,8.83,0.0102974828375286,-0.0289532293986636,2.0343,0.023174971031286,0.871326386784872,0.0203437690087091,0.445573229960344,-14.63856516737341,49.1551,2.2443,2277445.9311
2025-02-13,000011.SZ,房产服务,8.5,0.0023584905660376,-0.0257309941520468,1.0967,0.0059171597633136,0.1424928196494008,0.0466348306222951,0.8841732979664014,-13.135441935397465,21.4432,1.131,506582.2282
2025-02-13,000012.SZ,玻璃,5.03,0.0019920318725101,-0.0217821782178216,0.7151,-0.0059288537549405,0.0883123210914182,0.0631500508357909,0.910995718320124,-14.250248427278695,15.8353,1.0977,1544558.1298
2025-02-13,000017.SZ,服饰,5.94,-0.011647254575707,0.0051369863013699,3.5182,-0.057142857142857,0.1230606263090803,0.0049514755397108,0.0772355839782504,-12.922388962193924,201.96,12.9474,409375.8502
2025-02-13,600601.SH,元器件,5.31,-0.0449640287769784,0.0450819672131146,6.063,0.2263279445727481,-0.4029115642135203,0.0102181785483646,0.1833617544052661,-14.610503666176829,97.8648,5.4537,2214425.7354
2025-02-13,600602.SH,软件服务,17.45,-0.012450481041313,0.1494791666666668,11.4905,0.3548136645962731,1.125826863763122,0.0081630520672113,0.1972853535353535,-14.685376201850143,122.5032,5.0688,2386590.179
2025-02-13,600603.SH,区域地产,10.28,0.0078431372549019,-0.0310679611650486,0.4155,0.1296703296703296,0.5048673598409055,0.0306419488279454,0.5640157924421884,-14.019872731964176,32.635,1.773,1226742.3672
2025-02-13,600605.SH,房产服务,37.36,-0.02122085407388,0.0451790633608815,1.2416,0.0275027502750275,0.4573709152443883,0.0144711308175754,0.1798561151079137,-13.555017043662003,69.1031,5.56,770671.1547
2025-02-13,600651.SH,电器仪表,4.34,-0.0269058295964126,0.0305164319248825,1.0012,0.095959595959596,0.3335029994546445,0.0044730180839648,0.2245374528471349,-13.89989780689788,223.5627,4.4536,1088050.1585
2025-02-13,600654.SH,仓储物流,3.58,-0.0427807486631016,0.0,5.7709,0.1511254019292605,0.88169967221039,0.0067978700913429,0.1590305497686105,-13.845311063711618,147.1049,6.2881,1030248.9847
2025-02-14,000001.SZ,银行,11.55,0.0043478260869564,-0.0118845500848895,0.5014,0.013157894736842,0.0258258718868034,0.2076800066457602,1.854943424225561,-16.92518898323846,4.8151,0.5391,22413835.5187
2025-02-14,000007.SZ,其他商业,6.67,-0.0059612518628912,-0.0255255255255255,1.3096,-0.064516129032258,0.1385327305734525,0.0122460325915911,0.0557970327138002,-12.350522907929015,81.6591,17.9221,231080.8453
2025-02-14,000009.SZ,电气设备,8.98,0.0169875424688561,-0.0168539325842697,1.7168,0.0466200466200465,0.8869235628553378,0.0200039607842352,0.4381352961794602,-14.655410035082406,49.9901,2.2824,2316134.1406
2025-02-14,000011.SZ,房产服务,8.55,0.0058823529411764,-0.0384167636786961,0.9207,0.01423487544484,0.0594589415949127,0.0463621907062352,0.878966335589347,-13.14130705492836,21.5693,1.1377,509562.1237
2025-02-14,000012.SZ,玻璃,5.05,0.0039761431411529,-0.0099800399201596,0.9542,0.0120240480961923,0.0386381025248658,0.0629002025386521,0.9073586788857636,-14.254216686445345,15.8982,1.1021,1550699.514
2025-02-14,000017.SZ,服饰,5.84,-0.0168350168350168,-0.0252951096121415,4.702,-0.0565428109854605,0.1379565808997565,0.0050362610797743,0.0785582981130296,-12.90541062573396,198.56,12.7294,402484.0009
2025-02-14,600601.SH,元器件,4.88,-0.0809792843691148,0.0116959064327486,8.6693,0.0252100840336135,-0.403032722819392,0.0111185481844522,0.1995171684523453,-14.5260570508083,89.9398,5.0121,2035103.1241
2025-02-14,600602.SH,软件服务,19.2,0.1002865329512894,0.1496212121212121,19.4189,0.4780600461893765,0.9887174744844937,0.0074190250510799,0.1793046565419304,-14.78094683222497,134.7886,5.5771,2625933.0336
2025-02-14,600603.SH,区域地产,10.3,0.001945525291829,-0.1115276476101218,0.3827,0.1343612334801762,0.3146274477166535,0.030582442619692,0.5629045876723895,-14.021816367171164,32.6985,1.7765,1229129.0255
2025-02-14,600605.SH,房产服务,36.3,-0.028372591006424,-0.0091055168719872,1.4148,0.0128348214285711,0.4197653670639147,0.0148936962430651,0.1851097700936655,-13.526234171669325,67.1425,5.4022,748805.2173
2025-02-14,600651.SH,电器仪表,4.26,-0.0184331797235023,0.0465116279069768,0.7407,0.0730478589420653,0.2257850521960953,0.0045570169402547,0.2287544321171222,-13.8812926190854,219.4418,4.3715,1067993.9344
2025-02-14,600654.SH,仓储物流,3.56,-0.0055865921787709,-0.0164835164835165,4.2478,0.1301587301587301,0.8546984572230012,0.0068360596678632,0.1599232368463137,-13.83970880818258,146.2831,6.253,1024493.4038
2025-02-17,000001.SZ,银行,11.78,0.0199134199134198,-0.0186282811176968,1.0626,0.0424778761061945,0.1581293367139775,0.2036245163917736,1.818512456810329,-16.944906724491727,4.911,0.5499,22860171.6372
2025-02-17,000007.SZ,其他商业,6.66,-0.0014992503748125,0.0091603053435114,1.179,-0.0162481536189068,0.0290558536646077,0.0122644309426686,0.0558805943460014,-12.349022532744163,81.5366,17.8953,230734.3973
2025-02-17,000009.SZ,电气设备,8.9,-0.0089086859688195,0.0011350737797957,1.2104,0.0595238095238095,0.8390275111964172,0.0201837528862766,0.4420671057866583,-14.64646142951522,49.5448,2.2621,2295500.4289
2025-02-17,000011.SZ,房产服务,8.59,0.0046783625730992,0.0060168471720816,1.0146,0.0526960784313725,0.041124697265048,0.0461463207538462,0.8748906386701663,-13.145974507842665,21.6702,1.143,511946.04
2025-02-17,000012.SZ,玻璃,5.01,-0.0079207920792079,-0.002004008016032,0.7161,0.0203665987780039,0.0158207273200119,0.0634022938949931,0.914662032379036,-14.246264358272867,15.7723,1.0933,1538416.7456
2025-02-17,000017.SZ,服饰,5.93,0.0154109589041095,-0.0086805555555555,3.569,0.0440140845070422,0.1538284122411508,0.0049598254141454,0.0773658476202265,-12.920704041909742,201.62,12.9256,408686.6653
2025-02-17,600601.SH,元器件,5.13,0.0512295081967213,0.0201612903225805,6.6524,-0.0209923664122138,-0.4039346538323255,0.0105767166275504,0.1897929359069255,-14.576017490089813,94.5473,5.2689,2139360.4562
2025-02-17,600602.SH,软件服务,21.12,0.1,0.1498062849763237,17.14,0.695024077046549,0.8681351920583815,0.0067445709576076,0.1630044989241703,-14.876257012043142,148.2674,6.1348,2888526.337
2025-02-17,600603.SH,区域地产,10.67,0.0359223300970872,-0.0776605944391179,0.5496,0.1975308641975308,0.1730530516595319,0.0295219510467007,0.5433896647285769,-14.057108537260293,33.8731,1.8403,1273282.2041
2025-02-17,600605.SH,房产服务,37.34,0.028650137741047,-0.0194805194805194,2.6884,0.0568921596377018,0.4591945695826158,0.0144788832726909,0.1799532121648371,-13.554481568490203,69.0661,5.557,770258.5899
2025-02-17,600651.SH,电器仪表,4.3,0.0093896713615022,0.1785714285714286,0.7485,0.1082474226804124,0.1375777000777001,0.0045146278456827,0.2266237592349181,-13.890638481540655,221.5022,4.4126,1078022.0465
2025-02-17,600654.SH,仓储物流,3.64,0.0224719101123596,0.0521739130434781,4.4374,0.2093023255813955,0.8176875575878628,0.0066858193103844,0.1564088527410651,-13.861931944890062,149.5703,6.3935,1047515.7274
2025-02-18,000001.SZ,银行,11.81,0.002546689303905,-0.0204953031596926,1.0289,0.0544642857142858,0.3078470824949697,0.2031075454453133,1.813894431344096,-16.947450176477826,4.9235,0.5513,22918389.3918
2025-02-18,000007.SZ,其他商业,6.55,-0.0165165165165165,-0.0182648401826484,1.3085,-0.0395894428152493,-0.0721123031175462,0.0124703983918174,0.056819150326426,-12.332368097768228,80.1899,17.5997,226923.4688
2025-02-18,000009.SZ,电气设备,8.81,-0.0101123595505617,-0.0147392290249434,1.4928,0.0450771055753262,0.8576580120639918,0.0203899371582136,0.4465880671668453,-14.636297592718837,49.0438,2.2392,2272287.5032
2025-02-18,000011.SZ,房产服务,8.31,-0.0325960419091966,-0.0024067388688329,0.8241,0.010948905109489,0.0748235184570886,0.0477010479920243,0.9044044496698924,-13.112835380865468,20.9639,1.1057,495258.6255
2025-02-18,000012.SZ,玻璃,4.99,-0.0039920159680637,-0.0100200400801603,0.6882,0.0121703853955377,0.0450976185367943,0.0636565601268038,0.9182736455463728,-14.24226435294864,15.7093,1.089,1532275.3614
2025-02-18,000017.SZ,服饰,5.76,-0.0286677908937604,-0.0240137221269296,3.414,0.0568807339449539,-0.0289930043223912,0.0051062091503267,0.079648907615232,-12.891617303511904,195.84,12.5551,396970.5214
2025-02-18,600601.SH,元器件,4.96,-0.0331384015594541,-0.0019960079840318,3.9325,0.0269151138716357,-0.4016643048390409,0.0109392195085665,0.1962978230571423,-14.542317571681666,91.4142,5.0943,2068465.4704
2025-02-18,600602.SH,软件服务,23.23,0.0999053030303029,0.2516297262059974,29.3609,0.8779304769603882,0.8847412029137254,0.0061319522541669,0.1481986454643804,-14.971481099984569,163.0802,6.7477,3177105.436
2025-02-18,600603.SH,区域地产,10.43,-0.0224929709465792,-0.0736629667003028,1.1672,0.1524861878453036,0.2830901647947939,0.0302012612046679,0.555895269331258,-14.034358740978288,33.1112,1.7989,1244642.3045
2025-02-18,600605.SH,房产服务,36.96,-0.0101767541510445,-0.0469620589015653,1.2768,0.0848253595538597,0.1273069560343096,0.0146277529431038,0.1818049596392989,-13.544252677152922,68.3632,5.5004,762419.8576
2025-02-18,600651.SH,电器仪表,4.2,-0.0232558139534883,0.187353629976581,0.6779,0.0824742268041238,0.0906026025054875,0.0046221186867636,0.2320185614849188,-13.86710798408408,216.351,4.31,1052951.7663
2025-02-18,600654.SH,仓储物流,3.45,-0.0521978021978022,0.03954802259887,3.9325,0.1386138613861387,0.365493892983125,0.0070540218152678,0.1650219479190732,-13.808322494322866,141.7631,6.0598,992837.7087
2025-02-19,000001.SZ,银行,11.71,-0.0084674005080439,-0.0120068610634649,0.6069,0.0289982425307557,0.3206793206793206,0.2048424761358515,1.8294914013904136,-16.938946723881685,4.8818,0.5466,22724330.2099
2025-02-19,000007.SZ,其他商业,6.57,0.0030534351145039,-0.0106221547799696,0.9889,-0.065433854907539,-0.1611977261214611,0.0124324297443395,0.0566463117586413,-12.335416880670577,80.4348,17.6534,227616.3649
2025-02-19,000009.SZ,电气设备,8.82,0.0011350737797957,0.0103211009174311,1.032,0.0279720279720279,0.6099743007989336,0.0203668476600528,0.4460701222232134,-14.637432022760857,49.0994,2.2418,2274866.7171
2025-02-19,000011.SZ,房产服务,8.31,0.0,0.0168067226890757,0.6162,-0.0083532219570405,0.0513349436109005,0.0477010479920243,0.9044044496698924,-13.112835380865468,20.9639,1.1057,495258.6255
2025-02-19,000012.SZ,玻璃,4.99,0.0,0.0161943319838056,0.537,-0.0079522862823061,0.0535745550043769,0.0636565601268038,0.9182736455463728,-14.24226435294864,15.7093,1.089,1532275.3614
2025-02-19,000017.SZ,服饰,5.83,0.0121527777777779,-0.0187393526405451,3.3229,0.0103986135181977,-0.1170542580240825,0.0050448996064978,0.0786924463120785,-12.903696829089592,198.22,12.7077,401794.8159
2025-02-19,600601.SH,元器件,5.01,0.0100806451612902,-0.0117647058823529,4.0752,-0.0564971751412428,-0.4093134558119041,0.0108300473164767,0.1943407960199005,-14.55234774602462,92.3357,5.1456,2089316.9368
2025-02-19,600602.SH,软件服务,23.01,-0.0094705122686181,0.2464884458541005,25.5942,0.7300751879699248,0.8925561942908853,0.0061905820199497,0.149615488195338,-14.961965457252807,161.5357,6.6838,3147016.62
2025-02-19,600603.SH,区域地产,9.91,-0.0498561840843719,-0.1042084168336674,1.189,0.1035634743875277,0.4224953194757814,0.0317859912779239,0.5850690381465012,-13.98321682026721,31.4604,1.7092,1182589.1886
2025-02-19,600605.SH,房产服务,37.69,0.0197510822510822,-0.0651027938850816,1.5998,0.0737891737891736,0.1378588506399367,0.0143444239637946,0.1782817207751689,-13.563811237636212,69.7135,5.6091,777478.4749
2025-02-19,600651.SH,电器仪表,4.27,0.0166666666666666,0.1230068337129841,0.7046,0.0621890547263681,-0.0577458792044278,0.0045463452158127,0.2282167145921767,-13.88363728603062,219.9569,4.3818,1070500.9624
2025-02-19,600654.SH,仓储物流,3.54,0.0260869565217389,0.0308988764044944,2.8866,0.0993788819875776,0.1904224351253847,0.0068746807570123,0.1608260023480596,-13.834074990386016,145.4613,6.2179,1018737.8228
2025-02-20,000001.SZ,银行,11.66,-0.004269854824936,-0.0017182130584193,0.4042,0.0156794425087107,0.233781794529458,0.2057189878625797,1.8372221201543264,-16.934667727193972,4.861,0.5443,22627300.6189
2025-02-20,000007.SZ,其他商业,6.59,0.0030441400304412,0.0,1.1194,-0.0639204545454545,-0.1639111583045747,0.0123947069643379,0.0564742025842595,-12.33845639674114,80.6796,17.7072,228309.261
2025-02-20,000009.SZ,电气设备,8.72,-0.0113378684807256,0.0034285714285713,0.8735,0.0127758420441348,0.3642981160154859,0.0206003773989139,0.4512024545413527,-14.626029390685126,48.5428,2.2163,2249074.5775
2025-02-20,000011.SZ,房产服务,8.33,0.0024067388688326,0.0278450363196125,0.5383,-0.0071513706793803,-0.0728650953452563,0.0475866433809358,0.9022013713460844,-13.115239228007429,21.0143,1.1084,496450.5836
2025-02-20,000012.SZ,玻璃,4.94,-0.0100200400801603,0.0060483870967742,0.5802,-0.0237154150197627,0.0221369387650069,0.0643008249795844,0.927557740469344,-14.232193774408165,15.5519,1.0781,1516921.9009
2025-02-20,000017.SZ,服饰,5.87,0.0068610634648369,-0.0034602076124568,2.5278,0.0371024734982332,-0.146651159225812,0.0050105220964024,0.0781567511801669,-12.910534462735946,199.58,12.7948,404551.5557
2025-02-20,600601.SH,元器件,5.1,0.0179640718562874,-0.048169556840077,5.0378,0.0365853658536585,-0.4060981960833575,0.0106389316810363,0.1909125620465826,-14.57015237066601,93.9944,5.238,2126849.5764
2025-02-20,600602.SH,软件服务,22.07,-0.040851803563668,0.0292421746293243,17.2358,0.6618975903614459,0.8915985907347157,0.0064542487351286,0.1559867723217071,-14.920255773464849,154.9367,6.4108,3018455.3152
2025-02-20,600603.SH,区域地产,9.98,0.0070635721493441,-0.0527426160337552,0.7299,0.1027624309392265,0.4876902002887711,0.0315630661624992,0.5809562539940742,-13.990255562285034,31.6826,1.7213,1190942.4927
2025-02-20,600605.SH,房产服务,37.94,0.0066330591668877,-0.0370270270270269,1.4343,0.0861723446893787,0.1415914795468422,0.014249906306866,0.1771071321042098,-13.5704223948321,70.1759,5.6463,782635.5356
2025-02-20,600651.SH,电器仪表,4.39,0.0281030444964871,0.0644444444444445,1.254,0.1030150753768843,-0.0241092812158126,0.0044220726873775,0.2219805101112122,-13.911352685895467,226.1383,4.5049,1100585.2986
2025-02-20,600654.SH,仓储物流,3.56,0.0056497175141243,0.0502793296089385,2.7075,0.1194968553459119,0.0111810243234127,0.0068360596678632,0.1599232368463137,-13.83970880818258,146.2831,6.253,1024493.4038
2025-02-21,000001.SZ,银行,11.64,-0.0017152658662091,-0.0051768766177739,0.5019,0.0060501296456352,0.2284857366824579,0.2060750937641676,1.8406037180195105,-16.932950988574742,4.8526,0.5433,22588488.7825
2025-02-21,000007.SZ,其他商业,6.49,-0.015174506828528,-0.0559757942511346,1.2109,-0.0833333333333332,-0.1778385821336663,0.0125856769961513,0.0573443816842044,-12.323165579120891,79.4554,17.4385,224844.7806
2025-02-21,000009.SZ,电气设备,8.75,0.0034403669724769,-0.0306122448979591,1.2208,0.0115606936416183,0.2171098990004438,0.0205297496602326,0.4496402877697841,-14.629463853135944,48.7098,2.224,2256812.2194
2025-02-21,000011.SZ,房产服务,8.26,-0.0084033613445378,-0.0059808612440189,0.7173,-0.0131421744324969,-0.1247066039182384,0.0479899413083017,0.909835319807115,-13.106800359450329,20.8377,1.0991,492278.73
2025-02-21,000012.SZ,玻璃,4.96,0.0040485829959513,-0.0040160642570281,0.5908,-0.0236220472440945,-0.0813212114056322,0.0640413963586062,0.9238728750923872,-14.236234183935863,15.6149,1.0824,1523063.2851
2025-02-21,000017.SZ,服饰,5.78,-0.0153321976149914,-0.0332749562171629,3.4788,0.0052173913043478,-0.1944195808512607,0.005088540606554,0.0793732686705771,-12.89508351157381,196.52,12.5987,398348.8913
2025-02-21,600601.SH,元器件,5.19,0.0176470588235295,-0.0652173913043476,5.6473,-0.0406654343807763,-0.4285743273062999,0.0104544442365171,0.1875996623206078,-14.587645528121136,95.6531,5.3305,2164382.216
2025-02-21,600602.SH,软件服务,24.28,0.1001359311282283,-0.1579932609509547,19.3564,0.8449848024316111,0.7739282862413503,0.00586677492822,0.1417896692047017,-15.015689519370486,170.4514,7.0527,3320711.1487
2025-02-21,600603.SH,区域地产,9.48,-0.0501002004008016,-0.0602910602910603,1.1749,0.0,0.6973995271867612,0.0332277797529846,0.611583389395144,-13.938856788184482,30.0953,1.6351,1131276.0351
2025-02-21,600605.SH,房产服务,37.0,-0.0247759620453347,-0.0300772626931568,1.4803,0.0623026126902095,0.1226537184693852,0.0146119361984417,0.1816068574749382,-13.545334343002676,68.4372,5.5064,763244.9873
2025-02-21,600651.SH,电器仪表,4.5,0.0250569476082005,-0.0828282828282828,1.7857,0.1221945137157107,0.1569826308281823,0.0043139763775281,0.2165533370869245,-13.93610085561535,231.8047,4.6178,1128162.6068
2025-02-21,600654.SH,仓储物流,3.58,0.0056179775280897,-0.0385674931129476,3.3314,0.1118012422360248,-0.0502407977902614,0.0067978700913429,0.1590305497686105,-13.845311063711618,147.1049,6.2881,1030248.9847
2025-02-24,000001.SZ,银行,11.59,-0.0042955326460482,0.0034873583260679,0.4895,0.0122270742358079,0.0214902489364392,0.2069622087006912,1.8484288354898333,-16.928646203622673,4.8318,0.541,22491459.1915
2025-02-24,000007.SZ,其他商业,6.61,0.0184899845916794,-0.0186046511627907,2.1412,-0.0690140845070421,-0.0639474785049766,0.0123571971405445,0.056303453090778,-12.341486702142667,80.9245,17.7609,229002.1571
2025-02-24,000009.SZ,电气设备,8.82,0.008,0.0126582278481013,1.1972,0.0184757505773671,0.1627251464326411,0.0203668476600528,0.4460701222232134,-14.637432022760857,49.0994,2.2418,2274866.7171
2025-02-24,000011.SZ,房产服务,8.36,0.0121065375302662,-0.0012062726176115,0.7588,-0.0035756853396902,-0.1932088205930605,0.0474158368895211,0.8989572096368212,-13.118834198973715,21.09,1.1124,498238.5209
2025-02-24,000012.SZ,玻璃,4.98,0.0040322580645162,0.0040485829959513,0.6753,-0.0216110019646363,-0.1094068269628064,0.0637844595542742,0.9201324990798676,-14.24025833422636,15.6778,1.0868,1529204.6693
2025-02-24,000017.SZ,服饰,5.71,-0.0121107266435986,-0.0087873462214412,4.0413,0.0124113475177305,-0.1751829570178468,0.0051509220150406,0.0803464539092567,-12.882898852382906,194.14,12.4461,393524.5967
2025-02-24,600601.SH,元器件,5.06,-0.0250481695568401,-0.066,4.3817,-0.0964285714285714,-0.4263071529797866,0.0107230326452005,0.1924187030979411,-14.562278314210571,93.2572,5.197,2110168.4032
2025-02-24,600602.SH,软件服务,26.71,0.1000823723228994,-0.2406249999999999,1.3296,1.0296352583586628,0.5244996234993835,0.0053330318392666,0.1288908938583489,-15.111074580311737,187.5106,7.7585,3653055.7983
2025-02-24,600603.SH,区域地产,9.62,0.0147679324894514,-0.0185185185185184,0.8106,0.0234042553191489,0.7192010101780524,0.0327442640235496,0.6027000964320154,-13.953516736670698,30.5397,1.6592,1147982.6433
2025-02-24,600605.SH,房产服务,36.24,-0.0205405405405404,-0.0197661469933184,1.7067,0.0519593613933235,-0.0398478693059035,0.0149183592788465,0.1854152374242115,-13.524579911538584,67.0315,5.3933,747567.5227
2025-02-24,600651.SH,电器仪表,4.95,0.1,-0.1203155818540434,1.2012,0.2437185929648242,0.2185378802242747,0.0039217977834783,0.1968658949523584,-14.03141103535521,254.9851,5.0796,1240978.8674
2025-02-24,600654.SH,仓储物流,3.63,0.0139664804469272,-0.0733695652173913,4.9358,0.141509433962264,-0.0652737193924787,0.0067042372120027,0.1568406028952775,-13.859180911575502,149.1594,6.3759,1044637.937
2025-02-25,000001.SZ,银行,11.47,-0.0103537532355477,-0.0008680555555555,0.4726,0.0043782837127845,-0.1690321714242547,0.2091262704420929,1.867762420620097,-16.918238477411222,4.7818,0.5354,22258588.1731
2025-02-25,000007.SZ,其他商业,6.45,-0.0242057488653555,-0.00920245398773,1.4963,-0.1029207232267037,-0.0249929047200255,0.0126637261494547,0.0577000750100975,-12.316983179106389,78.9657,17.331,223458.9884
2025-02-25,000009.SZ,电气设备,8.69,-0.0147392290249434,-0.0090805902383654,0.8341,-0.0034403669724771,0.0102195213914613,0.0206715355023286,0.452755014261783,-14.622583092039338,48.3757,2.2087,2241336.9356
2025-02-25,000011.SZ,房产服务,8.29,-0.0083732057416268,-0.0188902007083825,0.6578,-0.0315420560747664,-0.2197783946662869,0.0478162326546616,0.9065361254645998,-13.110425741113165,20.9134,1.1031,494066.6673
2025-02-25,000012.SZ,玻璃,4.94,-0.0080321285140562,-0.0119521912350596,0.5618,0.0020283975659229,-0.1019256864927502,0.0643008249795844,0.927557740469344,-14.232193774408165,15.5519,1.0781,1516921.9009
2025-02-25,000017.SZ,服饰,5.69,-0.0035026269702276,0.0052083333333334,2.6788,-0.0121527777777776,-0.1996898409188087,0.005169027189083,0.0806289054626083,-12.879390077021148,193.46,12.4025,392146.2269
2025-02-25,600601.SH,元器件,5.0,-0.0118577075098813,-0.0615079365079364,3.3503,-0.0825688073394496,-0.3977699148690639,0.010851707082041,0.194730590228419,-14.550349743355724,92.1514,5.1353,2085146.6435
2025-02-25,600602.SH,软件服务,28.8,0.0782478472482215,-0.1893856779352962,29.2251,1.1460506706408349,0.3790093153398097,0.0049460167007199,0.1195371521468872,-15.186411940333134,202.1829,8.3656,3938899.5504
2025-02-25,600603.SH,区域地产,9.18,-0.0457380457380457,0.0033557046979866,0.8618,-0.0397489539748955,0.5482718295218296,0.0343136750289092,0.6315922440472431,-13.90669967657595,29.1429,1.5833,1095476.1606
2025-02-25,600605.SH,房产服务,35.92,-0.0088300220750552,0.0011277135607554,1.3763,0.0478413068844807,-0.0400960232477334,0.0150512646072523,0.1870662401556391,-13.51571067383564,66.4396,5.3457,740966.485
2025-02-25,600651.SH,电器仪表,5.07,0.0242424242424241,-0.0933062880324543,6.0807,0.251851851851852,0.854163426087468,0.0038289735364323,0.1922041977396786,-14.055364276393917,261.1666,5.2028,1271063.2036
2025-02-25,600654.SH,仓储物流,3.68,0.0137741046831956,-0.0544959128065394,5.2561,0.1536050156739812,-0.0397657352667876,0.006613144285582,0.1547077570469383,-13.87286101547932,151.214,6.4638,1059026.8893
2025-02-26,000001.SZ,银行,11.52,0.0043591979075849,0.0034423407917385,0.4337,0.0167696381288613,-0.225158206543692,0.208220547203598,1.859773107680863,-16.922588201538137,4.8026,0.5377,22355617.7641
2025-02-26,000007.SZ,其他商业,6.52,0.0108527131782945,-0.0123266563944529,1.1003,-0.0855539971949509,-0.0084556438178408,0.0125277646584242,0.0570805577912107,-12.327777424200889,79.8227,17.5191,225884.1247
2025-02-26,000009.SZ,电气设备,8.81,0.0138089758342923,-0.0159453302961274,1.0493,0.0196759259259258,-0.0205777283588444,0.0203899371582136,0.4465880671668453,-14.636297592718837,49.0438,2.2392,2272287.5032
2025-02-26,000011.SZ,房产服务,8.47,0.0217129071170085,-0.0353356890459364,1.5346,-0.0035294117647057,-0.0200506653466499,0.0468000468000468,0.8873114463176575,-13.13190628051761,21.3675,1.127,504794.2909
2025-02-26,000012.SZ,玻璃,5.02,0.0161943319838056,-0.0120240480961925,0.8321,0.0224032586558042,-0.0251446021466559,0.0632759209810298,0.9128251939753538,-14.2482583768752,15.8038,1.0955,1541487.4377
2025-02-26,000017.SZ,服饰,5.76,0.0123022847100173,-0.001736111111111,3.6564,0.0249110320284697,-0.1781276846573986,0.0051062091503267,0.079648907615232,-12.891617303511904,195.84,12.5551,396970.5214
2025-02-26,600601.SH,元器件,5.04,0.008,-0.0344129554655872,3.453,-0.1047957371225577,-0.3726048755578791,0.0107655837207149,0.1931844525152615,-14.558317912982064,92.8886,5.1764,2101827.8166
2025-02-26,600602.SH,软件服务,27.51,-0.0447916666666666,-0.0480192076830732,21.7209,1.0453531598513015,0.2341061674201514,0.0051779452670473,0.125142349422468,-15.140586128126388,193.1268,7.9909,3762469.6747
2025-02-26,600603.SH,区域地产,8.94,-0.0261437908496732,-0.0278396436525611,1.4263,-0.0677789363920751,0.4859306555794784,0.0352348402099996,0.6485504896556197,-13.880208061151029,28.381,1.5419,1066836.261
2025-02-26,600605.SH,房产服务,35.47,-0.0125278396436526,-0.0123491439797924,1.7931,0.0254408788667244,-0.0414867308898978,0.015242229511395,0.1894405819614678,-13.503103699194552,65.6072,5.2787,731683.7757
2025-02-26,600651.SH,电器仪表,4.93,-0.0276134122287969,-0.0563674321503132,3.0701,0.2202970297029702,1.0420947494024313,0.0039377070495587,0.1976636160581921,-14.027362446853402,253.9549,5.0591,1235964.8114
2025-02-26,600654.SH,仓储物流,3.67,-0.0027173913043478,-0.0718085106382977,3.695,0.1762820512820513,-0.0237846484357298,0.0066311634177281,0.1551301541993732,-13.87013992532714,150.8031,6.4462,1056149.0988
2025-02-27,000001.SZ,银行,11.62,0.0086805555555555,0.0086730268863834,0.5036,0.047790802524797,-0.1785231684997348,0.2064281733170943,1.843657817109145,-16.931231297695042,4.8443,0.5424,22549676.9461
2025-02-27,000007.SZ,其他商业,6.49,-0.0046012269938648,0.0304487179487178,1.1213,-0.0688665710186513,-0.0106976190975938,0.0125856769961513,0.0573443816842044,-12.323165579120891,79.4554,17.4385,224844.7806
2025-02-27,000009.SZ,电气设备,8.78,-0.0034052213393871,0.0175438596491226,1.339,0.0257009345794392,0.0224042923433875,0.0204596045567631,0.4481089801039613,-14.632886560415615,48.8768,2.2316,2264549.8613
2025-02-27,000011.SZ,房产服务,8.49,0.0023612750885477,0.0036101083032489,0.8545,0.0192076830732292,0.0470573936998304,0.0466897002521243,0.8851907586084802,-13.134264772208637,21.418,1.1297,505986.2491
2025-02-27,000012.SZ,玻璃,4.99,-0.0059760956175297,-0.002016129032258,0.7206,0.0183673469387755,-0.0034930507450369,0.0636565601268038,0.9182736455463728,-14.24226435294864,15.7093,1.089,1532275.3614
2025-02-27,000017.SZ,服饰,5.76,0.0,0.0471014492753625,4.0282,0.0453720508166968,-0.1157288370253164,0.0051062091503267,0.079648907615232,-12.891617303511904,195.84,12.5551,396970.5214
2025-02-27,600601.SH,元器件,4.94,-0.0198412698412697,0.029598308668076,3.3283,-0.1669477234401347,-0.3691833655224851,0.01098350716564,0.1970948223190177,-14.538277162132134,91.0456,5.0737,2060124.8838
2025-02-27,600602.SH,软件服务,24.99,-0.0916030534351146,0.0978212538906182,19.2943,0.8635346756152125,0.1941486567415078,0.0057000908594482,0.137761919850115,-15.044512298024928,175.4358,7.2589,3417815.964
2025-02-27,600603.SH,区域地产,8.98,0.0044742729306488,-0.0829646017699115,0.6596,-0.0770811921891058,0.4265327810188901,0.0350778728777886,0.6456611570247934,-13.884672354275956,28.508,1.5488,1071609.5776
2025-02-27,600605.SH,房产服务,35.63,0.0045108542430223,0.0036984352773827,1.3775,0.0439496044535598,-0.0682749792937279,0.0151737700142026,0.1885902876001886,-13.507604409939464,65.9032,5.3025,734984.2945
2025-02-27,600651.SH,电器仪表,4.79,-0.0283975659229208,0.002202643171806,2.2555,0.2157360406091371,1.0612214210530082,0.0040527965917601,0.203442242747284,-13.998553870230072,246.7432,4.9154,1200866.4192
2025-02-27,600654.SH,仓储物流,3.76,0.0245231607629428,0.0401146131805156,6.4534,0.2287581699346403,0.091615066157406,0.0064724416379937,0.1514165013703193,-13.894367220718369,154.5012,6.6043,1082049.213
2025-02-28,000001.SZ,银行,11.53,-0.0077452667814112,0.0139009556907037,0.4891,0.0185512367491165,-0.1620033330409612,0.2080386119663809,1.858045336306206,-16.923455880551447,4.8068,0.5382,22375023.6823
2025-02-28,000007.SZ,其他商业,6.24,-0.0385208012326656,0.0063191153238546,1.6851,-0.1034482758620689,0.0350081115101128,0.0130899133055041,0.0596420285446748,-12.283883230794071,76.3947,16.7667,216183.5795
2025-02-28,000009.SZ,电气设备,8.55,-0.0261958997722093,-0.025,1.2404,0.0023446658851116,-0.0069652788743266,0.0210099923523627,0.4601721043670333,-14.60634143571535,47.5964,2.1731,2205227.9401
2025-02-28,000011.SZ,房产服务,8.31,-0.0212014134275617,-0.0108695652173912,1.0884,0.027194066749073,0.1548408409825621,0.0477010479920243,0.9044044496698924,-13.112835380865468,20.9639,1.1057,495258.6255
2025-02-28,000012.SZ,玻璃,4.96,-0.0060120240480961,-0.0060483870967742,0.7327,0.0040485829959513,0.0457254395535067,0.0640413963586062,0.9238728750923872,-14.236234183935863,15.6149,1.0824,1523063.2851
2025-02-28,000017.SZ,服饰,5.52,-0.0416666666666667,0.0070921985815601,3.5413,0.0036363636363636,-0.114110259853092,0.0053282182438192,0.0831123928889036,-12.849057689071202,187.68,12.0319,380430.083
2025-02-28,600601.SH,元器件,4.73,-0.0425101214574898,0.051391862955032,2.9529,-0.1336996336996336,-0.3961258246949072,0.01147115234608,0.2058460271716756,-14.494837033450308,87.1752,4.858,1972548.7248
2025-02-28,600602.SH,软件服务,22.49,-0.1000400160064025,0.2418838591678096,13.5835,0.674609084139985,0.0879811313402074,0.006333715889773,0.1530760634959511,-14.939107319164084,157.8852,6.5327,3075897.6003
2025-02-28,600603.SH,区域地产,9.04,0.0066815144766145,-0.0843507214206437,0.5168,-0.0632124352331607,0.2122698690637383,0.0348451481615699,0.6413545407901489,-13.89133164636036,28.6984,1.5592,1078769.5525
2025-02-28,600605.SH,房产服务,35.15,-0.0134717934325008,0.0397614314115308,1.0776,0.0118019573978123,-0.1004276257262581,0.0153809712775742,0.1911643822522987,-13.494041048566856,65.0154,5.2311,725082.7379
2025-02-28,600651.SH,电器仪表,4.54,-0.0521920668058455,0.0448430493273543,1.8405,0.1522842639593908,0.992271124272186,0.0042759675231714,0.2146429414668698,-13.944950470839228,233.8652,4.6589,1138190.7188
2025-02-28,600654.SH,仓储物流,3.49,-0.0718085106382977,0.0498533724340175,4.5925,0.1442622950819674,0.1240966082514662,0.0069731748935021,0.1631321370309951,-13.819849999454108,143.4067,6.13,1004348.8705
2025-03-03,000001.SZ,银行,11.51,-0.0017346053772766,0.0069504778453519,0.4279,0.0149911816578482,-0.1793687180391465,0.2084028009336445,1.8615040953090096,-16.921719769004092,4.7984,0.5372,22336211.8459
2025-03-03,000007.SZ,其他商业,6.33,0.0144230769230768,-0.0108359133126935,1.6701,-0.0826086956521739,-0.0393464442874993,0.0129038085590962,0.0587937866726244,-12.298203284584163,77.4965,17.0086,219301.6119
2025-03-03,000009.SZ,电气设备,8.8,0.0292397660818712,-0.0217640320733105,1.7299,0.0304449648711946,0.029346010322216,0.0204131207374852,0.4470872267179326,-14.635161874239506,48.9881,2.2367,2269708.2892
2025-03-03,000011.SZ,房产服务,8.28,-0.0036101083032492,-0.0108303249097472,1.0321,0.0222222222222221,0.1998165702112349,0.047873919246273,0.907605736068252,-13.109218740346996,20.8882,1.1018,493470.6882
2025-03-03,000012.SZ,玻璃,4.96,0.0,-0.0080645161290322,0.8067,0.002020202020202,0.0738552871333684,0.0640413963586062,0.9238728750923872,-14.236234183935863,15.6149,1.0824,1523063.2851
2025-03-03,000017.SZ,服饰,5.64,0.0217391304347827,-0.003454231433506,4.18,0.0180505415162455,-0.1110832577606398,0.005214851898206,0.0813437995688778,-12.870563894303352,191.76,12.2935,388700.3022
2025-03-03,600601.SH,元器件,4.67,-0.0126849894291756,0.0359408033826638,1.9322,-0.1221804511278196,-0.4398352709021492,0.011618531092351,0.2084897006087899,-14.48207090258754,86.0694,4.7964,1947526.965
2025-03-03,600602.SH,软件服务,21.87,-0.0275678079146286,0.2394618834080717,9.3882,0.5677419354838711,0.1729741038269332,0.0065132747051766,0.1574133832858469,-14.911152387884924,153.5326,6.3527,2991101.8461
2025-03-03,600603.SH,区域地产,9.01,-0.0033185840707964,-0.0735785953177258,0.3323,-0.0739979445015417,0.0783529896263055,0.0349611232309671,0.6435006435006435,-13.888007543625802,28.6032,1.554,1075189.5651
2025-03-03,600605.SH,房产服务,35.21,0.0017069701280227,0.0504083356800901,1.6055,0.0298332845861364,-0.125306233554124,0.0153547798661984,0.1908396946564885,-13.495746563513023,65.1263,5.24,726320.4325
2025-03-03,600651.SH,电器仪表,4.46,-0.0176211453744493,0.0089485458612974,1.305,0.1149999999999999,0.9654037189482678,0.0043526670096568,0.2184932704072714,-13.927172224835674,229.7442,4.5768,1118134.4947
2025-03-03,600654.SH,仓储物流,3.41,-0.0229226361031519,0.063400576368876,2.782,0.1,0.0156376270578098,0.007136765403816,0.166958844644795,-13.796660554615784,140.1195,5.9895,981326.5469
2025-03-04,000001.SZ,银行,11.51,0.0,-0.0042881646655231,0.3521,0.0034873583260679,-0.204936714562407,0.2084028009336445,1.8615040953090096,-16.921719769004092,4.7984,0.5372,22336211.8459
2025-03-04,000007.SZ,其他商业,6.46,0.0205371248025276,-0.0093603744149767,1.165,-0.0705035971223021,-0.0789796343541771,0.0126441272454389,0.0576106556668721,-12.31853236589648,79.0881,17.3579,223805.4364
2025-03-04,000009.SZ,电气设备,8.73,-0.0079545454545454,-0.0046296296296297,0.8788,0.0505415162454874,0.0322036142185742,0.0205768091130572,0.4506737572671143,-14.627175522586873,48.5984,2.2189,2251653.7914
2025-03-04,000011.SZ,房产服务,8.31,0.0036231884057973,0.0219780219780219,0.7607,0.0259259259259261,0.2187144104197622,0.0477010479920243,0.9044044496698924,-13.112835380865468,20.9639,1.1057,495258.6255
2025-03-04,000012.SZ,玻璃,4.96,0.0,0.0,0.6188,-0.0040160642570281,0.0903588349799828,0.0640413963586062,0.9238728750923872,-14.236234183935863,15.6149,1.0824,1523063.2851
2025-03-04,000017.SZ,服饰,5.79,0.0265957446808511,0.1043478260869563,5.0761,0.0394973070017952,-0.0088987172104771,0.0050797521080971,0.0792361633849689,-12.896812120391616,196.86,12.6205,399038.0762
2025-03-04,600601.SH,元器件,4.73,0.0128479657387581,0.058700209643606,1.6416,-0.0707269155206286,-0.4798992470888935,0.01147115234608,0.2058460271716756,-14.494837033450308,87.1752,4.858,1972548.7248
2025-03-04,600602.SH,软件服务,22.3,0.0196616369455875,0.208911307271963,8.664,0.6397058823529413,-0.0990826319481925,0.0063876825040737,0.1543781647523774,-14.9306232316737,156.5513,6.4776,3049911.8047
2025-03-04,600603.SH,区域地产,8.97,-0.004439511653718,-0.0343642611683849,0.5471,-0.0487804878048779,-0.0189125795067935,0.0351170451113561,0.646370628918622,-13.88355814798678,28.4762,1.5471,1070416.2484
2025-03-04,600605.SH,房产服务,35.51,0.0085203067310422,0.0366581415174764,1.2921,-0.0097601784718349,-0.1019282188561393,0.0152250567894618,0.1892255000283838,-13.50423077734212,65.6812,5.2847,732508.9054
2025-03-04,600651.SH,电器仪表,4.47,0.0022421524663676,0.0376106194690266,0.9105,0.1345177664974619,0.2528511524799015,0.0043429299055456,0.2180074122520165,-13.929411867415771,230.2593,4.587,1120641.5227
2025-03-04,600654.SH,仓储物流,3.47,0.0175953079178885,0.0630372492836675,2.0875,0.1414473684210526,-0.1294481142126572,0.0070133653703863,0.1640716008466094,-13.814102857218336,142.5849,6.0949,998593.2896
2025-03-05,000001.SZ,银行,11.66,0.0130321459600348,0.0189165950128975,0.5569,0.0255057167985928,-0.169690273372064,0.2057189878625797,1.8372221201543264,-16.934667727193972,4.861,0.5443,22627300.6189
2025-03-05,000007.SZ,其他商业,6.41,-0.0077399380804953,-0.0264385692068429,1.2128,-0.0842857142857143,-0.0672645129684567,0.0127427493756052,0.0580602084361482,-12.31076231912377,78.476,17.2235,222073.1962
2025-03-05,000009.SZ,电气设备,8.64,-0.0103092783505154,-0.0137931034482757,0.8773,0.0322580645161292,-0.0119607579626395,0.0207911446356767,0.4553734061930783,-14.616812735589258,48.0974,2.196,2228440.8658
2025-03-05,000011.SZ,房产服务,8.19,-0.0144404332129964,0.0071942446043165,0.8073,0.0049079754601226,0.0275490816972769,0.0484001335843686,0.9175995595522112,-13.09828966966783,20.6611,1.0898,488106.8763
2025-03-05,000012.SZ,玻璃,4.93,-0.0060483870967742,-0.0080808080808081,0.5051,0.0,-0.0020496335727033,0.0644313290894564,0.9294544102611766,-14.23016743126761,15.5204,1.0759,1513851.2088
2025-03-05,000017.SZ,服饰,5.75,-0.006908462867012,0.0934256055363322,3.6593,0.0195035460992909,-0.0131991579515292,0.0051150895140664,0.079787446243208,-12.889879683696602,195.5,12.5333,396281.3365
2025-03-05,600601.SH,元器件,4.77,0.0084566596194501,0.0246406570841888,1.8064,-0.0628683693516699,-0.5262641004313282,0.0113749596188933,0.2041191239207201,-14.503258135822378,87.9124,4.8991,1989229.8979
2025-03-05,600602.SH,软件服务,23.79,0.0668161434977578,0.1296071283920614,14.8572,0.5902406417112298,-0.2119075428413984,0.0059876116315343,0.1447094234776568,-14.99530187749227,167.0115,6.9104,3253695.1494
2025-03-05,600603.SH,区域地产,8.73,-0.0267558528428093,0.0108564535585045,0.664,-0.0438116100766703,-0.2450819160230655,0.0360824556276001,0.6641429235571494,-13.856437841789417,27.7143,1.5057,1041776.3488
2025-03-05,600605.SH,房产服务,35.19,-0.009011546043368,0.034580498866213,1.4,-0.0151133501259446,-0.1605165420894779,0.0153635082878445,0.1909490166125644,-13.495178381759448,65.0893,5.237,725907.8677
2025-03-05,600651.SH,电器仪表,4.52,0.0111856823266218,0.0285714285714284,0.9851,0.1160493827160493,-0.0270421633730697,0.0042948887817075,0.2155915833045878,-13.940535452656547,232.8349,4.6384,1133176.6628
2025-03-05,600654.SH,仓储物流,3.49,0.005763688760807,0.0303030303030304,2.0861,0.1009463722397476,-0.1847202124985566,0.0069731748935021,0.1631321370309951,-13.819849999454108,143.4067,6.13,1004348.8705
2025-03-06,000001.SZ,银行,11.63,-0.0025728987993138,0.0145672664952869,0.4521,0.0237676056338029,-0.1851196065280572,0.2062493554707641,1.841959845275373,-16.932091512801936,4.8485,0.5429,22569082.8643
2025-03-06,000007.SZ,其他商业,6.43,0.0031201248049921,-0.0266875981161694,0.9901,-0.0814285714285715,-0.0660058556102373,0.0127031229357425,0.0578797490334081,-12.313877586494645,78.7208,17.2772,222766.0923
2025-03-06,000009.SZ,电气设备,8.7,0.0069444444444441,-0.006993006993007,0.8979,0.0235294117647058,-0.0889276761524475,0.0206477615761675,0.4522226744448966,-14.623733178438163,48.4314,2.2113,2243916.1496
2025-03-06,000011.SZ,房产服务,8.34,0.0183150183150182,0.0219780219780219,0.8408,0.019559902200489,0.0305281419754841,0.0475296466170774,0.901144453455889,-13.116438988215512,21.0395,1.1097,497046.5627
2025-03-06,000012.SZ,玻璃,4.95,0.0040567951318459,-0.0020283975659228,0.7189,-0.002016129032258,-0.0205251840750637,0.0641708484669584,0.925754489909276,-14.23421601978427,15.5834,1.0802,1519992.593
2025-03-06,000017.SZ,服饰,5.78,0.0052173913043478,0.1214788732394367,3.4698,0.0140350877192982,-0.0302851866225929,0.005088540606554,0.0793732686705771,-12.89508351157381,196.52,12.5987,398348.8913
2025-03-06,600601.SH,元器件,4.87,0.0209643605870022,0.0,2.3518,-0.0759013282732447,-0.543823359579212,0.0111413785227646,0.1999280259106721,-14.524005768031389,89.7555,5.0018,2030932.8308
2025-03-06,600602.SH,软件服务,24.69,0.0378310214375789,-0.0427098674521354,14.6715,0.5888030888030891,-0.2718190059901556,0.0057693517037184,0.1394350093421456,-15.032434856549802,173.3297,7.1718,3376785.7604
2025-03-06,600603.SH,区域地产,8.29,-0.0504009163802979,0.0109090909090909,1.4983,-0.1057173678532902,-0.0860877828286719,0.0379975301605395,0.6993985172751433,-13.804722441128414,26.3175,1.4298,989269.8662
2025-03-06,600605.SH,房产服务,35.28,0.0025575447570334,-0.0232177000819449,1.7505,-0.0224438902743142,-0.1244293990796658,0.0153243083373431,0.190461679110163,-13.497732661480557,65.2558,5.2504,727764.4095
2025-03-06,600651.SH,电器仪表,4.55,0.0066371681415928,-0.0128755364806868,1.063,0.1043689320388348,-0.1894890239570849,0.0042665701852928,0.214174037823135,-13.9471506917357,234.3803,4.6691,1140697.7468
2025-03-06,600654.SH,仓储物流,3.63,0.0401146131805156,-0.0083798882681564,4.0061,0.1033434650455926,-0.297622609090283,0.0067042372120027,0.1568406028952775,-13.859180911575502,149.1594,6.3759,1044637.937
2025-03-07,000001.SZ,银行,11.67,0.0034393809114359,0.0327868852459016,0.4306,0.0254833040421791,-0.1845551902128989,0.2055456208505477,1.8358729575913348,-16.93552499257018,4.8651,0.5447,22646706.5371
2025-03-07,000007.SZ,其他商业,6.37,-0.0093312597200621,-0.0062597809076682,0.9813,-0.0834532374100719,-0.120191183348924,0.0128227814664645,0.058424865622809,-12.3045025176664,77.9862,17.116,220687.404
2025-03-07,000009.SZ,电气设备,8.58,-0.0137931034482757,0.009367681498829,0.9526,-0.0046403712296982,-0.1320012036336726,0.0209365329938823,0.458547322083639,-14.609844066268773,47.7634,2.1808,2212965.582
2025-03-07,000011.SZ,房产服务,8.19,-0.0179856115107913,0.0316301703163017,0.7715,-0.0096735187424426,-0.0226676875246513,0.0484001335843686,0.9175995595522112,-13.09828966966783,20.6611,1.0898,488106.8763
2025-03-07,000012.SZ,玻璃,4.93,-0.0040404040404041,0.0101626016260161,0.5515,-0.025691699604743,-0.0419968126416917,0.0644313290894564,0.9294544102611766,-14.23016743126761,15.5204,1.0759,1513851.2088
2025-03-07,000017.SZ,服饰,5.68,-0.0173010380622837,0.1039861351819757,3.0606,-0.0121739130434782,-0.0338438836437171,0.0051781275890637,0.0807708772524978,-12.877631061444916,193.12,12.3807,391457.0419
2025-03-07,600601.SH,元器件,4.91,0.0082135523613962,0.1020408163265305,3.2917,-0.0647619047619046,-0.5051216410799722,0.0110506151324913,0.1982985980289119,-14.532185772719751,90.4927,5.0429,2047614.0039
2025-03-07,600602.SH,软件服务,27.16,0.1000405022276225,-0.0777858176555716,20.6321,0.6581196581196582,-0.1970111434671738,0.0052446718067946,0.1267539578923351,-15.127781855887113,190.6697,7.8893,3714601.1038
2025-03-07,600603.SH,区域地产,8.25,-0.0048250904704462,0.0216606498194944,0.5049,-0.1521068859198355,-0.0786017692217762,0.0381817834711059,0.7027900766041183,-13.799885672331966,26.1905,1.4229,984496.5496
2025-03-07,600605.SH,房产服务,36.61,0.0376984126984125,-0.0348525469168899,2.7341,0.0096525096525097,0.0404433215947492,0.0147675804353187,0.1835401218706409,-13.534737857531647,67.7159,5.4484,755199.9726
2025-03-07,600651.SH,电器仪表,4.66,0.0241758241758243,0.0221729490022173,2.2382,0.1095238095238095,-0.1664866562613174,0.0041658577959446,0.2091175240485152,-13.971038906940873,240.0466,4.782,1168275.055
2025-03-07,600654.SH,仓储物流,3.58,-0.0137741046831955,-0.0243902439024389,3.5169,0.081570996978852,-0.3427317854864958,0.0067978700913429,0.1590305497686105,-13.845311063711618,147.1049,6.2881,1030248.9847
2025-03-10,000001.SZ,银行,11.59,-0.0068551842330762,-0.0094745908699396,0.3421,0.0139982502187225,-0.2023848461344373,0.2069622087006912,1.8484288354898333,-16.928646203622673,4.8318,0.541,22491459.1915
2025-03-10,000007.SZ,其他商业,6.39,0.0031397174254317,0.0031496062992126,0.8676,-0.0752532561505066,-0.2063741989465075,0.0127826401520622,0.0582417966429428,-12.307637316526373,78.2311,17.1698,221380.3001
2025-03-10,000009.SZ,电气设备,8.54,-0.0046620046620047,0.0011627906976743,0.588,0.0,-0.3040376303498394,0.0210346082409388,0.4607021100156639,-14.605171160551285,47.5407,2.1706,2202648.7261
2025-03-10,000011.SZ,房产服务,8.22,0.0036630036630038,0.0191158900836321,0.441,-0.0306603773584905,-0.1300023423845473,0.0482234481694379,0.91424392027793,-13.10194598092029,20.7368,1.0938,489894.8136
2025-03-10,000012.SZ,玻璃,4.92,-0.0020283975659228,0.0162271805273834,0.4699,-0.021868787276342,-0.1257687905379629,0.0645619471883272,0.9313588525658936,-14.228136973655737,15.489,1.0737,1510780.5166
2025-03-10,000017.SZ,服饰,5.77,0.0158450704225352,0.0188976377952756,3.1542,-0.0286195286195287,-0.065013774803847,0.0050973595677439,0.0795108492553808,-12.89335190924116,196.18,12.5769,397659.7063
2025-03-10,600601.SH,元器件,4.9,-0.0020366598778003,0.0772277227722773,2.0734,-0.1139240506329113,-0.4605442439821032,0.0110731670586567,0.1987044470055239,-14.530147036023523,90.3084,5.0326,2043443.7106
2025-03-10,600602.SH,软件服务,27.64,0.0176730486008835,-0.0872739916550765,20.7961,0.6060429982568274,-0.0770541529050816,0.0051535925178082,0.1245531655187016,-15.145300552085413,194.0394,8.0287,3780249.4296
2025-03-10,600603.SH,区域地产,8.31,0.0072727272727273,-0.0427046263345195,0.3468,-0.1868884540117417,-0.0476687124767672,0.0379060687616087,0.6976906439684644,-13.8071320808465,26.381,1.4333,991656.5245
2025-03-10,600605.SH,房产服务,37.3,0.0188473094782846,-0.0035635964912279,2.5627,0.0369752571587433,0.1254965519433057,0.0123600685736604,0.1797138954783984,-13.553409757047213,80.9057,5.5644,769433.4602
2025-03-10,600651.SH,电器仪表,4.51,-0.0321888412017168,0.0021321961620468,1.4023,0.0439814814814814,-0.1609349222646404,0.0043044114190869,0.2160713899872517,-13.9383206123403,232.3198,4.6281,1130669.6348
2025-03-10,600654.SH,仓储物流,3.69,0.0307262569832402,-0.0296495956873314,4.4911,0.0137362637362636,-0.2685302440650011,0.0065952228163052,0.1542900344066776,-13.875574721294363,151.6249,6.4813,1061904.6797
2025-03-11,000001.SZ,银行,11.61,0.0017256255392579,-0.0303797468354429,0.3138,0.0166374781085814,-0.2077130299163476,0.2066073015020351,1.8453589223103888,-16.93037034198099,4.8401,0.5419,22530271.0279
2025-03-11,000007.SZ,其他商业,6.35,-0.0062597809076682,0.0287539936102236,0.9239,-0.0564635958395246,-0.2132441011491345,0.0128631591404322,0.0586087455970179,-12.30135786093198,77.7414,17.0623,219994.5079
2025-03-11,000009.SZ,电气设备,8.6,0.0070257611241217,0.0081585081585082,0.6924,0.0213776722090262,-0.3292585480544364,0.0208878593495102,0.4574983987556044,-14.612172356014806,47.8747,2.1858,2218124.0099
2025-03-11,000011.SZ,房产服务,8.37,0.0182481751824816,0.0071428571428571,1.212,0.0023952095808381,-0.0555468591471722,0.0473592483140107,0.8979078746520608,-13.120029656394555,21.1152,1.1137,498834.5
2025-03-11,000012.SZ,玻璃,4.93,0.0020325203252031,0.0183299389002036,0.4544,-0.0159680638722554,-0.16987977738831,0.0644313290894564,0.9294544102611766,-14.23016743126761,15.5204,1.0759,1513851.2088
2025-03-11,000017.SZ,服饰,6.35,0.1005199306759099,0.0506329113924048,12.5703,0.0478547854785478,0.242558027189438,0.0046317739694302,0.0722485929586521,-12.989134641831685,215.9,13.8411,437632.4325
2025-03-11,600601.SH,元器件,5.05,0.0306122448979591,0.1202404809619237,4.1394,-0.066543438077634,-0.3289118707796666,0.0107442660538137,0.1928008174754661,-14.560300074192272,93.0729,5.1867,2105998.1099
2025-03-11,600602.SH,软件服务,28.76,0.0405209840810421,-0.0788813194693438,19.2751,0.6917647058823531,0.036434940395974,0.0049528954874664,0.119703136222169,-15.185022086049164,201.9021,8.354,3933428.8566
2025-03-11,600603.SH,区域地产,8.43,0.0144404332129963,-0.0847255369928402,0.5623,-0.1767578125,-0.038667795653401,0.0373665546915577,0.687757909215956,-13.821469243980705,26.7619,1.454,1005976.4743
2025-03-11,600605.SH,房产服务,36.48,-0.0219839142091152,-0.0054794520547946,1.5324,-0.04302203567681,0.2201240945074427,0.0126379112060358,0.1837559720690922,-13.531180595575217,79.127,5.442,752518.301
2025-03-11,600651.SH,电器仪表,4.69,0.0399113082039912,-0.0085470085470085,2.6341,0.1009389671361504,0.0019201251993861,0.0041392099076128,0.2077792553191489,-13.977456041223178,241.592,4.8128,1175796.139
2025-03-11,600654.SH,仓储物流,3.71,0.005420054200542,-0.0481283422459893,4.99,0.0164383561643834,-0.0726238664475766,0.0065596697075108,0.1534566101434819,-13.880980139936408,152.4467,6.5165,1067660.2607
2025-03-12,000001.SZ,银行,11.85,0.0206718346253229,-0.027027027027027,0.9674,0.0376532399299474,-0.0918151013825717,0.2024209546172219,1.807991321641656,-16.950831413850047,4.9402,0.5531,22996013.0646
2025-03-12,000007.SZ,其他商业,6.26,-0.0141732283464566,0.0193548387096773,1.3689,-0.0684523809523809,-0.1794174788330388,0.0130481018273866,0.0594512648256591,-12.28708323311833,76.6395,16.8205,216876.4755
2025-03-12,000009.SZ,电气设备,8.58,-0.0023255813953487,0.0046948356807512,0.5405,-0.0183066361556064,-0.3443343155638895,0.0209365329938823,0.458547322083639,-14.609844066268773,47.7634,2.1808,2212965.582
2025-03-12,000011.SZ,房产服务,8.4,0.0035842293906811,0.0131421744324971,1.8116,-0.0094339622641509,0.1097655609596153,0.0471900674346063,0.8946944618412813,-13.12360747779041,21.1909,1.1177,500622.4373
2025-03-12,000012.SZ,玻璃,4.91,-0.0040567951318457,0.0162601626016261,0.5041,-0.0219123505976094,-0.1653303436811383,0.0646935144751738,0.9332711152589828,-14.226102384962534,15.4575,1.0715,1507709.8245
2025-03-12,000017.SZ,服饰,6.32,-0.0047244094488188,0.0251177394034536,24.3086,0.0515806988352747,0.8267789747895207,0.0046537602382725,0.0725915924417633,-12.98439903708404,214.88,13.7757,435564.8777
2025-03-12,600601.SH,元器件,4.99,-0.0118811881188117,0.0794297352342159,2.5005,-0.1025179856115107,-0.2569011409058147,0.0108734536589715,0.1951181440362139,-14.548347740678803,91.9671,5.1251,2080976.3502
2025-03-12,600602.SH,软件服务,27.89,-0.0302503477051461,-0.008076923076923,18.4663,0.5783814374646292,0.0678912070135868,0.0051073957644366,0.1234369792502437,-15.154304754831944,195.7945,8.1013,3814441.266
2025-03-12,600603.SH,区域地产,8.38,-0.0059311981020164,-0.1067146282973621,0.2414,-0.1784313725490195,-0.1348467183320758,0.0375894629217537,0.691897875873521,-13.815520386415974,26.6032,1.4453,1000009.8285
2025-03-12,600605.SH,房产服务,36.5,0.0005482456140351,0.0304809843400448,1.5551,-0.0437516374115798,0.2322095101460199,0.0126309832967876,0.1836547291092745,-13.531728691013306,79.1704,5.445,752930.8659
2025-03-12,600651.SH,电器仪表,4.68,-0.002132196162047,-0.0086956521739131,1.5677,0.0493273542600896,0.0643837867718464,0.0041480540026854,0.2082248828735033,-13.975321568707267,241.0769,4.8025,1173289.111
2025-03-12,600654.SH,仓储物流,3.74,0.0080862533692722,-0.0140845070422535,4.5365,0.0,0.0671178094474944,0.006507052994741,0.1522255373561468,-13.889033874668874,153.6794,6.5692,1076293.632
2025-03-13,000001.SZ,银行,11.84,-0.00084388185654,-0.0401002506265664,0.6763,0.0295652173913043,-0.0084259461029998,0.2025931928687196,1.809299800977022,-16.94998717572468,4.936,0.5527,22976607.1464
2025-03-13,000007.SZ,其他商业,6.2,-0.0095846645367411,-0.0078740157480314,1.7446,-0.0760059612518628,-0.0797192082799163,0.0131743626902048,0.0600268920476373,-12.27745234035336,75.905,16.6592,214797.7873
2025-03-13,000009.SZ,电气设备,8.52,-0.006993006993007,-0.0116009280742459,0.6134,-0.0351075877689694,-0.3541719303430884,0.0210839690149991,0.4617871161394596,-14.60282649360567,47.4294,2.1655,2197490.2982
2025-03-13,000011.SZ,房产服务,8.37,-0.0035714285714286,0.009433962264151,0.9235,-0.0152941176470589,0.1386200884926458,0.0473592483140107,0.8979078746520608,-13.120029656394555,21.1152,1.1137,498834.5
2025-03-13,000012.SZ,玻璃,4.92,0.0020366598778003,0.0080482897384306,0.5414,-0.021868787276342,-0.2096114359159238,0.0645619471883272,0.9313588525658936,-14.228136973655737,15.489,1.0737,1510780.5166
2025-03-13,000017.SZ,服饰,6.37,0.0079113924050633,0.0047095761381477,14.8707,0.0723905723905722,1.0462218284160016,0.0046172315079878,0.0720217217512801,-12.992279298360494,216.58,13.8847,439010.8023
2025-03-13,600601.SH,元器件,4.91,-0.0160320641282565,-0.0314814814814814,2.1314,-0.0753295668549904,-0.2290893821464749,0.0110506151324913,0.1982985980289119,-14.532185772719751,90.4927,5.0429,2047614.0039
2025-03-13,600602.SH,软件服务,26.0,-0.067766224453209,0.0247155747351903,19.1012,0.4899713467048712,0.0945999193007849,0.0054786655285652,0.1324099943063702,-15.084133091212715,182.5262,7.5523,3555950.983
2025-03-13,600603.SH,区域地产,8.34,-0.0047732696897375,-0.104829210836278,0.2445,-0.188715953307393,-0.4726162387231089,0.0377697705864134,0.6952169076751947,-13.810735688296475,26.4762,1.4384,995236.5119
2025-03-13,600605.SH,房产服务,35.76,-0.0202739726027397,0.0238888888888888,0.9597,-0.0428265524625267,0.145880917416004,0.0128923629509587,0.1874554793236606,-13.511246380658344,77.5653,5.3346,737665.9661
2025-03-13,600651.SH,电器仪表,4.6,-0.0170940170940171,-0.0151843817787419,1.1049,0.0599078341013823,0.0660883760001429,0.0042201945594095,0.2118464536903652,-13.958079762289806,236.9559,4.7204,1153232.8869
2025-03-13,600654.SH,仓储物流,3.55,-0.0508021390374332,-0.0305555555555555,4.1437,-0.0083798882681564,0.0960224177440947,0.0068553158175443,0.160374635147705,-13.836895866766922,145.8722,6.2354,1021615.6133
2025-03-14,000001.SZ,银行,11.97,0.0109797297297298,-0.0069565217391304,0.8876,0.0363636363636363,0.1183354093931472,0.2003927698288646,1.7898693395382137,-16.960907065839837,4.9902,0.5587,23228884.083
2025-03-14,000007.SZ,其他商业,6.35,0.0241935483870967,-0.0172684458398744,1.9067,-0.047976011994003,0.0406731367853365,0.0128631591404322,0.0586087455970179,-12.30135786093198,77.7414,17.0623,219994.5079
2025-03-14,000009.SZ,电气设备,8.62,0.0117370892018779,-0.0174216027874563,0.9121,-0.0400890868596883,-0.3364398881640262,0.0208393680670027,0.4564334291843534,-14.614495237417453,47.9861,2.1909,2223282.4378
2025-03-14,000011.SZ,房产服务,8.48,0.0131421744324971,-0.0011723329425556,0.9666,-0.0081871345029239,0.1786899409521398,0.0467449176588275,0.8862105636299185,-13.133086221673343,21.3927,1.1284,505390.27
2025-03-14,000012.SZ,玻璃,4.97,0.0101626016260161,0.0079840319361277,0.9162,-0.0158415841584158,-0.0925812385039855,0.0639124654872686,0.9219988936013276,-14.238248283302942,15.6464,1.0846,1526133.9772
2025-03-14,000017.SZ,服饰,6.37,0.0,-0.044822256568779,12.7741,0.0907534246575343,1.2302413368681733,0.0046172315079878,0.0720217217512801,-12.992279298360494,216.58,13.8847,439010.8023
2025-03-14,600601.SH,元器件,5.4,0.0997963340122201,-0.0257352941176471,8.7112,0.1065573770491803,0.0658473109781856,0.0100478781393339,0.1803036313151347,-14.627310784500734,99.5235,5.5462,2251958.375
2025-03-14,600602.SH,软件服务,25.49,-0.0196153846153847,-0.0754285714285714,10.988,0.3276041666666667,0.0109113597452266,0.0055882811508953,0.1350584803219794,-15.064322771580692,178.9459,7.4042,3486199.6368
2025-03-14,600603.SH,区域地产,8.49,0.0179856115107914,-0.0669144981412639,0.806,-0.1757281553398059,-0.4064705763383738,0.0371024472774224,0.6829201666325206,-13.828561472284225,26.9524,1.4643,1013136.4492
2025-03-14,600605.SH,房产服务,36.0,0.0067114093959732,0.0574965612104538,0.9818,-0.0082644628099173,-0.0564833601058889,0.0128064093517523,0.1862058692089974,-13.517935368814564,78.0859,5.3704,742616.7444
2025-03-14,600651.SH,电器仪表,4.61,0.0021739130434783,-0.048936170212766,0.8643,0.0821596244131457,-0.1009265799642662,0.0042110405059986,0.2113852072631957,-13.960251315790336,237.471,4.7307,1155739.9149
2025-03-14,600654.SH,仓储物流,3.6,0.0140845070422535,-0.05,2.7897,0.0112359550561798,0.0791446577162886,0.0067601048357057,0.1581477732793522,-13.85088210874166,147.9267,6.3232,1036004.5656
2025-03-17,000001.SZ,银行,11.5,-0.039264828738513,-0.0095735422106179,2.3723,-0.0237691001697792,0.6420472874621348,0.1994375860074589,1.904036557501904,-16.920850581639417,5.0141,0.5252,22316805.9277
2025-03-17,000007.SZ,其他商业,6.37,0.0031496062992126,-0.0683229813664596,1.5398,-0.0435435435435435,0.1278279903702337,0.0128227814664645,0.058424865622809,-12.3045025176664,77.9862,17.116,220687.404
2025-03-17,000009.SZ,电气设备,8.61,-0.0011600928074245,-0.030057803468208,0.669,-0.0325842696629214,-0.3016351688655698,0.0208635855323552,0.4569548528605373,-14.613334471210743,47.9304,2.1884,2220703.2239
2025-03-17,000011.SZ,房产服务,8.53,0.0058962264150941,-0.0200945626477543,1.1418,-0.0069848661233993,0.323686123209592,0.0464707768519766,0.8810572687224669,-13.13896513345199,21.5189,1.135,508370.1655
2025-03-17,000012.SZ,玻璃,5.01,0.0080482897384306,-0.0039999999999998,0.7976,0.0,0.0040224004748774,0.0634022938949931,0.914662032379036,-14.246264358272867,15.7723,1.0933,1538416.7456
2025-03-17,000017.SZ,服饰,6.47,0.0156985871271584,-0.0813253012048192,13.231,0.0910623946037099,1.373388520819693,0.0045458678061641,0.0709084076098903,-13.007855937446957,219.98,14.1027,445902.6517
2025-03-17,600601.SH,元器件,5.44,0.0074074074074073,-0.0483005366726295,10.8364,0.0604288499025342,0.4602075410892687,0.0099739977877672,0.1789805269186712,-14.634690891777131,100.2607,5.5872,2268639.5481
2025-03-17,600602.SH,软件服务,26.25,0.0298156139662613,-0.0809653561697159,11.165,0.2428977272727273,-0.0833262258148552,0.0054264865724303,0.1311492609739144,-15.09370254223583,184.2813,7.6249,3590142.8194
2025-03-17,600603.SH,区域地产,8.07,-0.0494699646643109,-0.0352020860495436,1.1863,-0.2436738519212745,-0.2138332255979315,0.0390333774410498,0.7184424168402903,-13.777825954286492,25.6191,1.3919,963016.6249
2025-03-17,600605.SH,房产服务,36.35,0.0097222222222221,-0.0038567493112947,1.5045,-0.0265131226566684,-0.1569894970452374,0.012683096349678,0.1844133810349278,-13.527610634317975,78.8451,5.4226,749836.6294
2025-03-17,600651.SH,电器仪表,4.7,0.0195227765726679,-0.0754310344827585,1.1764,0.0930232558139536,-0.138683008173684,0.0041304034454173,0.2073355310899629,-13.979585967553204,242.1071,4.8231,1178303.1671
2025-03-17,600654.SH,仓储物流,3.6,0.0,-0.0702247191011236,2.4645,-0.0109890109890109,0.0001678009748311,0.0067601048357057,0.1581477732793522,-13.85088210874166,147.9267,6.3232,1036004.5656
2025-03-18,000001.SZ,银行,11.49,-0.0008695652173912,-0.0078125,0.8272,-0.0270956816257409,0.8327123874702183,0.1996087668170386,1.9054878048780488,-16.919980638130788,5.0098,0.5248,22297400.0095
2025-03-18,000007.SZ,其他商业,6.44,0.0109890109890109,-0.0411392405063292,1.1808,-0.0167938931297708,0.1721824720802576,0.0126834019928161,0.0577897723660866,-12.315431588164111,78.8432,17.3041,223112.5403
2025-03-18,000009.SZ,电气设备,8.65,0.0046457607433219,-0.0070093457943926,0.721,-0.0181611804767309,-0.2669890557393738,0.0207670949533882,0.4548348949331393,-14.617969473687928,48.1531,2.1986,2231020.0797
2025-03-18,000011.SZ,房产服务,8.46,-0.0082063305978896,-0.017688679245283,0.6844,0.0180505415162455,0.2176527600334818,0.0468553061291425,0.888336146397797,-13.130724945455857,21.3423,1.1257,504198.3118
2025-03-18,000012.SZ,玻璃,5.0,-0.0019960079840318,0.014,0.4598,0.0020040080160319,0.0239763338078231,0.0635291725960561,0.9165062780680048,-14.244266355614744,15.7408,1.0911,1535346.0535
2025-03-18,000017.SZ,服饰,6.64,0.026275115919629,-0.0781010719754977,14.8096,0.1527777777777776,1.24639461723479,0.004429482636428,0.0690932205731973,-13.033791792286376,225.76,14.4732,457618.7955
2025-03-18,600601.SH,元器件,5.59,0.0275735294117644,0.0132075471698114,8.7404,0.127016129032258,0.5983851017626227,0.0097063536820567,0.174176580217024,-14.661891118074475,103.0253,5.7413,2331193.9474
2025-03-18,600602.SH,软件服务,25.69,-0.0213333333333333,-0.1264055835595191,8.4039,0.1058975462763667,-0.1583044116974786,0.005544777124911,0.1340069415595728,-15.07213836431445,180.3499,7.4623,3513553.1059
2025-03-18,600603.SH,区域地产,7.67,-0.0495662949194548,0.0241610738255033,0.7282,-0.2646212847555129,-0.1467234382276631,0.0410691111001593,0.7559150351500492,-13.726989087320574,24.3492,1.3229,915283.4588
2025-03-18,600605.SH,房产服务,36.3,-0.0013755158184319,-0.0241519674355495,1.0558,-0.0178571428571429,-0.2128733779946588,0.0127005738119248,0.1846653863199882,-13.526234171669325,78.7366,5.4152,748805.2173
2025-03-18,600651.SH,电器仪表,4.64,-0.0127659574468086,-0.0592105263157893,1.0593,0.1047619047619046,-0.3307731769029448,0.0041838133282904,0.2100178515173789,-13.966737825067309,239.0164,4.7615,1163260.999
2025-03-18,600654.SH,仓储物流,3.56,-0.011111111111111,-0.0628571428571429,1.8883,0.0318840579710144,-0.1405459209377422,0.0068360596678632,0.1599232368463137,-13.83970880818258,146.2831,6.253,1024493.4038
2025-03-19,000001.SZ,银行,11.52,0.0026109660574411,-0.0095735422106179,0.7021,-0.0162254483347566,0.734666349281917,0.199092139842319,1.900779319521004,-16.922588201538137,5.0228,0.5261,22355617.7641
2025-03-19,000007.SZ,其他商业,6.32,-0.0186335403726708,0.0095238095238097,0.9842,-0.0380517503805175,0.114125928141672,0.0129242214125915,0.0588869194485828,-12.296622256331432,77.3741,16.9817,218955.1638
2025-03-19,000009.SZ,电气设备,8.56,-0.0104046242774565,-0.0035211267605632,0.6736,-0.0294784580498865,-0.2240119346190434,0.0209854340102534,0.4596221905593602,-14.607510342890878,47.6521,2.1757,2207807.154
2025-03-19,000011.SZ,房产服务,8.48,0.0023640661938533,-0.0151869158878505,0.5409,0.0204572803850782,-0.0583447154651375,0.0467449176588275,0.8862105636299185,-13.133086221673343,21.3927,1.1284,505390.27
2025-03-19,000012.SZ,玻璃,5.0,0.0,0.0119760479041917,0.5219,0.0020040080160319,0.0308762878389781,0.0635291725960561,0.9165062780680048,-14.244266355614744,15.7408,1.0911,1535346.0535
2025-03-19,000017.SZ,服饰,6.53,-0.0165662650602408,-0.0390625,9.6722,0.1200686106346484,0.7570534400705431,0.0045040987298441,0.0702572821672966,-13.017086772003717,222.02,14.2334,450037.7612
2025-03-19,600601.SH,元器件,5.3,-0.0518783542039356,-0.0076481835564053,6.2905,0.0578842315369261,0.7357296018118586,0.0102374578344705,0.1837053366400294,-14.608618651475176,97.6805,5.4435,2210255.4421
2025-03-19,600602.SH,软件服务,25.79,0.0038925652004671,-0.1301684532924962,7.9242,0.1208170360712732,-0.2474829978201663,0.0055232750811921,0.1334881796216945,-15.07602337307173,181.052,7.4913,3527229.8404
2025-03-19,600603.SH,区域地产,7.45,-0.028683181225554,-0.0026315789473683,1.3839,-0.248234106962664,0.1425006075174537,0.0422818678437938,0.7782706825433886,-13.697886504357074,23.6508,1.2849,889030.2175
2025-03-19,600605.SH,房产服务,36.85,0.0151515151515153,-0.0162778079218666,2.1444,-0.0222870788007427,-0.1513069683697053,0.0125110096885259,0.181910790948119,-13.541272049039843,79.9296,5.4972,760150.7509
2025-03-19,600651.SH,电器仪表,4.56,-0.0172413793103448,-0.0418502202643172,0.7552,0.0679156908665106,-0.4258096817417527,0.0042572140620889,0.2137026114459118,-13.949346082286064,234.8954,4.6794,1143204.7748
2025-03-19,600654.SH,仓储物流,3.5,-0.0168539325842697,-0.0401146131805157,1.8664,-0.0112994350282485,-0.2755434071646436,0.0069532518968471,0.1626651050816578,-13.822711231774964,143.8176,6.1476,1007226.661
2025-03-20,000001.SZ,银行,11.49,-0.0026041666666666,-0.0026269702276706,0.5674,-0.0145797598627787,0.6783694443138912,0.1996087668170386,1.9054878048780488,-16.919980638130788,5.0098,0.5248,22297400.0095
2025-03-20,000007.SZ,其他商业,6.3,-0.0031645569620254,0.0143769968051117,0.9572,-0.0440060698027313,0.0010172164842405,0.0129652582938757,0.0590740729801097,-12.293452681515058,77.1292,16.9279,218262.2677
2025-03-20,000009.SZ,电气设备,8.52,-0.0046728971962617,-0.0035460992907803,0.5199,-0.0229357798165138,-0.2295009698465879,0.0210839690149991,0.4617871161394596,-14.60282649360567,47.4294,2.1655,2197490.2982
2025-03-20,000011.SZ,房产服务,8.56,0.009433962264151,0.0,0.6176,0.027611044417767,-0.1298229386892176,0.0463080877075181,0.8779631255487269,-13.14247596214893,21.5945,1.139,510158.1028
2025-03-20,000012.SZ,玻璃,5.01,0.002,-0.0039603960396038,0.6448,0.0141700404858298,0.058363169734799,0.0634022938949931,0.914662032379036,-14.246264358272867,15.7723,1.0933,1538416.7456
2025-03-20,000017.SZ,服饰,6.4,-0.0199081163859111,-0.017799352750809,8.1191,0.090289608177172,0.5184829162251166,0.0045955882352941,0.0716840739492906,-12.996977819144538,217.6,13.9501,441078.3571
2025-03-20,600601.SH,元器件,5.23,-0.0132075471698112,-0.0150943396226415,3.4509,0.0254901960784315,0.8324926847308736,0.0103744771263528,0.1861642713530419,-14.595323108997995,96.3904,5.3716,2181063.3891
2025-03-20,600602.SH,软件服务,26.12,0.0127956572314851,-0.0519159456118664,13.6243,0.1835070231082918,-0.3109275758768974,0.005453496400147,0.1318009278785322,-15.088737857610662,183.3686,7.5872,3572363.0645
2025-03-20,600603.SH,区域地产,7.6,0.0201342281879193,-0.0106241699867197,1.1947,-0.2384769539078156,0.3508893803335733,0.041447341153065,0.7628928898382668,-13.717820719296371,24.127,1.3108,906930.1548
2025-03-20,600605.SH,房产服务,36.86,0.000271370420624,-0.0572320499479707,1.2488,-0.0284659989457036,-0.1091143232419897,0.0125076140100286,0.1818611671849709,-13.541543382608022,79.9513,5.4987,760357.0333
2025-03-20,600651.SH,电器仪表,4.54,-0.0043859649122806,-0.0290827740492169,0.7769,0.0341685649202734,-0.4562720459200742,0.0042759675231714,0.2146429414668698,-13.944950470839228,233.8652,4.6589,1138190.7188
2025-03-20,600654.SH,仓储物流,3.49,-0.0028571428571427,-0.0380116959064327,1.4973,-0.0196629213483146,-0.4115022622786909,0.0069731748935021,0.1631321370309951,-13.819849999454108,143.4067,6.13,1004348.8705
2025-03-21,000001.SZ,银行,11.42,-0.0060922541340295,-0.0026362038664324,0.7093,-0.0189003436426117,0.5965653326755873,0.2008354755784062,1.9171779141104297,-16.913869750497355,4.9792,0.5216,22161558.5821
2025-03-21,000007.SZ,其他商业,6.26,-0.0063492063492063,0.0333333333333334,1.5075,-0.0354391371340524,-0.0703228893150046,0.0130481018273866,0.0594512648256591,-12.28708323311833,76.6395,16.8205,216876.4755
2025-03-21,000009.SZ,电气设备,8.46,-0.0070422535211266,-0.0083432657926102,0.8293,-0.033142857142857,-0.2311652032868317,0.021233496265028,0.4650513881783937,-14.59575932637806,47.0954,2.1503,2182015.0144
2025-03-21,000011.SZ,房产服务,8.52,-0.0046728971962617,0.0120627261761159,0.8987,0.0314769975786923,-0.1532331040197114,0.0465254773513976,0.8820675663755845,-13.137792112773926,21.4936,1.1337,507774.1864
2025-03-21,000012.SZ,玻璃,5.05,0.0079840319361277,0.0040160642570279,1.1954,0.0181451612903225,0.0944137878902409,0.0629002025386521,0.9073586788857636,-14.254216686445345,15.8982,1.1021,1550699.514
2025-03-21,000017.SZ,服饰,6.18,-0.034375,-0.0163934426229507,6.8018,0.0692041522491349,0.3350048255142248,0.004759185227489,0.0742362941241973,-12.961998100307945,210.12,13.4705,425916.2886
2025-03-21,600601.SH,元器件,5.3,0.0133843212237092,-0.0432330827067669,4.0339,0.0211946050096338,0.6389661158334552,0.0102374578344705,0.1837053366400294,-14.608618651475176,97.6805,5.4435,2210255.4421
2025-03-21,600602.SH,软件服务,24.27,-0.0708269525267994,-0.0343074968233798,10.1092,-0.0004118616144975,-0.3011847430442088,0.0058691921409169,0.1418479956878209,-15.015277572934265,170.3812,7.0498,3319343.4753
2025-03-21,600603.SH,区域地产,7.53,-0.0092105263157894,0.0027027027027026,0.4305,-0.2056962025316455,0.3176772846791513,0.0418326026572069,0.77000077000077,-13.708567513768443,23.9048,1.2987,898576.8507
2025-03-21,600605.SH,房产服务,38.44,0.0428648941942484,0.0085730088495576,4.119,0.0389189189189189,0.1928023305385817,0.0119935139076787,0.1743861607142857,-13.583515014490812,83.3784,5.7344,792949.6571
2025-03-21,600651.SH,电器仪表,4.47,-0.0154185022026431,-0.0116550116550115,1.0092,-0.0066666666666667,-0.4261879093456177,0.0043429299055456,0.2180074122520165,-13.929411867415771,230.2593,4.587,1120641.5227
2025-03-21,600654.SH,仓储物流,3.42,-0.0200573065902579,-0.0271903323262839,1.8928,-0.0446927374301676,-0.4506750586308464,0.0071158980547981,0.1664696775482345,-13.79958881433379,140.5304,6.0071,984204.3373
2025-03-24,000001.SZ,银行,11.38,-0.0035026269702276,-0.0148731408573927,0.6001,-0.0181190681622087,0.0412864370767795,0.2015397637953968,1.923816852635629,-16.91036097496731,4.9618,0.5198,22083934.9093
2025-03-24,000007.SZ,其他商业,6.0,-0.0415335463258785,0.0049504950495049,2.071,-0.0922844175491679,0.0124006119095732,0.013613517678514,0.0620274285288954,-12.24466251743726,73.4564,16.1219,207868.8264
2025-03-24,000009.SZ,电气设备,8.39,-0.008274231678487,-0.0458823529411764,0.7107,-0.0487528344671202,-0.199847126676395,0.0214106629383565,0.4689331770222744,-14.587450673218283,46.7057,2.1325,2163960.5166
2025-03-24,000012.SZ,玻璃,4.98,-0.0138613861386137,-0.0276134122287969,0.8024,0.0,0.0854366169765123,0.0637844595542742,0.9201324990798676,-14.24025833422636,15.6778,1.0868,1529204.6693
2025-03-24,000017.SZ,服饰,6.1,-0.0129449838187701,-0.006644518272425,4.6019,0.0683012259194395,0.1121821766162869,0.0048216007714561,0.075209458341481,-12.948968599932162,207.4,13.2962,420402.8091
2025-03-24,600601.SH,元器件,5.32,0.0037735849056603,-0.0968342644320299,4.0906,0.0513833992094863,0.3121612491184462,0.0101989717396692,0.1830161054172767,-14.61238513428239,98.0491,5.464,2218596.0287
2025-03-24,600602.SH,软件服务,23.61,-0.0271940667490729,0.0683533067021748,7.9402,-0.116061400224635,-0.3596137548473255,0.0060332625832741,0.1458129802715037,-14.987706904302591,165.7478,6.8581,3229077.0273
2025-03-24,600603.SH,区域地产,7.4,-0.0172642762284196,-0.0498034076015727,0.3533,-0.2307692307692306,0.1292980882048453,0.0425675014153694,0.7835148476063621,-13.69115247212481,23.4921,1.2763,883063.5717
2025-03-24,600605.SH,房产服务,36.16,-0.0593132154006244,-0.0127919911012236,2.7009,-0.0022075055187639,0.2963263334081065,0.0127497516985856,0.185380864987116,-13.522369965930691,78.4329,5.3943,745917.2633
2025-03-24,600651.SH,电器仪表,4.29,-0.0402684563758388,-0.0256410256410256,1.0759,-0.1333333333333333,-0.4361382736293814,0.0045251510156022,0.2271539876882538,-13.88831019170214,220.9871,4.4023,1075515.0184
2025-03-24,600654.SH,仓储物流,3.31,-0.0321637426900583,-0.0152439024390242,2.3906,-0.0881542699724518,-0.4343233001861286,0.0073523789357284,0.1720015824145582,-13.766896452710562,136.0104,5.8139,952548.6423
2025-03-25,000001.SZ,银行,11.43,0.0043936731107203,-0.0096660808435853,0.3791,-0.003487358326068,-0.0891945776594024,0.2006581587607352,1.9157088122605364,-16.9147450240763,4.9836,0.522,22180964.5003
2025-03-25,000007.SZ,其他商业,6.06,0.01,-0.0361635220125786,1.5773,-0.0604651162790698,0.0690365461015609,0.0134787238344273,0.061413367233512,-12.254612848461898,74.191,16.2831,209947.5147
2025-03-25,000009.SZ,电气设备,8.5,0.0131108462455302,-0.0365135453474676,0.7331,-0.0218642117376294,-0.1923206859193159,0.0211336066613128,0.462877244954638,-14.600476316274422,47.318,2.1604,2192331.8703
2025-03-25,000012.SZ,玻璃,5.07,0.0180722891566265,-0.0197238658777121,0.8754,0.0263157894736842,0.1821473770455823,0.0626519309325113,0.9038322487346347,-14.25816926075226,15.9612,1.1064,1556840.8982
2025-03-25,000017.SZ,服饰,6.02,-0.0131147540983607,0.0276422764227641,3.6868,0.0579964850615113,-0.1741975990757949,0.0048856752003126,0.0762090566842963,-12.935767088226935,204.68,13.1218,414889.3297
2025-03-25,600601.SH,元器件,5.37,0.0093984962406015,-0.0635838150289017,3.9224,0.074,0.0670222052451734,0.0101040106860017,0.1813137997933022,-14.621739739433911,98.9706,5.5153,2239447.4951
2025-03-25,600602.SH,软件服务,22.53,-0.0457433290978398,0.0193661971830987,5.7158,-0.2177083333333332,-0.344042617101125,0.0063224713275925,0.1528023959415683,-14.94088430763052,158.166,6.5444,3081368.2941
2025-03-25,600603.SH,区域地产,7.63,0.031081081081081,-0.0435356200527704,0.461,-0.1688453159041394,0.0855609659147371,0.0412842711055514,0.7598784194528875,-13.72176031724207,24.2223,1.316,910510.1422
2025-03-25,600605.SH,房产服务,35.96,-0.0055309734513273,-0.025096525096525,0.968,0.0011135857461024,0.3015088684214357,0.0128206607512137,0.1864106626899059,-13.516823639983444,77.9991,5.3645,741791.6147
2025-03-25,600651.SH,电器仪表,4.29,0.0,-0.036781609195402,0.6087,-0.1538461538461538,-0.3898234113519211,0.0045251510156022,0.2271539876882538,-13.88831019170214,220.9871,4.4023,1075515.0184
2025-03-25,600654.SH,仓储物流,3.28,-0.0090634441087613,-0.0417910447761193,1.047,-0.108695652173913,-0.4498919601249023,0.0074196250566673,0.1735749496632646,-13.757791685696835,134.7777,5.7612,943915.2709
2025-03-26,000001.SZ,银行,11.38,-0.0043744531933507,-0.0017559262510975,0.3818,-0.0121527777777776,-0.1845611648684578,0.2015397637953968,1.923816852635629,-16.91036097496731,4.9618,0.5198,22083934.9093
2025-03-26,000007.SZ,其他商业,6.36,0.0495049504950495,-0.0330708661417322,3.3522,-0.0245398773006133,0.314273415858425,0.0128429385670876,0.058516489946867,-12.30293142563385,77.8638,17.0892,220340.956
2025-03-26,000009.SZ,电气设备,8.49,-0.0011764705882352,-0.0272835112692764,0.4067,-0.0363223609534619,-0.2255167739749238,0.0211584684654186,0.4634135038695027,-14.59929915308545,47.2624,2.1579,2189752.6563
2025-03-26,000012.SZ,玻璃,5.07,0.0,-0.0079522862823061,0.7076,0.00996015936255,0.2478516374804358,0.0626519309325113,0.9038322487346347,-14.25816926075226,15.9612,1.1064,1556840.8982
2025-03-26,000017.SZ,服饰,6.15,0.0215946843853822,0.0230642504118616,4.4496,0.0677083333333334,-0.3088016633221961,0.0047824007651841,0.074597917226151,-12.957131910654478,209.1,13.4052,423848.7338
2025-03-26,600601.SH,元器件,5.19,-0.0335195530726256,-0.0727969348659003,2.8455,0.0297619047619048,-0.0949558043897107,0.0104544442365171,0.1875996623206078,-14.587645528121136,95.6531,5.3305,2164382.216
2025-03-26,600602.SH,软件服务,22.72,0.0084332001775409,0.0004345936549325,4.3946,-0.1741185023627772,-0.354672508742457,0.0062696003380568,0.1515243348081702,-14.949282147057056,159.4998,6.5996,3107354.0898
2025-03-26,600603.SH,区域地产,7.58,-0.0065530799475753,-0.0201342281879195,0.4019,-0.1521252796420581,-0.1299928045438538,0.0415567145261495,0.764876854826373,-13.715185671660697,24.0635,1.3074,904543.4965
2025-03-26,600605.SH,房产服务,36.26,0.0083426028921023,-0.0234547461368653,1.7746,0.0222723428249225,0.2591410685689328,0.0127145905011837,0.1848702211047844,-13.525131635746655,78.6498,5.4092,747980.0876
2025-03-26,600651.SH,电器仪表,4.35,0.0139860139860139,-0.032258064516129,0.541,-0.1176470588235294,-0.362556954281651,0.0044627357105433,0.2240193552722955,-13.902199303872424,224.0778,4.4639,1090557.1865
2025-03-26,600654.SH,仓储物流,3.35,0.0213414634146342,-0.0334346504559269,1.525,-0.0871934604904631,-0.4527072406032035,0.0072645909308846,0.1699495249910776,-13.778908609116572,137.654,5.8841,964059.8041
2025-03-27,000001.SZ,银行,11.39,0.0008787346221441,-0.0008810572687224,0.2851,-0.0197934595524955,-0.2593256448354206,0.2013612017236519,1.9223375624759709,-16.911239323728307,4.9662,0.5202,22103340.8275
2025-03-27,000007.SZ,其他商业,6.35,-0.0015723270440252,0.0,1.3689,-0.0215716486902928,0.3597521941146102,0.0128631591404322,0.0586087455970179,-12.30135786093198,77.7414,17.0623,219994.5079
2025-03-27,000009.SZ,电气设备,8.43,-0.0070671378091873,-0.0168269230769231,0.5112,-0.0398633257403189,-0.1868924307864795,0.0213090580543977,0.4667226733874732,-14.592206924771409,46.9284,2.1426,2174277.3725
2025-03-27,000012.SZ,玻璃,5.03,-0.0078895463510848,0.006,0.5011,0.0080160320641282,0.2252714679153813,0.0631500508357909,0.910995718320124,-14.250248427278695,15.8353,1.0977,1544558.1298
2025-03-27,000017.SZ,服饰,6.07,-0.0130081300813008,0.0233333333333332,3.2206,0.0538194444444446,-0.4283299509725125,0.0048454307587944,0.0755812195785591,-12.94403843382156,206.38,13.2308,418335.2543
2025-03-27,600601.SH,元器件,5.22,0.005780346820809,-0.0609037328094301,2.8317,0.0566801619433197,-0.1201169596449509,0.0103943512937329,0.1865219256523604,-14.59340923280974,96.2061,5.3613,2176893.0958
2025-03-27,600602.SH,软件服务,23.01,0.0127640845070424,0.0214912280701753,8.7885,-0.0792316926770707,-0.405232185421562,0.0064312817544536,0.1510140594089309,-14.961965457252807,155.49,6.6219,3147016.62
2025-03-27,600603.SH,区域地产,7.45,-0.017150395778364,-0.0377358490566037,0.2866,-0.1703786191536748,-0.3906451917924796,0.0422818678437938,0.7782706825433886,-13.697886504357074,23.6508,1.2849,889030.2175
2025-03-27,600605.SH,房产服务,36.24,-0.0005515719801433,-0.0627913353441184,0.6855,0.0171204041538028,0.2180786259768816,0.0127215942701939,0.1849728089970774,-13.524579911538584,78.6065,5.4062,747567.5227
2025-03-27,600651.SH,电器仪表,4.34,-0.0022988505747125,-0.0141509433962265,0.5077,-0.0939457202505219,-0.3609637196436424,0.0044730180839648,0.2245374528471349,-13.89989780689788,223.5627,4.4536,1088050.1585
2025-03-27,600654.SH,仓储物流,3.29,-0.0179104477611939,-0.0062111801242236,1.1873,-0.1249999999999998,-0.4232690883862512,0.0073970734218713,0.1730493017460674,-13.76083582801463,135.1886,5.7787,946793.0613
2025-03-28,000001.SZ,银行,11.35,-0.0035118525021949,-0.0497335701598579,0.3324,-0.01561144839549,-0.3700850074819319,0.2020732717683432,1.9290123456790125,-16.90772129019626,4.9487,0.5184,22025717.1547
2025-03-28,000007.SZ,其他商业,6.2,-0.0236220472440944,-0.083743842364532,0.9797,-0.0064102564102563,0.3191156136241777,0.0131743626902048,0.0600268920476373,-12.27745234035336,75.905,16.6592,214797.7873
2025-03-28,000009.SZ,电气设备,8.32,-0.0130486358244364,-0.0924784217016028,0.4872,-0.0269005847953216,-0.237477082022938,0.0215908109508593,0.4728803139925285,-14.57907240759778,46.316,2.1147,2145906.0189
2025-03-28,000012.SZ,玻璃,5.0,-0.0059642147117296,-0.0709939148073022,0.5549,0.0080645161290322,0.0469808866815231,0.0635291725960561,0.9165062780680048,-14.244266355614744,15.7408,1.0911,1535346.0535
2025-03-28,000017.SZ,服饰,6.0,-0.0115321252059308,-0.0752508361204014,3.4408,0.0869565217391306,-0.5124389675358498,0.0049019607843137,0.0764631218363383,-12.93243929805231,204.0,13.0782,413510.9598
2025-03-28,600601.SH,元器件,5.09,-0.0249042145593869,-0.11340206185567,2.0859,0.0761099365750528,-0.2083033279051737,0.0106598330030561,0.1912850529859596,-14.568189661492063,93.8101,5.2278,2122679.2831
2025-03-28,600602.SH,软件服务,22.8,-0.0091264667535854,-0.129206481096801,6.2429,0.0137839039573144,-0.4512588311839642,0.006490518326303,0.1524064986131008,-14.952797089151629,154.0709,6.5614,3118295.4774
2025-03-28,600603.SH,区域地产,7.42,-0.0040268456375839,-0.0648275862068965,0.1925,-0.1792035398230087,-0.4516475963287915,0.0424527500891507,0.781372089388967,-13.693851529091836,23.5556,1.2798,885450.23
2025-03-28,600605.SH,房产服务,36.47,0.0063465783664458,-0.1335211267605633,1.0646,0.0375533428165006,-0.1446373365041615,0.0126413780113342,0.1838066354195386,-13.530906435228223,79.1053,5.4405,752312.0186
2025-03-28,600651.SH,电器仪表,4.24,-0.0230414746543777,-0.1004784688995215,0.6304,-0.0660792951541849,-0.3943589697422555,0.0037135487340141,0.2311818013685962,-13.876586728076251,269.2842,4.3256,1062979.8784
2025-03-28,600654.SH,仓储物流,3.22,-0.0212765957446807,-0.108359133126935,1.2132,-0.0773638968481374,-0.4379527498950422,0.0075578820396002,0.1768096467343258,-13.739329622814331,132.3122,5.6558,926648.5281
2025-03-31,000001.SZ,银行,11.26,-0.0079295154185021,-0.0399290150842944,0.5752,-0.0217202432667246,-0.3852205587330557,0.2036867298095528,1.9443904335990667,-16.89976016897956,4.9095,0.5143,21851063.8909
2025-03-31,000007.SZ,其他商业,6.09,-0.017741935483871,-0.1239804241435562,0.9423,-0.037914691943128,0.1904220579397433,0.0134123229741021,0.0611108734577143,-12.259551129949967,74.5583,16.3637,210986.8588
2025-03-31,000009.SZ,电气设备,8.11,-0.0252403846153846,-0.0819070904645477,0.6453,-0.0784090909090911,-0.1966810966810968,0.0221498659933107,0.4851307427351671,-14.553508020875496,45.147,2.0613,2091742.5256
2025-03-31,000012.SZ,玻璃,4.93,-0.014,-0.0422535211267605,0.6503,-0.0060483870967742,0.0127544933225567,0.0644313290894564,0.9294544102611766,-14.23016743126761,15.5204,1.0759,1513851.2088
2025-03-31,000017.SZ,服饰,5.98,-0.0033333333333332,-0.1329113924050632,3.672,0.0602836879432624,-0.5343232328453171,0.004918355301987,0.0767188866555168,-12.929100396704298,203.32,13.0346,412132.5899
2025-03-31,600601.SH,元器件,4.85,-0.0471512770137525,-0.154320987654321,2.9422,0.0385438972162739,-0.2751189948189866,0.012725738697317,0.2035043448177618,-14.519890535873488,78.5809,4.9139,2022592.2442
2025-03-31,600602.SH,软件服务,24.07,0.0557017543859648,-0.160621761658031,9.8407,0.1005944215820757,-0.4208214542335953,0.0061480613010896,0.1443647230362788,-15.00700280499077,162.6529,6.9269,3291990.0062
2025-03-31,600603.SH,区域地产,7.25,-0.022911051212938,-0.1117241379310344,0.2981,-0.195338512763596,-0.4680311053088232,0.0434482249227707,0.799744081893794,-13.670673940855462,23.0159,1.2504,865163.6345
2025-03-31,600605.SH,房产服务,35.5,-0.0265972031806964,-0.1852899575671852,1.1257,0.0082362965066742,-0.3222718801454756,0.0129867768637972,0.1888288832659843,-13.503949126908102,77.0014,5.2958,732302.623
2025-03-31,600651.SH,电器仪表,4.18,-0.0141509433962265,-0.1193317422434369,0.6085,-0.062780269058296,-0.4616367632776158,0.0037668543187926,0.2344995779007597,-13.86233470536005,265.4735,4.2644,1047937.7103
2025-03-31,600654.SH,仓储物流,3.23,0.0031055900621117,-0.1308411214953271,1.4907,-0.0527859237536657,-0.4941802792761594,0.0075344834471165,0.1762611485176437,-13.742430400535678,132.7231,5.6734,929526.3186
2025-04-01,000001.SZ,银行,11.27,0.0008880994671403,-0.0501319261213718,0.3512,-0.0208514335360556,-0.393957513768686,0.2035084863038788,1.9428793471925392,-16.900647874319795,4.9138,0.5147,21870469.8091
2025-04-01,000007.SZ,其他商业,6.13,0.0065681444991789,-0.1042345276872963,1.021,-0.0510835913312693,0.1156788389172347,0.0133248054578403,0.0607120306960027,-12.266097798289168,75.048,16.4712,212372.651
2025-04-01,000009.SZ,电气设备,8.18,0.0086313193588163,-0.0719512195121949,0.3734,-0.0630011454753723,-0.2740179413834934,0.0219603089376261,0.480977345967005,-14.56210230338422,45.5367,2.0791,2109797.0234
2025-04-01,000012.SZ,玻璃,4.97,0.0081135902636917,-0.0400801603206413,0.4386,0.002016129032258,-0.1093800004683368,0.0639124654872686,0.9219988936013276,-14.238248283302942,15.6464,1.0846,1526133.9772
2025-04-01,000017.SZ,服饰,6.32,0.0568561872909698,-0.109500805152979,14.7514,0.0915371329879102,-0.2981552288319459,0.0046537602382725,0.0725915924417633,-12.98439903708404,214.88,13.7757,435564.8777
2025-04-01,600601.SH,元器件,4.86,0.0020618556701033,-0.1384297520661157,1.8967,0.0274841437632133,-0.3774707340357082,0.0126995576744062,0.2030869212022745,-14.521950268842907,78.7429,4.924,2026762.5375
2025-04-01,600602.SH,软件服务,23.16,-0.0378063980058164,-0.1125108601216333,6.4272,0.0385650224215246,-0.4035209973095369,0.0063896293759376,0.1500375093773443,-14.968463205902342,156.5036,6.665,3167531.7218
2025-04-01,600603.SH,区域地产,7.25,0.0,-0.1410958904109589,0.217,-0.1917502787068005,-0.534718634916932,0.0434482249227707,0.799744081893794,-13.670673940855462,23.0159,1.2504,865163.6345
2025-04-01,600605.SH,房产服务,35.35,-0.004225352112676,-0.1856456626165583,0.8507,-0.0045057730216839,-0.3274692225876255,0.0130418905524544,0.1896273821939888,-13.499714822680463,76.676,5.2735,729208.3865
2025-04-01,600651.SH,电器仪表,4.19,0.0023923444976077,-0.0976190476190476,0.4122,-0.0626398210290826,-0.4862661148375434,0.0037578642704519,0.2339400177794413,-13.864724192743084,266.1086,4.2746,1050444.7383
2025-04-01,600654.SH,仓储物流,3.21,-0.0061919504643962,-0.1100628930817609,0.8477,-0.07492795389049,-0.4975907793923911,0.0075814264150542,0.1773615692951651,-13.736219200464822,131.9013,5.6382,923770.7377
2025-04-02,000001.SZ,银行,11.37,0.0088731144631766,-0.0388007054673721,0.4806,-0.0248713550600343,-0.3590159652358374,0.201718642836971,1.925669170036588,-16.90948185403148,4.9574,0.5193,22064528.9911
2025-04-02,000007.SZ,其他商业,6.14,0.0016313213703098,-0.0612903225806451,0.7151,-0.0421216848673947,-0.2547099528912049,0.0133031086704341,0.06061340768578,-12.267727790293035,75.1704,16.498,212719.099
2025-04-02,000009.SZ,电气设备,8.2,0.0024449877750609,-0.0550122249388752,0.3544,-0.050925925925926,-0.2607370808232736,0.021906764808973,0.4798004030323385,-14.564544307025551,45.648,2.0842,2114955.4513
2025-04-02,000012.SZ,玻璃,4.99,0.0040241448692153,-0.0417495029821073,0.3169,0.0121703853955377,-0.2199063621455905,0.0636565601268038,0.9182736455463728,-14.24226435294864,15.7093,1.089,1532275.3614
2025-04-02,000017.SZ,服饰,6.21,-0.0174050632911393,-0.0732899022801302,9.5131,0.08,-0.2054596958746845,0.004736193994506,0.0738776143440776,-12.966840724786,211.14,13.5359,427983.8434
2025-04-02,600601.SH,元器件,4.84,-0.0041152263374486,-0.1150627615062761,1.2015,0.0146750524109016,-0.4546087995221978,0.0127520441526776,0.2039276464710321,-14.517826551646202,78.4188,4.9037,2018421.9509
2025-04-02,600602.SH,软件服务,23.02,-0.0060449050086356,-0.0923142979819664,3.7414,-0.0323665405632618,-0.3859193632195128,0.0064284869398859,0.1509502317086056,-14.962399956481796,155.5576,6.6247,3148384.2934
2025-04-02,600603.SH,区域地产,7.3,0.0068965517241379,-0.0798319327731091,0.3738,-0.163802978235968,-0.5327868852459017,0.0431506908425603,0.7942180922881422,-13.67754682007989,23.1746,1.2591,871130.2802
2025-04-02,600605.SH,房产服务,35.39,0.001131541725601,-0.1357519016968987,0.6985,0.0056834327934072,-0.4471738716256523,0.0130271433558963,0.189415463878471,-13.50084572467336,76.7628,5.2794,730033.5162
2025-04-02,600651.SH,电器仪表,4.2,0.0023866348448686,-0.0861244019138756,0.3654,-0.070796460176991,-0.5050903618887033,0.0037489170315924,0.2333831217326363,-13.86710798408408,266.7437,4.2848,1052951.7663
2025-04-02,600654.SH,仓储物流,3.18,-0.0093457943925232,-0.0937500000000001,0.7197,-0.0888252148997135,-0.5498479522518529,0.0076529245651225,0.1790350013427625,-13.726832587487992,130.669,5.5855,915140.2283
2025-04-03,000001.SZ,银行,11.34,-0.0026385224274405,0.0177570093457946,0.3318,-0.0249355116079106,-0.3379257436028577,0.2022530995287502,1.930874686232864,-16.906839844568363,4.9443,0.5179,22006311.2365
2025-04-03,000007.SZ,其他商业,6.2,0.009771986970684,0.060931899641577,0.8974,-0.035769828926905,-0.3222847876700611,0.0131743626902048,0.0600268920476373,-12.27745234035336,75.905,16.6592,214797.7873
2025-04-03,000009.SZ,电气设备,8.18,-0.0024390243902439,0.0570652173913044,0.3205,-0.0597701149425287,-0.2881519140220168,0.0219603089376261,0.480977345967005,-14.56210230338422,45.5367,2.0791,2109797.0234
2025-04-03,000012.SZ,玻璃,5.03,0.0080160320641282,0.0524017467248909,0.6243,0.0161616161616162,-0.174681725665483,0.0631500508357909,0.910995718320124,-14.250248427278695,15.8353,1.0977,1544558.1298
2025-04-03,000017.SZ,服饰,6.14,-0.0112721417069243,0.0488245931283906,6.285,0.0622837370242213,-0.1488428382075263,0.0047901896915117,0.0747194285458104,-12.955504571073108,208.76,13.3834,423159.5489
2025-04-03,600601.SH,元器件,4.78,-0.0123966942148759,-0.0069767441860465,1.5457,-0.0184804928131416,-0.5137371028092592,0.0129121060032254,0.206487848190134,-14.505352377432011,77.4467,4.8429,1993400.1912
2025-04-03,600602.SH,软件服务,23.29,0.0117289313640311,0.0238549618320611,4.6506,-0.056703118671527,-0.4335667443990738,0.0063539627441748,0.14920028646455,-14.974060637089051,157.3821,6.7024,3185311.4767
2025-04-03,600603.SH,区域地产,7.14,-0.0219178082191781,-0.0132743362831858,0.3925,-0.1387213510253316,-0.4441364484923912,0.0441175821800262,0.8120178643930166,-13.655385248295044,22.6667,1.2315,852037.0138
2025-04-03,600605.SH,房产服务,34.18,-0.0341904492794574,0.0165799739921976,1.2835,-0.0311791383219954,-0.3631756274900715,0.0134883231586415,0.1961207319225715,-13.466057108014695,74.1382,5.0989,705073.3423
2025-04-03,600651.SH,电器仪表,4.18,-0.0047619047619048,0.0319148936170212,0.6073,-0.0813186813186813,-0.4738087598267286,0.0037668543187926,0.2344995779007597,-13.86233470536005,265.4735,4.2644,1047937.7103
2025-04-03,600654.SH,仓储物流,3.2,0.0062893081761006,0.0138888888888888,0.8107,-0.118457300275482,-0.5513484046251196,0.0076050948051118,0.1779169483685016,-13.733102200479731,131.4908,5.6206,920895.8272
2025-04-07,000001.SZ,银行,10.7,-0.0564373897707231,0.0101663585951941,1.3118,-0.0831191088260497,-0.0890060173502755,0.2143484877714187,2.046245140167792,-16.84874728774,4.6653,0.4887,20764332.4719
2025-04-07,000007.SZ,其他商业,5.58,-0.0999999999999999,0.160148975791434,2.0101,-0.1240188383045526,-0.1996188593003347,0.0146381807668942,0.0666964577511288,-12.17209182485072,68.3145,14.9933,193318.0086
2025-04-07,000009.SZ,电气设备,7.36,-0.100244498777506,0.0599201065246337,1.7263,-0.1421911421911421,0.0500153515505066,0.0244069716073699,0.5345592558935158,-14.456470085475058,40.9719,1.8707,1898301.4782
2025-04-07,000012.SZ,玻璃,4.58,-0.0894632206759443,0.0168067226890755,1.8543,-0.0709939148073022,0.1233651211382877,0.0693548610822132,1.0005002501250624,-14.156527441302472,14.4186,0.9995,1406376.985
2025-04-07,000017.SZ,服饰,5.53,-0.0993485342019543,0.0656934306569341,6.2892,-0.0264084507042252,-0.1008711478065939,0.0053185831294543,0.0829620780341306,-12.85086764422993,188.02,12.0537,381119.2679
2025-04-07,600601.SH,元器件,4.3,-0.100418410041841,0.0608272506082725,2.0051,-0.1242362525458249,-0.5098734849946279,0.0143534626293246,0.2295367947481981,-14.399526853615564,69.6696,4.3566,1793226.1134
2025-04-07,600602.SH,软件服务,20.96,-0.1000429368827822,0.1049382716049383,3.56,-0.2282768777614138,-0.4388432414374571,0.0070602970549382,0.1657852417977751,-14.868652412651052,141.6371,6.0319,2866643.5617
2025-04-07,600603.SH,区域地产,6.78,-0.0504201680672268,0.0683229813664596,0.1531,-0.1781818181818181,-0.4404353253237634,0.0464601975487599,0.8551393877201984,-13.603649573939478,21.5238,1.1694,809077.1644
2025-04-07,600605.SH,房产服务,30.76,-0.1000585137507313,0.1944444444444444,0.893,-0.159792406446326,-0.3468151279738263,0.0149879871283166,0.2179266458909931,-13.360631574989592,66.7201,4.5887,634524.7516
2025-04-07,600651.SH,电器仪表,3.76,-0.1004784688995215,0.0650406504065042,0.8943,-0.1931330472103004,-0.3790460011719359,0.0041876187189906,0.2606950129044031,-13.756442416154126,238.7992,3.8359,942642.5336
2025-04-07,600654.SH,仓储物流,2.88,-0.1,0.075268817204301,1.6394,-0.1955307262569833,-0.4927011668923088,0.008450106767099,0.1976831534416637,-13.627741684846038,118.3417,5.0586,828806.2445
2025-04-08,000001.SZ,银行,10.82,0.0112149532710281,0.0138888888888888,0.7544,-0.0664365832614322,-0.0642939399865284,0.2119721892487705,2.023472278429786,-16.859899819686834,4.7176,0.4942,20997203.4902
2025-04-08,000007.SZ,其他商业,5.37,-0.0376344086021505,0.0963636363636364,1.8968,-0.1596244131455398,-0.0961741762076185,0.0152106291876763,0.0693043918193095,-12.133730956579472,65.7435,14.4291,186042.5996
2025-04-08,000009.SZ,电气设备,7.51,0.0203804347826086,0.031537450722733,1.2426,-0.1206088992974238,0.1743966789937585,0.0239194965424367,0.5238893545683152,-14.476645618523644,41.8069,1.9088,1936989.6877
2025-04-08,000012.SZ,玻璃,4.76,0.0393013100436681,0.0062630480167014,1.5135,-0.0325203252032521,0.2766741289017067,0.0667325094092838,0.9626492106276472,-14.19507611140208,14.9852,1.0388,1461649.4429
2025-04-08,000017.SZ,服饰,5.48,-0.0090415913200723,0.0632911392405062,6.3597,-0.0502599653379548,-0.0579733137070506,0.0053671103477887,0.0837184381488179,-12.841784929826543,186.32,11.9448,377673.3433
2025-04-08,600601.SH,元器件,4.11,-0.0441860465116278,0.040767386091127,3.3414,-0.1612244897959184,-0.4976119924619672,0.0150169992431432,0.2401479311255733,-14.354334859454855,66.5912,4.1641,1713990.541
2025-04-08,600602.SH,软件服务,19.44,-0.0725190839694656,0.0474791972589327,7.6032,-0.2966714905933429,-0.4470720990326252,0.0076123371625926,0.178746983644651,-14.793369352216004,131.3657,5.5945,2658757.1965
2025-04-08,600603.SH,区域地产,6.44,-0.0501474926253686,0.0972886762360447,0.3316,-0.2250300842358604,-0.4265176966950542,0.048912910562743,0.9003331232556046,-13.55220101201899,20.4445,1.1107,768503.9732
2025-04-08,600605.SH,房产服务,28.8,-0.0637191157347204,0.2022900763358777,3.0418,-0.227882037533512,-0.1032949851432509,0.0160080168148208,0.2327584200358448,-13.29479181746669,62.4687,4.2963,594093.3955
2025-04-08,600651.SH,电器仪表,3.69,-0.0186170212765957,0.0237467018469657,1.2034,-0.1818181818181817,-0.2430282348338295,0.0042670599189087,0.2656395271616416,-13.737649916809358,234.3534,3.7645,925093.3375
2025-04-08,600654.SH,仓储物流,2.79,-0.03125,0.0424028268551237,2.2304,-0.2439024390243902,-0.3929790215904923,0.0087226849121974,0.2040608101214162,-13.595992986457508,114.6436,4.9005,802906.0493
2025-04-09,000001.SZ,银行,10.8,-0.0018484288354897,0.0091743119266054,0.5485,-0.069767441860465,-0.0237294895168641,0.2123638216993353,2.027163997567403,-16.858049680398477,4.7089,0.4933,20958391.6538
2025-04-09,000007.SZ,其他商业,5.5,0.0242085661080073,0.027491408934708,1.7752,-0.1338582677165354,-0.0207506200351047,0.0148510954910588,0.0676663238239592,-12.157651140447628,67.3351,14.7784,190546.4242
2025-04-09,000009.SZ,电气设备,7.61,0.0133155792276964,0.0155239327296248,1.0288,-0.1151162790697674,0.3332192025108782,0.0236051704765411,0.5170096163788647,-14.489873324646773,42.3636,1.9342,1962781.8274
2025-04-09,000012.SZ,玻璃,4.79,0.0063025210084033,-0.0020746887966806,0.8434,-0.0283975659229208,0.3502184893768956,0.0663143165978103,0.9566631589017508,-14.201358854635425,15.0797,1.0453,1470861.5193
2025-04-09,000017.SZ,服饰,5.53,0.0091240875912408,0.0421792618629173,7.374,-0.1291338582677164,-0.196077903307614,0.0053185831294543,0.0829620780341306,-12.85086764422993,188.02,12.0537,381119.2679
2025-04-09,600601.SH,元器件,4.17,0.0145985401459853,-0.0023640661938535,3.5468,-0.1742574257425742,-0.4102395545574643,0.0148009348270436,0.2366919927098866,-14.368827866744413,67.5633,4.2249,1739012.3007
2025-04-09,600602.SH,软件服务,20.43,0.0509259259259258,-0.0137180700094606,7.8475,-0.2896383866481224,-0.3790977071363306,0.0072434531859242,0.1700853828621968,-14.84304096203329,138.0557,5.8794,2794156.8686
2025-04-09,600603.SH,区域地产,6.27,-0.0263975155279504,0.0319634703196347,1.0251,-0.2562277580071175,-0.1492805083162025,0.0502391382982999,0.9247272054743852,-13.525448826635552,19.9048,1.0814,748217.3777
2025-04-09,600605.SH,房产服务,28.82,0.0006944444444443,0.1641841570751523,2.0788,-0.2099780701754385,0.0405958086462534,0.0159969029995792,0.2325960040006512,-13.295486020966836,62.5121,4.2993,594505.9604
2025-04-09,600651.SH,电器仪表,3.79,0.0271002710027099,0.0,1.0795,-0.1918976545842218,-0.0147552854310845,0.0041544715616035,0.258631837579206,-13.76438947790488,240.7045,3.8665,950163.6177
2025-04-09,600654.SH,仓储物流,2.83,0.0143369175627239,-0.0068965517241379,2.6385,-0.2371967654986523,-0.171682200137045,0.0085993987300407,0.201178908403243,-13.610228102353757,116.2872,4.9707,814417.2472
2025-04-10,000001.SZ,银行,10.9,0.0092592592592593,0.0156106519742882,0.4465,-0.0801687763713079,0.0037941822538776,0.2104155707522356,2.008838891120932,-16.867266335504365,4.7525,0.4978,21152450.8358
2025-04-10,000007.SZ,其他商业,5.82,0.0581818181818183,0.0270270270270269,1.9738,-0.0702875399361021,0.1253749802641965,0.0140345558834963,0.063945978437416,-12.214203309912874,71.2527,15.6382,201632.7616
2025-04-10,000009.SZ,电气设备,7.73,0.0157687253613665,-0.0051413881748072,1.0194,-0.0990675990675989,0.4726546603301169,0.0232387361845713,0.5089835598310175,-14.505519015332103,43.0316,1.9647,1993732.3949
2025-04-10,000012.SZ,玻璃,4.82,0.0062630480167014,0.0020746887966804,0.7292,-0.0183299389002036,0.4370714700755371,0.0659017668263686,0.950660709192889,-14.20760237126072,15.1741,1.0519,1480073.5956
2025-04-10,000017.SZ,服饰,5.69,0.0289330922242314,0.0724137931034483,5.4974,-0.0996835443037974,-0.201974658135742,0.005169027189083,0.0806289054626083,-12.879390077021148,193.46,12.4025,392146.2269
2025-04-10,600601.SH,元器件,4.23,0.0143884892086332,-0.0140515222482434,2.6252,-0.1523046092184368,-0.3391522521542729,0.0145909783980564,0.2333341111137037,-14.383113823979244,68.5355,4.2857,1764034.0604
2025-04-10,600602.SH,软件服务,21.14,0.0347528144884974,-0.0246971109040075,6.0094,-0.2420222301900322,-0.2766675321097673,0.0070001785045518,0.1643736541907063,-14.8772035336437,142.8535,6.0837,2891261.6839
2025-04-10,600603.SH,区域地产,6.57,0.0478468899521531,0.0209267563527653,0.7654,-0.2159904534606205,-0.0494566185640475,0.0479450741230845,0.8824567596187787,-13.572186304447571,20.8572,1.1332,784017.2522
2025-04-10,600605.SH,房产服务,29.54,0.0249826509368493,0.0994563479373202,1.2796,-0.1906849315068493,0.1263197982875454,0.0156070031744644,0.226927179068237,-13.320161707517483,64.0738,4.4067,609358.2953
2025-04-10,600651.SH,电器仪表,3.82,0.0079155672823219,-0.0154639175257732,0.7833,-0.1837606837606837,0.1374145594442162,0.0041218450367627,0.256601062328398,-13.772273881381915,242.6098,3.8971,957684.7017
2025-04-10,600654.SH,仓储物流,2.9,0.0247349823321554,-0.0136986301369863,2.0875,-0.2245989304812835,0.0345225788003431,0.0083918243490461,0.1963209454816734,-13.63466212766648,119.1636,5.0937,834561.8434
2025-04-11,000001.SZ,银行,10.89,-0.0009174311926605,0.0228728270814273,0.3009,-0.0802364864864864,0.0230576708024921,0.210610560013479,2.010454362685967,-16.86634848321404,4.7481,0.4974,21133044.9176
2025-04-11,000007.SZ,其他商业,5.92,0.0171821305841923,-0.0112359550561798,1.4561,-0.0451612903225806,0.2103702375378158,0.013797480580046,0.0628658003759374,-12.231239496871082,72.477,15.9069,205097.242
2025-04-11,000009.SZ,电气设备,7.78,0.0064683053040104,-0.0263819095477386,0.6359,-0.0868544600938966,0.5572573758298667,0.0230894091189312,0.5057145746940427,-14.511966490960596,43.3099,1.9774,2006628.4648
2025-04-11,000012.SZ,玻璃,4.82,0.0,-0.0041322314049585,0.4051,-0.0203252032520324,0.3927191959720437,0.0659017668263686,0.950660709192889,-14.20760237126072,15.1741,1.0519,1480073.5956
2025-04-11,000017.SZ,服饰,5.8,0.0193321616871704,0.0513698630136985,5.8109,-0.0894819466248038,-0.1665028378520379,0.0050709939148073,0.0790995309397815,-12.898537746276562,197.2,12.6423,399727.2611
2025-04-11,600601.SH,元器件,4.27,0.0094562647754135,-0.0275229357798165,1.7611,-0.1303462321792261,-0.3250958324174671,0.0144542926358269,0.2311497388007951,-14.39252565813464,69.1836,4.3262,1780715.2335
2025-04-11,600602.SH,软件服务,21.46,0.0151371807000946,-0.0190875232774674,5.0014,-0.1746153846153846,-0.1993092320206965,0.0068957955644863,0.1619223420447553,-14.892227290383564,145.0159,6.1758,2935027.2344
2025-04-11,600603.SH,区域地产,6.69,0.0182648401826484,-0.0232558139534884,0.6699,-0.197841726618705,0.0110716308769762,0.0470851912365042,0.8666262241095416,-13.59028634607632,21.2381,1.1539,798337.202
2025-04-11,600605.SH,房产服务,31.27,0.0585646580907244,-0.0031976744186046,1.7615,-0.1255592841163311,0.1585937749912029,0.0147435434337417,0.2143714628708626,-13.37707560185456,67.8263,4.6648,645045.1555
2025-04-11,600651.SH,电器仪表,3.88,0.0157068062827225,-0.0203562340966921,0.6913,-0.1565217391304347,0.1889432722904498,0.0040581055789212,0.2526337063891064,-13.787858612409378,246.4204,3.9583,972726.8698
2025-04-11,600654.SH,仓储物流,2.92,0.0068965517241379,-0.0333333333333333,1.7292,-0.1774647887323943,0.2162834735642407,0.0083343473455937,0.1949773826236156,-13.64153500693044,119.9854,5.1288,840317.4423
2025-04-14,000001.SZ,银行,10.93,0.0036730945821854,0.0063926940639269,0.405,-0.0868838763575606,-0.2243992197556604,0.2098371663589054,2.003205128205128,-16.870014848458,4.7656,0.4992,21210668.5904
2025-04-14,000007.SZ,其他商业,6.23,0.0523648648648649,0.0713101160862355,5.9415,-0.0188976377952754,0.5278714064408059,0.0131109196916836,0.0597375133662686,-12.282279380952968,76.2723,16.7399,215837.1314
2025-04-14,000009.SZ,电气设备,7.96,0.0231362467866322,-0.0101910828025477,0.8184,-0.0765661252900231,0.3156439102497452,0.0225672504062105,0.4942665085013839,-14.534839152592154,44.312,2.0232,2053054.3161
2025-04-14,000012.SZ,玻璃,4.84,0.0041493775933609,0.0,0.5194,-0.0261569416498993,0.0726469152642099,0.0656292864127688,0.946790380609733,-14.21174316391726,15.2371,1.0562,1486214.9798
2025-04-14,000017.SZ,服饰,5.84,0.0068965517241379,0.0442176870748298,4.7455,-0.0832025117739403,-0.1628703675079882,0.0050362610797743,0.0785582981130296,-12.90541062573396,198.56,12.7294,402484.0009
2025-04-14,600601.SH,元器件,4.36,0.0210772833723655,0.0046082949308756,1.9629,-0.1925925925925925,-0.264147377315278,0.0141559246791559,0.2263775071308915,-14.413383888264969,70.6418,4.4174,1818247.8731
2025-04-14,600602.SH,软件服务,21.48,0.0009319664492077,0.0443925233644861,3.792,-0.1573165947430364,-0.1524561919569694,0.0068893772691886,0.1617704154264268,-14.893158822818284,145.151,6.1816,2937762.5813
2025-04-14,600603.SH,区域地产,6.88,0.0284005979073243,0.0145348837209302,0.4592,-0.1896348645465253,0.1503989526387485,0.0457848205006112,0.8427439743805831,-13.618291123919851,21.8413,1.1866,821010.4559
2025-04-14,600605.SH,房产服务,34.4,0.1000959385992963,-0.018181818181818,2.359,-0.0444444444444445,0.2893725756935126,0.0134020590923589,0.1948671980045598,-13.472472994794176,74.6154,5.1317,709611.5558
2025-04-14,600651.SH,电器仪表,3.93,0.0128865979381445,0.0025773195876288,0.6358,-0.1475054229934924,0.1395112082325553,0.0040064760679161,0.2494138773881378,-13.800662884681,249.5959,4.0094,985262.0099
2025-04-14,600654.SH,仓储物流,3.0,0.0273972602739727,0.0,1.6463,-0.1666666666666667,0.2595078095238097,0.0081121027706075,0.1897785284572903,-13.668563679342162,123.2726,5.2693,863339.838
2025-04-15,000001.SZ,银行,10.95,0.0018298261665141,0.0036363636363636,0.3724,-0.0478260869565217,-0.2222305585774844,0.2094547891837546,1.9996000799840032,-16.871843002532252,4.7743,0.5001,21249480.4268
2025-04-15,000007.SZ,其他商业,6.03,-0.0321027287319422,0.1187290969899665,3.9848,-0.0533751962323391,0.6540257809575081,0.0135457854320495,0.061718870544669,-12.24965005879512,73.8237,16.2025,208908.1705
2025-04-15,000009.SZ,电气设备,7.85,-0.013819095477387,-0.0165605095541401,0.4976,-0.0882694541231126,0.122417627128156,0.0228835046545048,0.5012028869286287,-14.520923684537314,43.6996,1.9952,2024682.9625
2025-04-15,000012.SZ,玻璃,4.82,-0.0041322314049585,0.0020790020790022,0.4052,-0.0379241516966066,-0.202856456209016,0.0659017668263686,0.950660709192889,-14.20760237126072,15.1741,1.0519,1480073.5956
2025-04-15,000017.SZ,服饰,5.88,0.0068493150684931,0.1382799325463743,3.5208,-0.0911901081916537,-0.1872020654283547,0.0050020008003201,0.0780238128676872,-12.91223659072492,199.92,12.8166,405240.7406
2025-04-15,600601.SH,元器件,4.34,-0.0045871559633028,0.0213270142180095,1.2668,-0.2022058823529412,-0.2842890849405006,0.0142211704876581,0.2274226194537308,-14.408786179057143,70.3177,4.3971,1809907.2866
2025-04-15,600602.SH,软件服务,21.4,-0.0037243947858474,0.0374100719424459,3.7281,-0.1847619047619048,-0.2204106391734905,0.0069151319683784,0.1623772022408054,-14.88942747521904,144.6104,6.1585,2926821.1937
2025-04-15,600603.SH,区域地产,6.88,0.0,0.0811209439528022,0.4104,-0.1474597273853779,0.2651134518031666,0.0457848205006112,0.8427439743805831,-13.618291123919851,21.8413,1.1866,821010.4559
2025-04-15,600605.SH,房产服务,34.65,0.007267441860465,-0.0191916254725211,2.157,-0.046767537826685,0.1577888118904076,0.013305356603515,0.1934610176049526,-13.479714156015351,75.1577,5.169,714768.6165
2025-04-15,600651.SH,电器仪表,3.88,-0.0127226463104326,0.0890052356020942,0.5541,-0.174468085106383,0.0119329161993051,0.0040581055789212,0.2526337063891064,-13.787858612409378,246.4204,3.9583,972726.8698
2025-04-15,600654.SH,仓储物流,2.95,-0.0166666666666666,0.0520833333333332,1.1819,-0.1805555555555555,0.1777265389360576,0.0082495930888208,0.1929943066679533,-13.65175656102578,121.2181,5.1815,848950.8407
2025-04-16,000001.SZ,银行,11.0,0.0045662100456622,-0.0045207956600362,0.4343,-0.0426457789382072,-0.2369545954683103,0.2085027418110548,1.990445859872612,-16.876398819068584,4.7961,0.5024,21346510.0178
2025-04-16,000007.SZ,其他商业,5.98,-0.0082918739635157,0.0888157894736842,2.0695,-0.0714285714285714,0.646215743191326,0.0136590376388441,0.0622351118053783,-12.241323616113824,73.2116,16.0681,207175.9303
2025-04-16,000009.SZ,电气设备,7.85,0.0,-0.0012919896640826,0.5792,-0.092485549132948,0.0062705919863959,0.0085260359559988,0.4896919837422261,-14.520923684537314,117.2878,2.0421,2024682.9625
2025-04-16,000012.SZ,玻璃,4.81,-0.0020746887966806,-0.0062111801242236,0.3703,-0.038,-0.3286721016995996,0.066038421153427,0.9526531389920928,-14.205525527320656,15.1427,1.0497,1477002.9035
2025-04-16,000017.SZ,服饰,5.93,0.0085034013605442,0.022508038585209,5.9495,-0.1069277108433734,-0.1750539142688385,0.0049598254141454,0.0773658476202265,-12.920704041909742,201.62,12.9256,408686.6653
2025-04-16,600601.SH,元器件,4.22,-0.0276497695852534,0.0403800475059381,1.3706,-0.2450805008944544,-0.3466357915859347,0.0146255493721982,0.2338853026475816,-14.38074695896159,68.3735,4.2756,1759863.7671
2025-04-16,600602.SH,软件服务,20.85,-0.0257009345794391,0.0688007644529384,3.1642,-0.188400155702608,-0.332999245227331,0.0070975443915913,0.1666583337499791,-14.863390501444812,140.8938,6.0003,2851599.1537
2025-04-16,600603.SH,区域地产,6.78,-0.0145348837209301,0.1273792093704246,0.2959,-0.1160365058670143,0.0303870686581355,0.0464601975487599,0.8551393877201984,-13.603649573939478,21.5238,1.1694,809077.1644
2025-04-16,600605.SH,房产服务,34.39,-0.0075036075036074,-0.0148342059336825,1.3533,-0.0526170798898071,0.0611345651151296,0.0134059578757991,0.190850621218772,-13.47218225475893,74.5937,5.2397,709405.2733
2025-04-16,600651.SH,电器仪表,3.82,-0.0154639175257732,0.0628272251308899,0.4785,-0.1767241379310344,-0.1158060568551052,0.0041218450367627,0.256601062328398,-13.772273881381915,242.6098,3.8971,957684.7017
2025-04-16,600654.SH,仓储物流,2.88,-0.0237288135593221,0.0416666666666667,1.1294,-0.1910112359550562,0.0106008904487993,0.008450106767099,0.1976831534416637,-13.627741684846038,118.3417,5.0586,828806.2445
2025-04-17,000001.SZ,银行,11.06,0.0054545454545456,-0.0134168157423971,0.4246,-0.0399305555555554,-0.2245306432888997,0.2073699272131555,1.9798059790140567,-16.88183854236496,4.8223,0.5051,21462945.527
2025-04-17,000007.SZ,其他商业,6.08,0.0167224080267558,0.0568181818181816,2.2491,-0.0379746835443037,0.6208947904972062,0.013434395814917,0.0612114979677782,-12.257907744415157,74.4358,16.3368,210640.4108
2025-04-17,000009.SZ,电气设备,7.74,-0.014012738853503,-0.0206451612903225,0.5022,-0.0957943925233645,-0.129743725837571,0.0086472052664938,0.4966476285075739,-14.506811840351972,115.6443,2.0135,1996311.6089
2025-04-17,000012.SZ,玻璃,4.83,0.0041580041580042,-0.0020746887966806,0.4205,-0.034,-0.4098492965782115,0.0657652443836481,0.9487666034155596,-14.209674910857936,15.2056,1.054,1483144.2877
2025-04-17,000017.SZ,服饰,6.22,0.0489038785834738,-0.0032573289902279,13.4172,-0.0474732006125575,0.0491685508872894,0.0047285795347077,0.0737588233992491,-12.968449735514692,211.48,13.5577,428673.0283
2025-04-17,600601.SH,元器件,4.21,-0.0023696682464454,0.016509433962264,0.9485,-0.2056603773584905,-0.4113867226031396,0.014660306048549,0.2344446007408449,-14.378374478600536,68.2114,4.2654,1755693.4738
2025-04-17,600602.SH,软件服务,20.93,0.0038369304556353,0.0227812055054579,3.4109,-0.1884451337727801,-0.3917897702164388,0.0070704156838788,0.166021948101539,-14.867220089643904,141.4344,6.0233,2862540.5413
2025-04-17,600603.SH,区域地产,6.83,0.0073746312684366,0.1369047619047618,0.2137,-0.0832214765100671,-0.0817593152741367,0.0461199302666654,0.8488964346349746,-13.610997145502193,21.6826,1.178,815043.8101
2025-04-17,600605.SH,房产服务,34.38,-0.000290782204129,-0.0172061825605132,1.3246,-0.0670284938941655,0.0931751321395,0.013409858928284,0.1909052728036348,-13.471891430310336,74.572,5.2382,709198.9909
2025-04-17,600651.SH,电器仪表,3.82,0.0,0.0415584415584415,0.4481,-0.1622807017543859,-0.1926679365992166,0.0041218450367627,0.256601062328398,-13.772273881381915,242.6098,3.8971,957684.7017
2025-04-17,600654.SH,仓储物流,2.88,0.0,0.0137931034482758,1.0922,-0.1771428571428571,-0.0960369106037978,0.008450106767099,0.1976831534416637,-13.627741684846038,118.3417,5.0586,828806.2445
2025-04-18,000001.SZ,银行,11.18,0.0108499095840868,-0.0009074410163338,0.3747,-0.0269799825935597,-0.1791585456697655,0.2051450375415418,1.9584802193497843,-16.892630013998826,4.8746,0.5106,21695816.5454
2025-04-18,000007.SZ,其他商业,6.16,0.013157894736842,0.1083591331269349,2.1829,-0.0222222222222221,0.6439225261556778,0.0132599087983472,0.0604163897582136,-12.270979825735887,75.4153,16.5518,213411.9951
2025-04-18,000009.SZ,电气设备,7.75,0.0012919896640826,-0.0257400257400256,0.2967,-0.09037558685446,-0.2144851263585272,0.0086360484205962,0.4960071425028521,-14.508102996133108,115.7937,2.0161,1998890.8229
2025-04-18,000012.SZ,玻璃,4.82,-0.0020703933747411,0.0,0.2661,-0.0379241516966066,-0.4336103587991913,0.0659017668263686,0.950660709192889,-14.20760237126072,15.1741,1.0519,1480073.5956
2025-04-18,000017.SZ,服饰,6.14,-0.0128617363344051,0.0960912052117264,10.3466,-0.0406250000000001,0.1710009265125971,0.0047901896915117,0.0747194285458104,-12.955504571073108,208.76,13.3834,423159.5489
2025-04-18,600601.SH,元器件,4.24,0.007125890736342,-0.0022935779816515,1.1647,-0.1892925430210325,-0.4333308011108017,0.0145565704719967,0.2327855114297686,-14.385475100172275,68.6975,4.2958,1768204.3537
2025-04-18,600602.SH,软件服务,21.07,0.0066889632107023,0.0183445190156599,3.1726,-0.1933384379785605,-0.4001132530371617,0.0070234336864949,0.1649185302460584,-14.873886781012535,142.3805,6.0636,2881687.9697
2025-04-18,600603.SH,区域地产,6.72,-0.0161054172767204,0.0401146131805156,0.1783,-0.1157894736842105,-0.2123694657260614,0.0468748535160827,0.8628127696289905,-13.594760626529956,21.3334,1.159,801917.1895
2025-04-18,600605.SH,房产服务,34.29,-0.0026178010471205,0.0082304526748968,0.9739,-0.0697232772653282,0.0054687860649054,0.013445052758387,0.1914095398514662,-13.46927019677532,74.3768,5.2244,707342.449
2025-04-18,600651.SH,电器仪表,3.85,0.0078534031413612,0.0282776349614395,0.4105,-0.1519823788546255,-0.2537522794220787,0.0040897269739169,0.2546019298826285,-13.78009660712035,244.5151,3.9277,965205.7858
2025-04-18,600654.SH,仓储物流,2.9,0.0069444444444444,0.0033898305084745,0.9564,-0.1690544412607451,-0.1843807182941279,0.0083918243490461,0.1963209454816734,-13.63466212766648,119.1636,5.0937,834561.8434
2025-04-21,000001.SZ,银行,11.02,-0.0143112701252235,-0.003623188405797,0.5742,-0.0350262697022767,-0.0976553608012746,0.20421499754942,2.039567611666327,-16.878215349995166,4.8968,0.4903,21385321.8542
2025-04-21,000007.SZ,其他商业,6.46,0.0487012987012986,0.0,3.5533,0.0319488817891373,0.3365319624922651,0.0126441272454389,0.0576106556668721,-12.31853236589648,79.0881,17.3579,223805.4364
2025-04-21,000009.SZ,电气设备,7.77,0.0025806451612901,-0.0336787564766839,0.2906,-0.0815602836879434,-0.3425592934856831,0.0086138208755948,0.4947311136397367,-14.510680317132406,116.0925,2.0213,2004049.2508
2025-04-21,000017.SZ,服饰,6.14,0.0,-0.0488888888888888,8.4317,-0.0064724919093851,0.2687157867812797,0.0047901896915117,0.0747194285458104,-12.955504571073108,208.76,13.3834,423159.5489
2025-04-21,600601.SH,元器件,4.36,0.0283018867924529,-0.0069605568445474,1.4358,-0.1773584905660377,-0.4475331036746138,0.0141559246791559,0.2263775071308915,-14.413383888264969,70.6418,4.4174,1818247.8731
2025-04-21,600602.SH,软件服务,22.35,0.0607498813478879,0.0716597318539067,6.5826,-0.0791100123609394,-0.2811498219754188,0.0066212010858769,0.1554750540275812,-14.932862874242632,151.03,6.4319,3056750.1719
2025-04-21,600603.SH,区域地产,6.98,0.0386904761904762,0.0231923601637107,0.6107,-0.0730411686586984,-0.1550061804697157,0.045128797588317,0.8306337735692333,-13.632721388736664,22.1588,1.2039,832943.7474
2025-04-21,600605.SH,房产服务,34.02,-0.0078740157480313,0.0554402608953454,0.7662,-0.1149843912591049,-0.0974822155953699,0.0135517514283545,0.1929272857060174,-13.46136501738602,73.7912,5.1833,701772.8235
2025-04-21,600651.SH,电器仪表,3.89,0.0103896103896103,-0.0504807692307692,0.4666,-0.1297539149888142,-0.2746625648913671,0.0040476734984649,0.2519843769686279,-13.790432616389223,247.0555,3.9685,975233.8978
2025-04-21,600654.SH,仓储物流,2.95,0.0172413793103449,-0.0396039603960395,1.18,-0.1374269005847952,-0.229046275453935,0.0023593046374256,0.1956066740997202,-13.65175656102578,423.8537,5.1123,848950.8407
2025-04-22,000001.SZ,银行,11.04,0.0018148820326677,-0.0027247956403269,0.4283,-0.0298769771528999,-0.057770099443789,0.2038445074097478,2.035830618892508,-16.880028587119536,4.9057,0.4912,21424133.6906
2025-04-22,000007.SZ,其他商业,6.69,0.0356037151702786,0.0302114803625377,4.1058,0.1149999999999999,0.2857843315294379,0.0122094308085451,0.0556300379953159,-12.353516922194016,81.9039,17.9759,231773.7414
2025-04-22,000009.SZ,电气设备,7.72,-0.0064350064350063,-0.0426908150064683,0.5579,-0.0798569725864124,-0.3163332668068839,0.0086696131791991,0.4979335756610067,-14.504224516802074,115.3454,2.0083,1991153.181
2025-04-22,000017.SZ,服饰,6.75,0.0993485342019544,0.0141509433962263,13.7367,0.1065573770491803,0.4770748442154184,0.0036210774226184,0.0738956298124528,-13.050222333762434,276.1609,13.5326,465199.8298
2025-04-22,600601.SH,元器件,4.31,-0.011467889908257,-0.0205479452054794,1.1298,-0.1898496240601505,-0.4215293698586909,0.014320144003368,0.2290058854512561,-14.40184973503895,69.8317,4.3667,1797396.4067
2025-04-22,600602.SH,软件服务,21.63,-0.0322147651006712,0.0366562360303979,5.3614,-0.0838627700127064,-0.2042298344568258,0.0068415971845459,0.1606503124648577,-14.900117793168032,146.1647,6.2247,2958277.6832
2025-04-22,600603.SH,区域地产,7.33,0.0501432664756447,-0.0571428571428571,0.6965,-0.0094594594594594,-0.0536925484987903,0.0429739706659676,0.7910140800506249,-13.681647987877977,23.2699,1.2642,874710.2677
2025-04-22,600605.SH,房产服务,33.73,-0.0085243974132864,0.0974313551815766,0.7088,-0.0672013274336282,-0.2446313990408344,0.0136682790679873,0.1945866007666712,-13.45280407940758,73.1621,5.1391,695790.633
2025-04-22,600651.SH,电器仪表,4.16,0.069408740359897,-0.0221674876847288,2.1248,-0.0303030303030302,0.118322729407746,0.0037849640787984,0.235626767200754,-13.857538533029576,264.2033,4.244,1042923.6542
2025-04-22,600654.SH,仓储物流,3.03,0.0271186440677964,-0.0166666666666666,3.7214,-0.0845921450151058,0.0746062200113719,0.0022970124367144,0.1904435430116742,-13.678514010218269,435.3481,5.2509,871973.2364
2025-04-23,000001.SZ,银行,11.01,-0.0027173913043477,-0.0108794197642791,0.3022,-0.0367454068241469,-0.1061927165751547,0.204398659144796,2.041232904674424,-16.877307497004896,4.8924,0.4899,21365915.936
2025-04-23,000007.SZ,其他商业,6.62,-0.0104633781763826,0.032258064516129,3.0337,0.0924092409240924,0.3293839487400352,0.0123385348483409,0.0562183069294685,-12.342998418036036,81.0469,17.7878,229348.6051
2025-04-23,000009.SZ,电气设备,7.73,0.0012953367875647,0.0197628458498024,0.3586,-0.0905882352941176,-0.3658370808273203,0.0086583909765712,0.4972897707494157,-14.505519015332103,115.4949,2.0109,1993732.3949
2025-04-23,000017.SZ,服饰,6.36,-0.0577777777777777,0.0506535947712418,17.338,0.0564784053156146,0.6417858743805531,0.0038431251678965,0.0784264516736204,-12.990708206203664,260.2049,12.7508,438321.6174
2025-04-23,600601.SH,元器件,4.38,0.0162412993039444,0.0069605568445476,1.4179,-0.1843575418994414,-0.3798778410102273,0.0140912946799726,0.2253419564188656,-14.417960555306694,70.9658,4.4377,1826588.4597
2025-04-23,600602.SH,软件服务,22.37,0.0342117429496071,0.0895591647331786,6.5496,-0.0071016422547713,-0.0870165142424418,0.0066152791780118,0.1553349798841201,-14.933757328681832,151.1652,6.4377,3059485.5188
2025-04-23,600603.SH,区域地产,7.7,0.0504774897680764,-0.0497382198952879,0.9566,0.0091743119266054,0.1897679419406863,0.0409089979340956,0.7529553497477599,-13.730892800852269,24.4445,1.3281,918863.4463
2025-04-23,600605.SH,房产服务,33.87,0.0041506077675659,0.0982195845697326,0.6484,-0.0581201334816463,-0.3407283163740728,0.0136117758194969,0.1937796725123534,-13.456946097155214,73.4658,5.1605,698678.587
2025-04-23,600651.SH,电器仪表,4.06,-0.0240384615384616,-0.0099750623441395,1.1776,-0.0536130536130536,0.2660752515338263,0.0038781891803951,0.2414292612264606,-13.833206432418224,257.8523,4.142,1017853.3741
2025-04-23,600654.SH,仓储物流,3.0,-0.0099009900990097,0.0204081632653061,1.8475,-0.0853658536585365,0.1397792345762183,0.0023199826836492,0.1923446816695518,-13.668563679342162,431.0377,5.199,863339.838
2025-04-24,000001.SZ,银行,11.03,0.0018165304268846,-0.0045413260672115,0.3552,-0.0307557117750441,-0.1332261190930098,0.2040316657145189,2.037489812550937,-16.879122379535904,4.9012,0.4908,21404727.7724
2025-04-24,000007.SZ,其他商业,6.51,-0.0166163141993958,-0.047486033519553,2.5852,0.0235849056603771,0.3822208116722023,0.0125470199572899,0.0571683378877442,-12.326242504234592,79.7002,17.4922,225537.6766
2025-04-24,000009.SZ,电气设备,7.59,-0.0181112548512289,0.0501981505944517,0.6072,-0.1060070671378092,-0.3430531999315357,0.0088181010924745,0.5064573309698658,-14.487241744145004,113.4031,1.9745,1957623.3994
2025-04-24,000017.SZ,服饰,6.12,-0.0377358490566037,-0.0178306092124814,8.6858,-0.0048780487804878,0.4783841238393065,0.0039938351161147,0.0815022494620851,-12.952241925357974,250.3859,12.2696,421781.179
2025-04-24,600601.SH,元器件,4.31,-0.0159817351598173,0.0413793103448276,1.5296,-0.1695568400770714,-0.2972567673158836,0.014320144003368,0.2290058854512561,-14.40184973503895,69.8317,4.3667,1797396.4067
2025-04-24,600602.SH,软件服务,21.55,-0.0366562360303979,0.0676625659050966,5.6262,-0.0514964788732393,-0.0173788753235814,0.0068669952294984,0.1612461099375977,-14.896412369732507,145.6241,6.2017,2947336.2955
2025-04-24,600603.SH,区域地产,7.64,-0.0077922077922079,-0.0013774104683195,0.9487,0.0079155672823219,0.4313816539322046,0.0412303125257689,0.7588980799878576,-13.723070075177898,24.254,1.3177,911703.4714
2025-04-24,600605.SH,房产服务,33.7,-0.0050191910245053,0.0760932944606413,0.6665,-0.0706012134583562,-0.4146705597393559,0.013680433286683,0.1947571378491021,-13.451914267673615,73.0971,5.1346,695171.7857
2025-04-24,600651.SH,电器仪表,4.01,-0.0123152709359605,0.0149999999999999,0.6989,-0.0781609195402298,0.320431446319579,0.0039265453311805,0.2444390124663896,-13.820814700098314,254.6768,4.091,1005318.234
2025-04-24,600654.SH,仓储物流,2.94,-0.02,0.0506756756756756,1.5226,-0.1223880597014925,0.1956335838300076,0.0023673295268252,0.1962708537782139,-13.648360971977365,422.4169,5.095,846073.0412
2025-04-25,000001.SZ,银行,11.01,-0.0018132366273798,0.0027272727272726,0.3285,-0.0333625987708516,-0.1568055805866822,0.204398659144796,2.041232904674424,-16.877307497004896,4.8924,0.4899,21365915.936
2025-04-25,000007.SZ,其他商业,7.16,0.0998463901689707,0.0134529147982063,12.0454,0.1275590551181102,0.8277873714107336,0.0227454691025547,0.0722637337225939,-12.421413029165633,43.9648,13.8382,248056.7995
2025-04-25,000009.SZ,电气设备,7.57,-0.0026350461133068,0.0790884718498661,0.4375,-0.1020166073546855,-0.2951947228808187,0.0088413968346031,0.5077946478444118,-14.48460322020214,113.1043,1.9693,1952464.9715
2025-04-25,000017.SZ,服饰,6.73,0.0996732026143791,0.0342679127725855,13.2836,0.1087314662273475,0.4598088797255428,0.0036318377062475,0.0741152492125254,-13.047254972461488,275.3427,13.4925,463821.4599
2025-04-25,600601.SH,元器件,4.35,0.0092807424593968,0.0537383177570092,1.6913,-0.1666666666666667,-0.2183891834714331,0.0141884625098255,0.2268962857078029,-14.411087675997411,70.4798,4.4073,1814077.5798
2025-04-25,600602.SH,软件服务,22.76,0.0561484918793504,0.0237273511647972,11.0378,-0.010864841373316,0.2406773021895953,0.0065019252200576,0.1526740866272767,-14.95104116245579,153.8006,6.5499,3112824.7836
2025-04-25,600603.SH,区域地产,7.26,-0.0497382198952879,-0.0293333333333333,1.3401,-0.025503355704698,0.7295305391723885,0.058889693714703,0.8291186468783683,-13.672052300766676,16.9809,1.2061,866356.9636
2025-04-25,600605.SH,房产服务,34.3,0.0178041543026703,0.0334269662921347,1.1974,-0.0535320088300221,-0.3920130523619285,0.0134411312056022,0.1913509376195943,-13.469561784572749,74.3985,5.226,707548.7315
2025-04-25,600651.SH,电器仪表,4.0,-0.0024937655860348,0.0278481012658227,0.464,-0.0783410138248847,0.338871356340561,0.0039363616288192,0.2450499901980004,-13.818317819914649,254.0417,4.0808,1002811.206
2025-04-25,600654.SH,仓储物流,2.96,0.0068027210884353,0.0721649484536082,1.1221,-0.1003039513677811,0.2196787722191204,0.0023513339705448,0.1949469744229569,-13.65514065905698,425.2905,5.1296,851828.6402
2025-04-28,000001.SZ,银行,11.0,-0.0009082652134423,0.0091074681238614,0.3308,-0.0308370044052863,-0.2598954522802217,0.2045868368829149,2.043318348998774,-16.876398819068584,4.8879,0.4894,21346510.0178
2025-04-28,000007.SZ,其他商业,6.69,-0.0656424581005585,0.0205278592375366,8.5038,0.0790322580645161,0.9238991592366405,0.0243433977053913,0.077340118639742,-12.353516922194016,41.0789,12.9299,231773.7414
2025-04-28,000009.SZ,电气设备,7.46,-0.0145310435931308,0.085135135135135,0.4411,-0.1033653846153846,-0.2453665891813783,0.0089717640641373,0.5153045449860868,-14.469965566976212,111.4608,1.9406,1924093.6179
2025-04-28,000017.SZ,服饰,6.42,-0.0460624071322437,0.0387596899224806,16.6228,0.07,0.5342521564337346,0.0038072075769522,0.0776940408670655,-13.000097946557768,262.6597,12.871,442456.727
2025-04-28,600601.SH,元器件,4.28,-0.0160919540229883,0.0652680652680652,1.0825,-0.1591355599214144,-0.2359247311528156,0.0145083553618528,0.2348134407213468,-14.39486484049516,68.9258,4.2587,1784885.5268
2025-04-28,600602.SH,软件服务,23.18,0.0184534270650262,0.0064683053040102,8.7131,0.0166666666666666,0.2877959659782125,0.0058197055229005,0.1512081531436175,-14.969326391105994,171.83,6.6134,3170267.0687
2025-04-28,600603.SH,区域地产,7.5,0.0330578512396695,0.0082644628099173,0.8371,0.0107816711590296,0.7108030464394068,0.057005067750523,0.8025682182985554,-13.704575492558114,17.5423,1.246,894996.8633
2025-04-28,600605.SH,房产服务,35.6,0.0379008746355686,0.0064568200161418,1.7835,-0.0238552234713462,-0.257249078907824,0.0129502980511096,0.1843657817109144,-13.50676206816197,77.2183,5.424,734365.4472
2025-04-28,600651.SH,电器仪表,3.95,-0.0124999999999999,0.035264483627204,0.7288,-0.0683962264150943,0.400697099016376,0.0039861902425238,0.2481512730160305,-13.805739037682542,250.8661,4.0298,990276.0659
2025-04-28,600654.SH,仓储物流,2.91,-0.0168918918918918,0.071186440677966,0.8595,-0.0962732919254658,0.1917473097976891,0.0023917345480793,0.1982946658734879,-13.638104471905216,418.1066,5.043,837439.6429
2025-04-29,000001.SZ,银行,10.98,-0.0018181818181818,0.0219981668194317,0.3345,-0.0248667850799289,-0.2813370473537605,0.2049600327936052,2.047082906857728,-16.87457898235141,4.879,0.4885,21307698.1814
2025-04-29,000007.SZ,其他商业,6.82,0.0194319880418534,0.056547619047619,3.819,0.1198686371100163,0.8223839439679728,0.0238793994808618,0.0758662023655081,-12.372762520030715,41.8771,13.1811,236277.566
2025-04-29,000009.SZ,电气设备,7.4,-0.0080428954423591,0.0374677002583978,0.445,-0.0875462392108507,-0.2693384822831974,0.0090445107507577,0.5194805194805194,-14.461890152965468,110.5643,1.925,1908618.3341
2025-04-29,000017.SZ,服饰,6.45,0.0046728971962617,0.0124416796267496,9.7156,0.0785953177257525,0.3991415988853044,0.0043944473521037,0.0786175883268604,-13.00475995966568,227.5599,12.7198,444524.2818
2025-04-29,600601.SH,元器件,4.29,0.0023364485981307,0.0230414746543781,0.9419,-0.1154639175257731,-0.2129877339380731,0.0144745450650486,0.2342688469287354,-14.397198563848692,69.0868,4.2686,1789055.8201
2025-04-29,600602.SH,软件服务,23.19,0.0004314063848145,-0.034923339011925,5.7457,-0.0365600332363937,0.3487557384253645,0.0058171969138606,0.1511441613010489,-14.969757704444486,171.9041,6.6162,3171634.7421
2025-04-29,600603.SH,区域地产,7.26,-0.032,-0.0082644628099173,0.4632,0.0013793103448276,0.6035912089462732,0.058889693714703,0.8291186468783683,-13.672052300766676,16.9809,1.2061,866356.9636
2025-04-29,600605.SH,房产服务,37.17,0.0441011235955055,0.0942988381518508,2.5013,0.0470422535211267,-0.0402050318950271,0.0121721581358096,0.1765786127984178,-13.549918414676744,82.1547,5.6632,766751.7886
2025-04-29,600651.SH,电器仪表,3.97,0.0050632911392405,0.0201511335012594,0.6625,-0.0502392344497606,0.0027070780350508,0.0039661088070222,0.2469013875857982,-13.810789553539069,252.1363,4.0502,995290.122
2025-04-29,600653.SH,汽车服务,1.88,0.010752688172043,0.0,1.0389,-0.0693069306930693,-0.0452836812489857,0.0105484230634941,0.2243359655419956,-12.810168641743648,94.8009,4.4576,365919.4996
2025-04-29,600654.SH,仓储物流,2.95,0.0137457044673539,0.0233333333333332,1.0357,-0.0866873065015478,-0.1482927252059296,0.0023593046374256,0.1956066740997202,-13.65175656102578,423.8537,5.1123,848950.8407
2025-04-30,000001.SZ,银行,10.91,-0.0063752276867031,0.0182481751824816,0.4482,-0.0319432120674356,-0.2259620561190429,0.2062748819076301,2.0601565718994643,-16.868183346114343,4.8479,0.4854,21171856.754
2025-04-30,000007.SZ,其他商业,6.72,-0.0146627565982405,0.0425219941348973,2.868,0.0962479608482871,0.76284572129488,0.0247207788034154,0.0777562652110693,-12.357991202881712,40.4518,12.8607,232813.0856
2025-04-30,000009.SZ,电气设备,7.74,0.0459459459459459,0.030188679245283,1.5783,-0.0537897310513446,0.0217059003362887,0.0135465010742375,0.5062009617818274,-14.506811840351972,73.8198,1.9755,1996311.6089
2025-04-30,000017.SZ,服饰,6.43,-0.0031007751937984,-0.0211800302571861,12.0811,0.0174050632911391,0.3056763035650003,0.0044081156936412,0.0788618655562916,-13.001654367030907,226.8543,12.6804,443145.9119
2025-04-30,600601.SH,元器件,4.34,0.0116550116550115,-0.0022075055187639,1.3637,-0.1069958847736626,-0.2069073105169682,0.0143077891604189,0.2315672471285661,-14.408786179057143,69.892,4.3184,1809907.2866
2025-04-30,600602.SH,软件服务,23.48,0.0125053902544198,-0.0567901234567901,8.7031,0.0138169257340241,0.3973901937530266,0.0057453500009767,0.1492760113449768,-14.982185548138672,174.0538,6.699,3211297.2723
2025-04-30,600603.SH,区域地产,7.26,0.0,0.0096551724137932,0.3388,0.0013793103448276,0.3709229883252187,0.058889693714703,0.8291186468783683,-13.672052300766676,16.9809,1.2061,866356.9636
2025-04-30,600605.SH,房产服务,37.01,-0.004304546677428,0.0674613925765375,1.6493,0.0469589816124469,0.0709368637535663,0.0122247894280021,0.1785969424203457,-13.545604576718532,81.801,5.5992,763451.2697
2025-04-30,600651.SH,电器仪表,3.97,0.0,0.0073891625615765,0.5558,-0.0525059665871122,-0.1723495559029972,0.0029426356716889,0.2470233684106516,-13.810789553539069,339.8314,4.0482,995290.122
2025-04-30,600653.SH,汽车服务,1.93,0.0265957446808511,-0.0102564102564102,1.7503,-0.0398009950248755,-0.0265391768016721,0.0143416672761875,0.215340884620354,-12.836416867858231,69.7269,4.6438,375651.4012
2025-04-30,600654.SH,仓储物流,3.0,0.0169491525423728,-0.0032154340836012,1.2572,-0.0654205607476635,-0.2374143306278693,0.0010216354810733,0.1936183395291202,-13.668563679342162,978.8227,5.1648,863339.838
2025-05-06,000001.SZ,银行,10.96,0.0045829514207149,0.0235720761559383,0.4404,-0.0360598065083551,-0.1857427113072064,0.2053345927188353,2.050861361771944,-16.872755827789707,4.8701,0.4876,21268886.345
2025-05-06,000007.SZ,其他商业,6.82,0.0148809523809525,0.0752212389380531,3.0608,0.1107491856677524,0.730955462048043,0.0243583404175506,0.0766160234751495,-12.372762520030715,41.0537,13.0521,236277.566
2025-05-06,000009.SZ,电气设备,7.95,0.0271317829457364,0.0136645962732917,1.0804,-0.0304878048780486,0.1012845508220294,0.01318866249817,0.4928293332019121,-14.533582081433778,75.8227,2.0291,2050475.1022
2025-05-06,000017.SZ,服饰,6.61,0.0279937791601867,-0.0286144578313252,11.4579,0.0644122383252818,0.3514059984273787,0.0042880764032301,0.076714178314436,-13.029263482659314,233.2048,13.0354,455551.2407
2025-05-06,600601.SH,元器件,4.53,0.043778801843318,-0.0088691796008869,2.1054,-0.0640495867768594,-0.1605733029176294,0.0137076809619502,0.2218573900696632,-14.451633770410744,72.9518,4.5074,1889142.859
2025-05-06,600602.SH,软件服务,24.3,0.034923339011925,-0.0429835651074589,7.8175,0.055603822762815,0.4233842521272153,0.0055514721393819,0.1442397842172828,-15.016512903552782,180.1324,6.9329,3323446.4957
2025-05-06,600603.SH,区域地产,7.25,-0.0013774104683195,-0.0068681318681318,0.4834,-0.0068493150684931,0.1970752450260149,0.0589709568037741,0.8302889405513119,-13.670673940855462,16.9575,1.2044,865163.6345
2025-05-06,600605.SH,房产服务,36.91,-0.0027019724398811,-0.0269094862734439,1.3007,0.042949985871715,0.1345763772323156,0.0122579063495954,0.1790830945558739,-13.54289894734914,81.58,5.584,761388.4454
2025-05-06,600651.SH,电器仪表,4.06,0.0226700251889166,-0.0098522167487684,0.6672,-0.0333333333333334,-0.196911096182569,0.0028774047190588,0.2415458937198067,-13.833206432418224,347.5354,4.14,1017853.3741
2025-05-06,600653.SH,汽车服务,1.95,0.0103626943005181,-0.0153846153846154,1.8311,-0.025,-0.0127271153901623,0.0141945649010993,0.2131332722351286,-12.846726237426994,70.4495,4.6919,379544.1618
2025-05-06,600654.SH,仓储物流,3.11,0.0366666666666666,-0.0128205128205128,1.5783,-0.0220125786163523,-0.2512297624911246,0.000985500527834,0.1867692652497105,-13.704574116909887,1014.7128,5.3542,894995.6321
2025-05-07,000001.SZ,银行,11.03,0.0063868613138684,0.0315884476534296,0.5804,-0.027336860670194,-0.1009498936371869,0.2040316657145189,2.037489812550937,-16.879122379535904,4.9012,0.4908,21404727.7724
2025-05-07,000007.SZ,其他商业,6.78,-0.0058651026392961,0.0459770114942528,2.5909,0.0935483870967741,0.1626690765169294,0.0245019969127483,0.0770683210666255,-12.366880150025274,40.813,12.9755,234891.7738
2025-05-07,000009.SZ,电气设备,8.05,0.0125786163522012,0.0136986301369863,1.192,-0.0158924205378971,0.2354962603598143,0.0130248357568211,0.4867127421395891,-14.546082244173776,76.7764,2.0546,2076267.2418
2025-05-07,000017.SZ,服饰,6.64,0.0045385779122539,-0.0373134328358208,10.9789,0.0814332247557003,0.2702020267904523,0.0042687028948635,0.0763679407384779,-13.033791792286376,234.2632,13.0945,457618.7955
2025-05-07,600601.SH,元器件,4.51,-0.0044150110375277,-0.0196936542669583,1.8479,-0.0564853556485356,-0.1497818401859931,0.0137684721264166,0.2228412256267409,-14.44720898441654,72.6297,4.4875,1880802.2724
2025-05-07,600602.SH,软件服务,23.73,-0.0234567901234568,-0.0325621251071123,7.0357,0.0188922284242165,0.2623101060915473,0.0056848220934925,0.1477039422182178,-14.992776623634285,175.907,6.7703,3245489.1087
2025-05-07,600603.SH,区域地产,7.28,0.0041379310344829,-0.012295081967213,0.4288,0.019607843137255,-0.1207340714254944,0.0587278375822923,0.8268562923763849,-13.674803334136346,17.0277,1.2094,868743.6219
2025-05-07,600605.SH,房产服务,36.79,-0.0032511514494716,-0.0368885324779469,1.304,0.0763604447045056,0.1481279791317911,0.0122978842719898,0.1796654629080651,-13.539642499486996,81.3148,5.5659,758913.0563
2025-05-07,600651.SH,电器仪表,4.06,0.0,-0.024330900243309,0.5858,-0.0287081339712919,-0.1639626930010187,0.0028774047190588,0.2415458937198067,-13.833206432418224,347.5354,4.14,1017853.3741
2025-05-07,600653.SH,汽车服务,1.95,0.0,-0.0303030303030302,1.9259,-0.0298507462686565,-0.0107714628463041,0.0141945649010993,0.2131332722351286,-12.846726237426994,70.4495,4.6919,379544.1618
2025-05-07,600654.SH,仓储物流,3.12,0.0032154340836012,-0.0189873417721518,1.6141,-0.025,-0.2086212487838949,0.0009823418164443,0.186171203038314,-13.707784392473169,1017.9756,5.3714,897873.4315
2025-05-08,000001.SZ,银行,11.08,0.0045330915684498,0.02152466367713,0.5445,0.0355140186915887,0.0760153520077904,0.2031075454453133,2.028397565922921,-16.883645227590094,4.9235,0.493,21501757.3634
2025-05-08,000007.SZ,其他商业,6.96,0.0265486725663717,0.028169014084507,2.9245,0.2473118279569892,-0.1592851015077094,0.0238683422242908,0.075075075075075,-12.393082522456,41.8965,13.32,241127.8386
2025-05-08,000009.SZ,电气设备,8.03,-0.0024844720496896,0.0024906600249068,0.5769,0.0910326086956521,0.3738888928050303,0.0130572678711561,0.4879238838741156,-14.54359468071643,76.5857,2.0495,2071108.8139
2025-05-08,000017.SZ,服饰,6.7,0.0090361445783133,-0.0276497695852534,11.4245,0.2115732368896925,0.131385488839719,0.0042304763516371,0.0756836122274444,-13.04278735519952,236.38,13.2129,461753.9051
2025-05-08,600601.SH,元器件,4.57,0.0133037694013304,-0.0225225225225226,1.593,0.0627906976744188,-0.0796793136186224,0.013587694983423,0.2199155524278677,-14.460425035849251,73.596,4.5472,1905824.0322
2025-05-08,600602.SH,软件服务,23.34,-0.0164348925410872,-0.0476610767872904,4.4514,0.1135496183206106,0.112565449340521,0.0057798122716974,0.1501726986033939,-14.976205180059042,173.016,6.659,3192149.844
2025-05-08,600603.SH,区域地产,7.32,0.0054945054945054,0.0055555555555555,0.3423,0.0796460176991149,-0.302627228566342,0.058406779859006,0.8223007976317738,-13.680282799896569,17.1213,1.2161,873516.9385
2025-05-08,600605.SH,房产服务,37.41,0.016852405544985,-0.1328395061728395,1.2446,0.216189856957087,0.0631025707470382,0.0120940774093518,0.1766878103079668,-13.556354478732764,82.6851,5.6597,771702.5669
2025-05-08,600651.SH,电器仪表,4.11,0.0123152709359608,-0.0074074074074074,0.5721,0.0930851063829789,-0.1878094018120438,0.0028423997357705,0.2386065378191362,-13.845446487336869,351.8154,4.191,1030388.5142
2025-05-08,600653.SH,汽车服务,1.98,0.0153846153846153,-0.0207253886010363,1.8167,0.0939226519337015,0.0699376299376299,0.0139795032523314,0.2099032346088453,-12.861993709685526,71.5333,4.7641,385383.3028
2025-05-08,600654.SH,仓储物流,3.16,0.0128205128205127,-0.0162866449511399,1.3937,0.0972222222222223,-0.1353668155065845,0.0009699071750338,0.183813392643788,-13.72052341831686,1031.0265,5.4403,909384.6294
2025-05-09,000001.SZ,银行,11.15,0.006317689530686,0.0197132616487456,0.5153,0.0304990757855823,0.1915094117369897,0.2018326403746013,2.015722636565209,-16.889943044177727,4.9546,0.4961,21637598.7908
2025-05-09,000007.SZ,其他商业,7.1,0.0201149425287356,0.029535864978903,2.8574,0.3221601489757912,-0.2225352572073927,0.0233977238694219,0.0735948895708682,-12.412997832093858,42.7392,13.5879,245978.1112
2025-05-09,000009.SZ,电气设备,8.03,0.0,-0.0158730158730157,0.7478,0.0692410119840212,0.5120037979768475,0.0130572678711561,0.4879238838741156,-14.54359468071643,76.5857,2.0495,2071108.8139
2025-05-09,000017.SZ,服饰,6.51,-0.0283582089552238,-0.0139103554868623,6.4429,0.1879562043795619,0.0644097827202283,0.004353946220927,0.0778925394525712,-13.014019285082624,229.6767,12.8382,448659.3914
2025-05-09,600601.SH,元器件,4.44,-0.0284463894967177,-0.0353982300884954,1.4892,0.0802919708029197,0.0409672002131709,0.0139855445411622,0.2263518866429751,-14.431566207350636,71.5024,4.4179,1851610.2194
2025-05-09,600602.SH,软件服务,22.66,-0.0291345329905741,-0.0554101221640489,3.3164,0.1656378600823045,0.0703001539294723,0.0059532562227898,0.1546790409899458,-14.946637808781414,167.9753,6.465,3099148.049
2025-05-09,600603.SH,区域地产,7.2,-0.0163934426229508,-0.0204918032786886,0.2884,0.1180124223602483,-0.3595575409487344,0.0593803071149484,0.836050497450046,-13.663753497958714,16.8406,1.1961,859196.9887
2025-05-09,600605.SH,房产服务,40.5,0.0825982357658381,-0.083248730964467,6.0033,0.40625,0.3915678867087895,0.0111713370303011,0.1632066849458154,-13.635718404530795,89.5148,6.1272,835443.8375
2025-05-09,600651.SH,电器仪表,4.05,-0.0145985401459854,-0.0048899755501221,0.4711,0.0975609756097559,-0.199792372494967,0.002884509434365,0.2421424766332509,-13.830740339937828,346.6794,4.1298,1015346.3461
2025-05-09,600653.SH,汽车服务,1.93,-0.0252525252525253,-0.0207253886010363,1.644,0.0722222222222221,0.1786391370489994,0.0143416672761875,0.215340884620354,-12.836416867858231,69.7269,4.6438,375651.4012
2025-05-09,600654.SH,仓储物流,3.07,-0.0284810126582278,-0.0225806451612904,1.3771,0.1003584229390679,-0.0674510664953212,0.0009983408573292,0.189204018693357,-13.69162895225052,1001.6619,5.2853,883484.4342
2025-05-12,000001.SZ,银行,11.16,0.0008968609865471,0.0070859167404782,0.4615,0.0333333333333332,0.2101780443682759,0.2016535591853196,2.014098690835851,-16.890839503224854,4.959,0.4965,21657004.709
2025-05-12,000007.SZ,其他商业,7.11,0.0014084507042253,0.0205761316872428,4.2106,0.2927272727272727,-0.1767954420182038,0.0233648135254232,0.0734910451161525,-12.414405292089308,42.7994,13.6071,246324.5593
2025-05-12,000009.SZ,电气设备,8.19,0.0199252801992528,-0.0085784313725491,1.0242,0.0762155059132718,0.3505760983129853,0.0128021794430283,0.4783773440489859,-14.563324050603754,78.1117,2.0904,2112376.2373
2025-05-12,000017.SZ,服饰,6.47,-0.0061443932411674,0.0077519379844961,6.4138,0.1699819168173597,-0.0460905803537701,0.0043808635120068,0.0783742054814919,-13.007855937446957,228.2655,12.7593,445902.6517
2025-05-12,600601.SH,元器件,4.52,0.0180180180180178,-0.0201342281879194,1.2241,0.0839328537170263,0.1030485545157402,0.0137379998571248,0.2223457476375764,-14.449423824753032,72.7908,4.4975,1884972.5657
2025-05-12,600602.SH,软件服务,22.92,0.0114739629302735,-0.0484368119771027,2.7722,0.1218795888399413,-0.0930295478309476,0.0058857251154484,0.1529239050648397,-14.958046445050533,169.9026,6.5392,3134707.5589
2025-05-12,600603.SH,区域地产,7.32,0.0166666666666666,0.0138312586445366,0.4685,0.1674641148325359,-0.2813797908162809,0.058406779859006,0.8223007976317738,-13.680282799896569,17.1213,1.2161,873516.9385
2025-05-12,600605.SH,房产服务,39.4,-0.0271604938271605,0.0078212290502792,3.3183,0.3671061762664815,0.535911280071834,0.0114832316110399,0.1677627164139041,-13.608182246711555,87.0835,5.9608,812752.7703
2025-05-12,600651.SH,电器仪表,4.09,0.0098765432098766,0.0199004975124377,0.4467,0.079155672823219,-0.1946562924358643,0.0028562990248023,0.2397736536709346,-13.840568428815336,350.1034,4.1706,1025374.4581
2025-05-12,600653.SH,汽车服务,1.93,0.0,0.0208333333333332,1.3103,0.0432432432432432,0.1713400773293225,0.0143416672761875,0.215340884620354,-12.836416867858231,69.7269,4.6438,375651.4012
2025-05-12,600654.SH,仓储物流,3.1,0.009771986970684,0.0129870129870131,0.9982,0.0954063604240282,-0.0506200072962089,0.0009886795206209,0.1873711823121604,-13.701353502165151,1011.4501,5.337,892117.8326
2025-05-13,000001.SZ,银行,11.29,0.0116487455197131,-0.0034995625546805,0.6498,0.0357798165137612,0.2789197857234158,0.1993302503587944,1.990842126219391,-16.902420924429865,5.0168,0.5023,21909281.6455
2025-05-13,000007.SZ,其他商业,7.29,0.0253164556962024,0.0343406593406594,3.2932,0.2525773195876288,-0.178819558934771,0.0227878677392156,0.0716768806221553,-12.439406594324796,43.883,13.9515,252560.6241
2025-05-13,000009.SZ,电气设备,8.16,-0.0036630036630035,-0.0073710073710073,0.7564,0.0556274256144888,0.2804922563487511,0.0128492589189918,0.4801459643731694,-14.559654321712356,77.8255,2.0827,2104638.5954
2025-05-13,000017.SZ,服饰,6.45,-0.0030911901081915,0.0294573643410851,4.5685,0.133567662565905,-0.1828870049745526,0.0043944473521037,0.0786175883268604,-13.00475995966568,227.5599,12.7198,444524.2818
2025-05-13,600601.SH,元器件,4.47,-0.0110619469026548,-0.0200892857142859,1.1049,0.0567375886524821,0.0212721056852234,0.0138916672223333,0.2248353081367897,-14.438300239553003,71.9856,4.4477,1864121.0993
2025-05-13,600602.SH,软件服务,22.71,-0.0091623036649215,-0.0465013286093887,2.9431,0.0742667928098392,-0.2464980491163647,0.0059401506065784,0.1543376599324001,-14.948841909307092,168.3459,6.4793,3105986.4163
2025-05-13,600603.SH,区域地产,7.23,-0.012295081967213,0.0124481327800829,0.2571,0.1004566210045663,-0.3318986489015306,0.0591341576634911,0.8325701440346349,-13.66791150816195,16.9107,1.2011,862776.9762
2025-05-13,600605.SH,房产服务,35.8,-0.0913705583756345,-0.0119344990285872,5.7824,0.2119160460392688,0.8196680754561385,0.0126379591212574,0.1846347002455641,-13.512364323738026,79.1267,5.4161,738491.0958
2025-05-13,600651.SH,电器仪表,4.02,-0.0171149144254278,0.0274314214463842,0.5879,0.0523560209424083,-0.2065593792122488,0.0029060356617072,0.2439500390320062,-13.82330536139592,344.1114,4.0992,1007825.262
2025-05-13,600653.SH,汽车服务,1.92,-0.005181347150259,0.0364583333333332,2.1153,0.0158730158730158,0.1965294373234847,0.0144163469841722,0.216464272571812,-12.83122205102688,69.3657,4.6197,373705.0209
2025-05-13,600654.SH,仓储物流,3.08,-0.0064516129032258,0.0096774193548385,1.3361,0.0620689655172415,-0.0595579256024549,0.0009950995328405,0.1885867310376042,-13.6948809876821,1004.9246,5.3026,886362.2337
2025-05-14,000001.SZ,银行,11.43,0.012400354295837,0.0079016681299384,0.8675,0.0495867768595039,0.3251201988596097,0.1968891514077574,1.966181675186787,-16.9147450240763,5.079,0.5086,22180964.5003
2025-05-14,000007.SZ,其他商业,7.28,-0.0013717421124828,0.0493150684931507,2.0433,0.2297297297297298,-0.2131176152777046,0.0228191717553419,0.0717751428325342,-12.438033910290924,43.8228,13.9324,252214.176
2025-05-14,000009.SZ,电气设备,8.14,-0.0024509803921568,0.0099378881987577,0.6399,0.0462724935732647,0.1156472717252883,0.0128808214872711,0.4813246053138236,-14.557200332765031,77.6348,2.0776,2099480.1675
2025-05-14,000017.SZ,服饰,6.45,0.0,0.0584518167456555,4.1819,0.1120689655172415,-0.3166228154789953,0.0043944473521037,0.0786175883268604,-13.00475995966568,227.5599,12.7198,444524.2818
2025-05-14,600601.SH,元器件,4.48,0.0022371364653246,0.0,1.4002,0.0491803278688527,-0.0293936382063861,0.0138606670307401,0.2243309329923503,-14.440534877361364,72.1466,4.4577,1868291.3926
2025-05-14,600602.SH,软件服务,22.58,-0.0057243505063849,-0.0171455050973121,3.3468,0.0521901211556383,-0.3724307917188711,0.0059743473473599,0.1552264754276489,-14.943101111915988,167.3823,6.4422,3088206.6614
2025-05-14,600603.SH,区域地产,7.23,0.0,0.0511049723756906,0.2741,0.0807174887892376,-0.3663304766901805,0.0591341576634911,0.8325701440346349,-13.66791150816195,16.9107,1.2011,862776.9762
2025-05-14,600605.SH,房产服务,36.03,0.0064245810055867,0.0165148063781321,1.6938,0.1522225775503678,0.8630999863177429,0.0125572926477051,0.1834559430552752,-13.518768355135949,79.635,5.4509,743235.5917
2025-05-14,600651.SH,电器仪表,4.01,-0.0024875621890546,0.0074626865671643,0.4385,0.0335051546391751,-0.2360553459883267,0.0029132826460996,0.2445585717779408,-13.820814700098314,343.2554,4.089,1005318.234
2025-05-14,600653.SH,汽车服务,1.92,0.0,0.0423280423280423,1.5074,0.0105263157894737,0.1368070345327297,0.0144163469841722,0.216464272571812,-12.83122205102688,69.3657,4.6197,373705.0209
2025-05-14,600654.SH,仓储物流,3.1,0.0064935064935065,0.0165562913907284,1.368,0.0616438356164383,-0.082405724066809,0.0009886795206209,0.1873711823121604,-13.701353502165151,1011.4501,5.337,892117.8326
2025-05-15,000001.SZ,银行,11.39,-0.0034995625546805,0.0149384885764498,0.5336,0.0420860018298261,0.3021105484415487,0.1975816012012961,1.9731649565903708,-16.911239323728307,5.0612,0.5068,22103340.8275
2025-05-15,000007.SZ,其他商业,7.3,0.0027472527472527,0.0928961748633878,1.7351,0.1717495987158908,-0.2327558491134254,0.0227566494929818,0.0715783747414231,-12.440777396284467,43.9432,13.9707,252907.0721
2025-05-15,000009.SZ,电气设备,8.05,-0.011056511056511,-0.0012406947890818,0.4467,0.0113065326633166,0.1075197990226866,0.0130248357568211,0.4867127421395891,-14.546082244173776,76.7764,2.0546,2076267.2418
2025-05-15,000017.SZ,服饰,6.33,-0.0186046511627907,0.0815047021943573,3.3623,0.0839041095890411,-0.479696041000187,0.0044777549611286,0.0801076647013586,-12.985980065005556,223.3262,12.4832,436254.0626
2025-05-15,600601.SH,元器件,4.34,-0.0312500000000001,-0.0137614678899083,1.5749,-0.0045871559633028,-0.0184049966224393,0.0143077891604189,0.2315672471285661,-14.408786179057143,69.892,4.3184,1809907.2866
2025-05-15,600602.SH,软件服务,21.58,-0.0442869796279893,-0.0300230946882216,3.5449,0.004655493482309,-0.4048623056848369,0.0062511955411472,0.1624193993730611,-14.897803513024613,159.9694,6.1569,2951439.3159
2025-05-15,600603.SH,区域地产,7.24,0.0013831258644536,0.0209205020920502,0.3431,0.0523255813953489,-0.3587861277356839,0.059052444475939,0.8313934153641502,-13.66929367832983,16.9341,1.2028,863970.3053
2025-05-15,600604.SH,园区开发,4.4,-0.0112359550561796,0.0365296803652968,0.7121,-0.0717299578059071,-0.0630056808400757,0.0065879624749657,0.7745333436604447,-13.622234151883005,151.792,1.2911,824254.1138
2025-05-15,600605.SH,房产服务,35.12,-0.0252567305023592,0.0271317829457364,3.4037,0.0209302325581395,1.0312712098740602,0.0128826634133647,0.1882104946171798,-13.493187199059111,77.6237,5.3132,724463.8906
2025-05-15,600651.SH,电器仪表,4.02,0.0024937655860348,-0.0147420147420148,0.5153,0.0229007633587785,-0.2464074516652877,0.0029060356617072,0.2439500390320062,-13.82330536139592,344.1114,4.0992,1007825.262
2025-05-15,600653.SH,汽车服务,1.89,-0.015625,0.0105820105820106,1.1677,-0.0257731958762886,0.0769016845925483,0.0146451909586449,0.2199010445299615,-12.815473693927071,68.2818,4.5475,367865.8799
2025-05-15,600654.SH,仓储物流,3.02,-0.0258064516129032,-0.0033003300330032,1.191,0.0066666666666665,-0.0965622568654006,0.0010148697703887,0.1923335833669917,-13.675208222037815,985.3481,5.1993,869095.4369
2025-05-16,000001.SZ,银行,11.38,-0.0008779631255486,0.0079155672823221,0.4714,0.0392694063926941,0.2697156352727159,0.1977535200126562,1.9751135690302195,-16.91036097496731,5.0568,0.5063,22083934.9093
2025-05-16,000007.SZ,其他商业,7.32,0.0027397260273973,0.0577956989247312,1.496,0.2139303482587065,-0.2824007581341474,0.0226944689040387,0.0713826825612106,-12.44351337615088,44.0636,14.009,253599.9682
2025-05-16,000009.SZ,电气设备,8.06,0.0012422360248447,-0.0148331273176761,0.4714,0.0267515923566881,0.0248963929393706,0.0130086715804755,0.4860976083997667,-14.547323709278691,76.8718,2.0572,2078846.4558
2025-05-16,000017.SZ,服饰,6.38,0.0078988941548183,0.0230769230769232,3.5844,0.0850340136054421,-0.5394131036950127,0.0044426634300382,0.0794798836414503,-12.993847926285572,225.0902,12.5818,439699.9873
2025-05-16,600601.SH,元器件,4.36,0.0046082949308756,-0.0433789954337898,1.0103,0.0046082949308756,-0.0790703779597612,0.014242153641505,0.2305050365350482,-14.413383888264969,70.2141,4.3383,1818247.8731
2025-05-16,600602.SH,软件服务,21.65,0.0032437442075996,-0.0490513651087458,2.0563,0.0116822429906542,-0.443261842498683,0.0062309838162657,0.1618935064514562,-14.901042007648176,160.4883,6.1769,2961013.0301
2025-05-16,600603.SH,区域地产,7.17,-0.0096685082872928,-0.0068212824010913,0.2549,0.0421511627906976,-0.3622083391549071,0.0596288699136574,0.8395600705230459,-13.65957812661008,16.7704,1.1911,855617.0013
2025-05-16,600604.SH,园区开发,4.38,-0.0045454545454546,-0.0177383592017738,0.5349,-0.0519480519480519,-0.1518559174286865,0.0066180417082224,0.7780890133831311,-13.617678335357112,151.1021,1.2852,820507.5042
2025-05-16,600605.SH,房产服务,36.12,0.0284738041002277,0.0363082039911308,2.1006,0.0424242424242424,0.6411795210020994,0.0125260071222876,0.1829993595022417,-13.521263158842816,79.8339,5.4645,745092.1335
2025-05-16,600651.SH,电器仪表,4.07,0.0124378109452738,-0.0390243902439023,0.6244,0.0489690721649485,-0.203724162101622,0.0028703349164187,0.2409522432653848,-13.83566645824436,348.3914,4.1502,1020360.4021
2025-05-16,600653.SH,汽车服务,1.89,0.0,-0.0408163265306122,0.9889,-0.0207253886010363,-0.0085758136185178,0.0146451909586449,0.2199010445299615,-12.815473693927071,68.2818,4.5475,367865.8799
2025-05-16,600654.SH,仓储物流,3.03,0.0033112582781456,-0.0608974358974359,0.8546,0.0271186440677964,-0.1619640533477188,0.0010115203059161,0.1916994153167832,-13.678514010218269,988.6109,5.2165,871973.2364
2025-05-19,000001.SZ,银行,11.37,-0.0008787346221442,0.0026338893766462,0.4284,0.0336363636363634,0.2564189908452208,0.1979296558003285,1.97667523225934,-16.90948185403148,5.0523,0.5059,22064528.9911
2025-05-19,000007.SZ,其他商业,7.44,0.0163934426229508,0.0106241699867197,2.2439,0.2441471571906355,-0.3943298427632878,0.0223284560542492,0.0702316238956077,-12.459773896914538,44.7859,14.2386,257757.3447
2025-05-19,000009.SZ,电气设备,8.09,0.0037220843672456,-0.0099009900990099,0.481,0.0305732484076433,-0.1353407878253607,0.0129604356780057,0.4843084075939558,-14.551038883832934,77.1579,2.0648,2086584.0977
2025-05-19,000017.SZ,服饰,6.5,0.0188087774294671,0.01355421686747,3.8316,0.0961214165261383,-0.5886655383879797,0.0043606444858124,0.0780128565187542,-13.012482005837462,229.3239,12.8184,447970.2065
2025-05-19,600601.SH,元器件,4.38,0.0045871559633026,-0.0341685649202732,1.0565,0.0379146919431279,-0.0931281604892281,0.0141771175651651,0.2294525262723142,-14.417960555306694,70.5362,4.3582,1826588.4597
2025-05-19,600602.SH,软件服务,21.61,-0.0018475750577366,-0.0343706456107757,2.0218,0.0364508393285369,-0.465962185644056,0.0062425167830063,0.1621928472954343,-14.899192723725251,160.1918,6.1655,2955542.3363
2025-05-19,600603.SH,区域地产,7.33,0.0223152022315202,-0.0204918032786886,0.3635,0.0811209439528022,-0.4081167350661197,0.0583274033806563,0.8212203334154554,-13.681647987877977,17.1446,1.2177,874710.2677
2025-05-19,600604.SH,园区开发,4.51,0.0296803652968036,-0.0044742729306487,1.4971,-0.0022123893805309,-0.1462921978138801,0.0064272763323904,0.7556294393229561,-13.64692676442011,155.5869,1.3234,844860.4666
2025-05-19,600605.SH,房产服务,36.08,-0.0011074197120708,0.041573033707865,1.5323,0.049142192497819,0.4547860343427661,0.0125398925331209,0.1832005129614363,-13.52015512550988,79.7455,5.4585,744267.0038
2025-05-19,600651.SH,电器仪表,4.1,0.0073710073710071,-0.0315533980582524,0.5746,0.0732984293193717,-0.1708165673312559,0.0028493324299049,0.2391886720244929,-13.843010432553664,350.9594,4.1808,1027881.4862
2025-05-19,600653.SH,汽车服务,1.96,0.0370370370370369,-0.0552763819095477,3.5152,0.0315789473684211,0.2079368122138791,0.0141221395606319,0.2120486015394728,-12.851841338049404,70.8108,4.7159,381490.5421
2025-05-19,600654.SH,仓储物流,3.12,0.0297029702970297,-0.0511182108626196,1.8191,0.0833333333333334,-0.0657640232108318,0.0009823418164443,0.186171203038314,-13.707784392473169,1017.9756,5.3714,897873.4315
2025-05-20,000001.SZ,银行,11.39,0.0017590149516271,0.0008710801393727,0.3317,0.0298372513562386,0.1321671630237284,0.1975816012012961,1.9731649565903708,-16.911239323728307,5.0612,0.5068,22103340.8275
2025-05-20,000007.SZ,其他商业,7.53,0.0120967741935482,0.010443864229765,1.5017,0.2384868421052632,-0.4893460430687359,0.0220615650032982,0.0693919186171578,-12.47179808989834,45.3277,14.4109,260875.3771
2025-05-20,000009.SZ,电气设备,8.08,-0.0012360939431396,-0.0159901599015991,0.3827,0.0439276485788113,-0.243945271340821,0.0129764801297648,0.4848955050186684,-14.549802025278751,77.0625,2.0623,2084004.8837
2025-05-20,000017.SZ,服饰,6.64,0.0215384615384615,0.0253731343283583,6.555,0.067524115755627,-0.5298344219628547,0.0042687028948635,0.0763679407384779,-13.033791792286376,234.2632,13.0945,457618.7955
2025-05-20,600601.SH,元器件,4.39,0.0022831050228309,-0.0299539170506911,0.9332,0.0427553444180521,-0.1179622686073632,0.014144831761371,0.228932487809345,-14.420241058012529,70.6972,4.3681,1830758.753
2025-05-20,600602.SH,软件服务,21.53,-0.0037019898195279,-0.0396039603960396,2.1445,0.0286669851887244,-0.4904233131635366,0.006265711271012,0.1627975124540097,-14.895483864562411,159.5988,6.1426,2944600.9486
2025-05-20,600603.SH,区域地产,7.32,-0.0013642564802182,-0.0604467805519053,0.2854,0.0717423133235726,-0.4011516314779271,0.058406779859006,0.8223007976317738,-13.680282799896569,17.1213,1.2161,873516.9385
2025-05-20,600604.SH,园区开发,4.47,-0.0088691796008869,-0.0110864745011085,0.9708,-0.0218818380743983,-0.0879716890410432,0.0064847941304831,0.7624275693809087,-13.638018019550069,154.2069,1.3116,837367.2474
2025-05-20,600605.SH,房产服务,35.6,-0.0133037694013302,0.0521008403361344,1.1045,0.0354857475276322,-0.0086660702810992,0.012708967193072,0.1856699901594905,-13.50676206816197,78.6846,5.3859,734365.4472
2025-05-20,600651.SH,电器仪表,4.12,0.0048780487804878,-0.0148148148148147,0.4703,0.0785340314136127,-0.2077261126296872,0.0028355006955483,0.238027230315148,-13.847876622175557,352.6714,4.2012,1032895.5422
2025-05-20,600653.SH,汽车服务,1.99,0.0153061224489796,-0.0355329949238578,1.9991,0.0473684210526317,0.1511690983033415,0.0139092504861283,0.2088511100436498,-12.86703150367115,71.8946,4.7881,387329.6831
2025-05-20,600654.SH,仓储物流,3.13,0.0032051282051281,-0.0358306188925081,1.114,0.0868055555555555,-0.0980509191163407,0.0009792033847535,0.1855769587647997,-13.710984395248316,1021.2383,5.3886,900751.231
2025-05-21,000001.SZ,银行,11.48,0.0079016681299384,-0.0017316017316018,0.6845,0.0268336314847943,0.019509099043794,0.1960323061240492,1.9577133907595927,-16.91910993716145,5.1012,0.5108,22277994.0913
2025-05-21,000007.SZ,其他商业,7.66,0.0172642762284196,-0.03625,1.9619,0.2435064935064934,-0.4923665585268374,0.0216871755056364,0.0682146852574422,-12.48891503194663,46.1102,14.6596,265379.2017
2025-05-21,000009.SZ,电气设备,8.13,0.0061881188118813,-0.0049689440993789,0.6757,0.0490322580645161,-0.2548118835899418,0.0128966693061849,0.4819277108433734,-14.555971076293604,77.5394,2.075,2096900.9535
2025-05-21,000017.SZ,服饰,6.7,0.0090361445783133,0.0188405797101449,7.0698,0.0912052117263844,-0.4570054092301804,0.0042304763516371,0.0756836122274444,-13.04278735519952,236.38,13.2129,461753.9051
2025-05-21,600601.SH,元器件,4.34,-0.0113895216400911,-0.0232558139534883,0.9065,0.0235849056603771,-0.183057238455061,0.0143077891604189,0.2315672471285661,-14.408786179057143,69.892,4.3184,1809907.2866
2025-05-21,600602.SH,软件服务,21.21,-0.0148629818857408,-0.0409523809523809,2.4224,0.0066445182724252,-0.5228651809085794,0.0063602428849552,0.1652537471287161,-14.880509321783338,157.2267,6.0513,2900835.3981
2025-05-21,600603.SH,区域地产,7.61,0.0396174863387979,-0.0437158469945355,0.5104,0.1324404761904762,-0.3300163940676351,0.0561810377761297,0.7910140800506249,-13.719135643821463,17.7996,1.2642,908123.4839
2025-05-21,600604.SH,园区开发,4.51,0.0089485458612974,-0.0374449339207048,0.9594,-0.0342612419700214,-0.1059831593644358,0.0064272763323904,0.7556294393229561,-13.64692676442011,155.5869,1.3234,844860.4666
2025-05-21,600605.SH,房产服务,35.7,0.002808988764045,0.0215633423180592,0.6532,0.041119860017498,-0.1063338990112492,0.0126733717252007,0.1851508979818552,-13.509567119103307,78.9056,5.401,736428.2715
2025-05-21,600651.SH,电器仪表,4.05,-0.016990291262136,-0.0149625935162094,0.4757,0.0519480519480519,-0.2004267916986009,0.002884509434365,0.2421424766332509,-13.830740339937828,346.6794,4.1298,1015346.3461
2025-05-21,600653.SH,汽车服务,1.97,-0.0100502512562814,-0.0104712041884816,1.4665,0.036842105263158,0.1260062539472266,0.0140504495441331,0.210970464135021,-12.856930407512964,71.1721,4.74,383436.9224
2025-05-21,600654.SH,仓储物流,3.07,-0.0191693290734824,-0.033112582781457,1.218,0.0586206896551724,-0.1274772776874283,0.0009983408573292,0.189204018693357,-13.691628986999293,1001.6619,5.2853,883484.4649
2025-05-22,000001.SZ,银行,11.55,0.0060975609756097,0.0,0.5168,0.0480943738656989,0.0186005129010311,0.1948444167332385,1.9459038723487057,-16.92518898323846,5.1323,0.5139,22413835.5187
2025-05-22,000007.SZ,其他商业,8.0,0.0443864229765011,-0.0050825921219822,3.6243,0.238390092879257,-0.3856959484855575,0.0207654562482219,0.065315506554411,-12.53234458988904,48.1569,15.3103,277158.4352
2025-05-22,000009.SZ,电气设备,8.05,-0.0098400984009839,0.0163111668757842,0.4719,0.0360360360360361,-0.2573770246623694,0.0130248357568211,0.4867127421395891,-14.546082244173776,76.7764,2.0546,2076267.2418
2025-05-22,000017.SZ,服饰,6.9,0.0298507462686568,0.0406015037593985,18.7166,0.1237785016286645,-0.1632297948400355,0.0041078524886602,0.0734899649452867,-13.072201240490555,243.4362,13.6073,475537.6038
2025-05-22,600601.SH,元器件,4.3,-0.0092165898617511,0.0262529832935558,0.9678,-0.0137614678899083,-0.260646325832556,0.0144408711311101,0.2337213107091104,-14.399526853615564,69.2479,4.2786,1793226.1134
2025-05-22,600602.SH,软件服务,21.0,-0.0099009900990099,-0.0029197080291971,1.801,-0.0604026845637584,-0.5710541633431166,0.0064238453138048,0.1669058984544514,-14.870558990914656,155.67,5.9914,2872114.2555
2025-05-22,600603.SH,区域地产,7.32,-0.038107752956636,-0.043956043956044,0.4824,0.0487106017191976,-0.2679551880192603,0.058406779859006,0.8223007976317738,-13.680282799896569,17.1213,1.2161,873516.9385
2025-05-22,600604.SH,园区开发,4.54,0.0066518847006651,-0.0067720090293452,1.5906,-0.0299145299145298,0.0196294460052515,0.0063848072235155,0.7506380423359855,-13.653556622944702,156.6218,1.3322,850480.381
2025-05-22,600605.SH,房产服务,37.1,0.0392156862745096,0.0454667023268253,1.9171,0.0905349794238683,-0.2784959161962497,0.0121951219512195,0.1781641961231471,-13.54803339998491,82.0,5.6128,765307.8116
2025-05-22,600651.SH,电器仪表,4.01,-0.0098765432098765,0.0279187817258883,0.3868,0.030848329048843,-0.234458151910982,0.0029132826460996,0.2445585717779408,-13.820814700098314,343.2554,4.089,1005318.234
2025-05-22,600653.SH,汽车服务,1.91,-0.0304568527918781,0.0319148936170212,2.4625,-0.0052083333333333,0.2294909531259668,0.0144918295065242,0.217599442945426,-12.82600010682297,69.0044,4.5956,371758.6405
2025-05-22,600654.SH,仓储物流,3.02,-0.0162866449511399,0.0375426621160408,1.1646,0.0237288135593218,-0.1307232819588065,0.0010148696673927,0.1923335833669917,-13.67520825678659,985.3482,5.1993,869095.4671
2025-05-23,000001.SZ,银行,11.46,-0.0077922077922077,0.0122591943957968,0.4961,0.0380434782608696,0.0216914554166274,0.1963749189953459,1.9611688566385568,-16.917366257556445,5.0923,0.5099,22239182.2549
2025-05-23,000007.SZ,其他商业,7.87,-0.0162499999999999,0.0328515111695137,3.15,0.1763826606875933,-0.2821260498039504,0.0211084913128004,0.0663944494240281,-12.51596111053582,47.3743,15.0615,272654.6106
2025-05-23,000009.SZ,电气设备,7.97,-0.0099378881987578,0.0024999999999999,0.5162,0.032383419689119,-0.2416115941159261,0.0131555752012145,0.4915937469275391,-14.536094645555035,76.0134,2.0342,2055633.5301
2025-05-23,000017.SZ,服饰,6.65,-0.036231884057971,-0.0014858841010402,11.6087,-0.0148148148148147,0.0170446835604025,0.0042622839022061,0.0762526402476685,-13.035296683393833,234.616,13.1143,458307.9804
2025-05-23,600601.SH,元器件,4.19,-0.025581395348837,-0.0070754716981132,1.3446,-0.02784222737819,-0.2163217405041863,0.0148199963246409,0.2398599218056654,-14.373612564882569,67.4764,4.1691,1747352.8873
2025-05-23,600602.SH,软件服务,20.55,-0.0214285714285713,-0.035113035113035,2.4259,-0.0499306518723994,-0.5420776202058948,0.0065645140749746,0.1705611461709022,-14.848897494124582,152.3342,5.863,2810568.95
2025-05-23,600603.SH,区域地产,7.28,-0.0054644808743169,-0.0488145048814504,0.3773,-0.0068212824010913,-0.1959458786750429,0.0587278375822923,0.8268562923763849,-13.674803334136346,17.0277,1.2094,868743.6219
2025-05-23,600604.SH,园区开发,4.43,-0.0242290748898679,0.0,1.7555,-0.0751565762004176,0.2077618141212238,0.0065433463982149,0.7692899453804138,-13.629029195001042,152.827,1.2999,829874.0282
2025-05-23,600605.SH,房产服务,37.39,0.0078167115902965,0.0485436893203885,2.5678,0.1085087459235103,-0.2660462986781583,0.0121005458556235,0.1767815157247158,-13.555819719307284,82.6409,5.6567,771290.002
2025-05-23,600651.SH,电器仪表,3.94,-0.0174563591022443,-0.0100250626566416,0.4631,-0.0528846153846154,-0.1802612582237552,0.0029650415669177,0.2489048187972919,-13.803204182094476,337.2634,4.0176,987769.0379
2025-05-23,600653.SH,汽车服务,1.88,-0.0157068062827224,0.0,2.1573,-0.0259067357512953,0.330920209150177,0.0147230953835734,0.2210726444709732,-12.810168641743648,67.9205,4.5234,365919.4996
2025-05-23,600654.SH,仓储物流,2.93,-0.0298013245033111,-0.0067340067340067,1.526,-0.0330033003300328,0.0446380175131886,0.0010460431586946,0.1982435620403227,-13.64495384847552,955.9835,5.0443,843195.2711
2025-05-26,000001.SZ,银行,11.42,-0.0034904013961606,0.0278503046127067,0.3603,0.0372388737511353,-0.0125834245924332,0.1970637501231648,1.96811651249754,-16.913869750497355,5.0745,0.5081,22161558.5821
2025-05-26,000007.SZ,其他商业,7.61,-0.0330368487928843,0.0426356589147287,3.3254,0.1495468277945619,-0.2231831432809663,0.0218296761349248,0.068662455369404,-12.482366220143485,45.8092,14.564,263646.9615
2025-05-26,000009.SZ,电气设备,8.0,0.0037641154328733,-0.00875,0.364,0.0349288486416559,-0.2770108650825191,0.0131062286040818,0.4897399480875655,-14.53985169443518,76.2996,2.0419,2063371.172
2025-05-26,000017.SZ,服饰,6.73,0.0120300751879698,0.0116448326055313,6.9292,0.0581761006289307,0.1464795349573473,0.0042116186766757,0.0753465943339361,-13.047254972461488,237.4384,13.272,463821.4599
2025-05-26,600601.SH,元器件,4.24,0.0119331742243435,0.002375296912114,0.8116,-0.0319634703196346,-0.2357394982890091,0.0146452338550941,0.2370286093531489,-14.385475100172275,68.2816,4.2189,1768204.3537
2025-05-26,600602.SH,软件服务,20.79,0.0116788321167882,-0.0147275405007364,2.2031,-0.0706303084488154,-0.5119478879693418,0.0064887326402069,0.1685914186967883,-14.86050865504533,154.1133,5.9315,2843393.1129
2025-05-26,600603.SH,区域地产,7.17,-0.0151098901098901,-0.020979020979021,0.4068,-0.0688311688311689,-0.1311418430005371,0.0596288699136574,0.8395600705230459,-13.65957812661008,16.7704,1.1911,855617.0013
2025-05-26,600604.SH,园区开发,4.45,0.0045146726862304,-0.0022421524663677,0.9223,-0.0552016985138004,0.1031647512646993,0.0065139365672857,0.765814060346148,-13.6335337071124,153.517,1.3058,833620.6378
2025-05-26,600605.SH,房产服务,37.08,-0.0082909868948917,0.026357827476038,1.2485,0.0947741364038972,-0.3027124134336139,0.0122016989645638,0.1782594744910692,-13.547494171014272,81.9558,5.6098,764895.2467
2025-05-26,600651.SH,电器仪表,3.99,0.0126903553299493,0.0902255639097742,0.3647,-0.0172413793103446,-0.1963697904074687,0.0029278855922849,0.245784790837143,-13.815814689711525,341.5434,4.0686,1000304.178
2025-05-26,600653.SH,汽车服务,1.88,0.0,-0.0052631578947368,1.1074,-0.0208333333333333,0.0686475380059346,0.0147230953835734,0.2210726444709732,-12.810168641743648,67.9205,4.5234,365919.4996
2025-05-26,600654.SH,仓储物流,2.97,0.0136518771331057,-0.0135135135135134,0.9881,-0.0099999999999998,-0.0511168995185095,0.001031955002634,0.1955722443870766,-13.658513378214032,969.0345,5.1132,854706.4693
2025-05-27,000001.SZ,银行,11.49,0.0061295971978985,0.0268863833477883,0.4132,0.0417044424297372,0.015014274857765,0.19585952954541,1.9561815336463224,-16.919980638130788,5.1057,0.5112,22297400.0095
2025-05-27,000007.SZ,其他商业,7.74,0.0170827858081472,0.0830090791180284,1.7345,0.1889400921658988,-0.2001066825917492,0.0214630042196266,0.0675096370006818,-12.499304735974926,46.5918,14.8127,268150.7861
2025-05-27,000009.SZ,电气设备,8.0,0.0,-0.0037453183520598,0.4234,0.0540184453227932,-0.2545295571184185,0.0131062286040818,0.4897399480875655,-14.53985169443518,76.2996,2.0419,2063371.172
2025-05-27,000017.SZ,服饰,6.87,0.0208023774145615,0.0355618776671409,10.4696,0.1225490196078431,0.2224048473301814,0.0041257921005108,0.0738110879016245,-13.067843935119765,242.3777,13.5481,473470.049
2025-05-27,600601.SH,元器件,4.21,-0.0070754716981132,0.0214285714285713,0.672,-0.0232018561484917,-0.251238978564178,0.0147495888552106,0.23872045834328,-14.378374478600536,67.7985,4.189,1755693.4738
2025-05-27,600602.SH,软件服务,20.37,-0.0202020202020201,0.0024826216484608,1.9877,-0.0547563805104408,-0.4986680602702728,0.0066225209420668,0.1720666930502262,-14.840099783417385,150.9999,5.8117,2785950.8278
2025-05-27,600603.SH,区域地产,7.15,-0.0027894002789399,0.0414285714285713,0.1772,-0.0641361256544501,-0.1039115880221949,0.0597957377598124,0.8418925745074929,-13.656784828706918,16.7236,1.1878,853230.343
2025-05-27,600604.SH,园区开发,4.46,0.0022471910112358,0.0320366132723111,0.8743,-0.0470085470085469,0.0879025859994115,0.0064993347930839,0.7641170627340108,-13.63577837696138,153.8619,1.3087,835493.9426
2025-05-27,600605.SH,房产服务,37.56,0.0129449838187702,0.0416886543535619,1.2909,0.114540059347181,-0.2955969649427027,0.0120457691042886,0.1759819794453048,-13.56035608466754,83.0167,5.6824,774796.8033
2025-05-27,600651.SH,电器仪表,3.99,0.0,0.0784810126582278,0.4006,-0.0049875311720697,-0.2001071165562027,0.0029278855922849,0.245784790837143,-13.815814689711525,341.5434,4.0686,1000304.178
2025-05-27,600653.SH,汽车服务,1.9,0.0106382978723404,0.0105820105820106,1.3842,0.0106382978723404,0.0012314192836757,0.014568106626886,0.2187417971826056,-12.820750750982132,68.6431,4.5716,369812.2602
2025-05-27,600654.SH,仓储物流,2.96,-0.0033670033670034,0.0102739726027398,0.8221,0.0068027210884353,-0.0715291730086251,0.0010358704320833,0.196139965479366,-13.654726402639994,965.3717,5.0984,851475.8378
2025-05-28,000001.SZ,银行,11.53,0.0034812880765882,0.0183246073298428,0.3392,0.0472297910990009,-0.127789005036879,0.1951828863645235,1.949317738791423,-16.923455880551447,5.1234,0.513,22375023.6823
2025-05-28,000007.SZ,其他商业,7.71,-0.003875968992248,0.0523627075351214,1.4219,0.0768156424581005,-0.0915221480925604,0.0215465232530078,0.0677722581038677,-12.495421235694591,46.4112,14.7553,267111.4419
2025-05-28,000009.SZ,电气设备,8.01,0.0012499999999999,-0.0135802469135801,0.3293,0.0581241743725231,-0.3545686621742829,0.0130898790364278,0.4891410682840931,-14.541100913852556,76.3949,2.0444,2065950.386
2025-05-28,000017.SZ,服饰,7.03,0.0232896652110625,0.0332369942196533,15.8328,0.0445765230312036,0.3980232930927443,0.0040318906422237,0.0721313367379324,-13.090866534648894,248.0226,13.8636,484497.0079
2025-05-28,600601.SH,元器件,4.2,-0.0023752969121139,0.0976744186046512,0.6614,-0.0344827586206895,-0.2599246210297365,0.0147847196964992,0.23928597066354,-14.37599635618811,67.6374,4.1791,1751523.1805
2025-05-28,600602.SH,软件服务,20.14,-0.0112911143838979,0.0195217179111761,1.7709,-0.1151142355008787,-0.4722539123453353,0.00669815244861,0.1740310819512364,-14.82874444049254,149.2949,5.7461,2754494.3384
2025-05-28,600603.SH,区域地产,7.0,-0.020979020979021,0.0632183908045977,0.3865,-0.0358126721763084,-0.0577150800597228,0.0610769080426072,0.8599191675982457,-13.635582621015296,16.3728,1.1629,835330.4057
2025-05-28,600604.SH,园区开发,4.37,-0.0201793721973093,0.0477272727272726,1.0404,-0.0741525423728812,0.1230973226286917,0.0066331867620165,0.7798487093503861,-13.615392619959122,150.7571,1.2823,818634.1993
2025-05-28,600605.SH,房产服务,37.9,0.0090521831735888,-0.0076745970836532,1.2402,0.1049562682215743,-0.2424839596700274,0.0119377042839645,0.1744044089434581,-13.569367542434044,83.7682,5.7338,781810.4059
2025-05-28,600651.SH,电器仪表,3.95,-0.0100250626566416,0.0444444444444445,0.3359,-0.0124999999999999,-0.2443308352214412,0.0029575351192507,0.2482744922786633,-13.805739037682542,338.1194,4.0278,990276.0659
2025-05-28,600653.SH,汽车服务,1.89,-0.0052631578947368,-0.0257731958762886,1.1232,-0.0052631578947368,-0.020879408337495,0.0146451909586449,0.2199010445299615,-12.815473693927071,68.2818,4.5475,367865.8799
2025-05-28,600654.SH,仓储物流,2.92,-0.0135135135135134,-0.0230263157894736,0.8122,-0.0135135135135134,-0.1264243081931633,0.0010500604782332,0.1988269211651257,-13.641120750513428,952.3261,5.0295,839969.4075
2025-05-29,000001.SZ,银行,11.46,-0.0060711188204681,0.0121107266435984,0.474,0.0418181818181819,-0.1577244649338306,0.1963749189953459,1.9611688566385568,-16.917366257556445,5.0923,0.5099,22239182.2549
2025-05-29,000007.SZ,其他商业,7.83,0.0155642023346302,0.0534351145038167,1.5363,0.1704035874439462,-0.1308651775239453,0.0212162873194493,0.0667334000667334,-12.51086555838886,47.1336,14.985,271268.8185
2025-05-29,000009.SZ,电气设备,8.1,0.0112359550561798,0.0087281795511222,0.5399,0.0857908847184987,-0.3387252626853635,0.012944430852792,0.4836993324949211,-14.552274214457672,77.2533,2.0674,2089163.3117
2025-05-29,000017.SZ,服饰,6.92,-0.0156472261735419,0.0580357142857144,11.5824,0.0778816199376946,0.2764775249918698,0.004095980286866,0.0732777887694461,-13.075095598378349,244.1418,13.6467,476915.9736
2025-05-29,600601.SH,元器件,4.3,0.0238095238095237,0.1045130641330167,1.3662,0.0046728971962615,-0.2031605764852123,0.0144408711311101,0.2337213107091104,-14.399526853615564,69.2479,4.2786,1793226.1134
2025-05-29,600602.SH,软件服务,20.49,0.0173783515392254,0.0423728813559323,2.0837,-0.1160483175150992,-0.4066756286998488,0.0065837379040275,0.1710600591867804,-14.845973515443829,151.8894,5.8459,2802362.9093
2025-05-29,600603.SH,区域地产,6.96,-0.0057142857142856,0.0923753665689148,0.4952,-0.0719999999999999,-0.0074455050960645,0.0614280800039314,0.8648274669203493,-13.629851946311126,16.2792,1.1563,830557.0891
2025-05-29,600604.SH,园区开发,4.4,0.0068649885583524,0.0247191011235954,0.7247,0.0,0.0272003709141488,0.0065879624749657,0.7745333436604447,-13.622234151883005,151.792,1.2911,824254.1138
2025-05-29,600605.SH,房产服务,39.09,0.0313984168865437,-0.0303497942386831,2.2051,0.0980337078651685,-0.2235869782304772,0.0115743018091791,0.1690931534182181,-13.600283110211684,86.3983,5.9139,806358.015
2025-05-29,600651.SH,电器仪表,4.05,0.0253164556962024,0.0835443037974683,0.6337,0.0253164556962024,-0.140793729905108,0.002884509434365,0.2421424766332509,-13.830740339937828,346.6794,4.1298,1015346.3461
2025-05-29,600653.SH,汽车服务,1.94,0.0264550264550265,0.0106382978723404,2.2012,0.043010752688172,-0.075910306521292,0.0142677369371734,0.2142336861048031,-12.841584837971393,70.0882,4.6678,377597.7815
2025-05-29,600654.SH,仓储物流,3.04,0.0410958904109588,0.0067796610169492,1.78,0.0446735395189004,-0.0607768505352876,0.001008610711365,0.1909781902906688,-13.681394649629436,991.4628,5.2362,874488.6982
2025-05-30,000001.SZ,银行,11.56,0.0087260034904013,-0.0084674005080439,0.5827,0.0528233151183969,-0.1441787070368361,0.1946737268338265,1.9443904335990667,-16.92605440951498,5.1368,0.5143,22433241.4369
2025-05-30,000007.SZ,其他商业,7.86,0.0038314176245211,0.0384138785625776,1.8108,0.1524926686217009,-0.2039845719318492,0.0211353486592791,0.0664787533904164,-12.514689654709075,47.3141,15.0424,272308.1626
2025-05-30,000009.SZ,电气设备,8.02,-0.0098765432098765,0.0390920554854981,0.5126,0.0837837837837836,-0.3431990734783169,0.0130735531171926,0.4885197850512945,-14.542348574619265,76.4903,2.047,2068529.5999
2025-05-30,000017.SZ,服饰,6.72,-0.0289017341040462,0.0172661870503596,7.1487,0.041860465116279,0.192895341269486,0.0042178858606343,0.0754585996393079,-13.045767983411135,237.0856,13.2523,463132.275
2025-05-30,600601.SH,元器件,4.21,-0.0209302325581395,0.1374407582938388,1.1307,-0.0186480186480186,-0.2441164137908573,0.0147495888552106,0.23872045834328,-14.378374478600536,67.7985,4.189,1755693.4738
2025-05-30,600602.SH,软件服务,20.06,-0.0209858467545144,0.0428500249128052,1.8494,-0.134971970677016,-0.4065891228796152,0.0067248636365776,0.1747274252166619,-14.824764335714088,148.7019,5.7232,2743552.9507
2025-05-30,600603.SH,区域地产,6.82,-0.0201149425287355,0.0714285714285714,0.248,-0.0606060606060605,-0.0495417423496624,0.0626888501611103,0.8826125330979699,-13.609531943837473,15.9518,1.133,813850.481
2025-05-30,600604.SH,园区开发,4.45,0.0113636363636362,0.0269662921348314,1.8828,0.0136674259681095,-9.18349542211594e-06,0.0065139365672857,0.765814060346148,-13.6335337071124,153.517,1.3058,833620.6378
2025-05-30,600605.SH,房产服务,38.88,-0.0053722179585572,-0.0189364461738001,2.7894,0.0460048426150121,-0.2086440269043533,0.0116368104898864,0.1700073103143435,-13.59489641001054,85.9342,5.8821,802026.084
2025-05-30,600651.SH,电器仪表,3.95,-0.0246913580246912,-0.0137931034482757,0.5197,-0.0050377833753149,-0.1061953042151062,0.0029575351192507,0.2482744922786633,-13.805739037682542,338.1194,4.0278,990276.0659
2025-05-30,600653.SH,汽车服务,1.88,-0.0309278350515463,0.0158730158730158,2.0082,0.0,-0.1179627082722702,0.0147230953835734,0.2210726444709732,-12.810168641743648,67.9205,4.5234,365919.4996
2025-05-30,600654.SH,仓储物流,2.95,-0.0296052631578946,0.0273972602739727,1.3115,0.0,-0.1045412339023423,0.001039381867131,0.196803904589467,-13.651342304608775,962.1103,5.0812,848599.2302
2025-06-03,000001.SZ,银行,11.81,0.0216262975778547,-0.0025337837837837,1.1298,0.0824931255728689,0.0863590577667707,0.1905560425321087,1.9029495718363465,-16.947450176477826,5.2478,0.5255,22918389.3918
2025-06-03,000007.SZ,其他商业,8.07,0.0267175572519084,-0.0311377245508981,2.7107,0.2008928571428572,-0.2513832129538604,0.020585323076353,0.0647488070032309,-12.541056530462448,48.5783,15.4443,279583.5715
2025-06-03,000009.SZ,电气设备,7.93,-0.0112219451371571,0.0125313283208019,0.5991,0.024547803617571,-0.2137350284102521,0.0132219341309685,0.4940711462450592,-14.5310631883801,75.6319,2.024,2045316.6742
2025-06-03,000017.SZ,服饰,6.95,0.0342261904761904,-0.0549450549450549,10.3671,0.0808709175738726,0.2844535277458666,0.0040783000992658,0.0729612794489964,-13.079421488327885,245.2002,13.7059,478983.5284
2025-06-03,600601.SH,元器件,4.22,0.002375296912114,0.1165501165501166,0.6804,-0.0276497695852534,-0.2444641720545376,0.0147146462231181,0.2381519409383186,-14.38074695896159,67.9595,4.199,1759863.7671
2025-06-03,600602.SH,软件服务,20.07,0.0004985044865404,0.0094105993065873,1.4922,-0.1452299829642248,-0.3824589951737275,0.006721514222724,0.1746389340039468,-14.825262716004945,148.776,5.7261,2744920.6242
2025-06-03,600603.SH,区域地产,7.0,0.0263929618768328,0.0219478737997256,0.2961,-0.0358126721763084,-0.10564342901777,0.0610769080426072,0.8599191675982457,-13.635582621015296,16.3728,1.1629,835330.4057
2025-06-03,600604.SH,园区开发,4.45,0.0,0.0,1.1148,0.0136674259681095,0.0249556798036276,0.0065139365672857,0.765814060346148,-13.6335337071124,153.517,1.3058,833620.6378
2025-06-03,600605.SH,房产服务,38.55,-0.0084876543209877,-0.0473657548125632,0.7785,0.041610375574169,-0.2360340302997546,0.0117364279946669,0.1714618840231816,-13.58637253037408,85.2048,5.8322,795218.7638
2025-06-03,600651.SH,电器仪表,4.35,0.10126582278481,-0.0023474178403755,2.3349,0.0957178841309822,0.4238099250147442,0.0026855774286885,0.2254435602047027,-13.902199303872424,372.3594,4.4357,1090557.1865
2025-06-03,600653.SH,汽车服务,1.89,0.0053191489361701,-0.0052356020942407,0.9392,-0.0207253886010363,-0.1167334365887635,0.0146451909586449,0.2199010445299615,-12.815473693927071,68.2818,4.5475,367865.8799
2025-06-03,600654.SH,仓储物流,2.92,-0.0101694915254237,-0.0101694915254237,1.3607,-0.0266666666666667,-0.0500011706220684,0.0010500604782332,0.1988269211651257,-13.641120750513428,952.3261,5.0295,839969.4075
2025-06-04,000001.SZ,银行,11.84,0.0025402201524131,0.0154241645244215,0.6019,0.0802919708029197,0.1391109573325077,0.1900707063027446,1.8982536066818525,-16.94998717572468,5.2612,0.5268,22976607.1464
2025-06-04,000007.SZ,其他商业,8.35,0.0346964064436181,0.0012135922330096,2.9184,0.2243401759530789,-0.1527455246196845,0.0198950338016624,0.062577439581482,-12.575164586933695,50.2638,15.9802,289284.1167
2025-06-04,000009.SZ,电气设备,7.98,0.0063051702395966,0.0312891113892366,0.4002,0.0037735849056603,-0.1754694276834641,0.0131390850992263,0.4909662215239592,-14.537348564231635,76.1088,2.0368,2058212.7441
2025-06-04,000017.SZ,服饰,7.28,0.0474820143884893,-0.006993006993007,20.0812,0.1013615733736761,0.4355448167512101,0.0038934320915361,0.069653889821477,-13.125810690985016,256.8428,14.3567,501726.6312
2025-06-04,600601.SH,元器件,4.29,0.0165876777251186,0.0529661016949152,1.2019,-0.0529801324503311,-0.1225078664595058,0.0144745450650486,0.2342688469287354,-14.397198563848692,69.0868,4.2686,1789055.8201
2025-06-04,600602.SH,软件服务,20.19,0.0059790732436473,-0.0287218764959311,2.0759,-0.1691358024691357,-0.3099229141897059,0.0066815665600956,0.1736020693366665,-14.831223985499683,149.6655,5.7603,2761332.7056
2025-06-04,600603.SH,区域地产,7.29,0.0414285714285713,0.0297297297297296,0.5219,0.0055172413793103,0.0808696014095644,0.0586472426998844,0.825695648583932,-13.67617601800469,17.0511,1.2111,869936.9511
2025-06-04,600604.SH,园区开发,4.51,0.0134831460674156,-0.017353579175705,0.9295,0.0089485458612974,0.0362360394309277,0.0064272763323904,0.7556294393229561,-13.64692676442011,155.5869,1.3234,844860.4666
2025-06-04,600605.SH,房产服务,39.48,0.0241245136186769,-0.0435679298788347,2.1885,0.0696288268761853,-0.1703958148791775,0.0114599651846257,0.1674228599172931,-13.610210644933558,87.2603,5.9729,814403.0297
2025-06-04,600651.SH,电器仪表,4.26,-0.0206896551724137,0.0047281323877068,2.7219,0.0492610837438423,0.8805633560045105,0.0027423150733541,0.2302078777135753,-13.8812926190854,364.6554,4.3439,1067993.9344
2025-06-04,600653.SH,汽车服务,1.91,0.0105820105820106,0.0211640211640211,1.2588,-0.0205128205128205,-0.1166192556966478,0.0144918295065242,0.217599442945426,-12.82600010682297,69.0044,4.5956,371758.6405
2025-06-04,600654.SH,仓储物流,2.95,0.0102739726027398,-0.0033670033670034,0.9524,-0.0514469453376205,-0.0053716776993381,0.001039381867131,0.196803904589467,-13.651342304608775,962.1103,5.0812,848599.2302
2025-06-05,000001.SZ,银行,11.67,-0.0143581081081081,-0.0017094017094017,0.6013,0.0580235720761559,0.2322261098741307,0.1928417155199012,1.926040061633282,-16.93552499257018,5.1856,0.5192,22646706.5371
2025-06-05,000007.SZ,其他商业,8.24,-0.0131736526946106,-0.0120772946859902,2.1864,0.2153392330383481,-0.0828960097604459,0.0201606399793555,0.0634131493506493,-12.561903392284714,49.6016,15.7696,285473.1883
2025-06-05,000009.SZ,电气设备,7.99,0.0012531328320801,0.011124845488257,0.3721,-0.0074534161490683,-0.0965204912686135,0.0131226362851391,0.4903643407051439,-14.538600912516545,76.2042,2.0393,2060791.958
2025-06-05,000017.SZ,服饰,7.15,-0.0178571428571427,-0.0070323488045007,14.0853,0.0768072289156627,0.3734064995335304,0.0039642221026789,0.0709204768692864,-13.10779218554032,252.2563,14.1003,492767.2271
2025-06-05,600601.SH,元器件,4.72,0.1002331002331,0.053763440860215,4.8707,0.0465631929046563,0.4230560651689803,0.0131558867330775,0.2129245182582774,-14.492720630537375,76.0116,4.6965,1968378.4315
2025-06-05,600602.SH,软件服务,20.89,0.0346706290242693,-0.0344332855093256,4.3778,-0.1196797302991993,-0.0699076484612645,0.0064576747850401,0.1677852348993288,-14.865307128761458,154.8545,5.96,2857069.8475
2025-06-05,600603.SH,区域地产,7.4,0.0150891632373113,0.006711409395973,0.4628,0.0164835164835164,0.1179386625056959,0.0577754154052367,0.8134710811030668,-13.69115247212481,17.3084,1.2293,883063.5717
2025-06-05,600604.SH,园区开发,4.61,0.0221729490022173,0.006578947368421,1.8664,0.0221729490022173,0.1479342045014267,0.0062878568280151,0.7392622163081245,-13.668857467867866,159.0367,1.3527,863593.5146
2025-06-05,600605.SH,房产服务,38.79,-0.0174772036474163,-0.0212201591511937,0.8859,0.0543625985322098,-0.1947502309516114,0.0116638070899617,0.1704012950498424,-13.592578911821578,85.7353,5.8685,800169.5421
2025-06-05,600651.SH,电器仪表,4.23,-0.0070422535211266,-0.0093457943925233,1.4529,0.0418719211822662,1.0723963544906292,0.0027617641486558,0.2318410497762734,-13.87422545181051,362.0874,4.3133,1060472.8503
2025-06-05,600653.SH,汽车服务,1.89,-0.0104712041884816,0.0210526315789474,1.5302,-0.0307692307692307,-0.0579438808662653,0.0146451909586449,0.2199010445299615,-12.815473693927071,68.2818,4.5475,367865.8799
2025-06-05,600654.SH,仓储物流,2.97,0.0067796610169492,-0.0101010101010101,1.1906,-0.048076923076923,0.0733501505411344,0.0010323826431287,0.1954804910469935,-13.658099087048246,968.6331,5.1156,854352.4453
2025-06-06,000001.SZ,银行,11.7,0.0025706940874035,-0.0111016225448334,0.3516,0.0559566787003609,0.2089245740291938,0.1923446816695518,1.920860545524395,-16.938092388075685,5.199,0.5206,22704924.2917
2025-06-06,000007.SZ,其他商业,8.28,0.0048543689320388,-0.0525059665871122,1.5825,0.1896551724137929,-0.052996876075895,0.0200632393303693,0.0631066123108379,-12.566746016494818,49.8424,15.8462,286858.9804
2025-06-06,000009.SZ,电气设备,8.09,0.0125156445556946,-0.0145631067961166,0.6859,0.0074719800747198,-0.0517324083982143,0.0129604356780057,0.4843084075939558,-14.551038883832934,77.1579,2.0648,2086584.0977
2025-06-06,000017.SZ,服饰,7.11,-0.0055944055944056,0.004243281471004,7.898,0.0611940298507462,0.3186602320148646,0.0039865239544244,0.0713195543954241,-13.102182072714914,250.8451,14.0214,490010.4874
2025-06-06,600601.SH,元器件,4.65,-0.0148305084745761,-0.0208333333333332,4.9714,0.0175054704595185,0.750273158942764,0.0133539340021873,0.216132099939483,-14.477779050544097,74.8843,4.6268,1939186.3785
2025-06-06,600602.SH,软件服务,20.91,0.0009573958831976,-0.0606784519827997,3.902,-0.1041131105398457,0.0841188808421382,0.0064514963600657,0.1676249224734733,-14.866264066630029,155.0028,5.9657,2859805.1944
2025-06-06,600603.SH,区域地产,7.45,0.0067567567567567,-0.0013333333333332,0.5121,0.0177595628415301,0.1014477110514455,0.0573878211565941,0.8079502302658156,-13.697886504357074,17.4253,1.2377,889030.2175
2025-06-06,600604.SH,园区开发,4.56,-0.0108459869848157,0.0,1.5448,-0.0214592274678112,0.270316354351495,0.0063568022233551,0.7473283013227711,-13.657952234408455,157.3118,1.3381,854226.9906
2025-06-06,600605.SH,房产服务,37.7,-0.02810002577984,-0.0494447382337387,1.7797,0.0077519379844963,-0.2426888950334615,0.0120010416904187,0.1753278631040045,-13.564076524773842,83.3261,5.7036,777684.7573
2025-06-06,600651.SH,电器仪表,4.28,0.011820330969267,-0.0419580419580418,1.3838,0.0413625304136253,1.1568851145649734,0.0027295004959502,0.2291318195357789,-13.885976468369824,366.3674,4.3643,1073007.9904
2025-06-06,600653.SH,汽车服务,1.9,0.0052910052910053,-0.0208333333333333,1.0432,-0.0404040404040404,-0.1764784480926091,0.014568106626886,0.2187417971826056,-12.820750750982132,68.6431,4.5716,369812.2602
2025-06-06,600654.SH,仓储物流,2.97,0.0,-0.04,0.8922,-0.060126582278481,-0.0517890889456522,0.0010323826431287,0.1954804910469935,-13.658099087048246,968.6331,5.1156,854352.4453
2025-06-09,000001.SZ,银行,11.71,0.000854700854701,-0.0016934801016089,0.3985,0.0502242152466367,0.1532289737979015,0.1921820348233847,1.919385796545105,-16.938946723881685,5.2034,0.521,22724330.2099
2025-06-09,000007.SZ,其他商业,8.38,0.0120772946859906,-0.0284301606922126,2.0693,0.1802816901408452,-0.0147563589811884,0.0198238453105702,0.0623534693470344,-12.57875096279964,50.4443,16.0376,290323.4609
2025-06-09,000009.SZ,电气设备,8.24,0.0185414091470952,0.0012376237623761,1.0393,0.0261519302615194,0.1126941492467592,0.0127245080387079,0.4754885645000238,-14.569410496695546,78.5885,2.1031,2125272.3072
2025-06-09,000017.SZ,服饰,7.07,-0.0056258790436005,0.0334302325581397,7.2358,0.0860215053763442,0.3148195790388748,0.0040090781565777,0.0717231486462255,-13.096540308669116,249.4339,13.9425,487253.7476
2025-06-09,600601.SH,元器件,4.8,0.032258064516129,-0.0083507306889353,4.8765,0.0810810810810809,1.0266131148941882,0.0129366273436317,0.209375850589393,-14.509527748855453,77.2999,4.7761,2001740.7778
2025-06-09,600602.SH,软件服务,20.93,0.0009564801530368,-0.0314033366045142,2.5734,-0.0763459841129744,0.1584536600060249,0.0064453297462924,0.1674621116972285,-14.867220089643904,155.1511,5.9715,2862540.5413
2025-06-09,600603.SH,区域地产,7.5,0.006711409395973,0.0201342281879193,0.4879,0.0416666666666667,0.1986546142526801,0.057005067750523,0.8025682182985554,-13.704575492558114,17.5423,1.246,894996.8633
2025-06-09,600604.SH,园区开发,4.57,0.0021929824561404,0.0509977827050998,1.3092,0.0066079295154186,0.1637442745629316,0.0063428956714177,0.7457121551081283,-13.660142815783663,157.6567,1.341,856100.2954
2025-06-09,600605.SH,房产服务,37.82,0.0031830238726788,-0.0382876894442967,1.4071,-0.0661728395061728,-0.2940445001566906,0.0119629674379989,0.1747732317318279,-13.567254493616964,83.5913,5.7217,780160.1465
2025-06-09,600651.SH,电器仪表,4.29,0.0023364485981307,-0.0258823529411765,1.1836,0.0592592592592593,1.2254612319950962,0.0027231380135361,0.2285975540061721,-13.88831019170214,367.2234,4.3745,1075515.0184
2025-06-09,600653.SH,汽车服务,1.92,0.0105263157894737,0.0,1.6174,-0.005181347150259,-0.2233217437817598,0.0144163469841722,0.216464272571812,-12.83122205102688,69.3657,4.6197,373705.0209
2025-06-09,600654.SH,仓储物流,3.0,0.0101010101010099,-0.0102739726027396,1.145,-0.0228013029315959,-0.0704903457415576,0.0010220587882082,0.1935246647185183,-13.668149422925158,978.4173,5.1673,862982.268
2025-06-10,000001.SZ,银行,11.81,0.0085397096498718,-0.0075949367088608,0.7359,0.0582437275985663,-0.0192739009135498,0.1905560425321087,1.9029495718363465,-16.947450176477826,5.2478,0.5255,22918389.3918
2025-06-10,000007.SZ,其他商业,8.09,-0.0346062052505967,-0.0387878787878788,3.1664,0.1378340365682138,0.0478994550887676,0.0205344290504674,0.0645886349837882,-12.543531779293875,48.6987,15.4826,280276.4676
2025-06-10,000009.SZ,电气设备,8.08,-0.0194174757281553,-0.016990291262136,0.6624,-0.0134310134310133,0.1735824179905478,0.0129764801297648,0.4848955050186684,-14.549802025278751,77.0625,2.0623,2084004.8837
2025-06-10,000017.SZ,服饰,6.88,-0.0268741159830269,-0.0028169014084505,8.2876,0.063369397217929,0.2560305131232059,0.0041197954109598,0.0737039166261295,-13.069298480761072,242.7305,13.5678,474159.2339
2025-06-10,600601.SH,元器件,4.79,-0.0020833333333333,-0.0643863179074445,4.0539,0.0597345132743363,1.244592028228208,0.0129636279490633,0.2098151528503388,-14.507442242357964,77.1389,4.7661,1997570.4845
2025-06-10,600602.SH,软件服务,20.38,-0.0262780697563306,-0.0359783144406111,2.6971,-0.1108202443280979,0.2571384898199713,0.0066192726743185,0.1719838335196491,-14.8405905809894,151.074,5.8145,2787318.5013
2025-06-10,600603.SH,区域地产,7.45,-0.0066666666666665,0.0419947506561679,0.4077,0.0177595628415301,0.2674295401568127,0.0573878211565941,0.8079502302658156,-13.697886504357074,17.4253,1.2377,889030.2175
2025-06-10,600604.SH,园区开发,4.51,-0.013129102844639,0.0684326710816776,0.9176,0.0134831460674156,0.151193261991779,0.0064272763323904,0.7556294393229561,-13.64692676442011,155.5869,1.3234,844860.4666
2025-06-10,600605.SH,房产服务,37.61,-0.0055526176626123,-0.0064690026954178,0.8419,-0.0454314720812182,-0.2405355629746252,0.0120297568064364,0.175750013181251,-13.561686402880657,83.1272,5.6899,775828.2155
2025-06-10,600651.SH,电器仪表,4.25,-0.0093240093240093,0.0023529411764704,0.8513,0.0391198044009779,0.8166702552692651,0.002748767590051,0.2307497057941251,-13.878942441754546,363.7994,4.3337,1065486.9064
2025-06-10,600653.SH,汽车服务,1.9,-0.0104166666666666,-0.0207253886010363,1.6857,-0.0155440414507772,-0.1423557481384433,0.014568106626886,0.2187417971826056,-12.820750750982132,68.6431,4.5716,369812.2602
2025-06-10,600654.SH,仓储物流,2.92,-0.0266666666666667,-0.0304054054054053,1.7203,-0.0580645161290322,-0.0392607819591721,0.0010500604782332,0.1988269211651257,-13.641120750513428,952.3261,5.0295,839969.4075
2025-06-11,000001.SZ,银行,11.85,0.0033869602032174,0.0077054794520547,0.5641,0.049601417183348,-0.0254445210199859,0.1899118808872683,1.896813353566009,-16.950831413850047,5.2656,0.5272,22996013.0646
2025-06-11,000007.SZ,其他商业,8.25,0.0197775030902349,-0.0391198044009779,1.7411,0.1316872427983539,-0.0222270751298341,0.0201362012653588,0.0633360356708552,-12.563116248555794,49.6618,15.7888,285819.6363
2025-06-11,000009.SZ,电气设备,8.24,0.0198019801980198,-0.0207823960880195,1.2513,0.0098039215686274,0.4242343541944073,0.0127245080387079,0.4754885645000238,-14.569410496695546,78.5885,2.1031,2125272.3072
2025-06-11,000017.SZ,服饰,7.1,0.0319767441860465,-0.036827195467422,14.9503,0.1007751937984495,0.0828250634875009,0.0039921386805103,0.0714198990122628,-13.100774612810216,250.4923,14.0017,489321.3024
2025-06-11,600601.SH,元器件,4.97,0.0375782881002086,-0.0142857142857143,7.6453,0.1118568232662191,1.5078602620087334,0.0124941277599528,0.2022162905443662,-14.544331671011346,80.0376,4.9452,2072635.7636
2025-06-11,600602.SH,软件服务,20.29,-0.0044160942100097,-0.0341753343239228,1.5604,-0.1065609863496257,0.2504406544028201,0.0066486355670089,0.1727443901259306,-14.83616470703076,150.4068,5.7889,2775009.4402
2025-06-11,600603.SH,区域地产,7.62,0.0228187919463087,0.0333333333333334,0.483,0.0539419087136929,0.2106014428455691,0.0561075919182624,0.7899518129394106,-13.720448841700328,17.8229,1.2659,909316.8131
2025-06-11,600604.SH,园区开发,4.53,0.0044345898004436,0.0305010893246189,0.768,0.0225733634311513,0.1168888908261158,0.00639890246025,0.7522756337922215,-13.65135155039106,156.2768,1.3293,848607.0762
2025-06-11,600605.SH,房产服务,37.1,-0.013560223344855,-0.021951219512195,0.8985,0.0363128491620112,-0.2851398214417472,0.0121951219512195,0.1781641961231471,-13.54803339998491,82.0,5.6128,765307.8116
2025-06-11,600651.SH,电器仪表,4.25,0.0,0.016509433962264,0.7742,0.0572139303482588,0.3358176731200353,0.002748767590051,0.2307497057941251,-13.878942441754546,363.7994,4.3337,1065486.9064
2025-06-11,600653.SH,汽车服务,1.93,0.0157894736842105,-0.0360824742268039,2.3082,0.0052083333333332,-0.0218902648521878,0.0143416672761875,0.215340884620354,-12.836416867858231,69.7269,4.6438,375651.4012
2025-06-11,600654.SH,仓储物流,2.96,0.0136986301369863,-0.0272108843537415,1.6152,-0.0389610389610389,0.0566538944521362,0.0010358704320833,0.196139965479366,-13.654726402639994,965.3717,5.0984,851475.8378
2025-06-12,000001.SZ,银行,11.68,-0.0143459915611814,0.0103626943005181,0.6649,0.021872265966754,0.0168634537776573,0.1926745149419086,1.893222264293828,-16.93638152367188,5.1901,0.5282,22666112.4553
2025-06-12,000007.SZ,其他商业,8.18,-0.0084848484848485,-0.0491183879093199,1.4034,0.1236263736263736,-0.0800831024930748,0.0203085271443773,0.0638781715512175,-12.554595198852088,49.2404,15.6548,283394.5
2025-06-12,000009.SZ,电气设备,8.18,-0.0072815533980583,-0.0246305418719211,0.6275,0.0049140049140048,0.5165917210244746,0.0128178342218228,0.4789730817128077,-14.56210230338422,78.0163,2.0878,2109797.0234
2025-06-12,000017.SZ,服饰,7.06,-0.0056338028169014,-0.0915492957746477,7.5844,0.0945736434108526,-0.0677368181891946,0.0040147582513318,0.0718246329761254,-13.095124880333517,249.081,13.9228,486564.5627
2025-06-12,600601.SH,元器件,4.9,-0.0140845070422533,0.0170212765957447,4.1761,0.09375,1.2909919197361943,0.0126726008232121,0.2051029616867667,-14.530147036023523,78.9104,4.8756,2043443.7106
2025-06-12,600602.SH,软件服务,20.19,-0.004928536224741,-0.0269582909460834,1.3375,-0.1058458813108944,0.0421711322982478,0.0066815665600956,0.1736020693366665,-14.831223985499683,149.6655,5.7603,2761332.7056
2025-06-12,600603.SH,区域地产,7.5,-0.0157480314960629,-0.0013351134846462,0.6031,0.0373443983402488,0.230700899411496,0.057005067750523,0.8025682182985554,-13.704575492558114,17.5423,1.246,894996.8633
2025-06-12,600604.SH,园区开发,4.59,0.0132450331125826,0.0175054704595185,1.5618,0.0314606741573033,0.0395536056566001,0.0063152563330969,0.7424456158586383,-13.664509634940844,158.3467,1.3469,859846.905
2025-06-12,600605.SH,房产服务,36.9,-0.0053908355795149,-0.0027816411682893,0.7727,0.0241465445462114,-0.2786329221257921,0.0122612279129305,0.1791312136139722,-13.542627981391798,81.5579,5.5825,761182.163
2025-06-12,600651.SH,电器仪表,4.24,-0.0023529411764705,0.0243309002433089,0.6722,0.057356608478803,0.1354057270881465,0.0027552505431976,0.2312940904359893,-13.876586728076251,362.9434,4.3235,1062979.8784
2025-06-12,600653.SH,汽车服务,1.94,0.005181347150259,-0.0319148936170211,1.0732,0.0104166666666667,-0.0643666401310035,0.0142677369371734,0.2142336861048031,-12.841584837971393,70.0882,4.6678,377597.7815
2025-06-12,600654.SH,仓储物流,2.94,-0.0067567567567567,-0.03125,0.8658,-0.0516129032258064,0.0250827739756975,0.0010429171895592,0.1974762534805189,-13.64794671556034,958.8489,5.0639,845722.6226
2025-06-13,000001.SZ,银行,11.58,-0.0085616438356164,0.0042408821034776,0.5645,0.0166812993854257,0.0934383986256861,0.1943407960199005,1.9094901661256445,-16.927783018415774,5.1456,0.5237,22472053.2733
2025-06-13,000007.SZ,其他商业,7.94,-0.0293398533007334,-0.0381679389312977,2.095,0.0876712328767124,-0.0407304046025748,0.0209223842312174,0.0658089565989931,-12.524816323337376,47.7957,15.1955,275079.7469
2025-06-13,000009.SZ,电气设备,8.12,-0.0073349633251834,-0.0210135970333745,1.1012,0.0086956521739127,0.5727423134096461,0.0129125561696193,0.4825090470446321,-14.55474030693848,77.444,2.0725,2094321.7396
2025-06-13,000017.SZ,服饰,7.1,0.0056657223796034,-0.1054852320675105,11.4502,0.1216429699842021,-0.0352489200740298,0.0039921386805103,0.0714198990122628,-13.100774612810216,250.4923,14.0017,489321.3024
2025-06-13,600601.SH,元器件,4.7,-0.0408163265306122,-0.0210526315789473,3.8396,0.0829493087557604,1.0850506395119617,0.0132118721883484,0.21383056066373,-14.48847433964274,75.6895,4.6766,1960037.8449
2025-06-13,600602.SH,软件服务,19.66,-0.0262506191183754,-0.0526849037487334,2.9607,-0.0889712696941611,-0.0268299241206987,0.0068616896087258,0.1782817207751689,-14.804622667899098,145.7367,5.6091,2688846.0125
2025-06-13,600603.SH,区域地产,7.49,-0.0013333333333332,-0.0276315789473684,0.3918,0.0345303867403314,0.164336521952416,0.0570812094366655,0.8036647110825363,-13.70324126949023,17.5189,1.2443,893803.5341
2025-06-13,600604.SH,园区开发,4.57,-0.0043572984749454,0.021097046413502,1.5869,0.0386363636363635,0.0091245821664107,0.0063428956714177,0.7457121551081283,-13.660142815783663,157.6567,1.341,856100.2954
2025-06-13,600605.SH,房产服务,35.95,-0.0257452574525743,-0.0176942217307161,1.2279,0.0236332574031892,-0.3002993513487799,0.012585233493837,0.183864087666397,-13.51654551458619,79.4582,5.4388,741585.3323
2025-06-13,600651.SH,电器仪表,4.11,-0.0306603773584905,0.0048309178743961,0.947,0.0223880597014927,0.0080756688463574,0.0028423997357705,0.2386065378191362,-13.845446487336869,351.8154,4.191,1030388.5142
2025-06-13,600653.SH,汽车服务,1.88,-0.0309278350515463,-0.0421052631578946,2.2349,-0.0052910052910053,0.0461258778167104,0.0147230953835734,0.2210726444709732,-12.810168641743648,67.9205,4.5234,365919.4996
2025-06-13,600654.SH,仓储物流,2.88,-0.0204081632653061,-0.041522491349481,1.6784,-0.0463576158940397,0.1316107414984613,0.001064644580118,0.2015885175180421,-13.627327428429044,939.2806,4.9606,828462.9773
2025-06-16,000001.SZ,银行,11.79,0.0181347150259065,0.0144557823129252,0.6052,0.0360281195079084,0.1561883333640703,0.1908761213972132,1.8754688672168045,-16.945755260817656,5.239,0.5332,22879577.5554
2025-06-16,000007.SZ,其他商业,7.86,-0.0100755667506297,-0.0226986128625472,1.2963,0.0737704918032786,-0.1074374082915902,0.0211353486592791,0.0664787533904164,-12.514689654709075,47.3141,15.0424,272308.1626
2025-06-16,000009.SZ,电气设备,8.09,-0.0036945812807881,0.0419753086419751,0.4915,0.0037220843672456,0.3863773559594874,0.0129604356780057,0.4843084075939558,-14.551038883832934,77.1579,2.0648,2086584.0977
2025-06-16,000017.SZ,服饰,7.11,0.0014084507042253,-0.0790960451977401,8.3318,0.1144200626959248,-0.0361824641063232,0.0039865239544244,0.0713195543954241,-13.102182072714914,250.8451,14.0214,490010.4874
2025-06-16,600601.SH,元器件,4.75,0.0106382978723404,0.010752688172043,2.2068,0.0894495412844036,0.8127182256253991,0.0130728011221692,0.2115819986035588,-14.499056448955551,76.4947,4.7263,1980889.3113
2025-06-16,600602.SH,软件服务,19.74,0.0040691759918616,-0.0383435582822085,1.4715,-0.0882217090069283,-0.1118295618360946,0.0068338779934094,0.1775599708801647,-14.808683587207682,146.3298,5.6319,2699787.4002
2025-06-16,600603.SH,区域地产,7.6,0.014686248331108,-0.0541561712846347,0.4267,0.0599721059972104,0.1109082610680052,0.0562549926305959,0.7920164739426581,-13.717820719296371,17.7762,1.2626,906930.1548
2025-06-16,600604.SH,园区开发,4.74,0.0371991247264769,0.0020661157024792,2.332,0.0821917808219179,0.0962296693168738,0.006115407524642,0.7189589474441009,-13.696666746621748,163.5214,1.3909,887946.4771
2025-06-16,600605.SH,房产服务,36.17,0.0061196105702363,-0.0439500813890395,0.7554,0.0013842746400887,-0.3596034908189751,0.0125086935420116,0.1827451983699128,-13.52264647633184,79.9444,5.4721,746123.5457
2025-06-16,600651.SH,电器仪表,4.14,0.0072992700729925,-0.0140845070422533,0.5638,0.017199017199017,-0.1300176463533725,0.0028218026013633,0.2368770134546144,-13.852719246622346,354.3834,4.2216,1037909.5982
2025-06-16,600653.SH,汽车服务,1.9,0.0106382978723404,-0.0317460317460316,1.2455,0.0052910052910053,-0.0049794680612671,0.014568106626886,0.2187417971826056,-12.820750750982132,68.6431,4.5716,369812.2602
2025-06-16,600654.SH,仓储物流,2.89,0.0034722222222223,-0.0139372822299651,0.8797,-0.0462046204620461,0.0877739289263312,0.0010609606786753,0.2008919603037486,-13.630793636333271,942.542,4.9778,831339.5848
2025-06-17,000001.SZ,银行,11.76,-0.0025445292620864,0.0135938827527613,0.4586,0.0343007915567283,0.0509802479126053,0.1913655848132271,1.88040616773223,-16.94320748873859,5.2256,0.5318,22821359.8008
2025-06-17,000007.SZ,其他商业,7.93,0.0089058524173026,-0.0063613231552164,1.0841,0.0658602150537632,-0.2797894159790549,0.0209487697834944,0.0658917793416093,-12.52355608388508,47.7355,15.1764,274733.2989
2025-06-17,000009.SZ,电气设备,8.1,0.0012360939431397,0.0998751560549313,0.4498,0.0012360939431397,0.3185272360457296,0.012944430852792,0.4836993324949211,-14.552274214457672,77.2533,2.0674,2089163.3117
2025-06-17,000017.SZ,服饰,7.08,-0.0042194092827004,-0.038235294117647,6.7766,0.0892307692307692,-0.0778916900786106,0.0040034157142874,0.0716219506954491,-13.097953736603664,249.7867,13.9622,487942.9326
2025-06-17,600601.SH,元器件,4.65,-0.0210526315789473,-0.0103519668737059,1.9319,0.0616438356164383,0.6081464410083557,0.0133539340021873,0.216132099939483,-14.477779050544097,74.8843,4.6268,1939186.3785
2025-06-17,600602.SH,软件服务,19.56,-0.0091185410334346,0.0092307692307691,1.5314,-0.0948634891254049,-0.206465406270638,0.0068967705182371,0.1791922015553883,-14.79952321780538,144.9954,5.5806,2675169.278
2025-06-17,600603.SH,区域地产,7.94,0.0447368421052631,-0.0193548387096774,0.8048,0.0832196452933151,0.2361670335686829,0.0538462366865179,0.7580926389204761,-13.76158574722536,18.5714,1.3191,947503.3459
2025-06-17,600604.SH,园区开发,4.84,0.021097046413502,0.0232558139534881,2.9022,0.0731707317073171,0.328431443710532,0.0059890532085454,0.7041261794113506,-13.717544331599091,166.9713,1.4202,906679.5251
2025-06-17,600605.SH,房产服务,36.86,0.0190765828034282,-0.0077583818232197,1.2569,0.0216186252771619,-0.2935702290927267,0.012274532186892,0.1793239487133506,-13.541543382608022,81.4695,5.5765,760357.0333
2025-06-17,600651.SH,电器仪表,4.26,0.0289855072463769,-0.0092807424593968,1.6961,0.0390243902439024,-0.0010197400199655,0.0027423150733541,0.2302078777135753,-13.8812926190854,364.6554,4.3439,1067993.9344
2025-06-17,600653.SH,汽车服务,1.89,-0.0052631578947368,0.0,1.1362,-0.0357142857142857,0.0003095481534982,0.0146451909586449,0.2199010445299615,-12.815473693927071,68.2818,4.5475,367865.8799
2025-06-17,600654.SH,仓储物流,2.87,-0.0069204152249134,0.0139860139860139,0.8685,-0.0801282051282051,-0.0114995419425818,0.001068354153419,0.2022899219160901,-13.623849164004351,936.0192,4.9434,825586.3697
2025-06-18,000001.SZ,银行,11.77,0.0008503401360544,0.0307692307692308,0.3522,0.0333625987708514,-0.0287922315126702,0.1912009330605533,1.8786398647379297,-16.944057467540382,5.2301,0.5323,22840765.719
2025-06-18,000007.SZ,其他商业,7.86,-0.0088272383354349,0.0304635761589404,1.1741,0.043824701195219,-0.3281800689642034,0.0211353486592791,0.0664787533904164,-12.514689654709075,47.3141,15.0424,272308.1626
2025-06-18,000009.SZ,电气设备,8.01,-0.011111111111111,0.1212121212121213,0.5805,-0.0086633663366336,0.0750963303510889,0.0130898790364278,0.4891410682840931,-14.541100913852556,76.3949,2.0444,2065950.386
2025-06-18,000017.SZ,服饰,6.8,-0.0395480225988701,-0.0077519379844961,6.873,0.0240963855421687,-0.230754443356147,0.00416826276395,0.0745706594283413,-13.057602440920965,239.9081,13.4101,468645.7544
2025-06-18,600601.SH,元器件,4.83,0.0387096774193547,0.0062761506276149,4.9188,0.1002277904328019,0.2828769529305461,0.0128562631214235,0.2080775713185875,-14.51575829857568,77.7831,4.8059,2014251.6576
2025-06-18,600602.SH,软件服务,19.5,-0.0030674846625766,0.0486147412441191,1.5662,-0.0942870413376684,-0.1955309796734875,0.0069179879447142,0.1797429675563943,-14.796451018779685,144.5507,5.5635,2666963.2373
2025-06-18,600603.SH,区域地产,7.75,-0.0239294710327456,0.0173796791443849,1.2831,0.0587431693989071,0.4376126495166312,0.05516632647432,0.7766990291262136,-13.737365315298206,18.127,1.2875,924830.092
2025-06-18,600604.SH,园区开发,4.73,-0.0227272727272725,0.1440860215053763,2.4859,0.0581655480984342,0.4955812185447776,0.0061283334303652,0.7205130052597449,-13.694554813423128,163.1765,1.3879,886073.1723
2025-06-18,600605.SH,房产服务,36.09,-0.0208898534997286,0.0041841004184099,0.7757,0.0137640449438203,-0.3029922600788185,0.0125364182951474,0.1831501831501831,-13.520432249065538,79.7676,5.46,744473.2863
2025-06-18,600651.SH,电器仪表,4.31,0.0117370892018779,0.0190023752969121,1.5542,0.0461165048543688,0.102307251434107,0.0027105016216931,0.2275364627181506,-13.892961362942806,368.9354,4.3949,1080529.0745
2025-06-18,600653.SH,汽车服务,1.87,-0.0105820105820104,0.0329670329670328,1.1227,-0.0603015075376883,-0.1239547735624017,0.0148018111496122,0.2222518558029959,-12.804835295815051,67.5593,4.4994,363973.1193
2025-06-18,600654.SH,仓储物流,2.86,-0.0034843205574913,0.0465949820788529,0.7455,-0.0862619808306709,-0.1438258386866522,0.0010720896678644,0.2029962242702286,-13.620358759137428,932.7578,4.9262,822709.7622
2025-06-19,000001.SZ,银行,11.7,-0.005947323704333,0.0481418918918918,0.4289,0.019163763066202,-0.0941849864187898,0.1923446816695518,1.89000189000189,-16.938092388075685,5.199,0.5291,22704924.2917
2025-06-19,000007.SZ,其他商业,7.55,-0.039440203562341,0.0171957671957672,1.945,-0.0143603133159269,-0.2762990191991119,0.022003120042422,0.0692084628108325,-12.474450611393674,45.4481,14.4491,261568.2732
2025-06-19,000009.SZ,电气设备,7.92,-0.0112359550561798,0.1262626262626263,0.5451,-0.0258302583025831,0.0592817975123711,0.0132386154526415,0.4947066389630949,-14.52980135859147,75.5366,2.0214,2042737.4603
2025-06-19,000017.SZ,服饰,6.45,-0.051470588235294,0.0,7.3212,-0.0373134328358208,-0.2365905573208508,0.0043944473521037,0.0786175883268604,-13.00475995966568,227.5599,12.7198,444524.2818
2025-06-19,600601.SH,元器件,4.78,-0.0103519668737059,0.0623655913978493,4.1147,0.1013824884792626,0.2056064334727678,0.0129907414985339,0.2102518817543417,-14.505352377432011,76.9779,4.7562,1993400.1912
2025-06-19,600602.SH,软件服务,19.13,-0.018974358974359,0.0663101604278075,1.7072,-0.0980669495520981,-0.1481729106628243,0.0070517933062967,0.1832206526319646,-14.77729433663766,141.8079,5.4579,2616359.3194
2025-06-19,600603.SH,区域地产,7.48,-0.0348387096774193,0.0081190798376185,1.0837,-0.0170827858081471,0.5438426790222572,0.0571575547998056,0.8047642040882022,-13.701905263892591,17.4955,1.2426,892610.2049
2025-06-19,600604.SH,园区开发,4.65,-0.0169133192389006,0.1053719008264462,1.7653,0.0310421286031044,0.4824836820083682,0.0062337688244234,0.7328691828508611,-13.677496830555445,160.4166,1.3645,871086.7339
2025-06-19,600605.SH,房产服务,35.85,-0.0066500415627598,0.0008443568815086,0.7982,0.0042016806722688,-0.3029584556521235,0.0126203348932067,0.184375979497391,-13.51375999745141,79.2372,5.4237,739522.508
2025-06-19,600651.SH,电器仪表,4.21,-0.0232018561484917,0.0456730769230768,0.8895,0.0395061728395063,0.1228272370950676,0.0027748841902083,0.232942765962403,-13.869486106474836,360.3754,4.2929,1055458.7943
2025-06-19,600653.SH,汽车服务,1.82,-0.0267379679144385,0.0274725274725275,1.5166,-0.0761421319796954,-0.0684366955751416,0.015208454684128,0.2283574250416752,-12.7777333659965,65.7529,4.3791,354241.2177
2025-06-19,600654.SH,仓储物流,2.79,-0.0244755244755243,0.0649819494584837,1.0804,-0.0912052117263843,-0.1021060549078601,0.0010989879310244,0.2080905610121524,-13.595578730040485,909.9281,4.8056,802573.5092
2025-06-20,000001.SZ,银行,11.84,0.0119658119658119,0.0226320201173511,0.6747,0.025108225108225,-0.0666073942357559,0.1900707063027446,1.867762420620097,-16.94998717572468,5.2612,0.5354,22976607.1464
2025-06-20,000007.SZ,其他商业,7.56,0.0013245033112583,-0.0103225806451613,1.9046,-0.055,-0.2643021447627944,0.0219740135315975,0.0691166204737253,-12.475774238538094,45.5083,14.4683,261914.7213
2025-06-20,000009.SZ,电气设备,7.92,0.0,0.042654028436019,0.4634,-0.0161490683229814,-0.1533706408358219,0.0132386154526415,0.4947066389630949,-14.52980135859147,75.5366,2.0214,2042737.4603
2025-06-20,000017.SZ,服饰,6.36,-0.0139534883720929,-0.0153374233128833,4.1495,-0.0782608695652173,-0.3274722888732299,0.0044566338331596,0.0797295573414976,-12.990708206203664,224.3846,12.5424,438321.6174
2025-06-20,600601.SH,元器件,4.65,-0.0271966527196652,0.1212765957446806,2.5225,0.0813953488372094,0.082449092194424,0.0133539340021873,0.216132099939483,-14.477779050544097,74.8843,4.6268,1939186.3785
2025-06-20,600602.SH,软件服务,18.7,-0.0224777835859906,0.0595427963849017,1.7952,-0.1095238095238095,-0.2555546332420243,0.0072139454221745,0.1874343979607137,-14.754560077071323,138.6204,5.3352,2557549.3609
2025-06-20,600603.SH,区域地产,7.39,-0.0120320855614973,0.0226364846870839,0.4701,0.0095628415300546,0.5760134807956767,0.0578536303153022,0.8145312372729494,-13.689800206932563,17.285,1.2277,881870.2426
2025-06-20,600604.SH,园区开发,4.84,0.0408602150537633,0.0556701030927835,3.7208,0.066079295154185,0.6505067926461949,0.0059890532085454,0.7041261794113506,-13.717544331599091,166.9713,1.4202,906679.5251
2025-06-20,600605.SH,房产服务,35.53,-0.008926080892608,0.0388762769580022,0.7658,-0.0423180592991914,-0.3424640976634209,0.0127340032267964,0.1860361282160995,-13.504793840340906,78.5299,5.3753,732921.4702
2025-06-20,600651.SH,电器仪表,4.16,-0.01187648456057,0.0571428571428571,0.9123,0.0374064837905236,0.0875412725001696,0.0028082362198444,0.235743416865084,-13.857538533029576,356.0954,4.2419,1042923.6542
2025-06-20,600653.SH,汽车服务,1.82,0.0,0.0327868852459014,0.8121,-0.0471204188481674,-0.2092159401329923,0.015208454684128,0.2283574250416752,-12.7777333659965,65.7529,4.3791,354241.2177
2025-06-20,600654.SH,仓储物流,2.77,-0.0071684587813619,0.0424028268551237,0.8414,-0.0827814569536423,-0.234616051308719,0.0011069228838927,0.2095952715306742,-13.588384454431194,903.4053,4.7711,796820.2941
2025-06-23,000001.SZ,银行,11.93,0.0076013513513513,0.0117351215423302,0.7159,0.0410122164048865,-0.0450378492203241,0.1886365351241228,1.85356811862836,-16.957559782379434,5.3012,0.5395,23151260.4102
2025-06-23,000007.SZ,其他商业,7.75,0.0251322751322751,-0.025608194622279,1.3653,-0.0152477763659466,-0.2229988432995855,0.0214353082397324,0.0674222452956128,-12.50059589157446,46.652,14.8319,268497.2341
2025-06-23,000009.SZ,电气设备,8.44,0.0656565656565655,0.0079455164585697,3.1608,0.0589711417816811,0.4246162487242539,0.0124229775392566,0.4642094513044286,-14.593392461381583,80.496,2.1542,2176856.5865
2025-06-23,000017.SZ,服饰,6.52,0.0251572327044022,0.003058103975535,4.6408,-0.0195488721804512,-0.3799625512056271,0.0043472685025181,0.0777731978005739,-13.015554204727213,230.0295,12.8579,449348.5763
2025-06-23,600601.SH,元器件,4.7,0.010752688172043,0.117154811715481,2.2414,0.1217183770883054,0.068316189480047,0.0132118721883484,0.21383056066373,-14.48847433964274,75.6895,4.6766,1960037.8449
2025-06-23,600602.SH,软件服务,18.81,0.0058823529411764,0.0248983739837398,1.6088,-0.0846715328467154,-0.228353007254636,0.007171759332969,0.1863377184809749,-14.760425196521664,139.4358,5.3666,2572593.7689
2025-06-23,600603.SH,区域地产,7.51,0.0162381596752367,0.0171052631578947,0.3973,0.0315934065934064,0.5615998762782963,0.0569291289273982,0.8015389547932029,-13.70590793773491,17.5657,1.2476,896190.1924
2025-06-23,600604.SH,园区开发,4.85,0.0020661157024792,0.0661157024793388,2.7848,0.0948081264108351,0.6539072787540299,0.0059767075752377,0.7026419336706015,-13.719608315815623,167.3162,1.4232,908552.8299
2025-06-23,600605.SH,房产服务,35.24,-0.0081621165212496,0.0413292376431164,1.1639,-0.0575020058839261,-0.2404679566186822,0.0128387998803423,0.1875679933976066,-13.496598231431935,77.8889,5.3314,726939.2798
2025-06-23,600651.SH,电器仪表,4.2,0.0096153846153845,0.053864168618267,0.6375,0.0659898477157361,0.0925885030101103,0.002781491068354,0.2334975599504985,-13.86710798408408,359.5194,4.2827,1052951.7663
2025-06-23,600653.SH,汽车服务,1.83,0.0054945054945054,0.0053475935828875,0.7919,-0.026595744680851,-0.2353233830845771,0.0151253437234361,0.2271127160409711,-12.783212831713303,66.1142,4.4031,356187.598
2025-06-23,600654.SH,仓储物流,2.83,0.0216606498194946,0.0241379310344829,0.9655,-0.0341296928327645,-0.2003197797073127,0.0010834546080191,0.2051492460765206,-13.60981384593676,922.9736,4.8745,814079.9395
2025-06-24,000001.SZ,银行,11.93,0.0,0.0199004975124377,0.6743,0.0446584938704028,0.004641968335775,0.1886365351241228,1.85356811862836,-16.957559782379434,5.3012,0.5395,23151260.4102
2025-06-24,000007.SZ,其他商业,7.81,0.0077419354838708,-0.0295629820051414,1.4259,0.026281208935611,-0.1452586678333152,0.0212706218679009,0.0669044003024079,-12.508308012193847,47.0132,14.9467,270575.9224
2025-06-24,000009.SZ,电气设备,8.81,0.0438388625592418,0.0281531531531531,3.2552,0.10125,0.830708098682142,0.0119012340389574,0.4447211598327848,-14.636297592718837,84.0249,2.2486,2272287.5032
2025-06-24,000017.SZ,服饰,6.54,0.0030674846625766,0.0203124999999999,4.7315,-0.0282317979197622,-0.4158836403793932,0.0043339743281364,0.0775356082280787,-13.018616994333298,230.7351,12.8973,450726.9462
2025-06-24,600601.SH,元器件,4.78,0.0170212765957447,0.1018711018711018,2.2677,0.1273584905660376,0.0647971247673981,0.0129907414985339,0.2102518817543417,-14.505352377432011,76.9779,4.7562,1993400.1912
2025-06-24,600602.SH,软件服务,19.68,0.0462519936204146,-0.0019940179461614,3.6907,-0.0533910533910533,-0.0582951291675464,0.0068547143297803,0.1781007337750231,-14.80563944480048,145.885,5.6148,2691581.3594
2025-06-24,600603.SH,区域地产,7.6,0.0119840213049267,0.0302233902759525,0.4065,0.0599721059972104,0.4076458363539705,0.0562549926305959,0.7920164739426581,-13.717820719296371,17.7762,1.2626,906930.1548
2025-06-24,600604.SH,园区开发,4.84,-0.002061855670103,-0.0563909774436091,2.2417,0.0876404494382021,0.5134817298763747,0.0059890532085454,0.7041261794113506,-13.717544331599091,166.9713,1.4202,906679.5251
2025-06-24,600605.SH,房产服务,35.81,0.0161748013620885,0.0266666666666666,1.0365,-0.0342502696871628,-0.2694549594307023,0.0126344303388048,0.1845835794447725,-13.512643614302462,79.1488,5.4176,738697.3782
2025-06-24,600651.SH,电器仪表,4.27,0.0166666666666666,0.0489510489510489,0.8106,0.070175438596491,-0.0967911749084636,0.0027358927792676,0.2296685882271881,-13.88363728603062,365.5114,4.3541,1070500.9624
2025-06-24,600653.SH,汽车服务,1.87,0.0218579234972677,0.0,1.3609,-0.0053191489361701,-0.2104953598534875,0.0148018111496122,0.2222518558029959,-12.804835295815051,67.5593,4.4994,363973.1193
2025-06-24,600654.SH,仓储物流,2.9,0.0247349823321554,0.0136986301369863,1.0318,-0.0235690235690236,-0.1729139331181958,0.0010573021835193,0.200196192268423,-13.634247871249476,945.8034,4.9951,834216.1924
2025-06-25,000001.SZ,银行,12.06,0.010896898575021,-0.0072522159548751,0.8632,0.0496083550913837,0.1397626767616753,0.1866054600757618,1.8335166850018336,-16.968397737569763,5.3589,0.5454,23403537.3468
2025-06-25,000007.SZ,其他商业,7.78,-0.0038412291933417,-0.0182054616384915,1.5653,0.0051679586563306,-0.0983001307591723,0.0213526475147653,0.0671623246223798,-12.50445938628078,46.8326,14.8893,269536.5782
2025-06-25,000009.SZ,电气设备,8.88,0.0079455164585697,0.0235426008968611,2.3709,0.1100000000000001,1.0157217820763451,0.0118074209640759,0.4412089124200308,-14.64421170975069,84.6925,2.2665,2290342.0009
2025-06-25,000017.SZ,服饰,6.4,-0.021406727828746,0.0188679245283018,6.9277,-0.0684133915574963,-0.4036011745131295,0.0044287783790582,0.079231768770006,-12.996977819144538,225.7959,12.6212,441078.3571
2025-06-25,600601.SH,元器件,4.81,0.0062761506276149,0.0283400809716598,2.6971,0.1425178147268406,-0.1122468937875752,0.012909722311873,0.2089427496865858,-14.511608915015865,77.461,4.786,2005911.071
2025-06-25,600602.SH,软件服务,20.06,0.0193089430894308,-0.0180541624874625,3.3843,-0.0152184585174276,0.0728162284340934,0.0067248636365776,0.1747274252166619,-14.824764335714088,148.7019,5.7232,2743552.9507
2025-06-25,600603.SH,区域地产,7.61,0.0013157894736843,0.0496644295302013,0.3457,0.0643356643356642,0.0284572950351911,0.0561810377761297,0.7910140800506249,-13.719135643821463,17.7996,1.2642,908123.4839
2025-06-25,600604.SH,园区开发,5.32,0.0991735537190083,-0.0766355140186915,3.7324,0.1928251121076234,0.5312264860797591,0.0054486886096254,0.6405739542630197,-13.812102914235716,183.5304,1.5611,996598.1557
2025-06-25,600605.SH,房产服务,36.0,0.0053057805082379,0.0146231721034868,1.1731,-0.0415335463258786,-0.2017266954718704,0.0125677559140717,0.1836075205640423,-13.517935368814564,79.5687,5.4464,742616.7444
2025-06-25,600651.SH,电器仪表,4.29,0.0046838407494145,0.0229885057471266,0.838,0.0751879699248119,-0.2469246675969806,0.0027231380135361,0.2285975540061721,-13.88831019170214,367.2234,4.3745,1075515.0184
2025-06-25,600653.SH,汽车服务,1.88,0.0053475935828875,0.0160427807486629,1.0339,-0.0105263157894737,-0.2132994808010496,0.0147230953835734,0.2210726444709732,-12.810168641743648,67.9205,4.5234,365919.4996
2025-06-25,600654.SH,仓储物流,2.92,0.0068965517241379,-0.0067796610169491,1.44,-0.0135135135135134,-0.0751043055429713,0.0010500604782332,0.1988269211651257,-13.641120750513428,952.3261,5.0295,839969.4075
2025-06-26,000001.SZ,银行,12.41,0.029021558872305,0.0122950819672131,1.1206,0.0763226366001734,0.2891075238004268,0.1813401033638589,1.781895937277263,-16.99700614548598,5.5145,0.5612,24082744.4837
2025-06-26,000007.SZ,其他商业,7.69,-0.0115681233933161,-0.0247718383311602,1.5988,-0.0025940337224383,-0.1405178281943263,0.021602564656476,0.0679481691365826,-12.49282383159163,46.2908,14.7171,266418.5458
2025-06-26,000009.SZ,电气设备,8.92,0.0045045045045044,0.0249999999999999,1.9132,0.1136079900124844,1.1241657509549563,0.0117544725768154,0.4392322220758115,-14.648706099355955,85.074,2.2767,2300658.8568
2025-06-26,000017.SZ,服饰,6.36,-0.0062499999999999,0.0109034267912773,4.4689,-0.0953058321479374,-0.4300848523660316,0.0044566338331596,0.0797295573414976,-12.990708206203664,224.3846,12.5424,438321.6174
2025-06-26,600601.SH,元器件,4.94,0.0270270270270271,0.0607210626185958,5.8972,0.1761904761904762,-0.0755382276204393,0.01256999918295,0.203442242747284,-14.538277162132134,79.5545,4.9154,2060124.8838
2025-06-26,600602.SH,软件服务,19.94,-0.0059820538384843,-0.0175614651279478,2.894,-0.0099304865938431,0.1488979668981989,0.0067653368495044,0.1757778168395148,-14.818764317735926,147.8123,5.689,2727140.8693
2025-06-26,600603.SH,区域地产,7.45,-0.0210249671484888,-0.0091145833333332,0.4729,0.0642857142857142,-0.2104071544470021,0.0573878211565941,0.8079502302658156,-13.697886504357074,17.4253,1.2377,889030.2175
2025-06-26,600604.SH,园区开发,5.35,0.0056390977443607,-0.0351562499999998,10.9805,0.2242562929061784,0.9901722298688712,0.0054181365619647,0.6369832473405949,-13.81772617177826,184.5653,1.5699,1002218.0701
2025-06-26,600605.SH,房产服务,35.56,-0.0122222222222221,0.0027314941272875,0.6479,-0.0617414248021107,-0.2070430583967599,0.0127232614299419,0.1858805160043124,-13.50563784097144,78.5962,5.3798,733540.3175
2025-06-26,600651.SH,电器仪表,4.35,0.0139860139860139,0.0022522522522521,1.3399,0.10126582278481,-0.2009015235219283,0.0026855774286885,0.2254435602047027,-13.902199303872424,372.3594,4.4357,1090557.1865
2025-06-26,600653.SH,汽车服务,1.87,-0.0053191489361701,0.0105820105820106,1.1352,-0.0105820105820104,-0.2680144857281358,0.0148018111496122,0.2222518558029959,-12.804835295815051,67.5593,4.4994,363973.1193
2025-06-26,600654.SH,仓储物流,2.95,0.0102739726027398,0.0,2.0871,0.0102739726027398,0.0413544904302307,0.001039381867131,0.196803904589467,-13.651342304608775,962.1103,5.0812,848599.2302
2025-06-27,000001.SZ,银行,12.2,-0.0169218372280419,0.0439105219552609,1.2252,0.0645724258289701,0.381763557157879,0.184464407592555,1.8125793003443904,-16.979939498011113,5.4211,0.5517,23675220.2016
2025-06-27,000007.SZ,其他商业,7.67,-0.0026007802340702,-0.0341655716162944,1.1233,-0.020434227330779,-0.2171140856091378,0.0216588983417947,0.0681254598468539,-12.49021966340773,46.1704,14.6788,265725.6497
2025-06-27,000009.SZ,电气设备,8.8,-0.0134529147982062,0.0067567567567565,1.3493,0.0864197530864199,1.2077292694434143,0.0119147617941248,0.4452359750667854,-14.635161874239506,83.9295,2.246,2269708.2892
2025-06-27,000017.SZ,服饰,6.42,0.0094339622641508,-0.0442073170731707,4.3308,-0.0722543352601156,-0.4011061772699181,0.0044149817992375,0.0789845743126367,-13.000097946557768,226.5015,12.6607,442456.727
2025-06-27,600601.SH,元器件,5.27,0.0668016194331981,0.0486891385767789,9.6628,0.2255813953488372,0.1996827713767039,0.0117828792408055,0.1907050365200145,-14.6029421934526,84.8689,5.2437,2197744.5622
2025-06-27,600602.SH,软件服务,19.93,-0.0005015045135406,-0.0089241447694597,2.0854,-0.0273304050756465,0.1737867017746572,0.0067687300914726,0.1758674662774133,-14.818262687410432,147.7382,5.6861,2725773.1958
2025-06-27,600603.SH,区域地产,7.68,0.0308724832214764,-0.0284605433376455,0.6361,0.1034482758620689,-0.1589472410229675,0.0556690585805503,0.7837604827964574,-13.72829201915448,17.9633,1.2759,916476.788
2025-06-27,600604.SH,园区开发,5.12,-0.0429906542056074,-0.0406976744186046,6.6906,0.1636363636363635,0.9902857788320344,0.0056615299605334,0.6656017039403621,-13.77378404991163,176.6307,1.5024,959132.0596
2025-06-27,600605.SH,房产服务,36.61,0.029527559055118,-0.0273531777956556,0.998,-0.0634433358915325,-0.1248349061743998,0.0123583577719858,0.1805477819704984,-13.534737857531647,80.9169,5.5387,755199.9726
2025-06-27,600651.SH,电器仪表,4.44,0.020689655172414,0.0022222222222221,2.7484,0.0962962962962965,0.0268123937853881,0.0026311399624378,0.2208724461623412,-13.922677835274824,380.0634,4.5275,1113120.4387
2025-06-27,600653.SH,汽车服务,1.89,0.0106951871657752,0.0053191489361701,1.3598,-0.0257731958762886,-0.1648795831526652,0.0146451909586449,0.2199010445299615,-12.815473693927071,68.2818,4.5475,367865.8799
2025-06-27,600654.SH,仓储物流,2.95,0.0,-0.0168350168350168,1.4369,-0.0296052631578946,0.1549759632334943,0.001039381867131,0.196803904589467,-13.651342304608775,962.1103,5.0812,848599.2302
2025-06-30,000001.SZ,银行,12.07,-0.0106557377049179,0.0390243902439022,0.7755,0.0441176470588235,0.3796902301063167,0.1864488943580564,1.832172957127153,-16.96922658138025,5.3634,0.5458,23422943.265
2025-06-30,000007.SZ,其他商业,7.61,-0.0078226857887874,-0.0423841059602648,2.1513,-0.0318066157760814,-0.1382960073629311,0.0218296761349248,0.068662455369404,-12.482366220143485,45.8092,14.564,263646.9615
2025-06-30,000009.SZ,电气设备,8.88,0.009090909090909,-0.0262869660460022,1.1086,0.1072319201995013,0.7830412042466102,0.0118074209640759,0.4412089124200308,-14.64421170975069,84.6925,2.2665,2290342.0009
2025-06-30,000017.SZ,服饰,6.56,0.0218068535825544,-0.0214395099540583,5.3805,-0.0238095238095238,-0.376884131276971,0.0043207612144277,0.0772988683445674,-13.021670431674083,231.4407,12.9368,452105.316
2025-06-30,600601.SH,元器件,5.34,0.0132827324478179,0.0528301886792452,5.8539,0.2684085510688836,0.3086198043918808,0.0116284207906861,0.1882034102457936,-14.616137483912588,85.9962,5.3134,2226936.6153
2025-06-30,600602.SH,软件服务,20.17,0.0120421475163072,-0.0199800199800198,2.077,0.0054835493519442,0.2081036660561201,0.0066881892597043,0.1737740242588538,-14.830232905144667,149.5173,5.7546,2758597.3587
2025-06-30,600603.SH,区域地产,7.73,0.0065104166666667,-0.0369897959183673,0.7348,0.1334310850439883,-0.075177456559881,0.0553091226866959,0.778694907335306,-13.73478133453438,18.0802,1.2842,922443.4337
2025-06-30,600604.SH,园区开发,5.16,0.0078125,-0.0059760956175297,3.376,0.1595505617977528,0.9791691081682876,0.005617639838504,0.6604583581005218,-13.781566190440971,178.0107,1.5141,966625.2789
2025-06-30,600605.SH,房产服务,37.29,0.0185741600655557,0.0091991341991342,1.484,-0.0408950617283951,-0.0128535179630338,0.0121329921535939,0.1772578215013737,-13.553141624495884,82.4199,5.6415,769227.1777
2025-06-30,600651.SH,电器仪表,4.5,0.0135135135135133,-0.011111111111111,1.7212,0.1392405063291137,0.14593232513742,0.0025960580416272,0.217931395196792,-13.93610085561535,385.1994,4.5886,1128162.6068
2025-06-30,600653.SH,汽车服务,1.88,-0.0052910052910053,0.0159574468085106,1.0846,0.0,-0.0910072954941384,0.0147230953835734,0.2210726444709732,-12.810168641743648,67.9205,4.5234,365919.4996
2025-06-30,600654.SH,仓储物流,2.97,0.0067796610169492,-0.010135135135135,1.3522,0.0067796610169492,0.21708020008613,0.0010323826431287,0.1954804910469935,-13.658099087048246,968.6331,5.1156,854352.4453
2025-07-01,000001.SZ,银行,12.3,0.0190555095277547,0.0300324675324674,0.6979,0.0414902624894157,0.4324851432898149,0.1829625292740046,1.7979144192736425,-16.988102808646907,5.4656,0.5562,23869279.3835
2025-07-01,000007.SZ,其他商业,7.55,-0.0078843626806833,-0.0357615894039734,1.664,-0.0644361833952912,-0.0860027354380227,0.022003120042422,0.0692084628108325,-12.474450611393674,45.4481,14.4491,261568.2732
2025-07-01,000009.SZ,电气设备,9.13,0.0281531531531531,-0.0251916757940854,1.7413,0.1513240857503153,0.4397080973291754,0.0114841019834192,0.4291292966570828,-14.671975847343113,87.0769,2.3303,2354822.35
2025-07-01,000017.SZ,服饰,6.53,-0.0045731707317072,-0.0123456790123457,4.2402,-0.0604316546762589,-0.3652871164284644,0.004340611236193,0.0776542212834689,-13.017086772003717,230.3823,12.8776,450037.7612
2025-07-01,600601.SH,元器件,5.3,-0.0074906367041198,0.1377952755905511,4.0815,0.2559241706161137,0.3419935571932975,0.0117161870840753,0.1896237864077669,-14.608618651475176,85.352,5.2736,2210255.4421
2025-07-01,600602.SH,软件服务,20.02,-0.0074367873078831,0.0240040858018386,1.7701,-0.0024912805181863,0.037746512388828,0.0067382992802148,0.175076158128786,-14.822768327074655,148.4054,5.7118,2738082.2569
2025-07-01,600603.SH,区域地产,7.84,0.0142302716688227,-0.0153452685421995,0.658,0.1199999999999998,-0.0172562553925798,0.05453306066803,0.7678132678132679,-13.7489113063394,18.3375,1.3024,935570.0544
2025-07-01,600604.SH,园区开发,5.02,-0.0271317829457365,0.0202429149797569,2.8506,0.1280898876404492,0.96142474310966,0.0057743088296688,0.6786102062975027,-13.754059544605388,173.1809,1.4736,940399.0116
2025-07-01,600605.SH,房产服务,36.96,-0.0088495575221237,0.0218957871396896,1.3665,-0.0412451361867702,0.0204237741910808,0.0122413254907241,0.1788396881035839,-13.544252677152922,81.6905,5.5916,762419.8576
2025-07-01,600651.SH,电器仪表,4.5,0.0,-0.0022471910112359,1.1485,0.0344827586206897,0.2550459010983261,0.0025960580416272,0.217931395196792,-13.93610085561535,385.1994,4.5886,1128162.6068
2025-07-01,600653.SH,汽车服务,1.88,0.0,0.0157894736842105,1.3777,-0.0052910052910053,-0.1034057024845954,0.0147230953835734,0.2210726444709732,-12.810168641743648,67.9205,4.5234,365919.4996
2025-07-01,600654.SH,仓储物流,2.96,-0.0033670033670034,0.0204778156996587,1.0227,0.0136986301369863,0.2328276974247842,0.0010358704320833,0.196139965479366,-13.654726402639994,965.3717,5.0984,851475.8378
2025-07-02,000001.SZ,银行,12.32,0.0016260162601626,0.0396761133603238,0.6186,0.0405405405405405,0.3559228818479025,0.1826650835692757,1.795009872554299,-16.98972750437408,5.4745,0.5571,23908091.2199
2025-07-02,000007.SZ,其他商业,7.55,0.0,-0.0374331550802139,0.9605,-0.0958083832335329,-0.1047978365858173,0.022003120042422,0.0692084628108325,-12.474450611393674,45.4481,14.4491,261568.2732
2025-07-02,000009.SZ,电气设备,9.13,0.0,-0.0277161862527716,1.0824,0.1441102756892232,0.1866879435256085,0.0114841019834192,0.4291292966570828,-14.671975847343113,87.0769,2.3303,2354822.35
2025-07-02,000017.SZ,服饰,6.48,-0.0076569678407349,-0.0184899845916794,2.9373,-0.1098901098901098,-0.4009119125057677,0.0043741030354962,0.0782533844588778,-13.009400339224266,228.6183,12.779,446591.8366
2025-07-02,600601.SH,元器件,5.08,-0.0415094339622641,0.0178890876565296,3.7548,0.1841491841491842,0.3512887973149958,0.0122235790394956,0.1978356776861139,-14.566223092513903,81.8091,5.0547,2118508.9898
2025-07-02,600602.SH,软件服务,19.58,-0.021978021978022,0.0194075587334014,1.8004,-0.0302129767211492,-0.0915451870120598,0.0068897237703048,0.1790093621896425,-14.800545190297331,145.1437,5.5863,2677904.6249
2025-07-02,600603.SH,区域地产,7.82,-0.0025510204081632,0.0223390275952692,0.6054,0.0727023319615911,0.0647021030539256,0.0546725931757669,0.7697636825494574,-13.74635702653649,18.2907,1.2991,933183.3961
2025-07-02,600604.SH,园区开发,4.94,-0.0159362549800795,0.0161943319838056,1.7427,0.0953436807095344,0.7942834349774841,0.0058678180107979,0.6895600606812854,-13.737994942136025,170.4211,1.4502,925412.5732
2025-07-02,600605.SH,房产服务,36.08,-0.0238095238095238,-0.0051757014437482,1.2572,-0.0861195542046605,0.0808536218815751,0.0125398925331209,0.1832005129614363,-13.52015512550988,79.7455,5.4585,744267.0038
2025-07-02,600651.SH,电器仪表,4.45,-0.011111111111111,-0.0089887640449438,0.684,0.0446009389671362,0.340172738831163,0.0026252272790516,0.2203759613901315,-13.924927554995316,380.9194,4.5377,1115627.4667
2025-07-02,600653.SH,汽车服务,1.9,0.0106382978723404,0.0157068062827225,1.7775,-0.0052356020942407,-0.0113111709741113,0.014568106626886,0.2187417971826056,-12.820750750982132,68.6431,4.5716,369812.2602
2025-07-02,600654.SH,仓储物流,2.93,-0.010135135135135,0.0169491525423728,1.0441,-0.0067796610169491,0.1618479456811401,0.0010464766439494,0.1981492856718251,-13.644539557309752,955.5875,5.0467,842846.0151
2025-07-03,000001.SZ,银行,12.35,0.0024350649350648,0.046031746031746,0.4092,0.0582690659811482,0.1555176557230899,0.1822223841976748,1.7905102954341987,-16.99215960934295,5.4878,0.5585,23966308.9745
2025-07-03,000007.SZ,其他商业,7.48,-0.0092715231788078,-0.0285714285714285,1.8703,-0.0922330097087378,-0.0635469242011059,0.0222090448556078,0.0698558175924891,-12.465135840149284,45.0267,14.3152,259143.1369
2025-07-03,000009.SZ,电气设备,9.02,-0.0120481927710844,-0.0134228187919461,0.8608,0.1289111389236545,-0.0069036878951027,0.011624162914968,0.4343671270958213,-14.659854486816982,86.0277,2.3022,2326450.9964
2025-07-03,000017.SZ,服饰,6.49,0.0015432098765431,0.0143540669856461,3.502,-0.0923076923076923,-0.3821816856930979,0.0043673633921486,0.0781329353762491,-13.010942359502248,228.9711,12.7987,447281.0215
2025-07-03,600601.SH,元器件,5.59,0.1003937007874016,-0.0035714285714284,10.1912,0.1843220338983051,0.4599494478543628,0.011108371046253,0.1797882094892217,-14.661891118074475,90.0222,5.5621,2331193.9474
2025-07-03,600602.SH,软件服务,19.58,0.0,0.0075037518759379,1.1152,-0.0627094303494496,-0.1869143205026591,0.0068897237703048,0.1790093621896425,-14.800545190297331,145.1437,5.5863,2677904.6249
2025-07-03,600603.SH,区域地产,7.61,-0.026854219948849,0.0412782956058588,1.2947,0.0283783783783784,0.2567370895773027,0.0561810377761297,0.7910140800506249,-13.719135643821463,17.7996,1.2642,908123.4839
2025-07-03,600604.SH,园区开发,4.94,0.0,0.0424242424242424,1.3462,0.0715835140997831,0.1303742937853109,0.0058678180107979,0.6895600606812854,-13.737994942136025,170.4211,1.4502,925412.5732
2025-07-03,600605.SH,房产服务,36.71,0.0174611973392462,0.0035842293906809,1.3126,-0.0536220675431812,0.1820345772232328,0.0123246814069856,0.1800568979797616,-13.53746562792134,81.138,5.5538,757262.7969
2025-07-03,600651.SH,电器仪表,4.45,0.0,-0.0266075388026607,0.7001,0.0520094562647752,0.2698832981202566,0.0026252272790516,0.2203759613901315,-13.924927554995316,380.9194,4.5377,1115627.4667
2025-07-03,600653.SH,汽车服务,1.91,0.0052631578947368,0.0370370370370369,1.348,0.0105820105820106,0.0267945553699953,0.0144918295065242,0.217599442945426,-12.82600010682297,69.0044,4.5956,371758.6405
2025-07-03,600654.SH,仓储物流,2.95,0.006825938566553,0.0342465753424658,1.0302,-0.0067340067340067,-0.0083603940546437,0.001039381867131,0.196803904589467,-13.651342304608775,962.1103,5.0812,848599.2302
2025-07-04,000001.SZ,银行,12.6,0.0202429149797571,0.0101721439749609,0.9149,0.0769230769230768,0.0149745966663696,0.1786065119934272,1.7550017550017551,-17.012200360228462,5.5989,0.5698,24451456.9295
2025-07-04,000007.SZ,其他商业,7.35,-0.017379679144385,-0.0138312586445367,1.8442,-0.11231884057971,0.0153371481873465,0.0226018836409826,0.0710913950975374,-12.447603361276864,44.2441,14.0664,254639.3123
2025-07-04,000009.SZ,电气设备,8.94,-0.0088691796008869,-0.002249718785152,0.858,0.1050679851668725,-0.0926482689412945,0.0117281691858774,0.4382505039880796,-14.65094574193643,85.2648,2.2818,2305817.2847
2025-07-04,000017.SZ,服饰,6.27,-0.0338983050847458,-0.0015649452269169,5.3583,-0.1181434599156119,-0.3383205229598141,0.0045206035548218,0.0808740871337414,-12.976456183489912,221.2094,12.3649,432118.953
2025-07-04,600601.SH,元器件,5.6,0.0017889087656528,-0.014336917562724,10.8605,0.204301075268817,0.421020878538809,0.0110885274768166,0.1794655515873728,-14.663678428654164,90.1833,5.5721,2335364.2407
2025-07-04,600602.SH,软件服务,19.99,0.0209397344228805,0.0846075433231396,4.9995,-0.0439980870396939,0.0542912203648098,0.0067484124359744,0.175337085546964,-14.821268701687083,148.183,5.7033,2733979.2365
2025-07-04,600603.SH,区域地产,7.51,-0.0131406044678056,0.0370860927152318,0.5048,0.0080536912751676,0.2154487482097282,0.0569291289273982,0.8015389547932029,-13.70590793773491,17.5657,1.2476,896190.1924
2025-07-04,600604.SH,园区开发,4.95,0.0020242914979755,0.1382765531062122,1.9609,0.0855263157894739,-0.2094517501196191,0.0058559632151814,0.6881838827334663,-13.740017187512423,170.7661,1.4531,927285.878
2025-07-04,600605.SH,房产服务,36.27,-0.0119858349223643,-0.0316353887399464,1.2436,-0.0379310344827585,0.258324914791771,0.0124741940111394,0.1822423093745444,-13.525407383675986,80.1655,5.4872,748186.37
2025-07-04,600651.SH,电器仪表,4.51,0.0134831460674156,0.0022471910112358,1.0981,0.0537383177570092,-0.0166693461335294,0.0025903018064246,0.2174480299208489,-13.9383206123403,386.0554,4.5988,1130669.6348
2025-07-04,600653.SH,汽车服务,1.89,-0.0104712041884816,0.0418848167539267,1.7883,-0.0052631578947368,0.0609162792202888,0.0146451909586449,0.2199010445299615,-12.815473693927071,68.2818,4.5475,367865.8799
2025-07-04,600654.SH,仓储物流,2.92,-0.0101694915254237,0.0273037542662115,1.0632,-0.0168350168350168,-0.0779588440195871,0.0010500604782332,0.1988269211651257,-13.641120750513428,952.3261,5.0295,839969.4075
2025-07-07,000001.SZ,银行,12.78,0.0142857142857142,0.0228526398739166,0.7706,0.0913748932536293,-0.0137406125089445,0.1760904400500097,1.7304031839418583,-17.02638499521783,5.6789,0.5779,24800763.457
2025-07-07,000007.SZ,其他商业,7.23,-0.0163265306122447,-0.0206043956043956,2.5604,-0.1372315035799522,0.048860760239604,0.0229769908413714,0.0722715676425737,-12.431142084331968,43.5218,13.8367,250481.9358
2025-07-07,000009.SZ,电气设备,8.89,-0.0055928411633108,-0.0022471910112359,0.6979,0.0788834951456312,-0.1469002201773626,0.0117941357198373,0.4407227853680035,-14.6453372022877,84.7879,2.269,2292921.2149
2025-07-07,000017.SZ,服饰,6.39,0.0191387559808613,-0.0015625000000001,3.8833,-0.0961810466760962,-0.368215410157628,0.0044357110222983,0.079355632266,-12.995414097243218,225.443,12.6015,440389.1722
2025-07-07,600601.SH,元器件,5.58,-0.0035714285714284,-0.0588235294117647,5.9062,0.1625000000000001,0.4083313854239716,0.0111282733816152,0.1801087857065667,-14.660100607295076,89.8612,5.5522,2327023.6541
2025-07-07,600602.SH,软件服务,19.62,-0.0185092546273135,0.0812967581047381,2.2157,-0.0625895843287147,0.07534285256041,0.0068756781137539,0.1786448005430802,-14.802586007324724,145.4402,5.5977,2683375.3187
2025-07-07,600603.SH,区域地产,7.55,0.0053262316910784,0.0025974025974024,0.5802,0.0066666666666665,0.1574215275130257,0.0566277068043852,0.7972574344255761,-13.711220035215366,17.6592,1.2543,900963.509
2025-07-07,600604.SH,园区开发,4.99,0.0080808080808081,0.2400793650793651,1.4465,0.0919037199124725,-0.3462952018939248,0.0058090225738617,0.6826870562534134,-13.748065520677963,172.146,1.4648,934779.0972
2025-07-07,600605.SH,房产服务,37.3,0.0283981251723186,0.0420395985896393,1.7047,-0.0137493389740879,0.2819887342302503,0.0121297396957861,0.177210703526493,-13.553409757047213,82.442,5.643,769433.4602
2025-07-07,600651.SH,电器仪表,4.45,-0.0133037694013302,-0.0067567567567567,0.5759,0.0372960372960373,-0.204906723117924,0.0026252272790516,0.2203759613901315,-13.924927554995316,380.9194,4.5377,1115627.4667
2025-07-07,600653.SH,汽车服务,1.91,0.0105820105820106,0.0103626943005181,1.6394,-0.0052083333333333,0.1398123762678613,0.0144918295065242,0.217599442945426,-12.82600010682297,69.0044,4.5956,371758.6405
2025-07-07,600654.SH,仓储物流,2.93,0.0034246575342467,0.0,0.6998,-0.0233333333333333,-0.1716626826368739,0.0010464766439494,0.1981492856718251,-13.644539557309752,955.5875,5.0467,842846.0151
2025-07-08,000001.SZ,银行,12.69,-0.0070422535211267,-0.0085669781931463,0.5622,0.0745131244707872,-0.0409334465493513,0.1773395520402915,1.7424638438752398,-17.01931782799805,5.6389,0.5739,24626110.1933
2025-07-08,000007.SZ,其他商业,7.28,0.0069156293222683,-0.0305555555555555,2.0112,-0.1001236093943139,0.1281810389792612,0.0228191717553419,0.0717751428325342,-12.438033910290924,43.8228,13.9324,252214.176
2025-07-08,000009.SZ,电气设备,8.9,0.0011248593925758,-0.0057012542759405,0.9407,0.1014851485148515,-0.2853268086955821,0.0117808803380641,0.4402183483007572,-14.64646142951522,84.8833,2.2716,2295500.4289
2025-07-08,000017.SZ,服饰,6.4,0.001564945226917,-0.0015698587127158,2.78,-0.069767441860465,-0.3877910731621983,0.0044287783790582,0.079231768770006,-12.996977819144538,225.7959,12.6212,441078.3571
2025-07-08,600601.SH,元器件,5.78,0.0358422939068101,-0.0386643233743411,8.7887,0.2066805845511483,0.525758820842672,0.0107432156593111,0.1738767561552371,-14.69531551361172,93.082,5.7512,2410429.5199
2025-07-08,600602.SH,软件服务,20.05,0.0219164118246686,0.1392785571142283,2.6098,-0.0161923454367025,0.1534913197981031,0.0067282209170968,0.1748129501433466,-14.824265706952929,148.6277,5.7204,2742185.2773
2025-07-08,600603.SH,区域地产,7.7,0.0198675496688742,-0.0089974293059126,0.861,0.0335570469798658,0.1794506160061946,0.0555244001976668,0.7817385866166354,-13.730892800852269,18.0101,1.2792,918863.4463
2025-07-08,600604.SH,园区开发,5.04,0.0100200400801602,0.3585657370517929,1.4581,0.1175166297117518,-0.4488922452839665,0.0057513937064799,0.6759040216289287,-13.75803569297659,173.8709,1.4795,944145.6212
2025-07-08,600605.SH,房产服务,36.87,-0.0115281501340482,0.0345016429353777,1.3609,-0.0196756181866525,0.2507272727272724,0.0122712034123762,0.1792757260666905,-13.541814642574266,81.4916,5.578,760563.3157
2025-07-08,600651.SH,电器仪表,4.44,-0.0022471910112359,-0.0181405895691609,0.547,0.0447058823529413,-0.3086559436201068,0.0026311399624378,0.2208724461623412,-13.922677835274824,380.0634,4.5275,1113120.4387
2025-07-08,600653.SH,汽车服务,1.93,0.0104712041884815,-0.0154639175257732,1.3046,0.0157894736842105,0.1449845544092791,0.0143416672761875,0.215340884620354,-12.836416867858231,69.7269,4.6438,375651.4012
2025-07-08,600654.SH,仓储物流,2.99,0.0204778156996587,-0.0166666666666666,1.4997,0.0239726027397262,-0.0817314103087996,0.0010254770544894,0.1941709869711267,-13.664810521613136,975.1559,5.1501,860105.6604
2025-07-09,000001.SZ,银行,12.84,0.0118203309692672,-0.0409711684370257,0.6215,0.0835443037974683,-0.0441007099849837,0.1752694768206117,1.722356183258698,-17.031068844530743,5.7055,0.5806,24917198.9662
2025-07-09,000007.SZ,其他商业,7.2,-0.0109890109890109,-0.0042016806722687,1.5579,-0.1272727272727272,0.2078194160283919,0.0230727344882006,0.0725726270565268,-12.426984074311392,43.3412,13.7793,249442.5917
2025-07-09,000009.SZ,电气设备,8.77,-0.0146067415730337,-0.0124716553287981,0.8325,0.0643203883495144,-0.3139914697142109,0.0119555159163783,0.44674767691208,-14.631746959137226,83.6434,2.2384,2261970.6473
2025-07-09,000017.SZ,服饰,6.37,-0.0046875,0.0062893081761006,3.1376,-0.1028169014084506,-0.3139617813788995,0.0044496376660048,0.0796045247211851,-12.992279298360494,224.7374,12.5621,439010.8023
2025-07-09,600601.SH,元器件,5.69,-0.0155709342560553,-0.0394265232974909,5.4534,0.1448692152917505,0.6257788546151202,0.0109131466312207,0.1766285149074466,-14.6796220790586,91.6326,5.6616,2372896.8803
2025-07-09,600602.SH,软件服务,19.96,-0.0044887780548628,0.1057596822244288,1.8625,-0.016264169541646,0.1512417075248802,0.0067585559939605,0.1756018754280295,-14.819766824081878,147.9606,5.6947,2729876.2162
2025-07-09,600603.SH,区域地产,7.78,0.0103896103896103,0.0051150895140665,1.0859,0.0209973753280841,0.2681840165315905,0.0549535093311058,0.7736943907156674,-13.74122881017398,18.1972,1.2925,928410.0795
2025-07-09,600604.SH,园区开发,5.02,-0.003968253968254,0.3972868217054264,1.5895,0.1081677704194259,-0.4670892863852011,0.0057743088296688,0.6786102062975027,-13.754059544605388,173.1809,1.4736,940399.0116
2025-07-09,600605.SH,房产服务,36.52,-0.009492812584757,0.0450549450549451,0.7026,-0.0156334231805929,0.1602221600524671,0.0123888104264228,0.1809954751131221,-13.532276486074602,80.718,5.525,753343.4307
2025-07-09,600651.SH,电器仪表,4.41,-0.0067567567567567,0.0091116173120728,0.5572,0.0376470588235293,-0.3259598381900541,0.0026490389021958,0.2223754141742089,-13.915898148239943,377.4954,4.4969,1105599.3546
2025-07-09,600653.SH,汽车服务,1.94,0.005181347150259,-0.010204081632653,2.3356,0.005181347150259,0.2250842473779595,0.0142677369371734,0.2142336861048031,-12.841584837971393,70.0882,4.6678,377597.7815
2025-07-09,600654.SH,仓储物流,3.0,0.0033444816053511,-0.009933774834437,1.3313,0.0135135135135135,-0.0203534196706176,0.0010220587882082,0.1935246647185183,-13.668149422925158,978.4173,5.1673,862982.268
2025-07-10,000001.SZ,银行,13.18,0.0264797507788161,-0.0247869868319132,1.2787,0.1284246575342464,0.1576288688565765,0.1707475326981525,1.6778523489932886,-17.057204075345982,5.8566,0.596,25577000.185
2025-07-10,000007.SZ,其他商业,7.14,-0.0083333333333334,-0.0028050490883589,1.6877,-0.1271393643031785,0.1751669444005206,0.0232666356444858,0.0731823337846244,-12.418615824496014,42.98,13.6645,247363.9034
2025-07-10,000009.SZ,电气设备,8.82,0.0057012542759407,-0.0090191657271702,0.5795,0.0782396088019561,-0.3587886443611429,0.0118877369671767,0.4442075337597725,-14.637432022760857,84.1203,2.2512,2274866.7171
2025-07-10,000017.SZ,服饰,6.36,-0.0015698587127158,0.0015673981191222,2.2128,-0.0991501416430593,-0.328189956880716,0.0044566338331596,0.0797295573414976,-12.990708206203664,224.3846,12.5424,438321.6174
2025-07-10,600601.SH,元器件,5.58,-0.0193321616871705,-0.0036363636363635,4.8082,0.1387755102040815,0.4046033829776596,0.0111282733816152,0.1801087857065667,-14.660100607295076,89.8612,5.5522,2327023.6541
2025-07-10,600602.SH,软件服务,20.14,0.0090180360721443,0.0488721804511278,3.0859,-0.0024764735017335,0.2782107437569623,0.00669815244861,0.1740310819512364,-14.82874444049254,149.2949,5.7461,2754494.3384
2025-07-10,600603.SH,区域地产,7.82,0.0051413881748072,-0.0063856960408684,0.8558,0.0426666666666666,0.1188189333275775,0.0546725931757669,0.7697636825494574,-13.74635702653649,18.2907,1.2991,933183.3961
2025-07-10,600604.SH,园区开发,5.16,0.0278884462151396,0.2323943661971832,3.148,0.1241830065359477,-0.3613073147372201,0.005617639838504,0.6601967386281112,-13.781566190440971,178.0107,1.5147,966625.2789
2025-07-10,600605.SH,房产服务,36.4,-0.0032858707557503,0.0622923588039867,0.8097,-0.0135501355013549,0.066155092921144,0.0124296481912375,0.1815903684468575,-13.52898520505442,80.4528,5.5069,750868.0416
2025-07-10,600651.SH,电器仪表,4.39,-0.0045351473922903,-0.0044843049327353,0.5535,0.0353773584905658,-0.3506344163564425,0.002661107435826,0.2233888082207081,-13.911352685895467,375.7834,4.4765,1100585.2986
2025-07-10,600653.SH,汽车服务,1.96,0.0103092783505154,-0.0251256281407035,2.0841,0.0103092783505154,0.2849646360939992,0.0141221395606319,0.2120486015394728,-12.851841338049404,70.8108,4.7159,381490.5421
2025-07-10,600654.SH,仓储物流,3.02,0.0066666666666665,-0.006644518272425,1.4206,0.0272108843537415,0.0229346485819976,0.0010152902714886,0.1922448430320856,-13.674793965620804,984.94,5.2017,868735.4831
2025-07-11,000001.SZ,银行,12.91,-0.0204855842185128,-0.0215716486902928,1.2593,0.1148531951640761,0.1957783219761502,0.1743192831991074,1.7129153819801302,-17.036505751128043,5.7366,0.5838,25053040.3936
2025-07-11,000007.SZ,其他商业,7.13,-0.0014005602240896,-0.0042075736325386,1.6161,-0.102015113350126,0.1643785313349564,0.0232992698008844,0.0732853070287938,-12.41721428274876,42.9198,13.6453,247017.4554
2025-07-11,000009.SZ,电气设备,8.87,0.0056689342403626,-0.009009009009009,1.3335,0.0923645320197044,-0.2875697240289417,0.0118207361718073,0.4417156234816025,-14.643084949096504,84.5971,2.2639,2287762.787
2025-07-11,000017.SZ,服饰,6.38,0.0031446540880502,0.001564945226917,3.2821,-0.1014084507042253,-0.3577639008291527,0.0044426634300382,0.0794798836414503,-12.993847926285572,225.0902,12.5818,439699.9873
2025-07-11,600601.SH,元器件,5.5,-0.014336917562724,0.0110294117647058,4.4109,0.1702127659574468,0.145260514262427,0.0112901477654539,0.1827285019917406,-14.64565992318185,88.5728,5.4726,2293661.3079
2025-07-11,600602.SH,软件服务,21.28,0.0566037735849056,0.0673431734317344,8.2137,0.0824008138351983,0.3975157571696335,0.00633932103336,0.1647093703160773,-14.883804217650932,157.7456,6.0713,2910409.1122
2025-07-11,600603.SH,区域地产,7.83,0.0012787723785165,0.005181347150259,0.5943,0.0453938584779705,0.1281396701130353,0.0546027377812723,0.7687576875768758,-13.747634981927376,18.3141,1.3008,934376.7252
2025-07-11,600604.SH,园区开发,5.68,0.1007751937984495,0.0271999999999998,1.2762,0.2428884026258204,-0.403766281302805,0.0051033505027055,0.5997361161089121,-13.877580843669634,195.9497,1.6674,1064037.1287
2025-07-11,600605.SH,房产服务,36.12,-0.0076923076923077,-0.0070275897969808,1.1031,0.0047287899860917,0.046402932359564,0.0125260071222876,0.1829993595022417,-13.521263158842816,79.8339,5.4645,745092.1335
2025-07-11,600651.SH,电器仪表,4.46,0.0159453302961276,0.0113378684807254,0.6951,0.0851581508515815,-0.4220878204717107,0.0026193411099824,0.2198817036434398,-13.927172224835674,381.7754,4.5479,1118134.4947
2025-07-11,600653.SH,汽车服务,1.99,0.0153061224489796,-0.0153846153846154,2.0234,0.0585106382978724,0.3278308225475637,0.0139092504861283,0.2088511100436498,-12.86703150367115,71.8946,4.7881,387329.6831
2025-07-11,600654.SH,仓储物流,3.01,-0.0033112582781458,0.0033444816053511,1.203,0.0451388888888888,0.0683052995191724,0.0010186632347223,0.1928826309190857,-13.671477213064028,981.6787,5.1845,865858.8756
2025-07-14,000001.SZ,银行,12.98,0.0054221533694811,-0.0094265514532601,0.9651,0.1009329940627652,0.2183712330458633,0.173379336650658,1.7035775127768311,-17.041913257545996,5.7677,0.587,25188881.821
2025-07-14,000007.SZ,其他商业,7.13,0.0,0.0343839541547277,1.8038,-0.0928753180661577,0.0544756302827384,0.0232992698008844,0.0732853070287938,-12.41721428274876,42.9198,13.6453,247017.4554
2025-07-14,000009.SZ,电气设备,8.88,0.0011273957158963,0.0080275229357795,0.6564,0.0976514215080346,-0.2990096772371045,0.0118074209640759,0.4412089124200308,-14.64421170975069,84.6925,2.2665,2290342.0009
2025-07-14,000017.SZ,服饰,6.39,0.0015673981191222,0.0141509433962263,2.9443,-0.1012658227848102,-0.3610567166304694,0.0044357110222983,0.079355632266,-12.995414097243218,225.443,12.6015,440389.1722
2025-07-14,600601.SH,元器件,5.44,-0.0109090909090908,0.0018281535648996,2.9696,0.1452631578947369,0.0231310423582011,0.0114146651051404,0.1847438526483031,-14.634690891777131,87.6066,5.4129,2268639.5481
2025-07-14,600602.SH,软件服务,21.68,0.018796992481203,-0.0202286719437113,8.7178,0.0982776089159067,0.6679289231544607,0.0062223610500109,0.1616710317845248,-14.90242672974919,160.7107,6.1854,2965116.0504
2025-07-14,600603.SH,区域地产,7.72,-0.0140485312899106,-0.0012970168612191,0.715,0.0157894736842105,0.1430080402498939,0.0553807983695893,0.7797270955165693,-13.73348683602706,18.0568,1.2825,921250.1046
2025-07-14,600604.SH,园区开发,6.25,0.1003521126760564,-0.0909090909090909,1.3472,0.3185654008438818,-0.4005380135641955,0.0046379242135355,0.5450482367689541,-13.973211074658568,215.6137,1.8347,1170815.5025
2025-07-14,600605.SH,房产服务,38.42,0.0636766334440754,0.019587083112758,3.7561,0.0622062482720486,0.2513492737791802,0.0117761356610828,0.1720430107526881,-13.582994587676152,84.9175,5.8125,792537.0922
2025-07-14,600651.SH,电器仪表,4.41,-0.0112107623318384,0.0300230946882216,0.5507,0.0652173913043479,-0.4266899663339554,0.0026490389021958,0.2223754141742089,-13.915898148239943,377.4954,4.4969,1105599.3546
2025-07-14,600653.SH,汽车服务,1.95,-0.0201005025125627,0.0314136125654449,2.1858,0.0263157894736842,0.3599011578360138,0.0141945649010993,0.2131332722351286,-12.846726237426994,70.4495,4.6919,379544.1618
2025-07-14,600654.SH,仓储物流,2.99,-0.006644518272425,0.0271186440677964,1.1973,0.0346020761245675,0.1389654641028714,0.0010254770544894,0.1941709869711267,-13.664810521613136,975.1559,5.1501,860105.6604
2025-07-15,000001.SZ,银行,12.73,-0.0192604006163328,-0.011867088607595,0.933,0.082482993197279,0.2754405321060431,0.1767815157247158,1.7370158068438424,-17.02246495884139,5.6567,0.5757,24703733.8661
2025-07-15,000007.SZ,其他商业,6.98,-0.0210378681626928,0.0028129395218001,2.5507,-0.1197982345523328,0.0722621028260288,0.0237999471641172,0.0748598249777292,-12.39595196493386,42.0169,13.3583,241820.7347
2025-07-15,000009.SZ,电气设备,8.72,-0.018018018018018,0.0298507462686565,0.6082,0.0765432098765432,-0.3567939947550346,0.0120240721925294,0.4493170381020848,-14.626029390685126,83.1665,2.2256,2249074.5775
2025-07-15,000017.SZ,服饰,6.36,-0.004694835680751,0.00625,3.9773,-0.1016949152542372,-0.285518568749562,0.0044566338331596,0.0797295573414976,-12.990708206203664,224.3846,12.5424,438321.6174
2025-07-15,600601.SH,元器件,5.47,0.0055147058823528,0.001865671641791,5.5683,0.1763440860215053,-0.1320732845094017,0.0113520649973833,0.1837323387289396,-14.640190447360336,88.0897,5.4427,2281150.428
2025-07-15,600602.SH,软件服务,22.74,0.0488929889298892,-0.0175123484508307,9.4972,0.1625766871165643,0.8817810802949473,0.0059323134895469,0.1541330784999768,-14.950162041523267,168.5683,6.4879,3110089.4367
2025-07-15,600603.SH,区域地产,7.71,-0.0012953367875647,-0.005089058524173,0.7243,-0.0289672544080604,0.1112260300777101,0.0554526600641032,0.7807620237351656,-13.732190659512396,18.0334,1.2808,920056.7754
2025-07-15,600604.SH,园区开发,6.82,0.0911999999999999,-0.1678224687933426,16.9845,0.4090909090909091,0.335304216190126,0.0042502965644427,0.4995004995004996,-14.060489082743713,235.2777,2.002,1277593.8763
2025-07-15,600605.SH,房产服务,37.78,-0.0166579906298802,0.002365930599369,2.2833,0.0249593054801953,0.3447796328379311,0.0119756319840388,0.1749566982171912,-13.566196292480576,83.5029,5.7157,779335.0168
2025-07-15,600651.SH,电器仪表,4.33,-0.0181405895691609,0.0045146726862304,0.7758,0.0164319248826292,-0.3520775694893341,0.0026979819634509,0.2264851765451951,-13.897591000813762,370.6474,4.4153,1085543.1305
2025-07-15,600653.SH,汽车服务,1.91,-0.0205128205128205,0.0206185567010308,1.9653,0.0105820105820106,0.4103316759519957,0.0144918295065242,0.217599442945426,-12.82600010682297,69.0044,4.5956,371758.6405
2025-07-15,600654.SH,仓储物流,2.95,-0.0133779264214046,0.0167224080267558,1.2515,0.0278745644599303,0.0787813444967613,0.001039381867131,0.196803904589467,-13.651342304608775,962.1103,5.0812,848599.2302
2025-07-16,000001.SZ,银行,12.64,-0.007069913589945,-0.0047656870532168,0.9935,0.0739167374681393,0.3160433381002014,0.1780404864066088,1.7494751574527645,-17.015369934990066,5.6167,0.5716,24529080.6023
2025-07-16,000007.SZ,其他商业,7.11,0.0186246418338109,-0.0070323488045007,1.7085,-0.0954198473282442,0.0731036695040496,0.0233648135254232,0.0734910451161525,-12.414405292089308,42.7994,13.6071,246324.5593
2025-07-16,000009.SZ,电气设备,8.71,-0.0011467889908256,0.013651877133106,0.531,0.0873907615480651,-0.4039704765616525,0.0120378808033118,0.4498223201835274,-14.62488194361308,83.0711,2.2231,2246495.3635
2025-07-16,000017.SZ,服饰,6.4,0.0062893081761006,-0.0015649452269169,3.528,-0.0588235294117646,-0.2383270376107222,0.0044287783790582,0.079231768770006,-12.996977819144538,225.7959,12.6212,441078.3571
2025-07-16,600601.SH,元器件,5.36,-0.0201096892138938,-0.0346715328467154,4.6648,0.1097308488612835,-0.1595664730676173,0.0115850288988545,0.1875011718823242,-14.61987580599002,86.3183,5.3333,2235277.2018
2025-07-16,600602.SH,软件服务,22.27,-0.0206684256816181,0.014784946236559,7.2652,0.142051282051282,1.032156650404168,0.0060575112230539,0.1573861311341244,-14.929277034465436,165.0843,6.3538,3045808.7843
2025-07-16,600603.SH,区域地产,7.86,0.019455252918288,-0.019280205655527,0.6276,0.0141935483870967,0.0303132392468197,0.0543942385622514,0.765814060346148,-13.751459078416024,18.3843,1.3058,937956.7127
2025-07-16,600604.SH,园区开发,7.21,0.0571847507331377,-0.1271428571428571,14.3205,0.5243128964059196,0.7496502011490866,0.0040203914253091,0.4724781478856603,-14.116098562218962,248.732,2.1165,1350652.7637
2025-07-16,600605.SH,房产服务,38.04,0.0068819481206987,0.0078186082877249,1.2101,0.0540315876974228,0.4000106960859966,0.0118937743227684,0.1737619461337967,-13.573054668015253,84.0776,5.755,784698.3599
2025-07-16,600651.SH,电器仪表,4.43,0.0230946882217089,0.0225225225225225,0.6635,0.0278422273781902,-0.2977426979205066,0.0026370793396964,0.221371173045846,-13.920423042811285,379.2074,4.5173,1110613.4106
2025-07-16,600653.SH,汽车服务,1.94,0.0157068062827225,0.0051546391752577,2.4219,0.0374331550802138,0.3628910312442179,0.0142677369371734,0.2142336861048031,-12.841584837971393,70.0882,4.6678,377597.7815
2025-07-16,600654.SH,仓储物流,2.99,0.0135593220338983,0.0100334448160535,1.6343,0.0454545454545456,0.0890593918726909,0.0010254770544894,0.1941709869711267,-13.664810521613136,975.1559,5.1501,860105.6604
2025-07-17,000001.SZ,银行,12.59,-0.0039556962025316,-0.0275590551181101,0.4868,0.076068376068376,0.1201700411214503,0.1787501787501787,1.7565431231336728,-17.011406394327206,5.5944,0.5693,24432051.0113
2025-07-17,000007.SZ,其他商业,7.11,0.0,0.0478873239436621,1.3036,-0.0582781456953641,0.048358201987547,0.0233648135254232,0.0734910451161525,-12.414405292089308,42.7994,13.6071,246324.5593
2025-07-17,000009.SZ,电气设备,8.79,0.0091848450057403,0.0261363636363634,0.4838,0.1098484848484846,-0.4179173010464245,0.0119283203374283,0.4457321149988856,-14.634024864436991,83.8341,2.2435,2267129.0752
2025-07-17,000017.SZ,服饰,6.39,-0.0015625000000001,0.0078125,2.4985,-0.0093023255813954,-0.1772950422879329,0.0044357110222983,0.079355632266,-12.995414097243218,225.443,12.6015,440389.1722
2025-07-17,600601.SH,元器件,5.48,0.0223880597014924,-0.0072727272727273,5.2528,0.1464435146443514,-0.1519459266505028,0.0113313420388257,0.1833953821042786,-14.64201693189205,88.2508,5.4527,2285320.7213
2025-07-17,600602.SH,软件服务,22.32,0.0022451728783117,-0.0060501296456353,4.9662,0.1667537898588604,1.0440316913974828,0.0060439430926494,0.1570351758793969,-14.931519690717447,165.4549,6.368,3052647.1516
2025-07-17,600603.SH,区域地产,7.78,-0.010178117048346,-0.0012886597938144,0.6032,0.0401069518716576,-0.0088054897674136,0.0549535093311058,0.7736943907156674,-13.74122881017398,18.1972,1.2925,928410.0795
2025-07-17,600604.SH,园区开发,7.0,-0.0291262135922329,-0.0482866043613706,14.9767,0.5053763440860215,0.9966481039945132,0.0041410028018024,0.4866416857267994,-14.086539759965572,241.4874,2.0549,1311313.3628
2025-07-17,600605.SH,房产服务,38.37,0.0086750788643532,0.0353866317169069,1.1865,0.0702928870292884,0.4362815768968722,0.0117914794769299,0.1722682561284432,-13.581692334651429,84.807,5.8049,791505.6801
2025-07-17,600651.SH,电器仪表,4.44,0.0022573363431153,0.0291479820627802,0.5131,0.0546318289786225,-0.2920577297680184,0.0026311399624378,0.2208724461623412,-13.922677835274824,380.0634,4.5275,1113120.4387
2025-07-17,600653.SH,汽车服务,1.94,0.0,0.03125,1.6058,0.0659340659340659,0.298163240636472,0.0142677369371734,0.2142336861048031,-12.841584837971393,70.0882,4.6678,377597.7815
2025-07-17,600654.SH,仓储物流,2.99,0.0,0.03,0.9828,0.07168458781362,0.0220171670321249,0.0010254770544894,0.1941709869711267,-13.664810521613136,975.1559,5.1501,860105.6604
2025-07-18,000001.SZ,银行,12.7,0.0087370929308974,-0.0206185567010309,0.6396,0.072635135135135,-0.0274483226025075,0.1772012829372884,1.7412502176562772,-17.02010553973638,5.6433,0.5743,24645516.1115
2025-07-18,000007.SZ,其他商业,7.1,-0.0014064697609001,0.0083102493074793,1.2438,-0.0608465608465608,0.0246633702837626,0.0233977238694219,0.0735948895708682,-12.412997832093858,42.7392,13.5879,245978.1112
2025-07-18,000009.SZ,电气设备,8.8,0.0011376564277589,0.0307167235494882,0.5543,0.1111111111111111,-0.5451214569212185,0.0119147617941248,0.4452359750667854,-14.635161874239506,83.9295,2.246,2269708.2892
2025-07-18,000017.SZ,服饰,6.4,0.001564945226917,-0.0031007751937984,2.726,0.0062893081761006,-0.1908878676541755,0.0044287783790582,0.079231768770006,-12.996977819144538,225.7959,12.6212,441078.3571
2025-07-18,600601.SH,元器件,5.5,0.0036496350364962,0.0036496350364962,4.8451,0.182795698924731,-0.154059728017238,0.0112901477654539,0.1827285019917406,-14.64565992318185,88.5728,5.4726,2293661.3079
2025-07-18,600602.SH,软件服务,23.14,0.0367383512544803,0.0534111310592457,8.014,0.237433155080214,0.8790180937887029,0.0058297650313204,0.1514692517418963,-14.967599274966243,171.5335,6.602,3164796.3749
2025-07-18,600603.SH,区域地产,7.76,-0.0025706940874036,0.0064935064935065,0.4003,0.0500676589986468,-0.06274515789313,0.0550952045133991,0.7756748371082842,-13.738654806181026,18.1504,1.2892,926023.4212
2025-07-18,600604.SH,园区开发,6.42,-0.0828571428571428,-0.0322580645161291,10.3641,0.3264462809917356,1.2173303370271,0.0045151129861873,0.5306165764618487,-14.000047728638735,221.4784,1.8846,1202661.6842
2025-07-18,600605.SH,房产服务,38.15,-0.0057336460776648,0.0306334371754932,1.1247,0.0737405009850828,0.4203454038997216,0.0118594840887231,0.1732621803312772,-13.575942188044444,84.3207,5.7716,786967.4666
2025-07-18,600651.SH,电器仪表,4.46,0.0045045045045044,0.1322869955156951,0.6651,0.0721153846153845,-0.2889716773643341,0.0026193411099824,0.2198817036434398,-13.927172224835674,381.7754,4.5479,1118134.4947
2025-07-18,600653.SH,汽车服务,1.92,-0.0103092783505154,0.0,1.212,0.0549450549450549,0.1799080906026882,0.0144163469841722,0.216464272571812,-12.83122205102688,69.3657,4.6197,373705.0209
2025-07-18,600654.SH,仓储物流,3.0,0.0033444816053511,0.0165016501650165,1.2942,0.0830324909747293,0.0180965415676201,0.0010220587882082,0.1935246647185183,-13.668149422925158,978.4173,5.1673,862982.268
2025-07-21,000001.SZ,银行,12.61,-0.0070866141732283,-0.0024019215372297,0.556,0.0569991617770326,-0.1179356825555887,0.1784662609533667,1.75377060680463,-17.01299369624794,5.6033,0.5702,24470862.8477
2025-07-21,000007.SZ,其他商业,7.22,0.0169014084507042,0.0210378681626928,1.6088,-0.0683870967741936,-0.0057449026910958,0.0230088169786662,0.0723714682723483,-12.429758001241868,43.4616,13.8176,250135.4878
2025-07-21,000009.SZ,电气设备,8.79,-0.0011363636363638,0.040133779264214,0.843,0.0414691943127962,-0.4654454547465765,0.0119283203374283,0.4457321149988856,-14.634024864436991,83.8341,2.2435,2267129.0752
2025-07-21,000017.SZ,服饰,6.45,0.0078125,-0.0062111801242236,4.0582,-0.0107361963190183,-0.1268222086124101,0.0043944473521037,0.0786175883268604,-13.00475995966568,227.5599,12.7198,444524.2818
2025-07-21,600601.SH,元器件,5.48,-0.0036363636363635,0.126629422718808,3.3194,0.1659574468085107,-0.1496798769663319,0.0113313420388257,0.1833953821042786,-14.64201693189205,88.2508,5.4527,2285320.7213
2025-07-21,600602.SH,软件服务,22.28,-0.0371650821089023,0.0571297989031078,6.0511,0.1844763423710793,0.6587341584439448,0.0060547934588855,0.1573168045810653,-14.92972596823719,165.1584,6.3566,3047176.4577
2025-07-21,600603.SH,区域地产,7.7,-0.0077319587628865,-0.0051150895140664,0.8085,0.0252996005326231,-0.063588605253422,0.0555244001976668,0.7817385866166354,-13.730892800852269,18.0101,1.2792,918863.4463
2025-07-21,600604.SH,园区开发,6.2,-0.0342679127725856,0.0033333333333331,9.0879,0.2783505154639176,1.3704733467483106,0.0046753266183175,0.5494505494505494,-13.965178902978524,213.8888,1.82,1161448.9785
2025-07-21,600605.SH,房产服务,38.52,0.0096985583224116,0.0099659061106738,1.6529,0.0930760499432463,0.0881301524768365,0.0117455675164584,0.1715972269888118,-13.58559401727831,85.1385,5.8276,794599.9165
2025-07-21,600651.SH,电器仪表,4.46,0.0,0.0966292134831459,0.6744,0.0619047619047619,-0.2627364908371176,0.0026193411099824,0.2198817036434398,-13.927172224835674,381.7754,4.5479,1118134.4947
2025-07-21,600653.SH,汽车服务,1.97,0.0260416666666667,-0.0202020202020202,2.2488,0.076502732240437,0.1358440013696735,0.0140504495441331,0.210970464135021,-12.856930407512964,71.1721,4.74,383436.9224
2025-07-21,600654.SH,仓储物流,3.03,0.01,0.0032894736842103,1.5317,0.0706713780918726,0.0478821651065963,0.0010119394690191,0.1916075876604713,-13.678099753801272,988.2014,5.219,871612.0907
2025-07-22,000001.SZ,银行,12.49,-0.0095162569389373,-0.0151636073423782,0.9973,0.046940486169321,-0.1195958942278307,0.1801801801801802,1.7705382436260624,-17.003431870407617,5.55,0.5648,24237991.8293
2025-07-22,000007.SZ,其他商业,7.13,-0.0124653739612188,0.0184135977337112,2.0924,-0.0870678617157489,-0.0780416306998892,0.0232992698008844,0.0732853070287938,-12.41721428274876,42.9198,13.6453,247017.4554
2025-07-22,000009.SZ,电气设备,8.97,0.0204778156996587,0.0336700336700337,1.5121,0.0181611804767309,-0.2474229769769961,0.0116889477492346,0.4367956669869834,-14.654295828823887,85.5509,2.2894,2313554.9266
2025-07-22,000017.SZ,服饰,6.44,-0.0015503875968991,-0.0109717868338558,3.4521,-0.0152905198776758,-0.1398290797200426,0.0044012709109882,0.0787395374839568,-13.003208369048666,227.2071,12.7001,443835.0969
2025-07-22,600601.SH,元器件,5.37,-0.0200729927007299,0.1568998109640831,4.1625,0.1234309623430962,-0.2136167474893703,0.0115634608513251,0.1871537655337625,-14.621739739433911,86.4793,5.3432,2239447.4951
2025-07-22,600602.SH,软件服务,21.88,-0.0179533213644524,-0.0039735099337748,4.383,0.1117886178861788,0.4104220301581465,0.0061654827912127,0.1601922306768121,-14.911609530731647,162.1933,6.2425,2992469.5195
2025-07-22,600603.SH,区域地产,7.82,0.0155844155844155,0.0131061598951507,1.0828,0.0289473684210526,-0.0071663624896943,0.0546725931757669,0.7697636825494574,-13.74635702653649,18.2907,1.2991,933183.3961
2025-07-22,600604.SH,园区开发,6.0,-0.0322580645161291,-0.0261865793780687,7.5867,0.2396694214876034,0.9381761446616286,0.0048311699354362,0.5677624481916765,-13.932389080138313,206.9892,1.7613,1123982.8824
2025-07-22,600605.SH,房产服务,38.13,-0.0101246105919002,0.0100853374709077,1.4604,0.0647863725216419,-0.04668096372212,0.0118657039625518,0.1733522865166591,-13.575417804257167,84.2765,5.7686,786554.9018
2025-07-22,600651.SH,电器仪表,4.45,-0.0022421524663677,0.1409691629955947,0.5483,0.0421545667447307,-0.3034583868438102,0.0026252272790516,0.2203759613901315,-13.924927554995316,380.9194,4.5377,1115627.4667
2025-07-22,600653.SH,汽车服务,1.98,0.0050761421319796,-0.0102564102564102,1.4993,0.0588235294117647,0.0753851215937302,0.0139795032523314,0.2099032346088453,-12.861993709685526,71.5333,4.7641,385383.3028
2025-07-22,600654.SH,仓储物流,3.04,0.0033003300330034,0.0033112582781456,1.688,0.0482758620689656,0.0882620008698771,0.001008610711365,0.1909781902906688,-13.681394649629436,991.4628,5.2362,874488.6982
2025-07-23,000001.SZ,银行,12.53,0.0032025620496396,0.0113360323886639,0.7063,0.0389718076285239,-0.1807304709710981,0.1796041524480046,1.7649135192375571,-17.006629315178436,5.5678,0.5666,24315615.5021
2025-07-23,000007.SZ,其他商业,7.06,-0.0098176718092567,-0.0376344086021506,1.3877,-0.0925449871465295,-0.1106361915853837,0.0235302422438439,0.0740115754103941,-12.407348099861538,42.4985,13.5114,244592.3191
2025-07-23,000009.SZ,电气设备,8.91,-0.0066889632107024,0.0132890365448505,1.0307,0.0033783783783782,-0.0933330600700921,0.0117676685659683,0.439734400422145,-14.647584394231536,84.9786,2.2741,2298079.6428
2025-07-23,000017.SZ,服饰,6.38,-0.0093167701863354,-0.0294573643410853,3.2992,-0.003125,-0.1091900540852863,0.0044426634300382,0.0794798836414503,-12.993847926285572,225.0902,12.5818,439699.9873
2025-07-23,600601.SH,元器件,5.29,-0.0148975791433891,0.1062271062271063,2.6977,0.0997920997920998,-0.2831607740202121,0.0117383291662264,0.1899840413405273,-14.606730076781409,85.191,5.2636,2206085.1488
2025-07-23,600602.SH,软件服务,22.65,0.0351919561243143,-0.0395652173913043,5.6824,0.1291126620139582,0.303234605474878,0.0059558835791525,0.1547460617127294,-14.946196405128347,167.9012,6.4622,3097780.3756
2025-07-23,600603.SH,区域地产,7.63,-0.0242966751918158,-0.0219354838709677,1.3697,0.002628120893561,0.121108358034347,0.0560340238592873,0.7888923950773115,-13.72176031724207,17.8463,1.2676,910510.1422
2025-07-23,600604.SH,园区开发,6.11,0.0183333333333333,-0.049099836333879,6.6204,0.1484962406015038,0.6327066362969542,0.0047441931076362,0.5575379125780553,-13.95055638405532,210.784,1.7936,1144589.2352
2025-07-23,600605.SH,房产服务,38.67,0.014162077104642,-0.0329113924050632,1.5206,0.0741666666666667,-0.0143691414704065,0.0117000117000117,0.1709314052270824,-13.589480535923752,85.47,5.8503,797694.1529
2025-07-23,600651.SH,电器仪表,4.54,0.0202247191011235,0.2418300653594771,1.6464,0.0582750582750581,-0.1204485445121753,0.0025731852482377,0.2160107141314209,-13.944950470839228,388.6234,4.6294,1138190.7188
2025-07-23,600653.SH,汽车服务,1.95,-0.0151515151515151,-0.0202020202020202,1.6631,0.0372340425531916,-0.0335934609896596,0.0141945649010993,0.2131332722351286,-12.846726237426994,70.4495,4.6919,379544.1618
2025-07-23,600654.SH,仓储物流,3.02,-0.006578947368421,-0.0194174757281553,1.5015,0.0342465753424658,0.0654953353557576,0.0010152902714886,0.1922448430320856,-13.674793965620804,984.94,5.2017,868735.4831
2025-07-24,000001.SZ,银行,12.35,-0.014365522745411,-0.0097165991902833,1.0097,-0.0048348106365834,-0.0478232009207777,0.1822223841976748,1.7905102954341987,-16.99215960934295,5.4878,0.5585,23966308.9745
2025-07-24,000007.SZ,其他商业,7.44,0.0538243626062324,-0.0260989010989011,4.2041,-0.0325097529258777,0.1406456781135741,0.0223284560542492,0.0702316238956077,-12.459773896914538,44.7859,14.2386,257757.3447
2025-07-24,000009.SZ,电气设备,9.03,0.0134680134680134,0.0044150110375273,1.0852,0.0123318385650224,0.0755516555015729,0.0116112866350607,0.4338771259979173,-14.660962520186386,86.1231,2.3048,2329030.2104
2025-07-24,000017.SZ,服饰,6.45,0.0109717868338559,-0.0404354587869362,3.9565,0.0141509433962263,-0.0212212352241728,0.0043944473521037,0.0786175883268604,-13.00475995966568,227.5599,12.7198,444524.2818
2025-07-24,600601.SH,元器件,5.46,0.0321361058601135,0.1090909090909091,4.6509,0.1052631578947367,-0.2966921410647773,0.0113728509576509,0.1840671476954793,-14.63836062067756,87.9287,5.4328,2276980.1347
2025-07-24,600602.SH,软件服务,23.0,0.0154525386313466,-0.0545377077119726,6.185,0.1534603811434303,0.3095658503344058,0.0058652505605713,0.1523925632429137,-14.961530769120383,170.4957,6.562,3145648.9465
2025-07-24,600603.SH,区域地产,7.75,0.0157273918741809,-0.0193548387096774,0.4476,0.0402684563758388,0.0820013166556945,0.05516632647432,0.7766990291262136,-13.737365315298206,18.127,1.2875,924830.092
2025-07-24,600604.SH,园区开发,6.11,0.0,-0.055,4.5065,0.1420560747663553,0.3548337856474719,0.0047441931076362,0.5575379125780553,-13.95055638405532,210.784,1.7936,1144589.2352
2025-07-24,600605.SH,房产服务,39.5,0.021463666925265,-0.0740554156171285,2.336,0.1107986501687288,0.0838502351582504,0.0114541633020061,0.1673388108904098,-13.610717102326891,87.3045,5.9759,814815.5946
2025-07-24,600651.SH,电器仪表,4.59,0.0110132158590308,0.1287128712871288,1.0396,0.0551724137931035,0.0104551555017977,0.0025451555128195,0.213656952397231,-13.955903482880249,392.9033,4.6804,1150725.8589
2025-07-24,600653.SH,汽车服务,1.98,0.0153846153846153,-0.0406091370558375,1.7519,0.0588235294117647,-0.0339274848674476,0.0139795032523314,0.2099032346088453,-12.861993709685526,71.5333,4.7641,385383.3028
2025-07-24,600654.SH,仓储物流,3.09,0.0231788079470198,-0.0292207792207791,2.2837,0.0474576271186439,0.2541756867545441,0.0009922901043472,0.1878886947372376,-13.6977082251217,1007.7698,5.3223,888871.736
2025-07-25,000001.SZ,银行,12.35,0.0,-0.0144462279293741,0.5711,0.0122950819672131,-0.0256995712509829,0.1822223841976748,1.7905102954341987,-16.99215960934295,5.4878,0.5585,23966308.9745
2025-07-25,000007.SZ,其他商业,7.28,-0.021505376344086,-0.0233516483516483,2.4212,-0.0508474576271186,0.2250720295334156,0.0228191717553419,0.0717751428325342,-12.438033910290924,43.8228,13.9324,252214.176
2025-07-25,000009.SZ,电气设备,9.06,0.0033222591362127,-0.0214362272240085,1.2033,0.0295454545454545,0.2240174295698691,0.0115728417807363,0.4324511330219686,-14.664279272814513,86.4092,2.3124,2336767.8523
2025-07-25,000017.SZ,服饰,6.43,-0.0031007751937984,-0.0296875,2.0461,0.0015576323987538,-0.0282065251162204,0.0044081156936412,0.0788618655562916,-13.001654367030907,226.8543,12.6804,443145.9119
2025-07-25,600601.SH,元器件,5.5,0.0073260073260073,-0.0033057851239668,3.6811,0.0436432637571158,-0.3009313501036144,0.0112901477654539,0.1827285019917406,-14.64565992318185,88.5728,5.4726,2293661.3079
2025-07-25,600602.SH,软件服务,23.47,0.0204347826086956,-0.0121054907047123,7.6132,0.1776216758655293,0.2194539816091532,0.0057477970130998,0.147423045170421,-14.98175956305884,173.9797,6.7832,3209929.5989
2025-07-25,600603.SH,区域地产,7.75,0.0,-0.0179948586118252,0.5275,0.0091145833333334,0.1235296457888524,0.05516632647432,0.7766990291262136,-13.737365315298206,18.127,1.2875,924830.092
2025-07-25,600604.SH,园区开发,6.0,-0.0180032733224223,-0.0581395348837209,3.3078,0.171875,0.1385234727394162,0.0048311699354362,0.5677624481916765,-13.932389080138313,206.9892,1.7613,1123982.8824
2025-07-25,600605.SH,房产服务,39.7,0.0050632911392405,-0.0184367696702155,1.102,0.0844031685331878,0.0770611291802185,0.0113964529679782,0.1664973943157789,-13.615767618014964,87.7466,6.0061,818941.2431
2025-07-25,600651.SH,电器仪表,5.05,0.1002178649237472,0.139344262295082,3.9536,0.1373873873873872,0.6285555975578814,0.0023133191896998,0.1941936110301971,-14.051411702101772,432.2793,5.1495,1266049.1476
2025-07-25,600653.SH,汽车服务,1.97,-0.005050505050505,-0.0257731958762886,1.5205,0.0423280423280423,-0.002962316577491,0.0140504495441331,0.210970464135021,-12.856930407512964,71.1721,4.74,383436.9224
2025-07-25,600654.SH,仓储物流,3.08,-0.0032362459546925,-0.0163934426229507,1.2738,0.0440677966101694,0.2588498266528802,0.0009955118344455,0.1884978605492827,-13.694466731265104,1004.5084,5.3051,885995.1285
2025-07-28,000001.SZ,银行,12.46,0.0089068825910931,-0.0032414910858994,0.6381,0.0323115161557581,0.0038773081500249,0.1806130005237777,1.774622892635315,-17.001027059629187,5.5367,0.5635,24179774.0747
2025-07-28,000007.SZ,其他商业,7.28,0.0,0.0,2.0603,-0.0433639947437581,0.2753241852127515,0.0228191717553419,0.0717751428325342,-12.438033910290924,43.8228,13.9324,252214.176
2025-07-28,000009.SZ,电气设备,9.33,0.0298013245033113,0.0054288816503798,2.2537,0.0506756756756756,0.4394335722230968,0.0112379248497489,0.4199386889514131,-14.693645167595898,88.9844,2.3813,2406406.6293
2025-07-28,000017.SZ,服饰,6.4,-0.004665629860031,-0.004754358161648,2.4236,-0.0243902439024389,-0.0835313404807119,0.0044287783790582,0.079231768770006,-12.996977819144538,225.7959,12.6212,441078.3571
2025-07-28,600601.SH,元器件,6.05,0.0999999999999998,-0.0245098039215686,10.9093,0.1329588014981273,-0.0592096192991514,0.0102637685889678,0.166118475696867,-14.740970102950502,97.4301,6.0198,2523027.4386
2025-07-28,600602.SH,软件服务,23.13,-0.0144865786109927,-0.002659574468085,5.9153,0.1467526028755577,0.1682214759834921,0.005832287895728,0.1495886312640239,-14.96716702942984,171.4593,6.685,3163428.7014
2025-07-28,600603.SH,区域地产,7.78,0.0038709677419355,0.0,0.5537,0.0064683053040104,0.0687838499895974,0.0549535093311058,0.7736943907156674,-13.74122881017398,18.1972,1.2925,928410.0795
2025-07-28,600604.SH,园区开发,6.02,0.0033333333333331,-0.053781512605042,3.0241,0.1666666666666665,-0.0804359259847391,0.0048151210208441,0.565866908103214,-13.935716870223894,207.6791,1.7672,1127729.492
2025-07-28,600605.SH,房产服务,38.51,-0.0299748110831234,-0.0299539170506912,2.1025,0.0327165459908822,0.1140671983265786,0.011748617187757,0.1716414067729699,-13.585334378211709,85.1164,5.8261,794393.6341
2025-07-28,600651.SH,电器仪表,4.88,-0.0336633663366336,0.1814671814671815,3.6245,0.0844444444444443,1.038690700656158,0.0023939062637275,0.2009605916279817,-14.017168678643468,417.7273,4.9761,1223429.6713
2025-07-28,600653.SH,汽车服务,1.94,-0.0152284263959391,-0.0207253886010363,1.6253,0.0319148936170212,-0.0886956128474233,0.0142677369371734,0.2142336861048031,-12.841584837971393,70.0882,4.6678,377597.7815
2025-07-28,600654.SH,仓储物流,3.05,-0.0097402597402598,-0.0066006600660065,1.5835,0.0269360269360268,0.2556854794644438,0.0010053037816914,0.190352914303118,-13.684678724876369,994.7242,5.2534,877365.3058
2025-07-29,000001.SZ,银行,12.34,-0.0096308186195827,-0.0016012810248198,0.5219,0.0032520325203251,-0.107743279796032,0.182368603421235,1.7921146953405016,-16.991349564746116,5.4834,0.558,23946903.0563
2025-07-29,000007.SZ,其他商业,7.19,-0.0123626373626373,0.0125698324022345,1.5511,-0.0476821192052979,0.2221962291328789,0.0231048265982763,0.0726733623057804,-12.425594219797636,43.281,13.7602,249096.1436
2025-07-29,000009.SZ,电气设备,9.21,-0.012861736334405,-0.0010928961748634,1.2323,0.0087623220153341,0.4192801614240353,0.0113843481151504,0.4254051984515251,-14.680700003037296,87.8399,2.3507,2375456.0618
2025-07-29,000017.SZ,服饰,6.31,-0.0140625,0.0079872204472843,4.167,-0.0336906584992343,-0.0393016796080409,0.0044919472861002,0.080361950223808,-12.982815505324488,222.6206,12.4437,434875.6927
2025-07-29,600601.SH,元器件,6.12,0.0115702479338843,-0.0182119205298013,10.2311,0.1547169811320754,0.0986446278169328,0.0101463715560678,0.1642170949995894,-14.75247392742862,98.5574,6.0895,2552219.4916
2025-07-29,600602.SH,软件服务,22.56,-0.0246433203631647,0.014938886373925,4.4641,0.1268731268731269,0.1412497181273717,0.0059796452874415,0.1533695285420692,-14.942214979827574,167.234,6.5202,3085471.3145
2025-07-29,600603.SH,区域地产,7.73,-0.006426735218509,0.0567282321899735,0.6175,-0.0140306122448978,-0.0535538836323503,0.0553091226866959,0.778694907335306,-13.73478133453438,18.0802,1.2842,922443.4337
2025-07-29,600604.SH,园区开发,5.95,-0.011627906976744,-0.0258175559380378,3.4926,0.1852589641434263,-0.23526035454903,0.0048717701381926,0.5725409366769725,-13.92402083048574,205.2642,1.7466,1114616.3584
2025-07-29,600605.SH,房产服务,39.06,0.0142820046741107,0.0039267015706805,1.4406,0.0568181818181818,0.1087932546682273,0.0115831904739841,0.1692247812769702,-13.599515355839255,86.332,5.9093,805739.1677
2025-07-29,600651.SH,电器仪表,5.18,0.0614754098360654,0.0842105263157892,5.543,0.1511111111111109,1.4690010113671423,0.0022552628249467,0.1893222264293828,-14.07682851508925,443.4073,5.282,1298640.5118
2025-07-29,600653.SH,汽车服务,1.93,-0.0051546391752577,-0.0103092783505154,1.4961,0.0265957446808511,-0.0920958849695886,0.0143416672761875,0.215340884620354,-12.836416867858231,69.7269,4.6438,375651.4012
2025-07-29,600654.SH,仓储物流,3.03,-0.0065573770491803,0.0066006600660066,1.1532,0.0236486486486486,0.1693228436218004,0.0010119394690191,0.1916075876604713,-13.678099753801272,988.2014,5.219,871612.0907
2025-07-30,000001.SZ,银行,12.49,0.0121555915721232,0.0188062142273099,0.8839,0.0137987012987013,-0.0776081991513293,0.1801801801801802,1.7705382436260624,-17.003431870407617,5.55,0.5648,24237991.8293
2025-07-30,000007.SZ,其他商业,7.16,-0.004172461752434,0.008462623413258,1.4039,-0.0516556291390728,0.2097994943839203,0.0232016408200387,0.0729783181416801,-12.421413029165633,43.1004,13.7027,248056.7995
2025-07-30,000009.SZ,电气设备,9.15,-0.006514657980456,0.0,1.0305,0.0021905805038333,0.4230893900896098,0.0114590065499681,0.428192172647084,-14.674164032053367,87.2676,2.3354,2359980.778
2025-07-30,000017.SZ,服饰,6.26,-0.0079239302694136,0.0243111831442464,3.308,-0.0339506172839507,-0.0441247413245088,0.0045278248420015,0.0810037990781767,-12.974860014033611,220.8566,12.3451,431429.7681
2025-07-30,600601.SH,元器件,6.04,-0.0130718954248366,-0.0377049180327868,5.9483,0.1889763779527558,0.1874187060006704,0.0102807571983291,0.1663921196692124,-14.739315842849292,97.2691,6.0099,2518857.1453
2025-07-30,600602.SH,软件服务,22.09,-0.0208333333333332,0.0162235241099593,3.1039,0.1281920326864147,0.0298723960864735,0.0061068702290076,0.156631789988096,-14.921161570624914,163.75,6.3844,3021190.6621
2025-07-30,600603.SH,区域地产,7.58,-0.019404915912031,0.0986842105263157,0.825,-0.0306905370843989,-0.2118254041938008,0.0564034879916974,0.7940919558484872,-13.715185671660697,17.7294,1.2593,904543.4965
2025-07-30,600604.SH,园区开发,5.81,-0.023529411764706,-0.0088183421516754,2.9371,0.1761133603238864,-0.3764987836416731,0.004989161047624,0.5863383172090296,-13.900210181752026,200.4345,1.7055,1088390.0911
2025-07-30,600605.SH,房产服务,38.2,-0.0220174091141832,0.0427094668117518,1.4636,0.0587583148558759,0.093997052774764,0.011843962895233,0.1730343300110741,-13.577251945996364,84.4312,5.7792,787998.8788
2025-07-30,600651.SH,电器仪表,5.7,0.1003861003861004,0.0017543859649122,4.9505,0.2808988764044944,1.5587874974058922,0.002049519674569,0.1720489307158956,-14.172489633670253,487.9192,5.8123,1429005.9686
2025-07-30,600653.SH,汽车服务,1.94,0.005181347150259,0.0158730158730158,1.0921,0.0210526315789474,-0.1398310318775798,0.0142677369371734,0.2142336861048031,-12.841584837971393,70.0882,4.6678,377597.7815
2025-07-30,600654.SH,仓储物流,3.03,0.0,0.1237458193979932,1.3958,0.0341296928327643,0.1384539085313723,0.0010119394690191,0.1916075876604713,-13.678099753801272,988.2014,5.219,871612.0907
2025-07-31,000001.SZ,银行,12.23,-0.0208166533226581,0.0154723127035831,0.8709,-0.0097165991902833,-0.1382413290153518,0.1840095684975618,1.807991321641656,-16.982395495971232,5.4345,0.5531,23733437.9562
2025-07-31,000007.SZ,其他商业,7.09,-0.0097765363128492,0.0014064697609001,1.5974,-0.0521390374331551,-0.0544082397395773,0.0234307270554605,0.0736984847591533,-12.411588388769523,42.679,13.5688,245631.6632
2025-07-31,000009.SZ,电气设备,9.1,-0.005464480874317,-0.0043811610076671,1.0444,0.0088691796008868,0.4011081766868622,0.0115219718241701,0.430551967622492,-14.668684566299452,86.7907,2.3226,2347084.7082
2025-07-31,000017.SZ,服饰,6.17,-0.0143769968051118,0.0241545893719807,3.0834,-0.049306625577812,-0.0908906677474922,0.0045938718668071,0.0821848007429505,-12.960378666833268,217.6813,12.1677,425227.1037
2025-07-31,600601.SH,元器件,6.1,0.009933774834437,-0.0281923714759535,9.7552,0.0912343470483005,0.3635140136603747,0.0101796401090035,0.1647555028337946,-14.749200602112683,98.2353,6.0696,2543878.9051
2025-07-31,600602.SH,软件服务,22.19,0.0045269352648258,-0.0271334792122538,3.3444,0.1332992849846783,-0.0963703635921652,0.0060793488774178,0.1559259663511764,-14.925678290120908,164.4913,6.4133,3034867.3966
2025-07-31,600603.SH,区域地产,7.6,0.0026385224274405,0.086387434554974,0.7211,-0.0013140604467806,-0.1052406623557473,0.0562549926305959,0.7920164739426581,-13.717820719296371,17.7762,1.2626,906930.1548
2025-07-31,600604.SH,园区开发,5.67,-0.0240963855421686,-0.0070546737213403,2.2185,0.1477732793522266,-0.4633375666569341,0.005112348981211,0.600817111271329,-13.875818728680049,195.6048,1.6644,1062163.8239
2025-07-31,600605.SH,房产服务,36.76,-0.0376963350785342,-0.0023809523809522,2.0253,0.001362026695723,0.0299722690033303,0.0123079195308221,0.1798108389973747,-13.538826727840664,81.2485,5.5614,758294.209
2025-07-31,600651.SH,电器仪表,5.7,0.0,0.1294964028776979,8.2931,0.2808988764044944,1.814606441694868,0.002049519674569,0.1720489307158956,-14.172489633670253,487.9192,5.8123,1429005.9686
2025-07-31,600653.SH,汽车服务,1.89,-0.0257731958762886,0.0105820105820106,1.7433,-0.0104712041884816,-0.1504661057869829,0.0146451909586449,0.2199010445299615,-12.815473693927071,68.2818,4.5475,367865.8799
2025-07-31,600654.SH,仓储物流,2.99,-0.013201320132013,0.1566666666666667,1.5226,0.0135593220338983,0.0074187158097522,0.0010254770544894,0.1941709869711267,-13.664810521613136,975.1559,5.1501,860105.6604
2025-08-01,000001.SZ,银行,12.28,0.0040883074407194,0.0081300813008129,0.5216,-0.0253968253968254,-0.129314440270854,0.1832609452599556,1.8008283810552854,-16.98647546898736,5.4567,0.5553,23830467.5471
2025-08-01,000007.SZ,其他商业,7.11,0.002820874471086,0.0458970792767732,1.5481,-0.0326530612244897,-0.1391266050787606,0.0233648135254232,0.0734910451161525,-12.414405292089308,42.7994,13.6071,246324.5593
2025-08-01,000009.SZ,电气设备,9.13,0.0032967032967035,-0.0205183585313174,0.9433,0.0212527964205817,0.3413279852342972,0.0114841019834192,0.4291292966570828,-14.671975847343113,87.0769,2.3303,2354822.35
2025-08-01,000017.SZ,服饰,6.21,0.0064829821717991,0.0143312101910828,1.8022,-0.0095693779904305,-0.0548123427665415,0.004564282209569,0.0816559833421794,-12.966840724786,219.0925,12.2465,427983.8434
2025-08-01,600601.SH,元器件,6.03,-0.0114754098360654,-0.0184254606365158,5.468,0.0767857142857144,0.4912799636977218,0.010297812744573,0.1666694444907415,-14.737658841676229,97.108,5.9999,2514686.8521
2025-08-01,600602.SH,软件服务,22.85,0.0297431275349255,-0.0422222222222221,4.965,0.143071535767884,-0.194022674780917,0.0059037557923224,0.1514233797698364,-14.954987670539449,169.3837,6.604,3125133.8447
2025-08-01,600603.SH,区域地产,7.64,0.0052631578947368,0.1073738680465719,0.5309,0.0173102529960054,-0.1059118215787335,0.0559606484719944,0.7878978884336589,-13.723070075177898,17.8697,1.2692,911703.4714
2025-08-01,600604.SH,园区开发,5.67,0.0,0.0071047957371226,1.4606,0.1454545454545455,-0.5273958984647358,0.005112348981211,0.600817111271329,-13.875818728680049,195.6048,1.6644,1062163.8239
2025-08-01,600605.SH,房产服务,37.8,0.0282916213275299,-0.0211137503299022,1.8184,0.0421836228287839,0.1006591219997512,0.0119692963609748,0.174864916851732,-13.566725532958346,83.5471,5.7187,779747.5816
2025-08-01,600651.SH,电器仪表,5.56,-0.024561403508772,0.0931372549019609,4.3613,0.2328159645232814,1.6291527953726344,0.0021011263718254,0.1763823970367757,-14.147621567028551,475.9352,5.6695,1393907.5763
2025-08-01,600653.SH,汽车服务,1.89,0.0,0.0158730158730158,1.3716,0.0,-0.1574106277971478,0.0146451909586449,0.2199010445299615,-12.815473693927071,68.2818,4.5475,367865.8799
2025-08-01,600654.SH,仓储物流,3.0,0.0033444816053511,0.106312292358804,1.2896,0.0273972602739727,0.0014745168163416,0.0010220587882082,0.1935246647185183,-13.668149422925158,978.4173,5.1673,862982.268
2025-08-04,000001.SZ,银行,12.3,0.001628664495114,-0.0136327185244586,0.5322,-0.0375586854460092,-0.1432081138616091,0.1829625292740046,1.7979144192736425,-16.988102808646907,5.4656,0.5562,23869279.3835
2025-08-04,000007.SZ,其他商业,7.19,0.0112517580872011,0.0455172413793103,1.6228,-0.0055325034578146,-0.1646219284986114,0.0231048265982763,0.0726733623057804,-12.425594219797636,43.281,13.7602,249096.1436
2025-08-04,000009.SZ,电气设备,9.26,0.0142387732749178,0.0043763676148795,1.0051,0.0416197975253092,0.0669373461567741,0.0113228868379366,0.4231013327691982,-14.68611420141762,88.3167,2.3635,2388352.1316
2025-08-04,000017.SZ,服饰,6.28,0.0112721417069243,0.0206022187004755,2.1647,-0.0172143974960875,-0.0451357161169874,0.0045134052649775,0.0807454419198036,-12.978049809248912,221.5622,12.3846,432808.1379
2025-08-04,600601.SH,元器件,5.97,-0.0099502487562189,-0.0016863406408094,3.7122,0.0698924731182795,0.2620157685482605,0.0104013030752492,0.1683445001851789,-14.72765875831047,96.1418,5.9402,2489665.0923
2025-08-04,600602.SH,软件服务,22.5,-0.0153172866520788,-0.0276538804638716,2.9681,0.146788990825688,-0.3078365369606216,0.0059955920407316,0.1537775454028202,-14.939551862417856,166.7892,6.5029,3077265.2738
2025-08-04,600603.SH,区域地产,7.73,0.011780104712042,0.0574282147315856,0.5459,0.023841059602649,-0.1059485707979251,0.0553091226866959,0.778694907335306,-13.73478133453438,18.0802,1.2842,922443.4337
2025-08-04,600604.SH,园区开发,5.63,-0.0070546737213403,0.0088339222614841,1.5221,0.128256513026052,-0.5817317590450701,0.0051486730839727,0.6050704907121679,-13.868739053107369,194.2248,1.6527,1054670.6047
2025-08-04,600605.SH,房产服务,37.89,0.0023809523809523,0.0633637548891785,1.5675,0.0158176943699732,0.0385552100116153,0.0119408545591973,0.1744500462292622,-13.569103655413272,83.7461,5.7323,781604.1235
2025-08-04,600651.SH,电器仪表,6.12,0.1007194244604317,0.0906148867313916,4.8711,0.3752808988764045,1.4890953831940092,0.0019088665131556,0.1602410024677114,-14.243585555332029,523.8711,6.2406,1534301.1452
2025-08-04,600653.SH,汽车服务,1.89,0.0,0.0052083333333332,1.0407,-0.0104712041884816,-0.2110484569128897,0.0146451909586449,0.2199010445299615,-12.815473693927071,68.2818,4.5475,367865.8799
2025-08-04,600654.SH,仓储物流,3.01,0.0033333333333331,0.1049180327868852,0.9589,0.0273037542662115,-0.0970318248383755,0.0010186632347223,0.1928826309190857,-13.671477213064028,981.6787,5.1845,865858.8756
2025-08-05,000001.SZ,银行,12.47,0.0138211382113822,-0.0104333868378813,0.5834,-0.0173364854215917,-0.1285750069043475,0.1804695818519788,1.7733640716439083,-17.00182930596191,5.5411,0.5639,24199179.9929
2025-08-05,000007.SZ,其他商业,7.25,0.0083449235048678,0.0461538461538462,2.109,-0.0041208791208791,-0.1066401646219279,0.0229136019724028,0.072072072072072,-12.433904517075788,43.6422,13.875,251174.8319
2025-08-05,000009.SZ,电气设备,9.14,-0.0129589632829373,0.0109890109890109,0.7511,0.0269662921348314,-0.0213335109844777,0.0114715471216741,0.4286694101508916,-14.67307053821716,87.1722,2.3328,2357401.564
2025-08-05,000017.SZ,服饰,6.31,0.0047770700636942,0.0522151898734177,1.9309,-0.0140625,-0.1806995174879372,0.0044919472861002,0.080361950223808,-12.982815505324488,222.6206,12.4437,434875.6927
2025-08-05,600601.SH,元器件,5.93,-0.0067001675041875,0.0255536626916523,3.9188,0.0259515570934254,0.0825199478330809,0.0104714673457762,0.1694800352518473,-14.720936043934898,95.4976,5.9004,2472983.9192
2025-08-05,600602.SH,软件服务,22.42,-0.0035555555555555,-0.0261640798226163,2.1601,0.1182044887780549,-0.3899395250331695,0.0060169847445368,0.1543281324752689,-14.935989970831988,166.1962,6.4797,3066323.8861
2025-08-05,600603.SH,区域地产,8.01,0.0362225097024577,0.0047904191616767,1.6099,0.0402597402597402,0.1104974912274947,0.0533757492620802,0.7514841812579846,-13.770363233091514,18.7351,1.3307,955856.65
2025-08-05,600604.SH,园区开发,5.66,0.005328596802842,0.012455516014235,1.3399,0.123015873015873,-0.6587841516898882,0.0051213818717421,0.6018657839301835,-13.874053503159304,195.2598,1.6615,1060290.5191
2025-08-05,600605.SH,房产服务,38.35,0.0121404064396939,0.0086094442995041,1.3836,0.0401410360726879,0.030705627232874,0.0117976282048257,0.1723573312190834,-13.581170958152756,84.7628,5.8019,791093.1152
2025-08-05,600651.SH,电器仪表,6.18,0.0098039215686274,0.1471103327495622,6.3806,0.3918918918918916,1.269474876328145,0.0018903337970322,0.158687338337274,-14.25334173028372,529.0071,6.3017,1549343.3133
2025-08-05,600653.SH,汽车服务,1.92,0.0158730158730158,0.0052083333333332,1.251,-0.005181347150259,-0.2385287776527936,0.0144163469841722,0.216464272571812,-12.83122205102688,69.3657,4.6197,373705.0209
2025-08-05,600654.SH,仓储物流,3.05,0.0132890365448505,0.0386904761904762,1.2773,0.0200668896321067,-0.0719290286808811,0.0010053037816914,0.190352914303118,-13.684678724876369,994.7242,5.2534,877365.3058
2025-08-06,000001.SZ,银行,12.46,-0.0008019246190857,-0.0168404170008019,0.3558,-0.0295950155763239,-0.2514734517322041,0.1806130005237777,1.774622892635315,-17.001027059629187,5.5367,0.5635,24179774.0747
2025-08-06,000007.SZ,其他商业,7.15,-0.0137931034482757,0.050561797752809,2.2734,-0.0069444444444444,-0.031528480409796,0.0232340927783792,0.0730801835774211,-12.4200154050766,43.0402,13.6836,247710.3515
2025-08-06,000009.SZ,电气设备,9.1,-0.0043763676148798,0.0033003300330032,0.6101,0.0376282782212087,-0.0972189824534121,0.0115219718241701,0.430551967622492,-14.668684566299452,86.7907,2.3226,2347084.7082
2025-08-06,000017.SZ,服饰,6.32,0.0015847860538829,0.0251572327044022,2.4545,-0.0078492935635792,-0.2288208458511618,0.0044848398957005,0.0802342841096,-12.98439903708404,222.9734,12.4635,435564.8777
2025-08-06,600601.SH,元器件,5.87,-0.0101180438448565,0.1006825938566553,3.2884,0.031634446397188,0.0029521611776417,0.0105784956109821,0.1712123546835139,-14.710766464774292,94.5314,5.8407,2447962.1595
2025-08-06,600602.SH,软件服务,22.55,0.0057983942908117,0.0116959064327484,2.7794,0.129759519038076,-0.4069211428571427,0.0059822959932376,0.1534377733110337,-14.941771619131815,167.1599,6.5173,3084103.641
2025-08-06,600603.SH,区域地产,8.35,0.0424469413233457,0.0373493975903613,2.2584,0.0732647814910025,0.3804007552226078,0.0512022283209765,0.720876585928489,-13.8119340108378,19.5304,1.3872,996429.8411
2025-08-06,600604.SH,园区开发,5.62,-0.0070671378091873,0.005328596802842,1.3883,0.1195219123505977,-0.714023209872536,0.0051578349059571,0.606134076857801,-13.866961274770263,193.8798,1.6498,1052797.2998
2025-08-06,600605.SH,房产服务,38.33,-0.0005215123859192,-0.0050384513391672,1.4952,0.0495618838992331,0.0096796489871231,0.0118037833486389,0.1724464984738485,-13.5806493098053,84.7186,5.7989,790680.5504
2025-08-06,600651.SH,电器仪表,5.71,-0.076051779935275,0.0159235668789807,4.9153,0.2947845804988662,1.087807528274039,0.0020459303172501,0.17174753112924,-14.174242482487124,488.7752,5.8225,1431512.9966
2025-08-06,600653.SH,汽车服务,1.92,0.0,0.0104712041884815,1.2524,-0.0103092783505154,-0.1941768720654436,0.0144163469841722,0.216464272571812,-12.83122205102688,69.3657,4.6197,373705.0209
2025-08-06,600654.SH,仓储物流,3.36,0.1016393442622951,-0.0201729106628243,6.4695,0.1199999999999998,0.3998079774434262,0.0009125525527608,0.1727891626637177,-13.781478108273545,1095.8273,5.7874,966540.1402
2025-08-07,000001.SZ,银行,12.47,0.0008025682182986,-0.0161290322580646,0.3721,-0.0538694992412746,-0.342918264155137,0.1804695818519788,1.7733640716439083,-17.00182930596191,5.5411,0.5639,24199179.9929
2025-08-07,000007.SZ,其他商业,7.12,-0.0041958041958042,-0.0319148936170211,1.8307,-0.0028011204481792,-0.0105805880213192,0.0233319956322504,0.073388031879761,-12.415810773519576,42.8596,13.6262,246671.0073
2025-08-07,000009.SZ,电气设备,9.09,-0.001098901098901,-0.0143329658213893,0.5649,0.0306122448979591,-0.1960325571020235,0.0115346373625359,0.4310159044868755,-14.667585060951131,86.6954,2.3201,2344505.4942
2025-08-07,000017.SZ,服饰,6.36,0.0063291139240506,0.0047095761381477,3.4293,0.0,-0.2214617416601825,0.0044566338331596,0.0797295573414976,-12.990708206203664,224.3846,12.5424,438321.6174
2025-08-07,600601.SH,元器件,5.86,-0.0017035775127768,0.0477815699658701,3.989,0.050179211469534,-0.2120753958203228,0.010340053333995,0.1772641057912183,-14.733565066190025,96.7113,5.6413,2504413.3318
2025-08-07,600602.SH,软件服务,22.23,-0.014190687361419,0.0250580046403712,2.499,0.1037735849056604,-0.4348058289463644,0.0060684104041682,0.155646868385008,-14.92747928117885,164.7878,6.4248,3040338.0905
2025-08-07,600603.SH,区域地产,8.3,-0.0059880239520956,0.0093457943925234,1.5215,0.0613810741687979,0.514009610938442,0.0515108121194638,0.7252157516861266,-13.805927986732245,19.4134,1.3789,990463.1953
2025-08-07,600604.SH,园区开发,5.63,0.001779359430605,0.001763668430335,1.4585,0.0910852713178294,-0.7374331854363936,0.0051486730839727,0.6050704907121679,-13.868739053107369,194.2248,1.6527,1054670.6047
2025-08-07,600605.SH,房产服务,37.71,-0.0161753195930079,-0.0064707468320303,1.2119,0.035989010989011,-0.1004051822417678,0.0119978595818505,0.1752817654379415,-13.564341741681426,83.3482,5.7051,777891.0398
2025-08-07,600651.SH,电器仪表,6.28,0.0998248686514886,-0.0807174887892376,4.8589,0.4305239179954443,0.7060172468537851,0.0018602328899964,0.1561597201617814,-14.269393439262162,537.5671,6.4037,1574413.5934
2025-08-07,600653.SH,汽车服务,1.91,-0.0052083333333333,-0.0208333333333333,1.0772,-0.0255102040816326,-0.2519978157422575,0.0144918295065242,0.217599442945426,-12.82600010682297,69.0044,4.5956,371758.6405
2025-08-07,600654.SH,仓储物流,3.47,0.0327380952380953,-0.0060060060060059,13.0332,0.1490066225165562,1.06879668683493,0.0008836243726929,0.167313612635524,-13.81369172819578,1131.7026,5.9768,998182.8233
2025-08-08,000001.SZ,银行,12.4,-0.0056134723336006,-0.0178861788617886,0.4276,-0.0395042602633617,-0.3303503637797714,0.1814882032667876,1.7834849295523454,-16.996200018880373,5.51,0.5607,24063338.5655
2025-08-08,000007.SZ,其他商业,7.52,0.0561797752808987,-0.0329815303430078,6.6006,0.0546984572230013,0.3453738068445247,0.022090904070249,0.0694844945350445,-12.470469186217011,45.2675,14.3917,260528.9291
2025-08-08,000009.SZ,电气设备,9.07,-0.0022002200220021,-0.0010893246187363,0.5622,0.0225479143179256,-0.2448988414317828,0.0115600788859783,0.4319654427645788,-14.665382416901624,86.5046,2.315,2339347.0663
2025-08-08,000017.SZ,服饰,6.37,0.0015723270440251,-0.0031055900621118,3.8076,-0.0015673981191222,-0.0967843373612372,0.0044496376660048,0.0796045247211851,-12.992279298360494,224.7374,12.5621,439010.8023
2025-08-08,600601.SH,元器件,5.86,0.0,0.1402027027027026,2.8622,0.0654545454545454,-0.3023935494191552,0.010340053333995,0.1772641057912183,-14.733565066190025,96.7113,5.6413,2504413.3318
2025-08-08,600602.SH,软件服务,21.55,-0.0305892937471884,0.0266055045871558,3.0206,0.0126879699248119,-0.481550267870071,0.0062598984644469,0.1605574554854454,-14.896412369732507,159.747,6.2283,2947336.2955
2025-08-08,600603.SH,区域地产,8.56,0.0313253012048193,0.0519480519480519,1.36,0.0932311621966794,0.6348541209160581,0.0499460582570823,0.7031854299978905,-13.836772662156708,20.0216,1.4221,1021489.7533
2025-08-08,600604.SH,园区开发,5.67,0.0071047957371226,0.0122591943957968,1.4631,-0.0017605633802816,-0.7377903262219727,0.005112348981211,0.600817111271329,-13.875818728680049,195.6048,1.6644,1062163.8239
2025-08-08,600605.SH,房产服务,37.09,-0.0164412622646512,-0.1000490436488474,1.096,0.0268549280177188,-0.1871517456344098,0.01219840957136,0.1782118225723094,-13.547763821910928,81.9779,5.6113,765101.5292
2025-08-08,600651.SH,电器仪表,6.69,0.0652866242038217,-0.083086053412463,6.6635,0.5,0.6911545326702528,0.001746227711586,0.1465888768360257,-14.332637332914029,572.663,6.8218,1677201.742
2025-08-08,600653.SH,汽车服务,1.92,0.0052356020942407,-0.0207253886010363,1.2115,-0.0351758793969849,-0.2530574088539998,0.0144163469841722,0.216464272571812,-12.83122205102688,69.3657,4.6197,373705.0209
2025-08-08,600654.SH,仓储物流,3.33,-0.0403458213256484,-0.0089020771513353,5.9501,0.106312292358804,1.247825866355472,0.0009207736856139,0.1743466359816587,-13.772509438270278,1086.0432,5.7357,957910.3175
2025-08-11,000001.SZ,银行,12.3,-0.0080645161290322,-0.0202757502027575,0.4815,-0.0523882896764252,-0.3210979720691316,0.1829625292740046,1.7979144192736425,-16.988102808646907,5.4656,0.5562,23869279.3835
2025-08-11,000007.SZ,其他商业,7.58,0.0079787234042554,0.0053475935828875,4.9116,0.0631136044880784,0.540335913551468,0.0219160309191364,0.0689346155171819,-12.478416248046264,45.6287,14.5065,262607.6174
2025-08-11,000009.SZ,电气设备,9.18,0.0121278941565601,0.0173913043478262,0.772,0.0337837837837837,-0.29965845380534,0.0114215618528971,0.4268032437046521,-14.677437357400414,87.5537,2.343,2367718.4199
2025-08-11,000017.SZ,服饰,6.44,0.0109890109890109,-0.0210526315789474,4.3954,0.0078247261345854,0.0249934008974777,0.0044012709109882,0.0787395374839568,-13.003208369048666,227.2071,12.7001,443835.0969
2025-08-11,600601.SH,元器件,5.92,0.0102389078498292,0.23421926910299,3.9571,0.0882352941176469,-0.2995678552752565,0.0102352573911352,0.1754693805930865,-14.74375191148825,97.7015,5.699,2530055.7891
2025-08-11,600602.SH,软件服务,21.8,0.0116009280742459,0.0455373406193078,2.1271,0.0055350553505535,-0.4810044503181817,0.0061881111533277,0.1587150430117766,-14.907946522986276,161.6002,6.3006,2981528.1319
2025-08-11,600603.SH,区域地产,8.47,-0.0105140186915887,0.071513706793802,1.2091,0.0971502590673576,0.7354302379459785,0.0504767529314374,0.7106815436003127,-13.826202980626912,19.8111,1.4071,1010749.7909
2025-08-11,600604.SH,园区开发,5.71,0.0070546737213403,0.015817223198594,1.693,-0.0864,-0.7323879369018951,0.0050765364010504,0.5965875193890944,-13.882848634593136,196.9847,1.6762,1069657.0431
2025-08-11,600605.SH,房产服务,40.78,0.0994877325424641,-0.0682876357992755,7.6019,0.0614263404476835,0.3794568939945528,0.0110946294227353,0.162087689439987,-13.642608195549936,90.1337,6.1695,841219.7455
2025-08-11,600651.SH,电器仪表,6.74,0.0074738415545589,-0.0625954198473283,5.2875,0.528344671201814,0.6008065032870991,0.0017332734776225,0.1455011058084041,-14.340083383713054,576.943,6.8728,1689736.8821
2025-08-11,600653.SH,汽车服务,1.93,0.0052083333333332,-0.005181347150259,1.9648,-0.0102564102564102,-0.1285523592114682,0.0143416672761875,0.215340884620354,-12.836416867858231,69.7269,4.6438,375651.4012
2025-08-11,600654.SH,仓储物流,3.37,0.0120120120120119,0.0515759312320915,4.3124,0.1270903010033444,1.3702173796852688,0.0009098446740467,0.1722771594941942,-13.784449878600686,1099.0887,5.8046,969416.7477
2025-08-12,000001.SZ,银行,12.33,0.0024390243902439,-0.0163132137030994,0.3504,-0.0314218381775334,-0.3640167364016736,0.1825183887276643,1.793400286944046,-16.990538863445042,5.4789,0.5576,23927497.1381
2025-08-12,000007.SZ,其他商业,7.48,-0.0131926121372031,0.0173796791443849,2.165,0.0716332378223496,0.5582595740951708,0.0222090448556078,0.0698558175924891,-12.465135840149284,45.0267,14.3152,259143.1369
2025-08-12,000009.SZ,电气设备,9.2,0.0021786492374726,0.0208333333333334,0.7841,0.0550458715596329,-0.2991897686345234,0.0113967257207004,0.4258762403645501,-14.67961363681034,87.7445,2.3481,2372876.8478
2025-08-12,000017.SZ,服饰,6.65,0.0326086956521738,0.0076687116564417,13.5375,0.0455974842767294,0.5332203855487887,0.0042622839022061,0.0762526402476685,-13.035296683393833,234.616,13.1143,458307.9804
2025-08-12,600601.SH,元器件,6.02,0.0168918918918918,0.1829457364341085,5.5067,0.1005484460694698,-0.2373746117023242,0.0100652327736057,0.1725536210377374,-14.760502721924752,99.3519,5.7953,2572793.218
2025-08-12,600602.SH,软件服务,21.96,0.0073394495412844,0.0226767452200979,2.1138,-0.0343007915567281,-0.4403135875671857,0.0061430230922381,0.157559715132035,-14.915259169839224,162.7863,6.3468,3003410.9072
2025-08-12,600603.SH,区域地产,8.39,-0.0094451003541912,0.0441347270615564,1.1714,0.0881971465629054,0.6008003576065903,0.0509582702724738,0.7174630506528914,-13.816712992450084,19.6239,1.3938,1001203.1577
2025-08-12,600604.SH,园区开发,5.69,-0.0035026269702276,0.0600706713780918,1.6779,-0.1656891495601172,-0.6747019205622666,0.0050943810505326,0.5986948452373826,-13.879339859071012,196.2947,1.6703,1065910.4335
2025-08-12,600605.SH,房产服务,38.66,-0.0519862677783228,-0.0362473347547975,8.3105,0.0232927474854418,0.8293118565907835,0.0117030377575107,0.1709752427848447,-13.589221904121084,85.4479,5.8488,797487.8705
2025-08-12,600651.SH,电器仪表,6.55,-0.0281899109792285,0.0094043887147337,4.6185,0.5127020785219398,0.4226034739266495,0.0017835514111369,0.14972301242701,-14.311488508426692,560.6791,6.679,1642103.3498
2025-08-12,600653.SH,汽车服务,1.93,0.0,0.0155440414507772,1.3906,0.0104712041884815,-0.0937552357267927,0.0143416672761875,0.215340884620354,-12.836416867858231,69.7269,4.6438,375651.4012
2025-08-12,600654.SH,仓储物流,3.49,0.0356083086053413,0.0970588235294118,6.6964,0.1830508474576271,1.5218761077248957,0.0008785606084699,0.1663533678239316,-13.81943887043154,1138.2254,6.0113,1003936.0384
2025-08-13,000001.SZ,银行,12.26,-0.0056772100567721,-0.0106557377049179,0.5771,-0.0300632911392405,-0.2688421209437819,0.183560336282536,1.803751803751804,-16.98484547677626,5.4478,0.5544,23791655.7107
2025-08-13,000007.SZ,其他商业,7.48,0.0,0.0494505494505492,1.6664,0.0520393811533053,0.5064547749106942,0.0222090448556078,0.0698558175924891,-12.465135840149284,45.0267,14.3152,259143.1369
2025-08-13,000009.SZ,电气设备,9.12,-0.0086956521739131,0.063758389261745,0.8801,0.04707233065442,-0.2555598499963439,0.0114966975736219,0.4296086265412209,-14.670879956850088,86.9815,2.3277,2352243.1361
2025-08-13,000017.SZ,服饰,6.52,-0.0195488721804512,0.0687499999999998,8.3349,0.0187499999999998,0.7433203773368924,0.0043472685025181,0.0777731978005739,-13.015554204727213,230.0295,12.8579,449348.5763
2025-08-13,600601.SH,元器件,6.45,0.0714285714285716,0.234527687296417,10.6364,0.2033582089552239,-0.0090686648491344,0.0093942141035336,0.161051343168202,-14.829495593396157,106.4485,6.2092,2756564.1621
2025-08-13,600602.SH,软件服务,22.49,0.0241347905282329,0.0620190131281124,4.3769,0.0098787606645711,-0.3480006364388937,0.0059982569065429,0.1538461538461538,-14.939107319164084,166.7151,6.5,3075897.6003
2025-08-13,600603.SH,区域地产,8.61,0.0262216924910605,0.0428240740740739,1.4196,0.0954198473282441,0.3647337568169286,0.0496561312908111,0.6991051454138703,-13.842596790388916,20.1385,1.4304,1027456.399
2025-08-13,600604.SH,园区开发,5.66,-0.0052724077328647,0.0669014084507042,1.5693,-0.2149791955617198,-0.6150662646841731,0.0051213818717421,0.6018657839301835,-13.874053503159304,195.2598,1.6615,1060290.5191
2025-08-13,600605.SH,房产服务,37.52,-0.0294878427315052,-0.0325644504748983,4.9605,-0.013669821240799,0.9787027908306764,0.0120586096664226,0.1761710973697655,-13.55929055448614,82.9283,5.6763,773971.6736
2025-08-13,600651.SH,电器仪表,6.38,-0.0259541984732823,0.1512195121951218,4.2319,0.4401805869074493,0.322011020064348,0.0018310755866171,0.1537113608066772,-14.285191556170211,546.1271,6.5057,1599483.8736
2025-08-13,600653.SH,汽车服务,1.93,0.0,0.0851063829787235,1.6761,-0.0051546391752577,-0.013918589888227,0.0143416672761875,0.215340884620354,-12.836416867858231,69.7269,4.6438,375651.4012
2025-08-13,600654.SH,仓储物流,3.4,-0.0257879656160459,0.1117824773413898,5.1556,0.1371237458193979,1.2914766485531457,0.0009018166103617,0.1707562795621809,-13.793312565879162,1108.8729,5.8563,978046.5704
2025-08-14,000001.SZ,银行,12.2,-0.0048939641109299,0.005794701986755,0.6395,-0.0309769658459094,-0.1905524681268388,0.184464407592555,1.8125793003443904,-16.979939498011113,5.4211,0.5517,23675220.2016
2025-08-14,000007.SZ,其他商业,7.28,-0.0267379679144385,0.0641200545702591,2.0763,0.0239099859353024,0.502538027282176,0.0228191717553419,0.0717751428325342,-12.438033910290924,43.8228,13.9324,252214.176
2025-08-14,000009.SZ,电气设备,8.94,-0.0197368421052631,0.0359869138495092,1.0625,0.0170648464163822,-0.1764926564900201,0.0117281691858774,0.4382505039880796,-14.65094574193643,85.2648,2.2818,2305817.2847
2025-08-14,000017.SZ,服饰,6.4,-0.01840490797546,0.0529595015576322,5.9441,0.001564945226917,0.7937730013993813,0.0044287783790582,0.079231768770006,-12.996977819144538,225.7959,12.6212,441078.3571
2025-08-14,600601.SH,元器件,6.14,-0.048062015503876,0.0622222222222221,6.8673,0.1204379562043793,0.0807206446710209,0.0098685216855829,0.1691818366380185,-14.780240204746107,101.3323,5.9108,2624078.1326
2025-08-14,600602.SH,软件服务,22.09,-0.0177856825255668,0.0469168900804291,3.0456,-0.0103046594982079,-0.3074564920058481,0.0061068702290076,0.156631789988096,-14.921161570624914,163.75,6.3844,3021190.6621
2025-08-14,600603.SH,区域地产,8.64,0.0034843205574914,-0.005611672278339,1.8913,0.1105398457583548,0.3513800984107667,0.0494836382350175,0.6967184560719013,-13.846075054810862,20.2087,1.4353,1031036.3865
2025-08-14,600604.SH,园区开发,5.68,0.0035335689045936,0.0553633217993079,3.9889,-0.1885714285714286,-0.4121003064747205,0.0051033505027055,0.5997361161089121,-13.877580843669634,195.9497,1.6674,1064037.1287
2025-08-14,600605.SH,房产服务,36.85,-0.0178571428571429,-0.0449591280653952,3.276,-0.0396142819911388,1.062908962392314,0.0122778627678722,0.179372197309417,-13.541272049039843,81.4474,5.575,760150.7509
2025-08-14,600651.SH,电器仪表,6.15,-0.0360501567398118,0.1634304207119743,3.8756,0.3851351351351351,0.2185766647284597,0.0018995549532699,0.1594616574444675,-14.248475540596967,526.4391,6.2711,1541822.2292
2025-08-14,600653.SH,汽车服务,1.88,-0.0259067357512953,0.0740740740740739,2.1059,-0.0309278350515463,0.1060269853150606,0.0147230953835734,0.2210726444709732,-12.810168641743648,67.9205,4.5234,365919.4996
2025-08-14,600654.SH,仓储物流,3.31,-0.026470588235294,0.0898203592814372,3.6997,0.1070234113712373,0.6116071776958891,0.0009263372882995,0.1754016698238967,-13.766485323688029,1079.5204,5.7012,952157.1024
2025-08-15,000001.SZ,银行,12.08,-0.0098360655737704,-0.0016556291390728,1.0041,-0.0488188976377952,-0.0309590889250428,0.1862960617012556,1.8304960644334607,-16.970054738777563,5.3678,0.5463,23442349.1832
2025-08-15,000007.SZ,其他商业,7.33,0.0068681318681318,0.0345744680851065,1.7522,0.032394366197183,0.0725849455026341,0.0226635572266151,0.071285491263963,-12.44487856429678,44.1237,14.0281,253946.4163
2025-08-15,000009.SZ,电气设备,9.17,0.0257270693512303,0.017094017094017,1.1786,0.0420454545454545,-0.0805928488589232,0.0114340074824144,0.4272591326639607,-14.676347439021605,87.4584,2.3405,2365139.2059
2025-08-15,000017.SZ,服饰,6.42,0.0031249999999998,0.0445468509984638,4.427,0.0031249999999998,0.7867796767216679,0.0044149817992375,0.0789845743126367,-13.000097946557768,226.5015,12.6607,442456.727
2025-08-15,600601.SH,元器件,6.75,0.0993485342019544,0.0619111709286674,9.1835,0.2272727272727273,0.260219390631931,0.0089766929145167,0.1538935056940597,-14.874957967469689,111.3996,6.498,2884776.4487
2025-08-15,600602.SH,软件服务,22.38,0.0131281122679944,0.0252613240418118,2.5439,-0.0328435609334486,-0.2837428899484383,0.0060277384467844,0.1546025169289756,-14.93420425607828,165.8997,6.4682,3060853.1923
2025-08-15,600603.SH,区域地产,8.91,0.03125,-0.0211345939933258,1.4133,0.1481958762886599,0.2985693201186215,0.0479841844128175,0.6755843804891231,-13.87684671340414,20.8402,1.4802,1063256.2735
2025-08-15,600604.SH,园区开发,5.78,0.0176056338028169,0.0536332179930794,2.6282,-0.0996884735202491,-0.2658699028447836,0.0050150551956974,0.5893793835091649,-13.89503329358346,199.3996,1.6967,1082770.1767
2025-08-15,600605.SH,房产服务,36.7,-0.0040705563093622,-0.0308162132148808,2.8613,-0.038007863695937,1.1315414102713337,0.0123280392623394,0.1801055418475226,-13.537193185379351,81.1159,5.5523,757056.5144
2025-08-15,600651.SH,电器仪表,6.18,0.0048780487804878,0.2866449511400653,2.3527,0.3856502242152466,-0.0148203598245499,0.0018903337970322,0.158687338337274,-14.25334173028372,529.0071,6.3017,1549343.3133
2025-08-15,600653.SH,汽车服务,1.89,0.0053191489361701,0.0625,1.1955,-0.015625,0.1045109468249736,0.0146451909586449,0.2199010445299615,-12.815473693927071,68.2818,4.5475,367865.8799
2025-08-15,600654.SH,仓储物流,3.34,0.0090634441087613,0.0163487738419618,2.5575,0.1133333333333332,0.3727370128876237,0.0009180168705796,0.1738253750282466,-13.775507941204024,1089.3046,5.7529,960786.925
2025-08-18,000001.SZ,银行,12.08,0.0,0.0323383084577113,0.6385,-0.0420301348136399,0.0122526216194904,0.1862960617012556,1.8304960644334607,-16.970054738777563,5.3678,0.5463,23442349.1832
2025-08-18,000007.SZ,其他商业,7.52,0.0259208731241473,0.0,4.7209,0.0415512465373961,-0.0094389250146513,0.022090904070249,0.0694844945350445,-12.470469186217011,45.2675,14.3917,260528.9291
2025-08-18,000009.SZ,电气设备,9.36,0.0207197382769901,0.0300751879699248,1.7333,0.0648464163822526,0.0619082370112291,0.0112019088052604,0.4185851820845542,-14.696855443228277,89.2705,2.389,2414144.2712
2025-08-18,000017.SZ,服饰,6.51,0.0140186915887849,0.0258751902587519,5.5439,0.0093023255813953,0.810003604449399,0.004353946220927,0.0778925394525712,-13.014019285082624,229.6767,12.8382,448659.3914
2025-08-18,600601.SH,元器件,7.43,0.1007407407407408,0.0537352555701178,9.9295,0.355839416058394,0.388433293340541,0.0081551434489732,0.1398093001146436,-14.970941321310672,122.622,7.1526,3175390.965
2025-08-18,600602.SH,软件服务,22.96,0.0259159964253798,0.0443478260869565,4.8019,0.030520646319569,-0.135278969737248,0.0058754682748215,0.1506977304921788,-14.959790124648968,170.1992,6.6358,3140178.2527
2025-08-18,600603.SH,区域地产,8.99,0.0089786756453422,-0.0433815350389321,1.5404,0.1675324675324676,0.3151402067507938,0.0475572232288501,0.6695681285570807,-13.885785320397837,21.0273,1.4935,1072802.9067
2025-08-18,600604.SH,园区开发,5.78,0.0,0.0216666666666667,2.4574,-0.0677419354838709,-0.1252038927315679,0.0050150551956974,0.5893793835091649,-13.89503329358346,199.3996,1.6967,1082770.1767
2025-08-18,600605.SH,房产服务,36.02,-0.0185286103542233,-0.0259955752212388,3.3443,-0.0649013499480789,0.7375658910880689,0.0125607784668062,0.1835064410760817,-13.518490770162789,79.6129,5.4494,743029.3093
2025-08-18,600651.SH,电器仪表,6.14,-0.0064724919093851,0.1149068322981365,2.4174,0.3766816143497757,-0.1711279791267188,0.0019026486962765,0.1597214457985273,-14.246848200947312,525.5831,6.2609,1539315.2012
2025-08-18,600653.SH,汽车服务,1.92,0.0158730158730158,0.0408163265306122,2.3118,-0.0253807106598985,0.1481083440528823,0.0144163469841722,0.216464272571812,-12.83122205102688,69.3657,4.6197,373705.0209
2025-08-18,600654.SH,仓储物流,3.67,0.0988023952095809,0.0080428954423592,6.244,0.2112211221122113,0.3906915854227846,0.0008354703969862,0.1581953079271668,-13.869728796304582,1196.9305,6.3213,1055714.9745
2025-08-19,000001.SZ,银行,12.06,-0.0016556291390728,0.0240265120132558,0.4601,-0.0344275420336268,0.0931515420968562,0.1866054600757618,1.8335166850018336,-16.968397737569763,5.3589,0.5454,23403537.3468
2025-08-19,000007.SZ,其他商业,7.61,0.011968085106383,0.011780104712042,3.835,0.0673211781206171,0.0863103694211382,0.0218296761349248,0.068662455369404,-12.482366220143485,45.8092,14.564,263646.9615
2025-08-19,000009.SZ,电气设备,9.31,-0.0053418803418802,0.0052576235541534,1.0365,0.0379041248606466,0.1348542422184655,0.011262072942194,0.42083999663328,-14.691499244038074,88.7936,2.3762,2401248.2014
2025-08-19,000017.SZ,服饰,6.57,0.0092165898617513,-0.013157894736842,6.1409,0.0201863354037266,0.4102999302757528,0.006558908177909,0.0799251900221392,-13.023193661362736,152.4644,12.5117,452794.501
2025-08-19,600601.SH,元器件,7.63,0.0269179004037685,0.0435356200527705,12.6727,0.4208566108007447,0.5181688117081222,0.0079413736035094,0.1361433316996133,-14.997503307896109,125.9228,7.3452,3260865.8228
2025-08-19,600602.SH,软件服务,23.0,0.0017421602787455,0.0085251491901108,4.6582,0.0511882998171846,-0.0084460601853564,0.0058652505605713,0.1504347564461293,-14.961530769120383,170.4957,6.6474,3145648.9465
2025-08-19,600603.SH,区域地产,8.99,0.0,-0.0155382907880133,0.7419,0.1496163682864451,0.2581422806017319,0.0475572232288501,0.6695681285570807,-13.885785320397837,21.0273,1.4935,1072802.9067
2025-08-19,600604.SH,园区开发,6.0,0.0380622837370241,0.0016501650165017,4.6843,0.0,0.1473450789224997,0.0048311699354362,0.5677624481916765,-13.932389080138313,206.9892,1.7613,1123982.8824
2025-08-19,600605.SH,房产服务,36.16,0.0038867295946694,-0.020476858345021,2.5983,-0.0516653553632312,0.2736676881680244,0.0125121524280457,0.1827953058165466,-13.522369965930691,79.9223,5.4706,745917.2633
2025-08-19,600651.SH,电器仪表,6.44,0.0488599348534202,0.0127118644067796,4.0903,0.4471910112359551,-0.2285152764469118,0.0018140158483308,0.1522788530356789,-14.294551998935797,551.2631,6.5669,1614526.0417
2025-08-19,600653.SH,汽车服务,1.96,0.0208333333333332,0.0049019607843137,2.9346,-0.01010101010101,0.2910594772067183,0.0141221395606319,0.2120486015394728,-12.851841338049404,70.8108,4.7159,381490.5421
2025-08-19,600654.SH,仓储物流,3.73,0.0163487738419618,0.0244565217391303,12.5131,0.2269736842105263,0.4922407674406526,0.0008220312260069,0.1556492910174794,-13.885945367931413,1216.4988,6.4247,1072974.6199
2025-08-20,000001.SZ,银行,12.07,0.0008291873963515,-0.0074074074074074,0.5404,-0.0367118914604946,0.0960358600656099,0.1864488943580564,1.832172957127153,-16.96922658138025,5.3634,0.5458,23422943.265
2025-08-20,000007.SZ,其他商业,7.64,0.0039421813403415,-0.0346153846153846,2.6165,0.0821529745042493,0.1328594488969441,0.0217439519197735,0.0683929035523274,-12.486300651327184,45.9898,14.6214,264686.3056
2025-08-20,000009.SZ,电气设备,9.51,0.0214822771213747,-0.0073684210526315,1.2689,0.0673400673400672,0.1960327776746133,0.0110252246113883,0.4119803897334487,-14.712754029306527,90.7011,2.4273,2452832.4807
2025-08-20,000017.SZ,服饰,6.84,0.0410958904109588,-0.0355029585798817,15.0451,0.0721003134796238,0.5152140131056353,0.0063000063000063,0.0767701272081007,-13.063467560518111,158.73,13.0259,471402.4942
2025-08-20,600601.SH,元器件,7.58,-0.0065530799475753,0.213389121338912,10.8148,0.4328922495274101,0.4340311271356873,0.0079937584733839,0.1370426202548992,-14.990928662233998,125.0976,7.297,3239497.1083
2025-08-20,600602.SH,软件服务,23.46,0.02,-0.0021340162185232,4.7621,0.0357615894039735,0.0232311911537608,0.0057502461105335,0.1474860994351282,-14.981333396407214,173.9056,6.7803,3208561.9254
2025-08-20,600603.SH,区域地产,9.01,0.0022246941045604,-0.0248306997742662,0.8556,0.1808650065530799,0.184196014998897,0.0474516112194589,0.6680919294494923,-13.888007543625802,21.0741,1.4968,1075189.5651
2025-08-20,600604.SH,园区开发,6.06,0.01,-0.0442622950819671,3.325,-0.0081833060556465,0.3628036559367091,0.0047833386747281,0.5621451458766654,-13.94233941097034,209.059,1.7789,1135222.7112
2025-08-20,600605.SH,房产服务,35.65,-0.0141039823008849,-0.0442225392296717,1.7235,-0.0780967158003621,0.0278244714616271,0.0126911445001021,0.185411799606927,-13.508165577239156,78.7951,5.3934,735396.8594
2025-08-20,600651.SH,电器仪表,7.08,0.0993788819875776,-0.0361613351877608,6.0751,0.5594713656387664,-0.1857019176659018,0.0016500370433316,0.1385137474894383,-14.389297366489116,606.047,7.2195,1774975.8346
2025-08-20,600653.SH,汽车服务,2.04,0.0408163265306122,-0.0098522167487684,4.9774,0.0461538461538462,0.5461656516234501,0.0135683369289426,0.2037323771493765,-12.891846672827576,73.701,4.9084,397061.5847
2025-08-20,600654.SH,仓储物流,3.68,-0.0134048257372653,-0.0082417582417583,6.8996,0.2185430463576159,0.4797303797981902,0.0008332001601743,0.1577660329731009,-13.87244988645678,1200.1918,6.3385,1058591.5821
2025-08-21,000001.SZ,银行,12.15,0.0066280033140015,0.001658374792703,0.6274,-0.0161943319838056,0.1279919983444852,0.1852229157791401,1.8201674554058973,-16.975832716058044,5.3989,0.5494,23578190.6106
2025-08-21,000007.SZ,其他商业,7.8,0.0209424083769633,-0.0308483290488431,3.3349,0.0483870967741935,0.2483948304422687,0.0212978936383191,0.0669900050912403,-12.50702678183074,46.953,14.9276,270229.4743
2025-08-21,000009.SZ,电气设备,9.5,-0.0010515247108306,-0.0073529411764706,1.1544,0.0520487264673312,0.209550431155173,0.0110368332235168,0.4124221553181836,-14.711701951382246,90.6057,2.4247,2450253.2668
2025-08-21,000017.SZ,服饰,6.76,-0.0116959064327485,-0.0411764705882353,8.6361,0.048062015503876,0.5510484086289322,0.0063745629440281,0.077678952887715,-13.051702718861955,156.8735,12.8735,465889.0147
2025-08-21,600601.SH,元器件,7.17,-0.054089709762533,0.1419518377693283,9.5392,0.3131868131868132,0.4597720457924221,0.0084508637205265,0.1448792431508337,-14.9353211172123,118.3311,6.9023,3064273.65
2025-08-21,600602.SH,软件服务,23.43,-0.0012787723785167,0.0033984706881904,4.1048,0.018695652173913,0.1076884700812288,0.0057576092563932,0.1476734054964041,-14.98005380572186,173.6832,6.7717,3204458.9051
2025-08-21,600603.SH,区域地产,8.86,-0.0166481687014429,-0.0045454545454546,1.3935,0.1432258064516127,0.0471782450732136,0.0482548628838071,0.6793939805693322,-13.871219236590212,20.7233,1.4719,1057289.6278
2025-08-21,600604.SH,园区开发,6.1,0.0066006600660066,-0.0295566502463053,4.1563,-0.0016366612111293,0.3858361332639795,0.0047519708799224,0.5584408331937232,-13.94891838205452,210.439,1.7907,1142715.9304
2025-08-21,600605.SH,房产服务,35.05,-0.0168302945301542,-0.0676024061873388,2.2827,-0.1126582278481013,-0.0451909603172236,0.0129083891621164,0.1885831746091613,-13.491192043776811,77.469,5.3027,723019.9136
2025-08-21,600651.SH,电器仪表,7.19,0.0155367231638419,-0.0354430379746836,6.2969,0.5664488017429194,-0.1303658665203105,0.0016247930419862,0.1363958753887282,-14.404714630536034,615.463,7.3316,1802553.1428
2025-08-21,600653.SH,汽车服务,2.03,-0.0049019607843138,-0.0245098039215686,3.0078,0.025252525252525,0.5921227604548891,0.0136351798548398,0.2047334370649414,-12.88693265806857,73.3397,4.8844,395115.2044
2025-08-21,600654.SH,仓储物流,3.64,-0.0108695652173913,-0.0268096514745308,4.1083,0.1779935275080906,0.4676351764760635,0.0008423561611572,0.1594972646219117,-13.861520815867497,1187.1463,6.2697,1047085.1518
2025-08-22,000001.SZ,银行,12.06,-0.0074074074074074,-0.0321285140562247,0.8473,-0.0234817813765181,0.0489312604221059,0.1866054600757618,1.8335166850018336,-16.968397737569763,5.3589,0.5454,23403537.3468
2025-08-22,000007.SZ,其他商业,7.78,-0.0025641025641025,-0.0065703022339028,3.4679,0.0686813186813186,0.3529429474634953,0.0213526475147653,0.0671623246223798,-12.50445938628078,46.8326,14.8893,269536.5782
2025-08-22,000009.SZ,电气设备,9.52,0.0021052631578946,0.0218978102189781,0.9008,0.0507726269315671,0.1736643426678481,0.0110136403936275,0.411556506708371,-14.713805001566763,90.7965,2.4298,2455411.6947
2025-08-22,000017.SZ,服饰,6.8,0.0059171597633136,-0.0356083086053412,6.2706,0.057542768273717,0.5587416363818443,0.0063370633288086,0.0772218661436172,-13.057602440920965,157.8018,12.9497,468645.7544
2025-08-22,600601.SH,元器件,7.89,0.100418410041841,0.0796019900497513,6.4253,0.4345454545454545,0.3564948666002814,0.0076796834741659,0.1316569021130932,-15.031011597438948,130.2137,7.5955,3371983.1378
2025-08-22,600602.SH,软件服务,23.54,0.0046948356807512,-0.0341382181515403,5.6358,0.0029825308904984,0.3060525957214879,0.0057307050027908,0.1469853308639797,-14.984737655032683,174.4986,6.8034,3219503.3131
2025-08-22,600603.SH,区域地产,8.8,-0.0067720090293452,-0.0174418604651163,0.8828,0.1354838709677419,-0.0609639766203585,0.0485840187728648,0.6840413160954921,-13.864424193463188,20.5829,1.4619,1050129.6529
2025-08-22,600604.SH,园区开发,6.09,-0.001639344262295,-0.0587275693311583,3.2083,0.0149999999999999,0.4353052920508558,0.0047597741963121,0.5593779716954747,-13.947277692600508,210.094,1.7877,1140842.6256
2025-08-22,600605.SH,房产服务,34.91,-0.0039942938659058,-0.0300965360590573,2.5702,-0.120654911838791,-0.0917368293134156,0.01296016692695,0.1893401495787181,-13.48718975142124,77.1595,5.2815,720131.9596
2025-08-22,600651.SH,电器仪表,7.9,0.0987482614742698,0.1044568245125348,7.5015,0.5643564356435644,0.0426403923753966,0.00147876734095,0.1241372461393316,-14.49888621829298,676.2389,8.0556,1980552.1319
2025-08-22,600653.SH,汽车服务,2.04,0.0049261083743843,-0.0441176470588235,2.1839,0.0355329949238578,0.670622277131153,0.0135683369289426,0.2037323771493765,-12.891846672827576,73.701,4.9084,397061.5847
2025-08-22,600654.SH,仓储物流,3.73,0.0247252747252746,-0.053191489361702,5.545,0.2110389610389609,0.5291456856633387,0.0008220312260069,0.1556492910174794,-13.885945367931413,1216.4988,6.4247,1072974.6199
2025-08-25,000001.SZ,银行,12.45,0.0323383084577113,-0.0380258899676374,1.5692,-0.0008025682182987,0.2633913579957672,0.1800439307190954,1.8214936247723128,-17.000224169180516,5.5542,0.549,24160368.1565
2025-08-25,000007.SZ,其他商业,7.61,-0.0218508997429305,-0.0129366106080207,3.2801,0.0453296703296703,0.2165742644921804,0.0218296761349248,0.068662455369404,-12.482366220143485,45.8092,14.564,263646.9615
2025-08-25,000009.SZ,电气设备,9.59,0.0073529411764705,0.0188284518828452,1.2649,0.027867095391211,0.1376137512639028,0.0109332514068361,0.4085467990358295,-14.72113104163654,91.4641,2.4477,2473466.1924
2025-08-25,000017.SZ,服饰,6.74,-0.0088235294117646,-0.0103703703703703,5.3768,0.0531249999999998,0.5107299733424169,0.0063934776298611,0.0779095314520778,-13.048739753658054,156.4094,12.8354,464510.6448
2025-08-25,600601.SH,元器件,8.04,0.0190114068441062,0.1618204804045511,12.7237,0.3289256198347106,0.4156118114840053,0.007536402709186,0.1292006356671275,-15.049844545770824,132.6893,7.7399,3436089.2811
2025-08-25,600602.SH,软件服务,24.02,0.0203908241291419,-0.0147928994082841,7.7545,0.0384781668828362,0.431114514045078,0.0056132157551739,0.1452221899506244,-15.004923369840029,178.151,6.886,3285151.6389
2025-08-25,600603.SH,区域地产,8.6,-0.0227272727272728,-0.0078917700112738,1.6157,0.1053984575835473,-0.0898162886324447,0.0497138965254957,0.6999370056694897,-13.84143467525842,20.1151,1.4287,1026263.0699
2025-08-25,600604.SH,园区开发,6.13,0.0065681444991789,-0.0543657331136737,3.9527,0.0182724252491695,0.527130496622022,0.0021211701477543,0.5453454763592736,-13.953824360900178,471.4379,1.8337,1148335.8449
2025-08-25,600605.SH,房产服务,35.22,0.00887997708393,-0.0297823596792669,1.685,-0.0854323552324071,-0.206108600179471,0.0128460897145213,0.1876735980782223,-13.49603053337421,77.8447,5.3284,726526.7149
2025-08-25,600651.SH,电器仪表,7.18,-0.0911392405063291,0.1311018131101813,6.7636,0.471311475409836,0.1778783171359765,0.0016270559886236,0.1365858988718004,-14.403322841871557,614.607,7.3214,1800046.1148
2025-08-25,600653.SH,汽车服务,2.04,0.0,-0.0292682926829267,2.4514,0.0515463917525773,0.648847112946096,0.0135683369289426,0.2037323771493765,-12.891846672827576,73.701,4.9084,397061.5847
2025-08-25,600654.SH,仓储物流,3.76,0.0080428954423592,-0.0557029177718833,6.3906,0.2327868852459016,0.4595337770807346,0.0008154724480401,0.154409153374612,-13.893956091695832,1226.283,6.4763,1081604.4426
2025-08-26,000001.SZ,银行,12.36,-0.0072289156626506,-0.0066334991708125,0.713,0.0016207455429497,0.3226531240381656,0.1813532580112801,1.8348623853211008,-16.99296899829859,5.5141,0.545,23985714.8927
2025-08-26,000007.SZ,其他商业,7.73,0.0157687253613665,-0.00265604249668,3.1408,0.0751043115438108,0.1323831395712509,0.0214907718625622,0.0675967986156175,-12.498011910763726,46.5316,14.7936,267804.338
2025-08-26,000009.SZ,电气设备,9.56,-0.003128258602711,0.0455991516436902,0.7816,0.0380021715526601,0.1113904797380145,0.0109675579635438,0.4098360655737705,-14.717997879802432,91.178,2.44,2465728.5505
2025-08-26,000017.SZ,服饰,6.75,0.0014836795252224,0.0368098159509202,5.0527,0.0697305863708399,0.4593153942337575,0.0063840042389788,0.0777937687191256,-13.050222333762434,156.6415,12.8545,465199.8298
2025-08-26,600601.SH,元器件,7.91,-0.0161691542288555,0.0126436781609196,9.206,0.292483660130719,0.330807906598372,0.0076602642178334,0.1313249372923424,-15.03354324436845,130.5438,7.6147,3380530.6236
2025-08-26,600602.SH,软件服务,23.66,-0.0149875104079932,-0.0654405474764755,5.0786,0.0487588652482269,0.4416912676992288,0.005698625890339,0.1474317391047944,-14.989822411732204,175.4809,6.7828,3235915.3945
2025-08-26,600603.SH,区域地产,8.87,0.0313953488372091,0.0277777777777779,1.2832,0.1474773609314357,-0.0269175692301487,0.0482004366959564,0.6786102062975027,-13.872347268246514,20.7467,1.4736,1058482.9569
2025-08-26,600604.SH,园区开发,6.07,-0.0097879282218595,-0.0343053173241852,2.436,0.0201680672268906,0.3782436941898985,0.0021421372317374,0.5507214450930719,-13.943988215957042,466.8235,1.8158,1137096.016
2025-08-26,600605.SH,房产服务,34.92,-0.008517887563884,-0.0092537313432836,1.362,-0.1059907834101382,-0.2954754684036846,0.0046688152554472,0.196564060227228,-13.487476161374278,214.1871,5.0874,720338.2421
2025-08-26,600651.SH,电器仪表,7.17,-0.0013927576601671,0.1053391053391055,3.4802,0.3841698841698842,0.1777739757834686,0.0016293252475352,0.1367764525659262,-14.40192911343132,613.751,7.3112,1797539.0868
2025-08-26,600653.SH,汽车服务,2.05,0.0049019607843137,0.0895522388059701,2.5066,0.0621761658031088,0.5616602402300095,0.0135021461661331,0.2027369488089204,-12.896736658078767,74.0623,4.9325,399007.965
2025-08-26,600654.SH,仓储物流,3.77,0.002659574468085,0.0554016620498616,4.5816,0.2442244224422443,0.0944286725354071,0.0008133093851673,0.153997782431933,-13.896612135698524,1229.5444,6.4936,1084481.0501
2025-08-27,000001.SZ,银行,12.06,-0.024271844660194,-0.0273178807947019,0.9585,-0.0344275420336268,0.4430554067908128,0.1858666964053381,1.88040616773223,-16.968397737569763,5.3802,0.5318,23403537.3468
2025-08-27,000007.SZ,其他商业,7.53,-0.0258732212160414,-0.0305039787798409,2.242,0.0516759776536313,0.0892948957240156,0.0220615650032982,0.0693919186171578,-12.47179808989834,45.3277,14.4109,260875.3771
2025-08-27,000009.SZ,电气设备,9.43,-0.0135983263598327,0.035978835978836,1.2731,0.0306010928961748,0.0984728105089438,0.0111187583460179,0.4123031252576895,-14.704306249402766,89.9381,2.4254,2432198.769
2025-08-27,000017.SZ,服饰,6.52,-0.0340740740740741,0.0184049079754602,5.7061,0.0415335463258785,0.0980291589327198,0.0066092062277228,0.0805379937985744,-13.015554204727213,151.3041,12.4165,449348.5763
2025-08-27,600601.SH,元器件,8.7,0.0998735777496837,0.0122086570477246,15.4327,0.4403973509933774,0.368332662983269,0.0069646758605031,0.1194001337281497,-15.128738488257143,143.5817,8.3752,3718156.3117
2025-08-27,600602.SH,软件服务,23.38,-0.0118343195266272,-0.1121930567315835,7.5923,0.0583974649162517,0.5020645545180569,0.0057668730053827,0.1491980604252144,-14.977917509238283,173.4042,6.7025,3197620.5378
2025-08-27,600603.SH,区域地产,8.64,-0.0259301014656142,0.0399543378995432,1.1056,0.1398416886543536,0.0020780899122894,0.0494836382350175,0.6967184560719013,-13.846075054810862,20.2087,1.4353,1031036.3865
2025-08-27,600604.SH,园区开发,5.83,-0.0395387149917627,-0.0829103214890016,3.0279,0.0034423407917385,0.351790914326912,0.0022303212621655,0.573394495412844,-13.903646611243358,448.3659,1.744,1092136.7007
2025-08-27,600605.SH,房产服务,33.5,-0.0406643757159221,0.0104454685099848,2.7143,-0.1230366492146597,-0.2403289412471998,0.0048667176374227,0.204897039237783,-13.44596186926183,205.4773,4.8805,691046.1372
2025-08-27,600651.SH,电器仪表,6.93,-0.0334728033472803,-0.0157480314960629,3.6885,0.2157894736842105,0.0979900716169999,0.0016857521910564,0.1415127715276303,-14.367883271999448,593.207,7.0665,1737370.4144
2025-08-27,600653.SH,汽车服务,2.01,-0.0195121951219512,0.0552763819095478,2.717,0.0360824742268039,0.2748426473393095,0.0046552572518433,0.1944503859840162,-12.87703158691839,214.8109,5.1427,391222.4437
2025-08-27,600654.SH,仓储物流,3.61,-0.0424403183023872,0.0495867768595041,5.2592,0.1914191419141915,-0.0088585371830731,0.0008493563704827,0.1608234158893534,-13.853244906640356,1177.3621,6.218,1038455.3292
2025-08-28,000001.SZ,银行,12.08,0.001658374792703,-0.0257261410788381,0.8521,-0.0122649223221587,0.51399806923183,0.1855562977807467,1.877581674802854,-16.970054738777563,5.3892,0.5326,23442349.1832
2025-08-28,000007.SZ,其他商业,7.54,0.0013280212483399,-0.0185185185185184,2.2136,0.0634696755994359,-0.0005260609185512,0.0220323037637784,0.0693000693000693,-12.473125230320944,45.3879,14.43,261221.8252
2025-08-28,000009.SZ,电气设备,9.45,0.002120890774125,-0.0040816326530612,1.171,0.0384615384615383,0.0947838667918876,0.0110952326004562,0.411421048300831,-14.70642489425074,90.1288,2.4306,2437357.1969
2025-08-28,000017.SZ,服饰,6.52,0.0,0.0276923076923076,5.1976,0.0567260940032414,-0.0415172498804231,0.0066092062277228,0.0805379937985744,-13.015554204727213,151.3041,12.4165,449348.5763
2025-08-28,600601.SH,元器件,9.01,0.035632183908046,0.0092165898617511,17.163,0.4770491803278689,0.4930068923706263,0.0067250490592328,0.1152910522614339,-15.16375053421754,148.6978,8.6737,3850642.3412
2025-08-28,600602.SH,软件服务,23.62,0.0102651839178786,-0.1318965517241378,5.6324,0.0644434429923388,0.5344256421863445,0.0057082740862052,0.1476821289855714,-14.988130363957357,175.1843,6.7713,3230444.7007
2025-08-28,600603.SH,区域地产,8.76,0.0138888888888888,0.0946745562130177,1.0505,0.1526315789473684,-0.0649317926812464,0.0488057239353031,0.6871435442864015,-13.85986837693124,20.4894,1.4553,1045356.3363
2025-08-28,600604.SH,园区开发,5.91,0.0137221269296741,-0.0606585788561524,1.8845,0.0423280423280423,0.1767033911707103,0.0022001309517942,0.565642853102551,-13.91727544236078,454.5184,1.7679,1107123.1392
2025-08-28,600605.SH,房产服务,32.55,-0.028358208955224,-0.0371779859484776,2.8823,-0.1145266594124048,-0.209535927141231,0.005008757813036,0.2108770375993758,-13.41719379902048,199.6503,4.7421,671449.3064
2025-08-28,600651.SH,电器仪表,7.62,0.0995670995670996,-0.0882723833543505,6.2539,0.3368421052631578,0.1188723868330632,0.0025227329775438,0.1298380918994014,-14.462799828477609,396.3955,7.7019,1910355.3474
2025-08-28,600653.SH,汽车服务,1.99,-0.0099502487562188,0.1025641025641026,2.8051,0.052910052910053,0.2226032935179529,0.0047020454838263,0.1964019168827087,-12.86703150367115,212.6734,5.0916,387329.6831
2025-08-28,600654.SH,仓储物流,3.63,0.005540166204986,0.0786516853932584,4.7025,0.2140468227424747,-0.0160575451882639,0.0008446767080144,0.1599385835839037,-13.85876978255296,1183.8849,6.2524,1044208.5443
2025-08-29,000001.SZ,银行,12.05,-0.0024834437086092,-0.0142977291841883,0.9302,-0.0187296416938109,0.4926748090695669,0.1860188251051006,1.8821757952192733,-16.967568206207304,5.3758,0.5313,23384131.4286
2025-08-29,000007.SZ,其他商业,7.56,0.0026525198938991,-0.0170380078636959,1.7651,0.0632911392405062,-0.1224889283780594,0.0219740135315975,0.0691166204737253,-12.475774238538094,45.5083,14.4683,261914.7213
2025-08-29,000009.SZ,电气设备,9.8,0.0370370370370372,0.057494866529774,2.7644,0.0733844468784228,0.3485380769159278,0.0087283417110866,0.3973299427844882,-14.742792538431871,114.5693,2.5168,2527629.6857
2025-08-29,000017.SZ,服饰,6.5,-0.0030674846625766,0.0149700598802395,3.9584,0.0466988727858292,-0.1379389386480745,0.0066295456308311,0.080785885090157,-13.012482005837462,150.8399,12.3784,447970.2065
2025-08-29,600601.SH,元器件,8.68,-0.0366259711431742,0.0489662676822635,10.0915,0.4394693200663349,0.5392305859933304,0.0075553980674802,0.1220971404849698,-15.126436991261862,132.3557,8.1902,3709608.8259
2025-08-29,600602.SH,软件服务,23.2,-0.0177815410668925,-0.1278421278421279,3.714,0.0153172866520787,0.4635432860877162,0.0058116153268568,0.1503555909726503,-14.970188831863496,172.0692,6.6509,3173002.4156
2025-08-29,600603.SH,区域地产,8.45,-0.0353881278538813,0.0795454545454543,1.3296,0.1060209424083769,-0.0252221441876085,0.050596277125929,0.7123521869212138,-13.823838913334024,19.7643,1.4038,1008363.1326
2025-08-29,600604.SH,园区开发,5.77,-0.023688663282572,-0.0470383275261324,1.6293,0.0176366843033508,0.0450729325997303,0.0022535135092501,0.5793742757821553,-13.893301691422865,443.7515,1.726,1080896.8719
2025-08-29,600605.SH,房产服务,34.16,0.0494623655913979,-0.0357142857142857,3.8671,-0.0962962962962963,-0.1488465679379393,0.0047726887658065,0.2009404010770405,-13.465471799329912,209.5255,4.9766,704660.7775
2025-08-29,600651.SH,电器仪表,7.93,0.0406824146981625,-0.0863131935881627,7.1,0.4262589928057554,0.0729608839692104,0.0024241143134738,0.1247629503942509,-14.50267649444403,412.5218,8.0152,1988073.2159
2025-08-29,600653.SH,汽车服务,1.95,-0.0201005025125627,0.085427135678392,1.9576,0.0317460317460318,0.1840100526191783,0.0047984967269453,0.2004329351399021,-12.846726237426994,208.3986,4.9892,379544.1618
2025-08-29,600654.SH,仓储物流,3.56,-0.0192837465564738,0.0702247191011236,2.4482,0.1866666666666667,-0.1403853029382543,0.0008612854927138,0.1630815897193366,-13.839297679160046,1161.0552,6.1319,1024072.2914
2025-09-01,000001.SZ,银行,11.89,-0.0132780082987552,-0.0233722871452422,0.9577,-0.0333333333333333,0.2707854730337968,0.1885227358419425,1.9073049780659928,-16.95420125697195,5.3044,0.5243,23073636.7374
2025-09-01,000007.SZ,其他商业,7.63,0.0092592592592593,0.0146471371504661,2.3242,0.0611961057023642,-0.1985968569870829,0.0214549456868049,0.069094175361017,-12.484990893611494,46.6093,14.473,264339.8576
2025-09-01,000009.SZ,电气设备,9.74,-0.0061224489795919,0.1348884381338742,1.6432,0.0518358531317495,0.3779950085072008,0.0087821139953525,0.3997761253697929,-14.736651270405808,113.8678,2.5014,2512154.4019
2025-09-01,000017.SZ,服饰,6.68,0.0276923076923076,0.0088757396449705,5.9475,0.0636942675159235,-0.1460141377235178,0.0064509012231553,0.0786089362638744,-13.039797816277236,155.0171,12.7212,460375.5352
2025-09-01,600601.SH,元器件,9.19,0.0587557603686634,0.0533484676503972,12.1626,0.5393634840871022,0.4527562448120548,0.0071361135155849,0.1153216320317365,-15.18353139897348,140.1323,8.6714,3927569.7132
2025-09-01,600602.SH,软件服务,23.31,0.0047413793103447,-0.0553775743707094,4.6163,0.036,0.2832795092107305,0.0057841884581146,0.1496445940890385,-14.97491900623733,172.8851,6.6825,3188046.8236
2025-09-01,600603.SH,区域地产,8.8,0.0414201183431954,0.0731981981981979,1.6927,0.1384217335058215,-0.0548380019015577,0.0481282907718815,0.6896551724137931,-13.864424193463188,20.7778,1.45,1050129.6529
2025-09-01,600604.SH,园区开发,5.74,-0.0051993067590986,-0.0230905861456482,1.2876,0.019538188277087,-0.1663783792562996,0.002265291453531,0.5823772639916137,-13.888088821245454,441.4443,1.7171,1075276.9575
2025-09-01,600605.SH,房产服务,33.88,-0.0081967213114751,0.0057246158481472,1.6889,-0.1058326735286354,-0.1503356502108953,0.0048121319621323,0.2026014020017018,-13.457241300210988,207.8081,4.9358,698884.8695
2025-09-01,600651.SH,电器仪表,8.11,0.0226986128625472,-0.0861618798955613,4.744,0.3251633986928104,-0.0052118244929175,0.0023703113759539,0.1219943638603896,-14.525121326939294,421.8855,8.1971,2033199.7202
2025-09-01,600653.SH,汽车服务,1.99,0.0205128205128204,-0.0273972602739726,2.4944,0.052910052910053,0.1483739182841605,0.0047020454838263,0.1964019168827087,-12.86703150367115,212.6734,5.0916,387329.6831
2025-09-02,000001.SZ,银行,11.98,0.007569386038688,0.0,0.7692,-0.0392943063352044,0.2699815942636638,0.1871047412341429,1.893222264293828,-16.961742138957344,5.3446,0.5282,23248290.0012
2025-09-02,000007.SZ,其他商业,7.51,-0.0157273918741809,0.039671682626539,3.0839,0.0358620689655171,-0.215609828485475,0.0217977474207815,0.0701980990354781,-12.469138513816135,45.8763,14.2454,260182.481
2025-09-02,000009.SZ,电气设备,9.86,0.0123203285420943,0.1440245148110317,2.38,0.0787746170678336,0.5524202702361836,0.0086752314334865,0.394913513940447,-14.74889632137382,115.2707,2.5322,2543104.9695
2025-09-02,000017.SZ,服饰,6.76,0.0119760479041917,0.1295180722891566,9.6742,0.0713153724247226,-0.053887253433809,0.0063745629440281,0.077678952887715,-13.051702718861955,156.8735,12.8735,465889.0147
2025-09-02,600601.SH,元器件,8.81,-0.0413492927094667,-0.0614035087719296,10.7409,0.4856661045531198,0.432169985124937,0.0074439101371168,0.120296410355115,-15.141302902529524,134.338,8.3128,3765167.4834
2025-09-02,600602.SH,软件服务,21.85,-0.0626340626340625,-0.043872198378636,4.8164,-0.0254237288135593,0.2312497665558583,0.0061706835759851,0.1596449496320184,-14.910237474741198,162.0566,6.2639,2988366.4992
2025-09-02,600603.SH,区域地产,8.88,0.009090909090909,0.0197585071350163,1.3544,0.1086142322097378,-0.0354109374134844,0.0476946777509097,0.683480281593876,-13.873474028975386,20.9667,1.4631,1059676.2861
2025-09-02,600604.SH,园区开发,5.63,-0.0191637630662021,0.0202952029520295,1.7014,-0.0053003533568904,-0.2316724407925366,0.0023095514966471,0.5937537109606935,-13.868739053107369,432.9845,1.6842,1054670.6047
2025-09-02,600605.SH,房产服务,33.19,-0.020365997638725,0.0571602310732746,1.5883,-0.1345501955671447,-0.137966380357306,0.0049121728063095,0.2068124004715322,-13.436665056161909,203.5759,4.8353,684651.3819
2025-09-02,600651.SH,电器仪表,7.66,-0.0554870530209616,-0.0946666666666666,4.0588,0.2394822006472492,0.0413672851227056,0.0025095595396765,0.1291605853557728,-14.468035442552464,398.4763,7.7423,1920383.4595
2025-09-02,600653.SH,汽车服务,2.19,0.100502512562814,0.0238095238095237,7.0236,0.140625,0.3806584195007843,0.0042726333136364,0.1784662609533667,-12.96279840866531,234.0477,5.6033,426257.2894
2025-09-03,000001.SZ,银行,11.75,-0.0191986644407345,0.002555366269165,0.7046,-0.0569823434991975,0.1688360320377242,0.1907705221389191,1.9301293186643504,-16.94235678686257,5.2419,0.5181,22801953.8827
2025-09-03,000007.SZ,其他商业,7.31,-0.0266311584553928,0.0283018867924529,1.8474,0.0223776223776221,-0.2367435469324044,0.0223941094534493,0.0721188518678782,-12.44214632211304,44.6546,13.866,253253.5202
2025-09-03,000009.SZ,电气设备,9.79,-0.0070993914807302,0.125,1.7157,0.0758241758241757,0.5545913981086446,0.0087372567110868,0.3977250129260629,-14.741771609283903,114.4524,2.5143,2525050.4717
2025-09-03,000017.SZ,服饰,6.64,-0.0177514792899408,0.0853293413173652,11.7688,0.0506329113924048,0.0578279164510888,0.0064897643436771,0.0790826413602214,-13.033791792286376,154.0888,12.645,457618.7955
2025-09-03,600601.SH,元器件,9.12,0.035187287173666,0.0662100456621004,10.0965,0.5536626916524701,0.2685117836469992,0.0071908819616725,0.1162074535460704,-15.175885266668868,139.065,8.6053,3897653.5129
2025-09-03,600602.SH,软件服务,20.97,-0.0402745995423342,0.0059582919563059,2.9697,-0.0700665188470067,0.013175502160978,0.0064296359925879,0.1663450662053363,-14.86912939809286,155.5298,6.0116,2868011.2351
2025-09-03,600603.SH,区域地产,9.11,0.0259009009009008,0.0043243243243242,1.5366,0.0910179640718562,0.0563736551289979,0.0464906530542034,0.6662225183211193,-13.899045183267724,21.5097,1.501,1087122.8566
2025-09-03,600604.SH,园区开发,5.42,-0.0373001776198934,0.014760147601476,1.5004,-0.0355871886120996,-0.3562678463704003,0.0023990359713852,0.6167889964843027,-13.83072542639333,416.8341,1.6213,1015331.2038
2025-09-03,600605.SH,房产服务,32.89,-0.009038867128653,0.0568561872909698,0.7319,-0.1419253848160708,-0.2625722065428424,0.0049569783846,0.2086985558059938,-13.427585090587424,201.7358,4.7916,678462.909
2025-09-03,600651.SH,电器仪表,7.5,-0.02088772845953,-0.0608575380359612,2.8895,0.3134851138353764,0.0301959005967198,0.002563097041417,0.1319156794976651,-14.446926479363611,390.153,7.5806,1880271.0113
2025-09-03,600653.SH,汽车服务,2.1,-0.0410958904109588,0.0418604651162792,9.3543,0.09375,0.648557642845061,0.004455746197132,0.1861157640052112,-12.920834209693632,224.4293,5.373,408739.8666
2025-09-04,000001.SZ,银行,11.74,-0.0008510638297871,0.0110921501706484,0.6675,-0.0585404971932638,0.0951963522448506,0.1909307875894988,1.9316206297083247,-16.94150536067227,5.2375,0.5177,22782547.9645
2025-09-04,000007.SZ,其他商业,7.42,0.015047879616963,0.0173333333333334,2.6628,0.0421348314606742,-0.2172870273601844,0.0220621490739412,0.0710494717471775,-12.457082105201769,45.3265,14.0747,257064.4486
2025-09-04,000009.SZ,电气设备,9.76,-0.0030643513789581,0.0650485436893204,2.298,0.0737073707370736,0.6227122323504335,0.008764118995702,0.3989626969878316,-14.738702553164456,114.1016,2.5065,2517312.8298
2025-09-04,000017.SZ,服饰,6.68,0.0060240963855422,0.0516224188790559,8.7216,0.050314465408805,0.1170504882679106,0.0064509012231553,0.0786089362638744,-13.039797816277236,155.0171,12.7212,460375.5352
2025-09-04,600601.SH,元器件,8.76,-0.0394736842105262,0.0653526970954356,12.7052,0.4948805460750851,0.12314006666774,0.007486397216258,0.1209833526906697,-15.135611367539012,133.5756,8.2656,3743798.769
2025-09-04,600602.SH,软件服务,20.14,-0.0395803528850738,0.03049680275455,3.1261,-0.094017094017094,-0.1100808176573285,0.0066946099686759,0.1731991617160573,-14.82874444049254,149.3739,5.7737,2754494.3384
2025-09-04,600603.SH,区域地产,9.25,0.0153677277716794,-0.0210526315789473,1.6488,0.114457831325301,0.1416213768115943,0.0457869168463803,0.6561249261859458,-13.914296023506964,21.8403,1.5241,1103829.4647
2025-09-04,600604.SH,园区开发,5.42,0.0,0.016453382084095,1.3964,-0.0373001776198934,-0.3947720761296532,0.0023990359713852,0.6167889964843027,-13.83072542639333,416.8341,1.6213,1015331.2038
2025-09-04,600605.SH,房产服务,32.89,0.0,0.0498928680746861,1.1859,-0.1278175550251922,-0.3785729347567069,0.0049569783846,0.2086985558059938,-13.427585090587424,201.7358,4.7916,678462.909
2025-09-04,600651.SH,电器仪表,7.23,-0.0359999999999999,-0.0499325236167341,3.0257,0.1512738853503186,-0.0853439340314058,0.0026588143017621,0.1368419612189882,-14.410262494940604,376.1075,7.3077,1812581.2548
2025-09-04,600653.SH,汽车服务,2.15,0.0238095238095237,0.0185185185185186,7.1227,0.12565445026178,0.763776844615933,0.0043521252297922,0.1817884346197895,-12.944364707137964,229.7728,5.5009,418471.7682
2025-09-05,000001.SZ,银行,11.72,-0.0017035775127768,0.0017094017094019,0.4224,-0.0548387096774193,-0.0424928793327304,0.191255785487511,1.934984520123839,-16.939800330421015,5.2286,0.5168,22743736.1281
2025-09-05,000007.SZ,其他商业,7.5,0.0107816711590296,-0.0065616797900261,1.9433,-0.002659574468085,-0.1381201419076149,0.0218268173008084,0.070291851768543,-12.467806068751468,45.8152,14.2264,259836.033
2025-09-05,000009.SZ,电气设备,10.3,0.0553278688524592,0.0169794459338696,3.7325,0.1356119073869901,0.5800185262253483,0.0083046407993715,0.3780432481475881,-14.792554048009755,120.4146,2.6452,2656590.384
2025-09-05,000017.SZ,服饰,6.78,0.0149700598802395,0.0557184750733137,7.1075,0.0643642072213501,0.1777524802996455,0.006355755804235,0.0774497351219058,-13.054656930832202,157.3377,12.9116,467267.3846
2025-09-05,600601.SH,元器件,9.64,0.1004566210045663,0.2176724137931036,14.0259,0.6450511945392492,0.1383830322493038,0.0068029941337781,0.109938434476693,-15.23133657122414,146.9941,9.096,4119888.1431
2025-09-05,600602.SH,软件服务,20.33,0.0094339622641508,0.0271317829457364,2.9733,-0.0566125290023202,-0.1438682055488137,0.0066320429809441,0.1715795614426409,-14.838134180826094,150.7831,5.8282,2780480.134
2025-09-05,600603.SH,区域地产,9.5,0.0270270270270269,-0.0241343126967469,1.4031,0.1098130841121494,0.1508453564740328,0.044581955007891,0.6388551715326136,-13.940964270610582,22.4306,1.5653,1133662.6935
2025-09-05,600604.SH,园区开发,5.47,0.0092250922509224,0.018181818181818,1.2172,-0.0352733686067019,-0.4251143215572013,0.0023771065621215,0.611134877467457,-13.839908227355858,420.6795,1.6363,1024697.7278
2025-09-05,600605.SH,房产服务,32.67,-0.0066889632107023,0.0068903535050928,1.0868,-0.1191695874898894,-0.5691620786088196,0.0049903586271323,0.2101016892175813,-13.420873655907627,200.3864,4.7596,673924.6955
2025-09-05,600651.SH,电器仪表,7.41,0.0248962655601658,0.1057142857142856,2.2947,0.10762331838565,-0.2525692971597968,0.002594227532433,0.1335184789574877,-14.434853898094678,385.4712,7.4896,1857707.7591
2025-09-05,600653.SH,汽车服务,2.16,0.0046511627906977,0.0610328638497652,6.1886,0.1250000000000002,0.882915970086164,0.0043319767026292,0.1809463494074007,-12.949005086653532,230.8415,5.5265,420418.1485
2025-09-08,000001.SZ,银行,11.7,-0.0017064846416383,-0.0085106382978723,0.4764,-0.0487804878048782,-0.173076923076923,0.1915855621120392,1.938360147315371,-16.938092388075685,5.2196,0.5159,22704924.2917
2025-09-08,000007.SZ,其他商业,7.62,0.016,-0.0078947368421051,1.9871,0.0052770448548813,-0.1156326857923393,0.0214830616800183,0.0691845220387294,-12.483679417801696,46.5483,14.4541,263993.4095
2025-09-08,000009.SZ,电气设备,11.19,0.0864077669902911,-0.025892857142857,5.4332,0.2189542483660129,0.8062501451092381,0.0076441261770043,0.3479713271626418,-14.87543067506705,130.8194,2.8738,2886140.4268
2025-09-08,000017.SZ,服饰,6.82,0.0058997050147493,-0.0573333333333333,5.7472,0.0590062111801241,0.1615967489882781,0.006318480481266,0.0769953340827545,-13.06053930066686,158.2659,12.9878,470024.1243
2025-09-08,600601.SH,元器件,9.28,-0.037344398340249,0.3936915887850465,12.347,0.5675675675675675,0.0980050432857593,0.0070669030781309,0.1142034877745166,-15.19327700938295,141.5047,8.7563,3966033.3991
2025-09-08,600602.SH,软件服务,20.64,0.0152484013772751,0.0523690773067331,3.3467,-0.0532110091743119,-0.2137097280161709,0.0065324338607402,0.1690045631232043,-14.85326749379751,153.0823,5.917,2822878.0111
2025-09-08,600603.SH,区域地产,9.53,0.003157894736842,-0.0043057050592033,1.0143,0.1251475796930341,0.0563499504636675,0.0444416791844063,0.6368615462998344,-13.944117189623457,22.5014,1.5702,1137242.6809
2025-09-08,600604.SH,园区开发,5.5,0.0054844606946984,0.0126582278481011,1.3082,-0.0367775831873905,-0.4189227769937923,0.0023641405273499,0.60779189205616,-13.845377703148683,422.9867,1.6453,1030317.6422
2025-09-08,600605.SH,房产服务,33.38,0.0217324762779309,-0.0402645959160197,1.7295,-0.1814615007356547,-0.5178276926479477,0.0048842124183054,0.2056343820686818,-13.442373348589236,204.7413,4.863,688570.748
2025-09-08,600651.SH,电器仪表,7.0,-0.0553306342780026,0.1693667157584684,2.8663,0.0385756676557862,-0.3168978088600181,0.0027461754015183,0.1413387607417458,-14.377933607850071,364.1428,7.0752,1754919.6105
2025-09-08,600653.SH,汽车服务,2.13,-0.0138888888888889,0.0837209302325581,4.5104,0.1036269430051812,0.9290392905339188,0.0043929898425288,0.183492972219164,-12.935018844561538,227.6354,5.4498,414579.0075
2025-09-09,000001.SZ,银行,11.75,0.0042735042735042,-0.0110450297366184,0.4434,-0.0470397404703973,-0.2663360047572067,0.1907705221389191,1.9301293186643504,-16.94235678686257,5.2419,0.5181,22801953.8827
2025-09-09,000007.SZ,其他商业,7.6,-0.0026246719160105,-0.0131061598951506,1.2766,0.0160427807486629,-0.2413919628393543,0.02153960810837,0.0693668884094866,-12.481051295349571,46.4261,14.4161,263300.5134
2025-09-09,000009.SZ,电气设备,11.2,0.0008936550491509,-0.0136612021857923,3.9913,0.2173913043478261,0.8235662701784199,0.0076373014969874,0.3476567932137394,-14.876323931056394,130.9363,2.8764,2888719.6408
2025-09-09,000017.SZ,服饰,7.5,0.0997067448680351,-0.0220689655172413,17.9263,0.1278195488721805,0.3445829041751869,0.0057456041818805,0.0700147731171277,-13.155582849463253,174.0461,14.2827,516888.6998
2025-09-09,600601.SH,元器件,8.56,-0.0775862068965516,0.2858672376873661,9.2261,0.4219269102990035,0.0523132143909315,0.0076613147275751,0.1238098775520311,-15.11251565275522,130.5259,8.0769,3658323.9113
2025-09-09,600602.SH,软件服务,20.05,-0.0285852713178293,0.0345508390918065,2.1554,-0.0869763205828779,-0.3354441998109567,0.0067246601356767,0.1739765827519616,-14.824265706952929,148.7064,5.7479,2742185.2773
2025-09-09,600603.SH,区域地产,9.29,-0.0251836306400839,-0.0215285252960171,2.0547,0.1072705601907031,0.1249614361897486,0.0455898644613329,0.6532958777030117,-13.918611024804672,21.9347,1.5307,1108602.7813
2025-09-09,600604.SH,园区开发,5.53,0.0054545454545456,0.0454545454545454,1.6649,-0.0281195079086116,-0.4217468107587681,0.0023513151728722,0.6045218232378189,-13.850817426432918,425.2939,1.6542,1035937.5566
2025-09-09,600605.SH,房产服务,34.77,0.0416417016177352,-0.0420023014959723,2.673,-0.1006207966890841,-0.3670741137918217,0.0046889579728696,0.1974138781956371,-13.483171376332214,213.267,5.0655,717244.0056
2025-09-09,600651.SH,电器仪表,6.79,-0.03,0.1929307805596465,2.344,0.0366412213740459,-0.378339004013869,0.0028311087896019,0.1457109968089291,-14.347474400374177,353.2185,6.8629,1702272.0222
2025-09-09,600653.SH,汽车服务,2.15,0.0093896713615022,0.0491071428571427,5.215,0.1139896373056994,0.7335365274412393,0.0043521252297922,0.1817884346197895,-12.944364707137964,229.7728,5.5009,418471.7682
2025-09-10,000001.SZ,银行,11.77,0.0017021276595743,-0.0177215189873416,0.4085,-0.0399673735725938,-0.338838004101162,0.1904435430116742,1.9267822736030829,-16.944057467540382,5.2509,0.519,22840765.719
2025-09-10,000007.SZ,其他商业,7.63,0.0039473684210526,-0.0235910878112712,1.4641,0.0200534759358288,-0.2684271681816489,0.0214549456868049,0.069094175361017,-12.484990893611494,46.6093,14.473,264339.8576
2025-09-10,000009.SZ,电气设备,10.98,-0.019642857142857,-0.0264357338195078,2.719,0.2039473684210528,0.8402699548640731,0.0077903279961796,0.3546225043441257,-14.856485588847322,128.3643,2.8199,2831976.9336
2025-09-10,000017.SZ,服饰,7.25,-0.0333333333333333,-0.0266479663394109,24.4908,0.1119631901840492,0.5174812903715367,0.005943727168658,0.0724286035040958,-13.121681297640803,168.2446,13.8067,499659.0764
2025-09-10,600601.SH,元器件,9.34,0.0911214953271026,0.1528724440116846,13.1829,0.4480620155038759,0.0953614181760367,0.0070215054669441,0.1134700268923963,-15.19972171484519,142.4196,8.8129,3991675.8565
2025-09-10,600602.SH,软件服务,20.26,0.0104738154613466,0.0014319809069212,1.7307,-0.0991551800800354,-0.3730353273680411,0.0066549583765628,0.1721733441228629,-14.834685052000944,150.2639,5.8081,2770906.4198
2025-09-10,600603.SH,区域地产,9.29,0.0,-0.0225806451612904,1.252,0.0789779326364692,0.0898595713229859,0.0455898644613329,0.6532958777030117,-13.918611024804672,21.9347,1.5307,1108602.7813
2025-09-10,600604.SH,园区开发,5.5,-0.0054249547920434,0.0287769784172662,1.1237,-0.028268551236749,-0.4474604043755893,0.0023641405273499,0.60779189205616,-13.845377703148683,422.9867,1.6453,1030317.6422
2025-09-10,600605.SH,房产服务,34.76,-0.0002876042565431,-0.0262390670553935,1.2195,-0.0735607675906184,-0.2668164974878572,0.0046903061222096,0.1974723538704581,-13.482883730750066,213.2057,5.064,717037.7232
2025-09-10,600651.SH,电器仪表,6.79,0.0,0.265625,1.4475,0.0642633228840126,-0.4266485732269746,0.0028311087896019,0.1457109968089291,-14.347474400374177,353.2185,6.8629,1702272.0222
2025-09-10,600653.SH,汽车服务,2.24,0.0418604651162792,0.0545454545454544,7.9793,0.1606217616580312,0.5308435408900716,0.0041772629904524,0.1744835287548855,-12.985372730739458,239.3912,5.7312,435989.191
2025-09-11,000001.SZ,银行,11.85,0.0067969413763806,-0.0264505119453924,0.4967,-0.0286885245901639,-0.3794798166657464,0.189157492528279,1.9138755980861248,-16.950831413850047,5.2866,0.5225,22996013.0646
2025-09-11,000007.SZ,其他商业,7.63,0.0,-0.0449141347424042,1.6617,0.0480769230769231,-0.3415421937135643,0.0214549456868049,0.069094175361017,-12.484990893611494,46.6093,14.473,264339.8576
2025-09-11,000009.SZ,电气设备,10.97,-0.0009107468123861,-0.0852372583479789,2.1058,0.2270693512304251,0.7739566223221905,0.0077974290316996,0.3549497746068931,-14.855574427040716,128.2474,2.8173,2829397.7196
2025-09-11,000017.SZ,服饰,7.13,-0.016551724137931,-0.0722222222222223,14.41,0.1140624999999999,0.5734045501783525,0.0060437641046344,0.0736480067166982,-13.104991063191443,165.4598,13.5781,491388.8572
2025-09-11,600601.SH,元器件,10.27,0.0995717344753746,0.0336283185840706,8.8448,0.6726384364820848,0.0176280650450435,0.0063856715746938,0.1031949145546107,-15.29464248652322,156.6006,9.6904,4389133.9449
2025-09-11,600602.SH,软件服务,20.95,0.0340572556762091,-0.0103773584905659,3.7714,-0.0516070620190131,-0.3482505580845025,0.006435772598411,0.1665029387768694,-14.868175199550656,155.3815,6.0059,2865275.8882
2025-09-11,600603.SH,区域地产,9.3,0.001076426264801,-0.0709677419354838,0.7911,0.0763888888888888,0.0038906308985431,0.0455408660961914,0.6526137179403511,-13.91968687209216,21.9583,1.5323,1109796.1104
2025-09-11,600604.SH,园区开发,5.56,0.0109090909090907,-0.0089285714285713,1.3433,-0.0211267605633802,-0.4202599438312324,0.0023386282214896,0.6012506012506013,-13.856227719149707,427.6011,1.6632,1041557.471
2025-09-11,600605.SH,房产服务,34.3,-0.0132336018411968,-0.016364177328176,1.6248,-0.0691994572591588,-0.1952022713884247,0.0047532086535015,0.2001200720432259,-13.469561784572749,210.3842,4.997,707548.7315
2025-09-11,600651.SH,电器仪表,7.04,0.036818851251841,0.2661498708010337,2.5646,0.1447154471544713,-0.4399332808138573,0.0027305722514878,0.1405362864691663,-14.383631628987372,366.2236,7.1156,1764947.7226
2025-09-11,600653.SH,汽车服务,2.2,-0.0178571428571429,0.0663716814159294,5.0655,0.170212765957447,0.3789494360286896,0.0042532124513645,0.1776546039190605,-12.967354225161715,235.1164,5.6289,428203.6697
2025-09-12,000001.SZ,银行,11.72,-0.010970464135021,-0.017167381974249,0.4846,-0.0298013245033111,-0.3385883144683806,0.191255785487511,1.934984520123839,-16.939800330421015,5.2286,0.5168,22743736.1281
2025-09-12,000007.SZ,其他商业,7.57,-0.0078636959370903,-0.0530503978779841,1.4705,0.0327421555252387,-0.3754271093240945,0.0216249881062565,0.0696417627722992,-12.477096115628058,46.2428,14.3592,262261.1693
2025-09-12,000009.SZ,电气设备,11.38,0.0373746581586145,-0.0504124656278643,5.2293,0.2410032715376227,0.7470810751419941,0.0075165024811974,0.3421610894409088,-14.89226758146375,133.0406,2.9226,2935145.4922
2025-09-12,000017.SZ,服饰,7.2,0.0098176718092566,-0.050919377652051,16.8624,0.1214953271028038,0.6760167629737661,0.0059850063620617,0.0729320127776886,-13.114760854926876,167.0842,13.7114,496213.1518
2025-09-12,600601.SH,元器件,11.3,0.1002921129503409,-0.0536462699077955,8.1363,0.6740740740740743,-0.0821327859647504,0.0058036149556835,0.0937883946240492,-15.390218188310142,172.3064,10.6623,4829329.4623
2025-09-12,600602.SH,软件服务,21.2,0.0119331742243435,-0.0246445497630333,3.9471,-0.0527256478999106,-0.3140637956959525,0.0063598788315885,0.1645386336711859,-14.8800377348692,157.2357,6.0776,2899467.7246
2025-09-12,600603.SH,区域地产,9.3,0.0,-0.0529729729729729,0.7939,0.0437710437710439,-0.0677337374311376,0.0455408660961914,0.6526137179403511,-13.91968687209216,21.9583,1.5323,1109796.1104
2025-09-12,600604.SH,园区开发,5.6,0.0071942446043165,-0.0214285714285712,1.5227,-0.0311418685121108,-0.3787028051977023,0.0023219240949081,0.5969436485195797,-13.863396208613231,430.6773,1.6752,1049050.6902
2025-09-12,600605.SH,房产服务,33.61,-0.0201166180758016,0.0257716511836978,1.4974,-0.0841961852861036,-0.1267959366582035,0.0048507897085645,0.2042275094455223,-13.44924007214018,206.152,4.8965,693315.2439
2025-09-12,600651.SH,电器仪表,7.74,0.0994318181818181,0.1297229219143576,3.475,0.2524271844660195,-0.3908476507451052,0.0024836211394903,0.1278265649167209,-14.47842514639124,402.6379,7.8231,1940439.6836
2025-09-12,600653.SH,汽车服务,2.26,0.0272727272727271,-0.0343347639484978,6.3082,0.1957671957671958,0.3052049482018779,0.0041402964286631,0.1729385722191477,-12.994261678079573,241.5286,5.7824,439881.9516
2025-09-15,000001.SZ,银行,11.65,-0.0059726962457338,-0.0223367697594502,0.4331,-0.0355960264900662,-0.3413019626079944,0.1924075962519,1.9466614755693985,-16.93380972628325,5.1973,0.5137,22607894.7007
2025-09-15,000007.SZ,其他商业,7.54,-0.0039630118890356,-0.0637450199203187,1.3893,0.002659574468085,-0.3820298339814666,0.0217110005297484,0.0699188242450515,-12.473125230320944,46.0596,14.3023,261221.8252
2025-09-15,000009.SZ,电气设备,10.91,-0.0413005272407733,-0.0572483841181901,3.3241,0.1655982905982906,0.5042532968734104,0.0078403085945462,0.3569006745422749,-14.850089952594994,127.546,2.8019,2813922.4358
2025-09-15,000017.SZ,服饰,7.07,-0.0180555555555554,-0.0479548660084625,10.1078,0.0860215053763442,0.7264587295079434,0.0060950560562305,0.0742726847347351,-13.096540308669116,164.0674,13.4639,487253.7476
2025-09-15,600601.SH,元器件,11.93,0.0557522123893803,-0.0532889258950874,14.6454,0.6056527590847913,-0.0609972521803352,0.0054971392887141,0.0888359821262003,-15.444471698705506,181.9128,11.2567,5098575.2642
2025-09-15,600602.SH,软件服务,21.1,-0.0047169811320754,0.0009541984732823,3.0895,-0.0810104529616724,-0.3123580730339641,0.0063900213426712,0.1653193142554845,-14.87530959369058,156.494,6.0489,2885790.9901
2025-09-15,600603.SH,区域地产,9.25,-0.0053763440860216,-0.0209020902090208,0.9161,0.028921023359288,-0.0600782485909993,0.0457869168463803,0.6561249261859458,-13.914296023506964,21.8403,1.5241,1103829.4647
2025-09-15,600604.SH,园区开发,5.6,0.0,-0.0504347826086956,1.4581,-0.0311418685121108,-0.3508562979999178,0.0023219240949081,0.5969436485195797,-13.863396208613231,430.6773,1.6752,1049050.6902
2025-09-15,600605.SH,房产服务,33.37,-0.0071407319250224,0.03003003003003,1.1415,-0.0735702387562466,-0.1381162341590736,0.004885677587296,0.2056978298878946,-13.44207372316096,204.6799,4.8615,688364.4656
2025-09-15,600651.SH,电器仪表,7.94,0.0258397932816538,0.1197530864197531,4.93,0.2931596091205213,-0.3125587232987271,0.0024210612964299,0.1246059337345644,-14.50393673404878,413.042,8.0253,1990580.2439
2025-09-15,600653.SH,汽车服务,2.33,0.0309734513274337,-0.0680851063829788,6.165,0.2135416666666667,0.3222987595785234,0.0040159094267851,0.1677430176968883,-13.024765132554464,249.0096,5.9615,453506.6139
2025-09-16,000001.SZ,银行,11.64,-0.0008583690987123,-0.0103092783505155,0.3649,-0.0348258706467661,-0.3596885952396631,0.1925706252768202,1.9485580670303968,-16.932950988574742,5.1929,0.5132,22588488.7825
2025-09-16,000007.SZ,其他商业,7.53,-0.0013262599469495,-0.0711409395973154,1.8747,-0.0105124835742443,-0.3020279044986846,0.0217398393425872,0.0700113418373776,-12.47179808989834,45.9985,14.2834,260875.3771
2025-09-16,000009.SZ,电气设备,10.83,-0.0073327222731439,-0.0365168539325843,2.047,0.1632653061224489,0.3072701925073413,0.0078982266111789,0.3595440980836299,-14.842730213770034,126.6107,2.7813,2793288.7241
2025-09-16,000017.SZ,服饰,7.09,0.0028288543140027,-0.0489913544668588,9.266,0.0791476407914764,0.5235092397103513,0.0060778598153789,0.0740631017627018,-13.099365169374432,164.5316,13.502,488632.1175
2025-09-16,600601.SH,元器件,12.01,0.0067057837384745,-0.0777027027027027,10.9852,0.5740498034076016,-0.0232679052058031,0.0054605212504375,0.0882441185295,-15.45115509868834,183.1327,11.3322,5132765.2073
2025-09-16,600602.SH,软件服务,20.96,-0.0066350710900474,-0.0252621544327932,2.1427,-0.0886956521739129,-0.2921197977815762,0.0064327049009492,0.1664225802156836,-14.868652412651052,155.4556,6.0088,2866643.5617
2025-09-16,600603.SH,区域地产,9.09,-0.0172972972972973,-0.0429042904290429,1.01,0.0111234705228031,-0.2374220507360652,0.046592894583576,0.6676904587033451,-13.896847380187166,21.4625,1.4977,1084736.1983
2025-09-16,600604.SH,园区开发,5.75,0.0267857142857144,-0.0716783216783216,2.148,-0.0416666666666666,-0.2641849854329784,0.0022613521574317,0.5813615487471658,-13.889829465719515,442.2133,1.7201,1077150.2623
2025-09-16,600605.SH,房产服务,33.3,-0.002097692538208,0.0383233532934133,1.1862,-0.0790929203539823,-0.2679194748743168,0.0048959464500961,0.2061303155855131,-13.439973827388526,204.2506,4.8513,686920.4886
2025-09-16,600651.SH,电器仪表,8.1,0.0201511335012594,0.0370370370370369,3.5331,0.2577639751552794,-0.2523305782412177,0.0023732376633766,0.1221448638084768,-14.523887520497771,421.3653,8.187,2030692.6922
2025-09-16,600653.SH,汽车服务,2.35,0.0085836909871244,-0.0905172413793103,4.8332,0.1989795918367347,0.2797368948106298,0.0039817318144353,0.1663146340246478,-13.033312193057858,251.147,6.0127,457399.3745
2025-09-17,000001.SZ,银行,11.64,0.0,0.0043821209465382,0.3974,-0.0356255178127589,-0.3562011520175095,0.1925706252768202,1.9485580670303968,-16.932950988574742,5.1929,0.5132,22588488.7825
2025-09-17,000007.SZ,其他商业,7.45,-0.0106241699867197,-0.0359612724757953,1.8686,-0.0248691099476439,-0.2537190791582578,0.0219732892695639,0.0707633955107701,-12.46111708067816,45.5098,14.1316,258103.7928
2025-09-17,000009.SZ,电气设备,10.68,-0.0138504155124653,0.0874159462055714,1.7511,0.1230283911671923,0.2128505633342001,0.008009156067216,0.364590928977687,-14.828782986280132,124.8571,2.7428,2754600.5146
2025-09-17,000017.SZ,服饰,6.94,-0.0211565585331452,0.0074850299401199,7.7618,0.0146198830409356,0.2297055321800809,0.0062092286523614,0.0756641420064617,-13.077981603338788,161.0506,13.2163,478294.3435
2025-09-17,600601.SH,元器件,11.84,-0.0141548709408826,-0.0796232876712328,9.0301,0.5620052770448549,-0.0888495141155916,0.0055389233994588,0.0895110904241035,-15.436899092048195,180.5405,11.1718,5060111.5782
2025-09-17,600602.SH,软件服务,20.98,0.0009541984732823,0.0028598665395613,2.0893,-0.1057118499573742,-0.2506881562394909,0.0064265700110537,0.1662648599218555,-14.86960615616287,155.604,6.0145,2869378.9086
2025-09-17,600603.SH,区域地产,9.09,0.0,0.0046296296296295,0.712,0.0088790233074362,-0.3199681167121565,0.046592894583576,0.6676904587033451,-13.896847380187166,21.4625,1.4977,1084736.1983
2025-09-17,600604.SH,园区开发,5.72,-0.0052173913043478,0.0522522522522521,1.4764,-0.0561056105610561,-0.1939315422391128,0.0022732123969183,0.5844193793466191,-13.884598416313164,439.9061,1.7111,1071530.3479
2025-09-17,600605.SH,房产服务,33.4,0.003003003003003,0.0722928009679371,1.4469,-0.0631136044880785,-0.2371682492630834,0.0048812894804794,0.2055118272056557,-13.442972330399163,204.8639,4.8659,688983.3129
2025-09-17,600651.SH,电器仪表,8.91,0.1,-0.0846938775510204,3.9499,0.2584745762711864,-0.112937865125463,0.0021574889245306,0.1110407852804335,-14.619197700293144,463.5018,9.0057,2233761.9614
2025-09-17,600653.SH,汽车服务,2.32,-0.0127659574468086,-0.1286307053941908,4.176,0.1372549019607842,0.1289100372505995,0.0040332192066738,0.1684664499065011,-13.020464050471638,247.9409,5.9359,451560.2335
2025-09-18,000001.SZ,银行,11.41,-0.0197594501718213,-0.0043668122270741,0.7143,-0.0609053497942386,-0.2963632356182499,0.1964520755161778,1.9876764062810568,-16.912993710143382,5.0903,0.5031,22142152.6639
2025-09-18,000007.SZ,其他商业,7.23,-0.0295302013422817,-0.0322128851540615,2.6159,-0.073076923076923,-0.1538242663998751,0.0226419024632125,0.0729165907118846,-12.431142084331968,44.1659,13.7143,250481.9358
2025-09-18,000009.SZ,电气设备,10.41,-0.0252808988764045,0.1660231660231661,2.0622,0.0957894736842106,0.1866008619376722,0.0082168863588182,0.3740415186085655,-14.803177035395258,121.7006,2.6735,2684961.7376
2025-09-18,000017.SZ,服饰,6.68,-0.037463976945245,-0.0134128166915051,9.5722,-0.0118343195266272,0.1223220687773241,0.0064509012231553,0.0786089362638744,-13.039797816277236,155.0171,12.7212,460375.5352
2025-09-18,600601.SH,元器件,11.68,-0.0135135135135134,-0.0487156775907882,10.7577,0.6290097629009763,-0.060150362744857,0.0056148010647908,0.0907375145180023,-15.423293439990791,178.1007,11.0208,4991731.692
2025-09-18,600602.SH,软件服务,20.98,0.0,0.0422740524781342,4.2888,-0.1045667947076397,-0.226682904400343,0.0064265700110537,0.1662648599218555,-14.86960615616287,155.604,6.0145,2869378.9086
2025-09-18,600603.SH,区域地产,8.64,-0.0495049504950494,-0.0125570776255706,1.7591,-0.0248306997742662,-0.1762185494045115,0.0490196078431372,0.7024445068839562,-13.846075054810862,20.4,1.4236,1031036.3865
2025-09-18,600604.SH,园区开发,5.55,-0.0297202797202796,0.063868613138686,1.9927,-0.0901639344262295,-0.0774711169886024,0.0023428421486673,0.6023370678231539,-13.854427538649364,426.832,1.6602,1039684.1662
2025-09-18,600605.SH,房产服务,33.06,-0.0101796407185628,0.0224948875255623,1.2513,-0.0567760342368044,-0.257298023499408,0.0049314892851066,0.2076239514990449,-13.432740522789455,202.7785,4.8164,681969.7103
2025-09-18,600651.SH,电器仪表,9.8,0.0998877665544333,-0.0167224080267558,6.0515,0.3630041724617525,0.0578057744300728,0.0019615539351812,0.1009560538297679,-14.714405844471283,509.7999,9.9053,2456887.4547
2025-09-18,600653.SH,汽车服务,2.41,0.038793103448276,-0.08,11.4429,0.1871921182266012,0.2848809813006154,0.0038826010165425,0.1621744348220946,-13.058523612399815,257.5593,6.1662,469077.6564
2025-09-19,000001.SZ,银行,11.45,0.0035056967572304,0.0017574692442881,0.4301,-0.0505804311774461,-0.2906365110885416,0.1957675065092695,1.9805902158843327,-16.91649327627001,5.1081,0.5049,22219776.3367
2025-09-19,000007.SZ,其他商业,7.14,-0.012448132780083,-0.0156028368794325,2.8912,-0.0822622107969152,-0.0103272104904554,0.0229273135378908,0.0738356123925691,-12.418615824496014,43.6161,13.5436,247363.9034
2025-09-19,000009.SZ,电气设备,10.36,-0.0048030739673391,0.1449559255631731,1.3417,0.0882352941176469,-0.1412365309581452,0.0082565406250696,0.3758550702848981,-14.798362389571713,121.1161,2.6606,2672065.6677
2025-09-19,000017.SZ,服饰,6.71,0.0044910179640718,-0.0296296296296296,5.9752,-0.013235294117647,-0.1043844413471269,0.0064220631263117,0.0782576712082201,-13.044278779714862,155.7132,12.7783,462443.09
2025-09-19,600601.SH,元器件,11.29,-0.0333904109589041,-0.1116974494283201,7.1521,0.4309252217997465,-0.0803549093046483,0.0058087560026232,0.0938711524561387,-15.38933284075072,172.1539,10.6529,4825055.7194
2025-09-19,600602.SH,软件服务,20.58,-0.01906577693041,-0.0276453765490944,2.3567,-0.1257434154630416,-0.2762453055307615,0.0065514785704411,0.1694972710939354,-14.85035628360069,152.6373,5.8998,2814671.9704
2025-09-19,600603.SH,区域地产,8.76,0.0138888888888888,-0.0067415730337079,1.0292,-0.0045454545454546,-0.1438511237506212,0.0483481842839392,0.6928086462519052,-13.85986837693124,20.6833,1.4434,1045356.3363
2025-09-19,600604.SH,园区开发,5.48,-0.0126126126126124,0.119047619047619,1.3517,-0.1001642036124793,-0.0484288501006404,0.0023727691521028,0.610016470444702,-13.841734711877976,421.4485,1.6393,1026571.0326
2025-09-19,600605.SH,房产服务,34.23,0.0353901996370233,-0.0102040816326528,3.2287,-0.0194786594099112,-0.0774741347757697,0.0047629276573206,0.2005293976096896,-13.467518882947283,209.9549,4.9868,706104.7545
2025-09-19,600651.SH,电器仪表,8.97,-0.0846938775510204,-0.0507166482910695,8.371,0.1354430379746836,0.2804448908409456,0.002143057671825,0.1102973616871084,-14.625909134885474,466.623,9.0664,2248804.1295
2025-09-19,600653.SH,汽车服务,2.25,-0.066390041493776,-0.050228310502283,7.5532,0.1029411764705883,0.2670918698433298,0.0041586975624625,0.1737076153418565,-12.989827081050102,240.4599,5.7568,437935.5713
2025-09-22,000001.SZ,银行,11.38,-0.0061135371179038,-0.0130208333333333,0.3073,-0.0859437751004015,-0.2577879465969376,0.196970592290571,1.9928258270227184,-16.91036097496731,5.0769,0.5018,22083934.9093
2025-09-22,000007.SZ,其他商业,7.05,-0.0126050420168066,0.0404624277456648,2.2103,-0.0735873850197109,0.0932366078348607,0.0232200119350861,0.0747780960001196,-12.405930664951496,43.0663,13.3729,244245.871
2025-09-22,000009.SZ,电气设备,10.21,-0.0144787644787643,0.1681243926141886,1.1036,0.064650677789364,-0.3201576498225825,0.0083778406115823,0.3813737080965638,-14.78377778494521,119.3625,2.6221,2633377.4583
2025-09-22,000017.SZ,服饰,6.75,0.0059612518628913,-0.0015151515151514,4.9622,0.0014836795252224,-0.2106375741721398,0.0063840042389788,0.0777937687191256,-13.050222333762434,156.6415,12.8545,465199.8298
2025-09-22,600601.SH,元器件,11.37,0.0070859167404782,-0.0448717948717949,4.8683,0.4141791044776119,-0.2247579485888147,0.0057678875169647,0.0932114128053838,-15.396393770352452,173.3737,10.7283,4859245.6625
2025-09-22,600602.SH,软件服务,20.98,0.0194363459669584,0.0024449877750611,2.0835,-0.1265611990008326,-0.2751209786230317,0.0064265700110537,0.1662648599218555,-14.86960615616287,155.604,6.0145,2869378.9086
2025-09-22,600603.SH,区域地产,8.9,0.0159817351598174,0.0390804597701148,0.7906,0.0348837209302326,-0.1355172765263478,0.0475875491936289,0.6819421713038735,-13.875723748707491,21.0139,1.4664,1062062.9444
2025-09-22,600604.SH,园区开发,5.46,-0.0036496350364964,0.1129943502824859,1.0421,-0.1092985318107667,-0.0144221453287197,0.0023814604258432,0.6122573930080206,-13.838078400682717,419.9104,1.6333,1022824.423
2025-09-22,600605.SH,房产服务,34.3,0.0020449897750511,-0.0190311418685119,1.2024,-0.0261215218625781,-0.0579658837623588,0.0047532086535015,0.2001200720432259,-13.469561784572749,210.3842,4.997,707548.7315
2025-09-22,600651.SH,电器仪表,9.07,0.0111482720178373,-0.0692640692640693,4.6177,0.2632311977715877,0.2987896319927918,0.0021194294241658,0.1090821825163077,-14.636995722919604,471.8251,9.1674,2273874.4096
2025-09-22,600653.SH,汽车服务,2.19,-0.0266666666666667,0.009478672985782,3.7875,0.0735294117647058,0.1645063783067064,0.0042726333136364,0.1784662609533667,-12.96279840866531,234.0477,5.6033,426257.2894
2025-09-23,000001.SZ,银行,11.52,0.0123022847100173,-0.0104712041884817,0.6913,-0.0679611650485436,-0.1468153347550839,0.1945790282723327,1.968503937007874,-16.922588201538137,5.1393,0.508,22355617.7641
2025-09-23,000007.SZ,其他商业,6.92,-0.0184397163120567,0.0459110473457675,2.3502,-0.1047865459249677,0.1604739624475908,0.023656209045188,0.0761829304526027,-12.387318817638567,42.2722,13.1263,239742.0464
2025-09-23,000009.SZ,电气设备,10.29,0.007835455435847,0.1007067137809187,1.737,0.0763598326359831,-0.3580821785834711,0.0083127108830842,0.3784008778900367,-14.791582702606956,120.2977,2.6427,2654011.17
2025-09-23,000017.SZ,服饰,6.6,-0.0222222222222222,-0.0193164933135217,4.9063,-0.0222222222222222,-0.3017789771026342,0.0065290942970972,0.0795620902552351,-13.027749477900604,153.1606,12.5688,454862.0558
2025-09-23,600601.SH,元器件,10.92,-0.0395778364116093,0.0567441860465116,8.1517,0.3805309734513273,-0.272616235388237,0.0060055731719035,0.0970525151159292,-15.35601143290982,166.512,10.3037,4666927.2326
2025-09-23,600602.SH,软件服务,20.45,-0.0252621544327932,-0.0261406844106464,2.8731,-0.135672020287405,-0.2099071779142872,0.0065931269289016,0.1705727834066796,-14.844019435688985,151.6731,5.8626,2796892.2155
2025-09-23,600603.SH,区域地产,8.7,-0.0224719101123597,0.0345622119815669,1.1704,-0.0191657271702367,-0.1052439718694064,0.0486814625858619,0.6975933031042902,-13.852995497649417,20.5417,1.4335,1038196.3614
2025-09-23,600604.SH,园区开发,5.31,-0.0274725274725274,0.0205479452054795,1.5675,-0.1252059308072488,-0.0607508532423209,0.0024487333192286,0.6295643414756988,-13.81022144613998,408.3744,1.5884,994724.8509
2025-09-23,600605.SH,房产服务,34.68,0.0110787172011661,-0.0476727785613541,2.4647,-0.006872852233677,0.0539556292809393,0.0047011259196577,0.1979257382630037,-13.480579582309934,212.715,5.0524,715387.4638
2025-09-23,600651.SH,电器仪表,9.24,0.0187431091510474,-0.0312151616499444,4.8679,0.2887029288702929,0.3413647657017393,0.0020804358929282,0.1070744060047327,-14.655565344465618,480.6685,9.3393,2316493.8859
2025-09-23,600653.SH,汽车服务,2.11,-0.0365296803652968,-0.0047619047619048,4.156,0.0292682926829268,0.1227444736616585,0.0044346291319656,0.1852332086096395,-12.925584812410488,225.498,5.3986,410686.2469
2025-09-24,000001.SZ,银行,11.46,-0.0052083333333332,0.0,0.5872,-0.0497512437810945,-0.0535666311346835,0.1955951961819818,1.9790223629527013,-16.917366257556445,5.1126,0.5053,22239182.2549
2025-09-24,000007.SZ,其他商业,6.97,0.0072254335260115,0.0680173661360346,1.8103,-0.0743691899070385,0.167051494935005,0.023486528127466,0.0756366716838992,-12.394518273114157,42.5776,13.2211,241474.2867
2025-09-24,000009.SZ,电气设备,11.32,0.1000971817298348,0.0173841059602648,3.8154,0.200424178154825,-0.231562765561295,0.0075563400715736,0.3439735828288387,-14.886981225537232,132.3392,2.9072,2919670.2084
2025-09-24,000017.SZ,服饰,6.73,0.0196969696969697,0.0407854984894258,5.1599,0.0322085889570553,-0.3546812351172965,0.0064029750783404,0.0780250304297618,-13.047254972461488,156.1774,12.8164,463821.4599
2025-09-24,600601.SH,元器件,10.75,-0.0155677655677655,0.0223463687150837,5.0814,0.2356321839080462,-0.312089232482595,0.0061005442905616,0.09858724478227,-15.340321217162147,163.9198,10.1433,4594273.6035
2025-09-24,600602.SH,软件服务,21.04,0.0288508557457212,-0.0233100233100232,2.713,-0.1000855431993156,-0.111361488358234,0.0064082435645214,0.1657907389293234,-14.872461941053793,156.049,6.0317,2877584.9493
2025-09-24,600603.SH,区域地产,8.68,-0.0022988505747125,0.021965317919075,0.6062,0.0046296296296295,-0.104255434805334,0.0487935787650345,0.6992029086841002,-13.850694000663134,20.4945,1.4302,1035809.7031
2025-09-24,600604.SH,园区开发,5.84,0.0998116760828626,0.0583190394511148,3.6268,0.0017152658662091,0.1885779504945275,0.0022265025496793,0.5724098454493417,-13.905360407717488,449.1349,1.747,1094010.0055
2025-09-24,600605.SH,房产服务,35.45,0.0222029988465974,-0.0651428571428571,3.0285,0.0582089552238807,0.2171999912867317,0.0045990142472862,0.1936258374317468,-13.502539683329752,217.4379,5.1646,731271.2108
2025-09-24,600651.SH,电器仪表,8.97,-0.0292207792207791,-0.0566893424036281,3.2719,0.2943722943722946,0.3153150973299299,0.002143057671825,0.1102973616871084,-14.625909134885474,466.623,9.0664,2248804.1295
2025-09-24,600653.SH,汽车服务,2.1,-0.0047393364928909,0.0096618357487923,2.386,0.0447761194029852,0.0613248646227757,0.004455746197132,0.1861157640052112,-12.920834209693632,224.4293,5.373,408739.8666
2025-09-25,000001.SZ,银行,11.4,-0.0052356020942408,0.0026315789473683,0.3985,-0.0562913907284767,-0.1287921842439987,0.1966258995634905,1.989258006763477,-16.91211690166976,5.0858,0.5027,22122746.7457
2025-09-25,000007.SZ,其他商业,6.91,-0.0086083213773313,0.0561959654178674,1.2797,-0.0835543766578249,0.0600826107615224,0.0236904510898792,0.0762933632403317,-12.385872685972071,42.2111,13.1073,239395.5984
2025-09-25,000009.SZ,电气设备,12.08,0.0671378091872791,0.0393498716852012,8.4749,0.2783068783068785,0.104257793777045,0.0070809393857426,0.3223310985043837,-14.951961345255594,141.2242,3.1024,3115690.4697
2025-09-25,000017.SZ,服饰,6.62,-0.0163447251114413,0.0854961832061069,4.3861,0.0153374233128835,-0.4618323563606381,0.0065093699125205,0.0793216413234022,-13.030775198672348,153.6247,12.6069,456240.4256
2025-09-25,600601.SH,元器件,10.74,-0.0009302325581395,0.0227722772277227,5.4071,0.1920088790233074,-0.3794616135402631,0.0061062251133162,0.0986786923099695,-15.339390551666355,163.7673,10.1339,4589999.8606
2025-09-25,600602.SH,软件服务,21.45,0.019486692015209,-0.0093137254901959,4.0148,-0.0918712955122778,-0.105925802112435,0.0062857541553549,0.1626201356251931,-14.891761198573782,159.0899,6.1493,2933659.561
2025-09-25,600603.SH,区域地产,8.65,-0.0034562211981565,-0.0045248868778279,0.6842,-0.0125570776255706,-0.2729033079960933,0.0489629644137174,0.7016559079427449,-13.847231792889238,20.4236,1.4252,1032229.7156
2025-09-25,600604.SH,园区开发,5.83,-0.0017123287671232,0.0261865793780686,5.9347,-0.0135363790186124,0.4903990014630881,0.0022303212621655,0.573394495412844,-13.903646611243358,448.3659,1.744,1092136.7007
2025-09-25,600605.SH,房产服务,35.0,-0.0126939351198872,-0.0362297496318115,2.1172,0.0752688172043012,0.3394140793370503,0.0046581435062218,0.1961168856638556,-13.489764491847868,214.6778,5.099,721988.5015
2025-09-25,600651.SH,电器仪表,8.82,-0.0167224080267558,-0.008130081300813,3.1307,0.1574803149606298,0.2200699576783709,0.0021795044199259,0.1121742739520118,-14.60904532879989,458.8199,8.9147,2211198.7092
2025-09-25,600653.SH,汽车服务,2.07,-0.0142857142857144,0.0192307692307691,2.8102,0.0402010050251255,-0.251136347186636,0.0045203236009259,0.1888110567754848,-12.906445472120978,221.2231,5.2963,402900.7256
2025-09-26,000001.SZ,银行,11.4,0.0,0.0026385224274407,0.3882,-0.0539419087136929,-0.0999023076266443,0.1966258995634905,1.989258006763477,-16.91211690166976,5.0858,0.5027,22122746.7457
2025-09-26,000007.SZ,其他商业,6.94,0.0043415340086832,0.0055555555555555,1.3558,-0.0820105820105818,-0.0849023054491507,0.0235880766989901,0.0759635982437216,-12.390204822578188,42.3943,13.1642,240434.9425
2025-09-26,000009.SZ,电气设备,11.69,-0.0322847682119206,-0.0108153078202993,4.211,0.1928571428571426,0.2659139996073041,0.0073171731126083,0.3330890680167876,-14.919143928244296,136.6648,3.0022,3015101.1251
2025-09-26,000017.SZ,服饰,6.55,-0.0105740181268882,0.1153262518968132,2.8156,0.0076923076923076,-0.5259333345417749,0.0065789343836821,0.0801693175987686,-13.020144878438188,152.0003,12.4736,451416.1311
2025-09-26,600601.SH,元器件,10.1,-0.0595903165735568,-0.0249280920421859,5.624,0.1635944700460829,-0.3967527250438988,0.0064931565376671,0.1049317943336831,-15.27795088644808,154.0083,9.53,4316480.3159
2025-09-26,600602.SH,软件服务,20.4,-0.0489510489510489,-0.0185365853658535,3.1353,-0.1206896551724138,-0.0475740603279573,0.0066092892238182,0.1709927841045107,-14.841571454041404,151.3022,5.8482,2790053.8482
2025-09-26,600603.SH,区域地产,8.84,0.021965317919075,-0.0431415929203538,0.9022,0.0461538461538462,-0.2814338108089406,0.0479106179511503,0.6865774116031583,-13.8689593486247,20.8722,1.4565,1054902.9695
2025-09-26,600604.SH,园区开发,6.11,0.0480274442538593,0.0338409475465313,8.6915,0.0589254766031197,0.9248027346137612,0.0021281137229923,0.5471357443781802,-13.95055638405532,469.8997,1.8277,1144589.2352
2025-09-26,600605.SH,房产服务,33.95,-0.0299999999999999,-0.0584950029394474,1.5632,-0.0061475409836063,0.2331608064985764,0.0048022113222696,0.2021835826930853,-13.459305284427414,208.2374,4.946,700328.8465
2025-09-26,600651.SH,电器仪表,8.61,-0.0238095238095239,0.0325581395348839,2.6736,0.0857503152585119,-0.0114529327336588,0.0022326626489158,0.11490950876185,-14.584947777227448,447.8957,8.7025,2158551.1209
2025-09-26,600653.SH,汽车服务,2.08,0.0048309178743961,-0.0234741784037557,2.0544,0.0666666666666666,-0.4506157662185517,0.0044985914910041,0.1879063474764177,-12.911264758515165,222.2918,5.3218,404847.1059
2025-09-29,000001.SZ,银行,11.37,-0.0026315789473685,0.0202821869488536,0.606,-0.0437342304457528,0.0483927940657009,0.1971453355413611,1.9948134849391583,-16.90948185403148,5.0724,0.5013,22064528.9911
2025-09-29,000007.SZ,其他商业,7.2,0.0374639769452449,-0.0013717421124828,3.0523,-0.056356487549148,-0.017520582007547,0.0227362638861731,0.0732203786957986,-12.426984074311392,43.9826,13.6574,249442.5917
2025-09-29,000009.SZ,电气设备,12.02,0.0282292557741659,-0.0834670947030498,5.4361,0.2340862422997947,0.4589309016174976,0.0071162879734021,0.3239390994493035,-14.94698208185273,140.5227,3.087,3100215.1859
2025-09-29,000017.SZ,服饰,6.59,0.0061068702290076,0.0939393939393939,3.3654,-0.0134730538922155,-0.5538439665858144,0.0065390035212533,0.0796825447417488,-13.026233177235186,152.9285,12.5498,454172.8708
2025-09-29,600601.SH,元器件,10.43,0.0326732673267327,-0.1470070422535211,4.4762,0.1349292709466811,-0.3802101304257815,0.0062877144975204,0.1016115593309894,-15.3101017315974,159.0403,9.8414,4457513.8311
2025-09-29,600602.SH,软件服务,20.5,0.0049019607843137,-0.0409956076134699,1.7159,-0.1205491205491204,-0.0258007327340688,0.0065770478131644,0.1701577362214773,-14.84646143935343,152.0439,5.8769,2803730.5828
2025-09-29,600603.SH,区域地产,9.04,0.0226244343891401,-0.0445434298440979,0.8842,0.0272727272727271,-0.2386176730261596,0.0468504767036004,0.671366230278617,-13.89133164636036,21.3445,1.4895,1078769.5525
2025-09-29,600604.SH,园区开发,5.91,-0.0327332242225859,0.0553691275167784,4.9693,0.029616724738676,1.1081106363075874,0.0022001309517942,0.565642853102551,-13.91727544236078,454.5184,1.7679,1107123.1392
2025-09-29,600605.SH,房产服务,34.02,0.002061855670103,-0.0740521327014217,1.4626,0.0041322314049587,0.2726418847572411,0.0047923292061794,0.2017674831524151,-13.46136501738602,208.6668,4.9562,701772.8235
2025-09-29,600651.SH,电器仪表,8.6,-0.0011614401858304,-0.0046029919447639,1.8632,0.0604192355117139,-0.1245718336457757,0.0022352587479645,0.1150430260917583,-14.58378566205422,447.3755,8.6924,2156044.0929
2025-09-29,600653.SH,汽车服务,2.13,0.0240384615384614,0.0047846889952154,2.1746,0.0703517587939697,-0.5075108833016337,0.0043929898425288,0.183492972219164,-12.935018844561538,227.6354,5.4498,414579.0075
2025-09-30,000001.SZ,银行,11.34,-0.0026385224274405,0.0,0.429,-0.0534223706176961,-0.0219055159672737,0.1976675232259339,2.0,-16.906839844568363,5.059,0.5,22006311.2365
2025-09-30,000007.SZ,其他商业,7.29,0.0124999999999999,-0.018970189701897,2.7015,-0.029294274300932,0.0273233400397345,0.0224555604458776,0.0723165149225128,-12.439406594324796,44.5324,13.8281,252560.6241
2025-09-30,000009.SZ,电气设备,12.46,0.0366056572379369,-0.0561432058584214,5.3124,0.2636916835699798,0.6066791172928585,0.006864991700225,0.3125,-14.982933666117765,145.6666,3.2,3213700.6004
2025-09-30,000017.SZ,服饰,6.6,0.0015174506828528,0.0449927431059506,2.9596,-0.0236686390532544,-0.5807187527871627,0.0065290942970972,0.0795620902552351,-13.027749477900604,153.1606,12.5688,454862.0558
2025-09-30,600601.SH,元器件,11.36,0.0891658676893576,-0.081967213114754,12.3505,0.2894438138479001,-0.2957736843005456,0.0057729621010811,0.0932931550812116,-15.395513875880331,173.2213,10.7189,4854971.9196
2025-09-30,600602.SH,软件服务,20.49,-0.0004878048780488,-0.0539379474940333,1.8175,-0.0622425629290619,-0.0488902299411612,0.0065802590911214,0.1702417432754511,-14.845973515443829,151.9697,5.874,2802362.9093
2025-09-30,600603.SH,区域地产,8.98,-0.0066371681415927,-0.0226244343891401,0.8622,0.0112612612612612,-0.2779399566470675,0.0471635821683928,0.6758583400919167,-13.884672354275956,21.2028,1.4796,1071609.5776
2025-09-30,600604.SH,园区开发,5.96,0.0084602368866328,0.0081037277147486,2.6354,0.058614564831261,1.15611098371933,0.002181673636023,0.5608839531101015,-13.925700092001849,458.3637,1.7829,1116489.6632
2025-09-30,600605.SH,房产服务,33.76,-0.0076425631981189,-0.0427872860635696,1.1325,0.0171738475444411,0.1286296987065762,0.0048292381393911,0.2033181522446324,-13.453693100080466,207.072,4.9184,696409.4803
2025-09-30,600651.SH,电器仪表,8.69,0.0104651162790696,0.0757211538461537,2.8781,0.1344647519582245,-0.2220522225772353,0.0022121089516749,0.1138524244873794,-14.594196398055994,452.0573,8.7833,2178607.345
2025-09-30,600653.SH,汽车服务,2.09,-0.0187793427230047,0.0095693779904306,1.9113,-0.045662100456621,-0.5689310162242631,0.0044770653373961,0.1870067696450611,-12.916060930983116,223.3606,5.3474,406793.4863
2025-10-09,000001.SZ,银行,11.4,0.0052910052910053,0.0096237970253718,0.5398,-0.0297872340425531,-0.0248384366031427,0.1966258995634905,1.989258006763477,-16.91211690166976,5.0858,0.5027,22122746.7457
2025-10-09,000007.SZ,其他商业,7.38,0.0123456790123457,-0.0190995907230558,3.1754,0.0095759233926129,0.1271280393164933,0.0221817036435666,0.0714346944023773,-12.451676686931098,45.0822,13.9988,255678.6565
2025-10-09,000009.SZ,电气设备,12.29,-0.0136436597110756,-0.0567901234567901,3.717,0.2553626149131767,0.5550051114935584,0.006959949665644,0.3168266641320533,-14.96919607633802,143.6792,3.1563,3169853.963
2025-10-09,000017.SZ,服饰,6.89,0.0439393939393939,0.0182841068917019,9.4651,0.0376506024096385,-0.4773670362393376,0.006254288096276,0.0762131223754106,-13.070750913771905,159.8903,13.1211,474848.4188
2025-10-09,600601.SH,元器件,10.98,-0.033450704225352,-0.0367860600193611,8.2261,0.2039473684210528,-0.2207510905714161,0.0059727558713683,0.0965213698312806,-15.36149089866976,167.4269,10.3604,4692569.6899
2025-10-09,600602.SH,软件服务,20.95,0.0224499755978526,-0.020286986640277,2.7942,-0.0009537434430137,-0.0401353155879995,0.006435772598411,0.1665029387768694,-14.868175199550656,155.3815,6.0059,2865275.8882
2025-10-09,600603.SH,区域地产,8.84,-0.0155902004454343,-0.0340909090909091,0.9096,-0.0296377607025246,-0.1993167845464969,0.0479106179511503,0.6865774116031583,-13.8689593486247,20.8722,1.4565,1054902.9695
2025-10-09,600604.SH,园区开发,6.17,0.0352348993288591,-0.0303030303030302,5.5442,0.1383763837638376,1.135938232964464,0.00210741893655,0.5417998591320367,-13.96032844885524,474.5141,1.8457,1155829.0641
2025-10-09,600605.SH,房产服务,32.72,-0.0308056872037914,0.0006112469437653,1.813,-0.0051687442991791,-0.0499653507793138,0.004982732341072,0.2097843416967357,-13.42240294211078,200.6931,4.7668,674956.1077
2025-10-09,600651.SH,电器仪表,8.32,-0.0425776754890677,0.0761124121779859,2.9139,0.1093333333333332,-0.2424683728646144,0.0023104842613277,0.118914548005803,-14.550685713637463,432.8097,8.4094,2085847.3085
2025-10-09,600653.SH,汽车服务,2.09,0.0,-0.0330188679245284,2.2073,-0.0047619047619048,-0.5447992958500643,0.0044770653373961,0.1870067696450611,-12.916060930983116,223.3606,5.3474,406793.4863
2025-10-10,000001.SZ,银行,11.43,0.0026315789473683,0.0,0.5606,-0.0264054514480409,0.0537281960812972,0.1961091935989959,1.984126984126984,-16.9147450240763,5.0992,0.504,22180964.5003
2025-10-10,000007.SZ,其他商业,7.33,-0.0067750677506774,-0.0276243093922652,2.3784,-0.0121293800539082,0.2428226876921455,0.0223330437481994,0.071921749136939,-12.44487856429678,44.7767,13.904,253946.4163
2025-10-10,000009.SZ,电气设备,12.15,-0.0113913751017086,-0.0916736753574432,3.3065,0.2448770491803278,0.2410816486970561,0.0070401464350458,0.3204820049354229,-14.95773932254988,142.0425,3.1203,3133744.9675
2025-10-10,000017.SZ,服饰,7.11,0.0319303338171264,-0.0176870748299319,15.2991,0.0643712574850301,-0.2570703902841194,0.0060607640077892,0.0738552437223042,-13.102182072714914,164.9957,13.54,490010.4874
2025-10-10,600601.SH,元器件,10.33,-0.0591985428051001,-0.0589970501474925,5.6438,0.1792237442922375,-0.1845516399064674,0.0063485815681631,0.1025956704627064,-15.300467745732034,157.5155,9.747,4414776.4023
2025-10-10,600602.SH,软件服务,20.21,-0.0353221957040572,-0.0482107355864812,2.6879,0.0034756703078451,-0.127830774420925,0.006671421166151,0.172598294728848,-14.832214084623043,149.8931,5.7938,2764068.0526
2025-10-10,600603.SH,区域地产,8.8,-0.0045248868778279,-0.0393063583815028,1.0679,-0.0486486486486485,-0.1022946684131373,0.0481282907718815,0.6896551724137931,-13.864424193463188,20.7778,1.45,1050129.6529
2025-10-10,600604.SH,园区开发,6.27,0.0162074554294975,-0.0360065466448445,4.7765,0.1568265682656826,0.9219747666301406,0.0020738076435572,0.5331627212625294,-13.976405965548276,482.2048,1.8756,1174562.1121
2025-10-10,600605.SH,房产服务,32.72,0.0,0.0412113643459257,0.5924,-0.0051687442991791,-0.2153869601728523,0.004982732341072,0.2097843416967357,-13.42240294211078,200.6931,4.7668,674956.1077
2025-10-10,600651.SH,电器仪表,8.54,0.0264423076923074,-0.0281531531531531,2.837,0.1811894882434299,-0.2570258007719914,0.0022509635249368,0.115852033782453,-14.576784466590563,444.2542,8.6317,2141001.9248
2025-10-10,600653.SH,汽车服务,2.12,0.0143540669856461,-0.0288461538461538,3.1734,-0.0139534883720929,-0.510255265786733,0.0044137112823729,0.1843589838132812,-12.930312953565084,226.5667,5.4242,412632.6272
2025-10-13,000001.SZ,银行,11.4,-0.0026246719160104,-0.0129645635263613,0.6023,-0.0273037542662116,0.1220541825484649,0.1966258995634905,1.989258006763477,-16.91211690166976,5.0858,0.5027,22122746.7457
2025-10-13,000007.SZ,其他商业,7.24,-0.0122783083219645,-0.0123626373626373,2.6144,-0.0346666666666666,0.3442116442985421,0.0226106224704366,0.0728157107177444,-12.432524254782248,44.227,13.7333,250828.3839
2025-10-13,000009.SZ,电气设备,11.89,-0.0213991769547324,-0.0490367775831874,2.6894,0.1543689320388348,0.1724386889754754,0.0071940945116972,0.3274823159549384,-14.936107863462926,139.0029,3.0536,3066685.4044
2025-10-13,000017.SZ,服饰,7.35,0.0337552742616031,-0.0041551246537395,16.063,0.0840707964601767,-0.0151079362095436,0.0058628606538731,0.0714433704124425,-13.135380142137835,170.5652,13.9971,506550.9258
2025-10-13,600601.SH,元器件,10.17,-0.015488867376573,0.0061919504643963,4.0967,0.0549792531120332,-0.1727373993511396,0.0064484635568306,0.1042090015735559,-15.284857672659216,155.0757,9.5961,4346396.5161
2025-10-13,600602.SH,软件服务,20.12,-0.0044532409698169,-0.0305343511450381,1.8767,-0.0103295622233151,-0.2024777504017925,0.006701267544756,0.1733703190013869,-14.827750898437309,149.2255,5.768,2751758.9915
2025-10-13,600603.SH,区域地产,8.65,-0.0170454545454545,0.0,0.8778,-0.0894736842105262,-0.0836780716557892,0.0489629644137174,0.7016559079427449,-13.847231792889238,20.4236,1.4252,1032229.7156
2025-10-13,600604.SH,园区开发,6.11,-0.0255183413078148,0.0302066772655007,3.0726,0.1170018281535649,0.4671014824376465,0.0021281137229923,0.5471357443781802,-13.95055638405532,469.8997,1.8277,1144589.2352
2025-10-13,600605.SH,房产服务,32.03,-0.0210880195599021,0.0339091490722969,1.2288,-0.019589837771656,-0.2585071464493915,0.0050900739485943,0.2143025523433984,-13.401089393999197,196.4608,4.6663,660722.6201
2025-10-13,600651.SH,电器仪表,8.88,0.0398126463700236,0.0196531791907514,3.4483,0.1983805668016194,-0.225906223624006,0.0021647776816616,0.1114156472134946,-14.615825015789852,461.9412,8.9754,2226240.8773
2025-10-13,600653.SH,汽车服务,2.08,-0.0188679245283018,-0.0285714285714285,2.11,-0.037037037037037,-0.4855953272294638,0.0044985914910041,0.1879063474764177,-12.911264758515165,222.2918,5.3218,404847.1059
2025-10-14,000001.SZ,银行,11.57,0.0149122807017543,0.0026315789473683,0.9499,-0.011111111111111,0.2045616675298782,0.1937383756974581,1.9600156801254407,-16.92691908747642,5.1616,0.5102,22452647.3551
2025-10-14,000007.SZ,其他商业,7.28,0.0055248618784531,0.0193370165745856,2.2116,-0.0446194225721784,0.2562319188524096,0.0224864125851953,0.0724160155259937,-12.438033910290924,44.4713,13.8091,252214.176
2025-10-14,000009.SZ,电气设备,11.42,-0.039529015979815,-0.0568965517241379,2.7693,0.0205540661304737,0.0600842069519138,0.0074901710230749,0.3409594599202155,-14.895776356973023,133.5083,2.9329,2945462.348
2025-10-14,000017.SZ,服饰,7.22,-0.0176870748299319,0.0013888888888888,16.1158,0.0586510263929618,0.1869504524185294,0.0059684246462514,0.0727299174515437,-13.117534781676738,167.5484,13.7495,497591.5216
2025-10-14,600601.SH,元器件,9.69,-0.0471976401179941,0.0148809523809523,4.8839,0.0441810344827586,-0.1241914706883049,0.0067678917678748,0.1093708985913028,-15.236509888495869,147.7565,9.1432,4141256.8575
2025-10-14,600602.SH,软件服务,19.65,-0.0233598409542744,-0.0317860746720484,2.1081,-0.0479651162790698,-0.1545936064849153,0.0068615483632805,0.1775189945324149,-14.804113891515806,145.7397,5.6332,2687478.3391
2025-10-14,600603.SH,区域地产,8.58,-0.008092485549133,-0.0046296296296297,0.8064,-0.0996852046169989,-0.0897493938570809,0.0493624835252711,0.7073636556553724,-13.839106385500871,20.2583,1.4137,1023876.4116
2025-10-14,600604.SH,园区开发,6.29,0.0294599018003272,0.0498392282958199,4.3712,0.1436363636363635,0.3529287901673426,0.0020672138030346,0.5314625850340137,-13.979590681609029,483.7429,1.8816,1178308.7217
2025-10-14,600605.SH,房产服务,31.26,-0.0240399625351233,0.0363984674329502,1.2834,-0.0635110844817256,-0.2701489836540202,0.0052154529699136,0.2195823543620034,-13.37675575542312,191.7379,4.5541,644838.8731
2025-10-14,600651.SH,电器仪表,8.65,-0.0259009009009009,0.0223463687150839,3.2265,0.2357142857142857,-0.1544324639410791,0.0022223382776656,0.1143785242882796,-14.589582779750074,449.9765,8.7429,2168579.233
2025-10-14,600653.SH,汽车服务,2.1,0.0096153846153845,0.0047393364928911,2.8164,-0.0140845070422533,-0.4466642664511002,0.004455746197132,0.1861157640052112,-12.920834209693632,224.4293,5.373,408739.8666
2025-10-15,000001.SZ,银行,11.4,-0.0146931719965427,-0.0017331022530329,0.655,-0.0297872340425531,0.2667094315777381,0.1966258995634905,1.968503937007874,-16.91211690166976,5.0858,0.508,22122746.7457
2025-10-15,000007.SZ,其他商业,7.24,-0.0054945054945054,0.0250347705146036,1.2615,-0.0473684210526315,0.1183503292712802,0.0226106224704366,0.0728157107177444,-12.432524254782248,44.227,13.7333,250828.3839
2025-10-15,000009.SZ,电气设备,11.6,0.0157618213660244,-0.0636998254799302,2.071,0.0357142857142858,-0.1074914371747737,0.0073739460787566,0.3356718472021752,-14.911415250867664,135.6126,2.9791,2991888.1994
2025-10-15,000017.SZ,服饰,7.2,-0.002770083102493,-0.0290055248618784,10.2744,-0.0399999999999999,0.3843651512444477,0.0059850063620617,0.0729320127776886,-13.114760854926876,167.0842,13.7114,496213.1518
2025-10-15,600601.SH,元器件,10.08,0.0402476780185758,0.0773869346733668,4.1437,0.1775700934579438,-0.3064534880360001,0.0065060369516874,0.1051403097433524,-15.275968725238068,153.7034,9.5111,4307932.8301
2025-10-15,600602.SH,软件服务,19.82,0.0086513994910941,-0.0404040404040404,1.419,-0.0114713216957605,-0.1730427384189976,0.0068026979500069,0.1759943681802182,-14.812728082089386,147.0005,5.682,2710728.7878
2025-10-15,600603.SH,区域地产,8.64,0.006993006993007,0.0235294117647058,0.6515,-0.0699677072120558,-0.0662351298399055,0.0490196078431372,0.7024445068839562,-13.846075054810862,20.4,1.4236,1031036.3865
2025-10-15,600604.SH,园区开发,6.22,-0.0111287758346582,0.1529605263157893,3.0303,0.1247739602169981,0.3485887348468754,0.0020904779773371,0.5374321491911646,-13.968399517671646,478.3595,1.8607,1165195.5881
2025-10-15,600605.SH,房产服务,31.32,0.0019193857965451,0.0363469761759314,0.7042,-0.0992234685073339,-0.279006835699537,0.005205462195591,0.2191588682636042,-13.378673301437717,192.1059,4.5629,646076.5676
2025-10-15,600651.SH,电器仪表,8.95,0.0346820809248553,-0.0163220892274211,3.3669,0.3181148748159057,-0.1395823657044632,0.0021478465904868,0.1105448756922873,-14.62367699107038,465.5826,9.0461,2243790.0734
2025-10-15,600653.SH,汽车服务,2.11,0.0047619047619047,0.0390243902439024,1.7185,-0.0186046511627907,-0.4329479693830759,0.0044346291319656,0.1852332086096395,-12.925584812410488,225.498,5.3986,410686.2469
2025-10-16,000001.SZ,银行,11.54,0.0122807017543857,0.0201754385964911,0.6503,-0.0195412064570943,0.2794085996350537,0.1942388749684362,1.944768572539868,-16.924322807350524,5.1483,0.5142,22394429.6005
2025-10-16,000007.SZ,其他商业,7.19,-0.0069060773480662,0.0497159090909089,1.3702,-0.0576671035386631,-0.052934875491954,0.0227678927176895,0.0733223838573439,-12.425594219797636,43.9215,13.6384,249096.1436
2025-10-16,000009.SZ,电气设备,11.46,-0.0120689655172412,0.0194444444444443,1.3865,0.0437158469945355,-0.2347815743301514,0.0074640289783461,0.3397777853283952,-14.899272864045322,133.9759,2.9431,2955779.2039
2025-10-16,000017.SZ,服饰,7.24,0.0055555555555555,-0.0083102493074791,13.0795,-0.0013793103448275,0.5498672373219027,0.0059519380998437,0.0725289390466796,-13.120301035237912,168.0125,13.7876,498969.8915
2025-10-16,600601.SH,元器件,9.95,-0.0128968253968254,0.1128526645768024,2.4952,0.0653104925053533,-0.4134270159627367,0.0065910410615267,0.1065132875326196,-15.262988013772649,151.7211,9.3885,4252374.1726
2025-10-16,600602.SH,软件服务,19.8,-0.0010090817356205,0.0005221932114882,1.5147,-0.0227048371174728,-0.2672351980960809,0.0068095677150223,0.1761742010499982,-14.811718490891725,146.8522,5.6762,2707993.4409
2025-10-16,600603.SH,区域地产,8.5,-0.0162037037037037,0.0517448856799036,0.7007,-0.0850376749192679,-0.0841324831383574,0.0498268516903759,0.7140307033202428,-13.829738635505546,20.0695,1.4005,1014329.7784
2025-10-16,600604.SH,园区开发,6.08,-0.022508038585209,0.1494057724957556,2.3693,0.1054545454545454,0.1200696710173967,0.0021386142848741,0.5498130635583901,-13.94563430686024,467.5925,1.8188,1138969.3208
2025-10-16,600605.SH,房产服务,32.74,0.0453384418901661,0.0050974512743628,2.348,-0.0581127733026466,-0.2379655730451114,0.0049796903329769,0.20965239632689,-13.423014002233332,200.8157,4.7698,675368.6725
2025-10-16,600651.SH,电器仪表,9.19,0.0268156424581005,0.0023174971031285,3.9201,0.3534609720176729,-0.1145815901511246,0.0020917548254169,0.1076576916037766,-14.650139395168864,478.0675,9.2887,2303958.7458
2025-10-16,600653.SH,汽车服务,2.05,-0.028436018957346,0.0643564356435644,2.1355,-0.0848214285714287,-0.3946301264415692,0.0045644238761361,0.190654134334903,-12.896736658078767,219.0857,5.2451,399007.965
2025-10-17,000001.SZ,银行,11.4,-0.0121317157712304,0.0122591943957968,0.5358,-0.0379746835443037,0.2654956366077423,0.1966258995634905,1.968503937007874,-16.91211690166976,5.0858,0.508,22122746.7457
2025-10-17,000007.SZ,其他商业,7.04,-0.0208623087621697,0.026425591098748,1.4592,-0.0773263433813892,-0.1372342226845021,0.0232530019625533,0.0748844906731366,-12.404511218477555,43.0052,13.3539,243899.423
2025-10-17,000009.SZ,电气设备,10.8,-0.0575916230366492,0.0101289134438307,2.0828,-0.0154968094804011,-0.3111449654993166,0.0079201647394265,0.3605422555523507,-14.83995628688552,126.26,2.7736,2785551.0822
2025-10-17,000017.SZ,服饰,7.22,-0.0027624309392265,-0.0445062586926287,11.3591,0.0126227208976157,0.488498051530821,0.0059684246462514,0.0727299174515437,-13.117534781676738,167.5484,13.7495,497591.5216
2025-10-17,600601.SH,元器件,9.57,-0.0381909547738692,0.2020512820512821,2.7585,-0.0681596884128529,-0.4708088967338761,0.0068527555272612,0.1107431975990874,-15.224048668068804,145.9267,9.0299,4089971.9429
2025-10-17,600602.SH,软件服务,19.15,-0.0328282828282829,0.0073490813648293,1.7842,-0.0859188544152744,-0.3100214064853722,0.0070407015918322,0.1821526803766917,-14.778339268808343,142.0313,5.4899,2619094.6663
2025-10-17,600603.SH,区域地产,8.31,-0.0223529411764705,0.0279720279720279,0.8132,-0.1064516129032258,-0.1420261430625049,0.0509663214547826,0.7303534910896874,-13.8071320808465,19.6208,1.3692,991656.5245
2025-10-17,600604.SH,园区开发,5.89,-0.0312500000000001,0.0046296296296295,2.3304,0.0593525179856115,-0.0503227906132554,0.0022076015226269,0.5675691015381122,-13.913885608613633,452.9803,1.7619,1103376.5296
2025-10-17,600605.SH,房产服务,33.35,0.0186316432498472,0.0380569306930691,1.7419,-0.0276967930029152,-0.0989554429193336,0.0048886057842961,0.2058206067591487,-13.441474202698284,204.5573,4.8586,687951.9007
2025-10-17,600651.SH,电器仪表,8.63,-0.0609357997823719,-0.028344671201814,2.8458,0.2258522727272729,-0.1173881250484101,0.0022274885000337,0.1146434016990152,-14.587267963869294,448.9361,8.7227,2163565.1769
2025-10-17,600653.SH,汽车服务,2.02,-0.0146341463414633,0.0294117647058824,1.5627,-0.0818181818181819,-0.4518926953736174,0.0046322116587208,0.1934872201691078,-12.881994376217497,215.8796,5.1683,393168.824
2025-10-20,000001.SZ,银行,11.42,0.0017543859649122,0.0078740157480314,0.4909,-0.0255972696245734,0.223231673794948,0.1962824111331383,1.9654088050314464,-16.913869750497355,5.0947,0.5088,22161558.5821
2025-10-20,000007.SZ,其他商业,7.19,0.0213068181818181,-0.0094850948509485,1.4635,-0.0501981505944517,-0.2484637344558958,0.0227678927176895,0.0733223838573439,-12.425594219797636,43.9215,13.6384,249096.1436
2025-10-20,000009.SZ,电气设备,10.86,0.0055555555555555,-0.0045703839122485,1.3009,-0.0456942003514939,-0.3586575886846658,0.0078764096804225,0.3585514521333811,-14.845496467264704,126.9614,2.789,2801026.366
2025-10-20,000017.SZ,服饰,7.19,-0.0041551246537395,-0.0638002773925103,10.682,-0.0013888888888888,0.4174946896490932,0.0059933282270176,0.0730332155064123,-13.113371000502724,166.8522,13.6924,495523.9668
2025-10-20,600601.SH,元器件,9.75,0.0188087774294669,0.1720430107526882,3.2917,-0.1371681415929204,-0.4757039829401659,0.0067262432451702,0.1086980151742429,-15.242682747597671,148.6714,9.1998,4166899.3148
2025-10-20,600602.SH,软件服务,19.05,-0.0052219321148824,0.0062532569046376,1.319,-0.1014150943396225,-0.3187506665077504,0.0072799701812421,0.1850344164014506,-14.77310365477354,137.3632,5.4044,2605417.9318
2025-10-20,600603.SH,区域地产,8.58,0.0324909747292418,0.013953488372093,0.8422,-0.0774193548387097,-0.1522419244597319,0.0493624835252711,0.7073636556553724,-13.839106385500871,20.2583,1.4137,1023876.4116
2025-10-20,600605.SH,房产服务,32.32,-0.0308845577211395,0.0656192236598891,1.1363,-0.0383814340969949,-0.1003470132850279,0.0050444008159822,0.2123773520791743,-13.41010266396935,198.2396,4.7086,666704.8105
2025-10-20,600651.SH,电器仪表,8.82,0.0220162224797217,-0.0579234972677596,4.1393,0.1395348837209302,-0.0890463374129969,0.0021795044199259,0.1121742739520118,-14.60904532879989,458.8199,8.9147,2211198.7092
2025-10-20,600653.SH,汽车服务,2.04,0.0099009900990099,-0.0141509433962265,1.1519,-0.0973451327433627,-0.466200267326451,0.0045867982771985,0.1915892326851231,-12.891846672827576,218.017,5.2195,397061.5847
2025-10-21,000001.SZ,银行,11.43,0.0008756567425569,-0.0043402777777776,0.3922,-0.0188841201716738,0.0192498363109154,0.1961091935989959,1.9634792852935403,-16.9147450240763,5.0992,0.5093,22180964.5003
2025-10-21,000007.SZ,其他商业,7.38,0.026425591098748,0.0040705563093623,1.5704,-0.0212201591511936,-0.3135220678740988,0.0221817036435666,0.0714346944023773,-12.451676686931098,45.0822,13.9988,255678.6565
2025-10-21,000009.SZ,电气设备,10.94,0.007366482504604,0.0065237651444547,1.6514,0.0027497708524288,-0.4169893181755774,0.0078188100240272,0.3559225512528474,-14.852835949745636,127.8967,2.8096,2821660.0777
2025-10-21,000017.SZ,服饰,7.21,0.0027816411682892,-0.0327169274537696,6.6368,0.0198019801980198,0.2235212230556282,0.0059767040031365,0.0728305597028513,-13.1161487801352,167.3163,13.7305,496902.3367
2025-10-21,600601.SH,元器件,10.23,0.0492307692307691,0.2304104477611939,5.1961,-0.1424979044425817,-0.4259284224041084,0.0064106426925725,0.103597957048287,-15.290740042557225,155.9906,9.6527,4372038.9734
2025-10-21,600602.SH,软件服务,19.19,0.0073490813648293,0.0673684210526317,1.5749,-0.090521327014218,-0.3425251515354368,0.0072268590552905,0.1836850902812218,-14.780425863193695,138.3727,5.4441,2624565.3601
2025-10-21,600603.SH,区域地产,8.6,0.0023310023310023,-0.0597701149425287,0.5114,-0.0702702702702703,-0.1998180887954068,0.04924749822709,0.7057163020465772,-13.84143467525842,20.3056,1.417,1026263.0699
2025-10-21,600605.SH,房产服务,32.46,0.0043316831683168,-0.0648393751842028,0.9835,-0.0272700029967035,-0.1334797607447118,0.0050226445931482,0.2114611968703743,-13.41442499239412,199.0983,4.729,669592.7645
2025-10-21,600651.SH,电器仪表,9.15,0.0374149659863944,-0.0940265486725663,4.4548,0.1523929471032745,-0.0190358454293542,0.0021008990377252,0.1081279802774563,-14.645777338071287,475.9867,9.2483,2293930.6337
2025-10-21,600653.SH,汽车服务,2.12,0.0392156862745098,-0.0234741784037557,2.9386,-0.0901287553648068,-0.4332484843426786,0.0044137112823729,0.1843589838132812,-12.930312953565084,226.5667,5.4242,412632.6272
2025-10-22,000001.SZ,银行,11.52,0.0078740157480314,-0.0206362854686156,0.4296,-0.0103092783505155,-0.0707066950547152,0.1945790282723327,1.948178453146308,-16.922588201538137,5.1393,0.5133,22355617.7641
2025-10-22,000007.SZ,其他商业,7.37,-0.0013550135501354,0.0811907983761841,1.2037,-0.0212483399734395,-0.3079049360862401,0.0222118073525524,0.0715312698946344,-12.450320754300789,45.0211,13.9799,255332.2084
2025-10-22,000009.SZ,电气设备,10.73,-0.0191956124314441,0.019073569482289,1.0123,-0.0092336103416434,-0.4804420565238282,0.007971830738901,0.3628842036506151,-14.833453709381692,125.4417,2.7557,2767496.5844
2025-10-22,000017.SZ,服饰,7.03,-0.0249653259361997,-0.0642458100558659,7.0211,-0.008462623413258,0.162360106803161,0.0061297346070104,0.0746954293866758,-13.090866534648894,163.1392,13.3877,484497.0079
2025-10-22,600601.SH,元器件,10.72,0.0478983382209188,0.2694835680751173,6.8396,-0.1074104912572855,-0.3166647852157802,0.0061176185579182,0.0988630746416213,-15.33752661824443,163.4623,10.115,4581452.3749
2025-10-22,600602.SH,软件服务,19.0,-0.00990099009901,0.0501043841336117,1.1151,-0.0935114503816794,-0.3544500316905061,0.0072991315493282,0.1855218730288301,-14.770475532357674,137.0026,5.3902,2598579.5645
2025-10-22,600603.SH,区域地产,8.7,0.0116279069767442,-0.1006864988558352,0.6752,-0.0429042904290429,-0.1787995039464076,0.0486814625858619,0.6975933031042902,-13.852995497649417,20.5417,1.4335,1038196.3614
2025-10-22,600605.SH,房产服务,33.93,0.0452865064695009,-0.0668257756563246,2.0379,0.0189189189189189,0.0068055445351171,0.0048050402950679,0.2023021990249034,-13.45871600915888,208.1148,4.9431,699916.2816
2025-10-22,600651.SH,电器仪表,9.04,-0.0120218579234974,-0.0508670520231213,3.4095,0.1160493827160493,-0.0152103424032234,0.0021264633257376,0.1094439154655197,-14.633682633216493,470.2644,9.1371,2266353.3256
2025-10-22,600653.SH,汽车服务,2.13,0.0047169811320753,-0.0325581395348836,2.177,-0.0936170212765958,-0.3814292852332434,0.0043929898425288,0.183492972219164,-12.935018844561538,227.6354,5.4498,414579.0075
2025-10-23,000001.SZ,银行,11.63,0.0095486111111111,-0.0155709342560553,0.7076,-0.0008591065292096,-0.0760444247643663,0.1927376455169223,1.92975685063682,-16.932091512801936,5.1884,0.5182,22569082.8643
2025-10-23,000007.SZ,其他商业,7.39,0.0027137042062415,0.1124661246612468,1.7409,-0.0080536912751678,-0.2693165407550765,0.0221516814233784,0.0713378704218921,-12.45303078310682,45.1433,14.0178,256025.1045
2025-10-23,000009.SZ,电气设备,11.01,0.0260950605778191,0.0182315405651776,2.8346,0.0308988764044944,-0.3907675423554426,0.0077690962443411,0.3536568114301882,-14.85921410350226,128.7151,2.8276,2839714.5755
2025-10-23,000017.SZ,服饰,7.16,0.0184921763869132,-0.0276564774381369,10.5715,0.0317002881844379,0.084444298613874,0.0060184405016972,0.0733390537795281,-13.109189809740068,166.156,13.6353,493456.412
2025-10-23,600601.SH,元器件,10.65,-0.0065298507462686,0.1015358361774743,5.0462,-0.1005067567567566,-0.2057000356252225,0.0061578288480734,0.0995123892924669,-15.330975354759238,162.3949,10.049,4551536.1747
2025-10-23,600602.SH,软件服务,19.16,0.0084210526315788,0.0297029702970297,1.4259,-0.0867492850333651,-0.3528126351743568,0.0072381787873589,0.1839723305614835,-14.77886132574158,138.1563,5.4356,2620462.3398
2025-10-23,600603.SH,区域地产,8.74,0.0045977011494253,-0.100907029478458,0.6695,-0.0385038503850384,-0.1840220289653009,0.0484587688565184,0.6943962224845497,-13.857582661652357,20.6361,1.4401,1042969.678
2025-10-23,600605.SH,房产服务,33.52,-0.012083701738874,-0.0643815201192249,1.0404,0.0035928143712575,-0.1421746613969328,0.0048638132295719,0.2047753614285129,-13.446558705960769,205.6,4.8834,691458.702
2025-10-23,600651.SH,电器仪表,8.65,-0.0431415929203538,-0.0501750291715286,2.6507,-0.0291806958473624,-0.0658941210380793,0.0022223382776656,0.1143785242882796,-14.589582779750074,449.9765,8.7429,2168579.233
2025-10-23,600653.SH,汽车服务,2.15,0.0093896713615022,-0.0285714285714285,2.1834,-0.0732758620689655,-0.3586247093712169,0.0043521252297922,0.1817884346197895,-12.944364707137964,229.7728,5.5009,418471.7682
2025-10-24,000001.SZ,银行,11.56,-0.0060189165950129,-0.017361111111111,0.5053,0.0131463628396144,-0.0694949755455056,0.193903668657411,1.9413706076490005,-16.92605440951498,5.1572,0.5151,22433241.4369
2025-10-24,000007.SZ,其他商业,7.38,-0.0013531799729363,0.1354309165526677,1.5186,0.0207468879668049,-0.2430822507326012,0.0221817036435666,0.0714346944023773,-12.451676686931098,45.0822,13.9988,255678.6565
2025-10-24,000009.SZ,电气设备,10.97,-0.0036330608537692,0.0523415977961432,1.7507,0.053794428434198,-0.4103974691618754,0.0077974290316996,0.3549497746068931,-14.855574427040716,128.2474,2.8173,2829397.7196
2025-10-24,000017.SZ,服饰,6.87,-0.0405027932960894,0.0014814814814814,8.6633,0.0284431137724552,0.0267305211444324,0.0062724947342406,0.0764350684093862,-13.067843935119765,159.4262,13.083,473470.049
2025-10-24,600601.SH,元器件,11.72,0.100469483568075,0.0283569641367806,10.8599,0.0034246575342467,0.0715422149071081,0.0055956358516865,0.0904273597019514,-15.42671224674997,178.7107,11.0586,5008826.6636
2025-10-24,600602.SH,软件服务,19.19,0.0015657620041753,0.0352149145520455,1.2658,-0.0853193517635843,-0.3556291215594069,0.0072268590552905,0.1836850902812218,-14.780425863193695,138.3727,5.4441,2624565.3601
2025-10-24,600603.SH,区域地产,8.82,0.0091533180778031,-0.0986238532110092,0.6605,0.0208333333333332,-0.166297447735354,0.0480192076830732,0.6881365262868153,-13.866694341995784,20.825,1.4532,1052516.3112
2025-10-24,600605.SH,房产服务,33.55,0.0008949880668256,-0.0988725065047702,0.955,0.0148215366001207,-0.2324120681374474,0.0048594642926563,0.2045910225459306,-13.447453293783369,205.784,4.8878,692077.5493
2025-10-24,600651.SH,电器仪表,8.57,-0.0092485549132947,-0.0510440835266821,1.7193,-0.1255102040816327,-0.0723987411870346,0.0022430838994129,0.1154454462543724,-14.58029119142539,445.8148,8.6621,2148523.0089
2025-10-24,600653.SH,汽车服务,2.1,-0.0232558139534883,-0.0191387559808612,2.3827,-0.1286307053941908,-0.1883515075687479,0.004455746197132,0.1861157640052112,-12.920834209693632,224.4293,5.373,408739.8666
2025-10-27,000001.SZ,银行,11.52,-0.0034602076124568,-0.003487358326068,0.6387,0.0061135371179039,-0.0336089648005059,0.1928714704520907,1.9833399444664817,-16.922588201538137,5.1848,0.5042,22355617.7641
2025-10-27,000007.SZ,其他商业,7.31,-0.0094850948509485,0.162162162162162,1.5249,0.0238095238095237,-0.2096264848586247,0.0223941094534493,0.0721188518678782,-12.44214632211304,44.6546,13.866,253253.5202
2025-10-27,000009.SZ,电气设备,10.89,-0.0072926162260711,0.0361111111111109,1.6898,0.0511583011583012,-0.3872560948441029,0.0078547067759413,0.3575514874141876,-14.848255089705557,127.3122,2.7968,2808764.0079
2025-10-27,000017.SZ,服饰,6.75,-0.0174672489082969,0.0,6.813,0.0059612518628913,-0.0690274491965946,0.0063840042389788,0.0777937687191256,-13.050222333762434,156.6415,12.8545,465199.8298
2025-10-27,600601.SH,元器件,11.99,0.0230375426621161,-0.0765731614859742,13.6761,0.0620017714791851,0.352144753717408,0.0071045181182973,0.0869157091452709,-15.449488431630805,140.7555,11.5054,5124217.7215
2025-10-27,600602.SH,软件服务,19.31,0.0062532569046376,-0.0147928994082841,1.3698,-0.0617103984450922,-0.33496517961801,0.007181952614913,0.1825417107809134,-14.786659649629764,139.2379,5.4782,2640977.4416
2025-10-27,600603.SH,区域地产,8.72,-0.0113378684807256,-0.0684596577017114,1.4149,-0.004566210045662,-0.0469552991370113,0.0389477865972876,0.7021485746383935,-13.855291709907778,25.6754,1.4242,1040583.0197
2025-10-27,600605.SH,房产服务,34.59,0.0309985096870344,-0.0198550267885281,2.5813,0.0105170902716917,-0.032619074901646,0.0047133571829206,0.1984402595598595,-13.477981053292115,212.163,5.0393,713530.9219
2025-10-27,600651.SH,电器仪表,8.62,0.0058343057176195,-0.0048840048840047,1.7801,-0.0390189520624304,-0.1243093447972595,0.0022300725732517,0.1147763009893717,-14.586108543456476,448.4159,8.7126,2161058.1489
2025-10-27,600653.SH,汽车服务,2.09,-0.0047619047619048,0.0096153846153845,1.9637,-0.0711111111111111,-0.0255119652058217,0.0044770653373961,0.1870067696450611,-12.916060930983116,223.3606,5.3474,406793.4863
2025-10-28,000001.SZ,银行,11.47,-0.0043402777777776,0.0175592625109743,0.4234,0.007908611599297,-0.032481934606854,0.1937158575801014,1.99203187250996,-16.918238477411222,5.1622,0.502,22258588.1731
2025-10-28,000007.SZ,其他商业,7.4,0.0123119015047881,0.0738423028785981,1.4304,0.0496453900709221,-0.208121068825738,0.0221217892988056,0.0712413085603556,-12.454383048575352,45.2043,14.0368,256371.5526
2025-10-28,000009.SZ,电气设备,10.8,-0.0082644628099173,-0.0285204991087344,1.4039,0.0577864838393731,-0.4072722746871852,0.0079201647394265,0.3605422555523507,-14.83995628688552,126.26,2.7736,2785551.0822
2025-10-28,000017.SZ,服饰,6.8,0.0074074074074073,0.007462686567164,4.5723,0.0074074074074073,-0.1154117087884359,0.0063370633288086,0.0772218661436172,-13.057602440920965,157.8018,12.9497,468645.7544
2025-10-28,600601.SH,元器件,13.19,0.1000834028356962,-0.1198224852071005,12.4131,0.1600703605980651,0.4950050320867276,0.0064581627302012,0.079008287969408,-15.544874429331475,154.8428,12.6569,5637066.868
2025-10-28,600602.SH,软件服务,20.28,0.0502330398757122,-0.022365805168986,5.1657,-0.0333651096282172,-0.0531327104686134,0.0068384344635213,0.1738102687106754,-14.835671731899795,146.2323,5.7534,2773641.7667
2025-10-28,600605.SH,房产服务,31.73,-0.0826828563168546,-0.0265345268542199,4.7178,-0.0749271137026238,0.2976302937657087,0.0051381995851417,0.2163284731536364,-13.391679035927584,194.6207,4.6226,654534.1472
2025-10-28,600651.SH,电器仪表,8.19,-0.0498839907192575,0.0121802679658951,2.3349,-0.0970231532524807,-0.2292876523711171,0.0023471583306164,0.1208021261174196,-14.53493735666704,426.0471,8.278,2053255.9443
2025-10-28,600653.SH,汽车服务,2.08,-0.0047846889952152,0.0048076923076922,1.2671,-0.050228310502283,-0.1189270483892697,0.0044985914910041,0.1879063474764177,-12.911264758515165,222.2918,5.3218,404847.1059
2025-10-29,000001.SZ,银行,11.39,-0.006974716652136,0.0123022847100173,0.4979,-0.011284722222222,0.0094100944649713,0.1950762748234559,2.0060180541624875,-16.911239323728307,5.1262,0.4985,22103340.8275
2025-10-29,000007.SZ,其他商业,7.99,0.0797297297297296,0.0803897685749084,6.1501,0.1546242774566475,0.1983582407784303,0.0204882346312629,0.0659809051260565,-12.53109380814634,48.8085,15.1559,276811.9872
2025-10-29,000009.SZ,电气设备,11.22,0.0388888888888889,-0.0179051029543418,1.9814,0.0903790087463558,-0.3439155954517441,0.0076236886302594,0.3470414714558389,-14.878108052839528,131.1701,2.8815,2893878.0687
2025-10-29,000017.SZ,服饰,6.7,-0.0147058823529411,0.0179640718562874,4.9173,0.0151515151515151,-0.1649061008730473,0.0064316457552424,0.0783742054814919,-13.04278735519952,155.4812,12.7593,461753.9051
2025-10-29,600601.SH,元器件,13.52,0.0250189537528431,-0.0844306738962045,11.818,0.2380952380952381,0.6024471479470372,0.006300530252626,0.0770802019501291,-15.56958553320458,158.7168,12.9735,5778100.3832
2025-10-29,600602.SH,软件服务,20.12,-0.0078895463510848,-0.0192307692307693,3.0959,-0.0161369193154032,0.1224910847258466,0.0068928153428555,0.1751927119831814,-14.827750898437309,145.0786,5.708,2751758.9915
2025-10-29,600603.SH,区域地产,8.18,-0.0619266055045872,-0.0305343511450382,3.2274,-0.0808988764044944,0.4040849949307199,0.0415189284794938,0.748502994011976,-13.791364622556198,24.0854,1.336,976143.2455
2025-10-29,600605.SH,房产服务,31.28,-0.0141821619918058,-0.0181586492513539,1.4108,-0.0980392156862745,0.2639564091892548,0.0052121175478446,0.2194378003554892,-13.377395346016966,191.8606,4.5571,645251.4379
2025-10-29,600651.SH,电器仪表,8.21,0.0024420024420026,-0.0073710073710073,1.4879,-0.1114718614718613,-0.3163686217385716,0.0023414405713114,0.120508061989347,-14.537376382251807,427.0875,8.2982,2058270.0003
2025-10-29,600653.SH,汽车服务,2.08,0.0,0.0490196078431373,1.486,-0.0142180094786729,-0.1285850737021453,0.0044985914910041,0.1879063474764177,-12.911264758515165,222.2918,5.3218,404847.1059
2025-10-30,000001.SZ,银行,11.38,-0.0008779631255486,0.0167844522968196,0.4863,-0.0069808027923211,-0.0625407584984341,0.1952476716715153,2.007628990162618,-16.91036097496731,5.1217,0.4981,22083934.9093
2025-10-30,000007.SZ,其他商业,8.21,0.0275344180225283,0.0795180722891566,7.8465,0.1779053084648494,0.5616901646621151,0.019939225241464,0.0642128785349189,-12.558255971589162,50.1524,15.5732,284433.8441
2025-10-30,000009.SZ,电气设备,11.17,-0.0044563279857398,-0.0445026178010472,2.0094,-0.0132508833922261,-0.3809774869375893,0.0076578121936875,0.3485899536375361,-14.87364176583472,130.5856,2.8687,2880981.9989
2025-10-30,000017.SZ,服饰,6.68,-0.0029850746268657,-0.0133136094674556,5.1228,-0.0074294205052006,-0.2927910458636245,0.0087668389058283,0.0813001520312843,-13.039797816277236,114.0662,12.3001,460375.5352
2025-10-30,600601.SH,元器件,12.91,-0.0451183431952662,-0.0194647201946471,9.5209,0.2009302325581394,0.6801652838961341,0.006598229826902,0.0807219773655575,-15.523417667449388,151.5558,12.3882,5517402.0671
2025-10-30,600602.SH,软件服务,19.76,-0.0178926441351888,-0.0295147573786893,1.7754,-0.0608365019011405,0.1795103290689177,0.0070183959175394,0.1783866709479467,-14.809696245518357,142.4827,5.6058,2702522.7471
2025-10-30,600603.SH,区域地产,7.86,-0.0391198044009779,-0.0592686002522068,2.2118,-0.0965517241379309,0.6385404674908655,0.0432092364063742,0.7789982083041208,-13.751459078416024,23.1432,1.2837,937956.7127
2025-10-30,600605.SH,房产服务,31.39,0.0035166240409207,-0.0205325633622072,1.1308,-0.114527503526093,0.3502642193802572,0.005193852763623,0.2186700487634208,-13.380905801164442,192.5353,4.5731,647520.5446
2025-10-30,600651.SH,电器仪表,8.14,-0.0085261875761266,-0.0207823960880195,2.1436,-0.092530657748049,-0.3383358788764193,0.0024326780671691,0.1221568004690821,-14.528813638804309,411.0696,8.1862,2040720.8042
2025-10-30,600653.SH,汽车服务,2.04,-0.0192307692307692,0.0341463414634148,1.5985,-0.0285714285714285,-0.1681172172382793,0.0045867982771985,0.1915892326851231,-12.891846672827576,218.017,5.2195,397061.5847
2025-10-31,000001.SZ,银行,11.32,-0.0052724077328647,0.010498687664042,0.5,-0.0070175438596491,-0.0731290040768782,0.1962824111331383,2.0185708518369,-16.90507461904361,5.0947,0.4954,21967499.4001
2025-10-31,000007.SZ,其他商业,8.3,0.0109622411693057,0.1244186046511628,4.6573,0.2011577424023156,0.7053185654591156,0.0197054818680008,0.0635267511148944,-12.569158562942205,50.7473,15.7414,287551.8765
2025-10-31,000009.SZ,电气设备,11.46,0.025962399283796,0.0,3.2253,-0.0513245033112582,-0.20451682718738,0.0023844228516409,0.3409594599202155,-14.899272864045322,419.3887,2.9329,2955779.2039
2025-10-31,000017.SZ,服饰,6.76,0.0119760479041917,-0.0205882352941175,4.425,0.0211480362537763,-0.3925474836639513,0.008663086501785,0.0803380625672831,-13.051702718861955,115.4323,12.4474,465889.0147
2025-10-31,600601.SH,元器件,12.33,-0.0449264136328427,-0.026272577996716,6.9473,0.1480446927374301,0.5501780018887086,0.0069086108234442,0.084519422563305,-15.477450779775673,144.7469,11.8316,5269524.9797
2025-10-31,600602.SH,软件服务,19.99,0.0116396761133601,-0.0365365365365365,1.6679,-0.0680652680652681,0.2872315026988177,0.0069376417013317,0.1763326338805523,-14.821268701687083,144.1412,5.6711,2733979.2365
2025-10-31,600603.SH,区域地产,7.93,0.0089058524173026,-0.0419847328244274,2.0666,-0.086405529953917,0.7875873391979249,0.0428278363805338,0.7720815318097591,-13.7603255075613,23.3493,1.2952,946310.0167
2025-10-31,600605.SH,房产服务,31.17,-0.0070086014654348,-0.0270096463022507,0.771,-0.1094285714285714,0.3855745753195714,0.0035731283596339,0.2210970837294656,-13.373872524148586,279.8668,4.5229,642982.3312
2025-10-31,600651.SH,电器仪表,8.18,0.0049140049140048,-0.0368098159509203,1.1662,-0.072562358276644,-0.3548499177519963,0.0024207823193805,0.1215598560731304,-14.533715609424045,413.0896,8.2264,2050748.9163
2025-10-31,600653.SH,汽车服务,2.05,0.0049019607843137,0.0,1.6015,-0.0096618357487923,-0.2202981693730071,0.0014493394273225,0.1832005129614363,-12.896736658078767,689.9695,5.4585,399007.965
2025-11-03,000001.SZ,银行,11.43,0.0097173144876323,0.003451251078516,0.4907,0.0026315789473683,-0.135069829506009,0.1943936860930757,1.998800719568259,-16.9147450240763,5.1442,0.5003,22180964.5003
2025-11-03,000007.SZ,其他商业,8.6,0.0361445783132527,0.1410256410256409,5.4528,0.239193083573487,0.8645799107762178,0.0190180957180757,0.0613109507489132,-12.604665251334414,52.5815,16.3103,297945.3178
2025-11-03,000009.SZ,电气设备,11.19,-0.0235602094240838,0.0321100917431191,2.0822,-0.0427715996578271,-0.1388794457776553,0.0024419559285561,0.3491863956980236,-14.87543067506705,409.5078,2.8638,2886140.4268
2025-11-03,000017.SZ,服饰,6.8,0.0059171597633136,0.0059259259259258,4.5497,0.0381679389312976,-0.4513217931584745,0.0086121294954239,0.0798658254133056,-13.057602440920965,116.1153,12.521,468645.7544
2025-11-03,600601.SH,元器件,12.18,-0.0121654501216544,0.0,5.0407,0.2059405940594059,0.3094367332215895,0.0069936916900955,0.0855600331972928,-15.4652107248822,142.986,11.6877,5205418.8364
2025-11-03,600602.SH,软件服务,19.98,-0.0005002501250623,-0.0203355363497713,1.4156,-0.0205882352941175,0.3488326668242985,0.0069411136739245,0.1764197378402695,-14.8207683264153,144.0691,5.6683,2732611.5631
2025-11-03,600603.SH,区域地产,7.86,-0.0088272383354349,0.0236220472440944,1.553,-0.0913294797687861,0.8780000179306267,0.0432092364063742,0.7789982083041208,-13.751459078416024,23.1432,1.2837,937956.7127
2025-11-03,600605.SH,房产服务,31.1,-0.0022457491177414,-0.0223316912972085,0.8624,-0.0839469808541973,0.1883209728068418,0.003581170634544,0.2215919163268923,-13.371624249559227,279.2383,4.5128,641538.3542
2025-11-03,600651.SH,电器仪表,8.15,-0.0036674816625915,-0.0264741275571601,1.1303,-0.0534262485481996,-0.384701878755836,0.0024296931832042,0.1220062711223356,-14.530041386035291,411.5746,8.1963,2043227.8322
2025-11-03,600653.SH,汽车服务,2.1,0.024390243902439,0.0191387559808613,2.2303,0.0096153846153845,-0.1975170628383148,0.0014148313945427,0.1788396881035839,-12.920834209693632,706.798,5.5916,408739.8666
2025-11-04,000001.SZ,银行,11.59,0.0139982502187225,0.0130208333333332,0.7745,0.019349164467898,-0.0232863816408814,0.1917067653317485,1.9712201852946976,-16.928646203622673,5.2163,0.5073,22491459.1915
2025-11-04,000007.SZ,其他商业,8.58,-0.0023255813953487,0.0326944757609921,4.1603,0.1916666666666666,1.0229873540925647,0.0190624332814835,0.0614537499078193,-12.602336961870554,52.4592,16.2724,297252.4218
2025-11-04,000009.SZ,电气设备,10.9,-0.0259159964253797,0.031905195989061,1.473,-0.0931780366056571,-0.0582428775644922,0.002506925381366,0.358487184083169,-14.849172942008227,398.895,2.7895,2811343.2219
2025-11-04,000017.SZ,服饰,6.75,-0.0073529411764705,0.0235294117647058,4.6054,0.0242792109256448,-0.4544856168567598,0.0086759238774438,0.0804569957357792,-13.050222333762434,115.2615,12.429,465199.8298
2025-11-04,600601.SH,元器件,11.9,-0.0229885057471264,-0.0313028764805415,4.3858,0.1409395973154363,0.0803315529621051,0.0071582473747127,0.0875733426744898,-15.441953862705502,139.699,11.419,5085754.0355
2025-11-04,600602.SH,软件服务,19.67,-0.0155155155155154,-0.0098039215686273,1.437,-0.0404878048780487,-0.0275198484091504,0.0070505055917559,0.1792018350267906,-14.805131185597777,141.8338,5.5803,2690213.686
2025-11-04,600603.SH,区域地产,7.62,-0.0305343511450382,0.0183727034120735,1.7734,-0.1380090497737556,0.8692804818071218,0.0445702315423528,0.8035355564483729,-13.720448841700328,22.4365,1.2445,909316.8131
2025-11-04,600605.SH,房产服务,30.45,-0.0209003215434083,-0.0486696950032446,1.2408,-0.1049382716049384,-0.2708988227058244,0.00365761638261,0.2263211497114405,-13.3505024245064,273.4021,4.4185,628129.9963
2025-11-04,600651.SH,电器仪表,8.31,0.0196319018404909,0.0037128712871286,1.8853,-0.033720930232558,-0.4184206853559367,0.0023829120424272,0.1196573014885368,-14.549483067678914,419.6546,8.3572,2083340.2805
2025-11-04,600653.SH,汽车服务,2.09,-0.0047619047619048,0.0046728971962615,1.4472,-0.0187793427230047,-0.1649651798417493,0.0014216009131226,0.1796945193171608,-12.916060930983116,703.4323,5.565,406793.4863
2025-11-05,000001.SZ,银行,11.52,-0.0060396893874029,0.0147697654213727,0.4096,0.0158730158730158,-0.0530230240916692,0.1928714704520907,1.9833399444664817,-16.922588201538137,5.1848,0.5042,22355617.7641
2025-11-05,000007.SZ,其他商业,8.87,0.0337995337995336,0.0714285714285714,3.8298,0.2167352537722906,0.8201855843310841,0.0184391958297914,0.0594445501236446,-12.635577844439576,54.2323,16.8224,307299.415
2025-11-05,000009.SZ,电气设备,10.97,0.0064220183486238,0.0054794520547944,1.9036,-0.1195826645264848,0.0102264944143974,0.0024909286605504,0.3561887800534283,-14.855574427040716,401.4567,2.8075,2829397.7196
2025-11-05,000017.SZ,服饰,6.8,0.0074074074074073,0.0359820089955023,4.4511,0.0303030303030302,-0.4698183554270976,0.0086121294954239,0.0798658254133056,-13.057602440920965,116.1153,12.521,468645.7544
2025-11-05,600601.SH,元器件,11.82,-0.0067226890756302,-0.0744416873449131,3.4145,0.0404929577464789,-0.1029933174085562,0.007206698193569,0.0881655396171852,-15.43520847456514,138.7598,11.3423,5051564.0924
2025-11-05,600602.SH,软件服务,19.38,-0.0147432638535842,-0.0247422680412369,1.3658,-0.0541727672035139,-0.197278056293316,0.0071560088648637,0.1818843215714805,-14.790278159657626,139.7427,5.498,2650551.1558
2025-11-05,600603.SH,区域地产,7.62,0.0,0.0563002680965147,1.5615,-0.1570796460176989,0.5368931998138886,0.0445702315423528,0.8035355564483729,-13.720448841700328,22.4365,1.2445,909316.8131
2025-11-05,600605.SH,房产服务,30.82,0.0121510673234812,-0.0609236816246314,0.8039,-0.0870853080568719,-0.34536271934004,0.003613706354558,0.2236085955144115,-13.362580260285029,276.7242,4.4721,635762.4462
2025-11-05,600651.SH,电器仪表,8.08,-0.0276774969915765,0.0112359550561798,1.2961,-0.0701956271576523,-0.4154899197607201,0.0024507425259705,0.1230632914507931,-14.521415331317888,408.0396,8.1259,2025678.6361
2025-11-05,600653.SH,汽车服务,2.14,0.0239234449760767,0.0047169811320753,3.4394,0.0239234449760767,-0.0077781063737194,0.0013883859846322,0.175497095523069,-12.939702693833388,720.2608,5.6981,416525.3878
2025-11-06,000001.SZ,银行,11.51,-0.0008680555555555,0.0129870129870128,0.395,0.0096491228070174,-0.0735787158873785,0.1930390131845646,1.984914648670107,-16.921719769004092,5.1803,0.5038,22336211.8459
2025-11-06,000007.SZ,其他商业,8.96,0.0101465614430666,-0.0082730093071354,5.6446,0.2140921409214093,0.5965815586384735,0.0182539711514239,0.0588474145388422,-12.645673275118728,54.7826,16.9931,310417.4474
2025-11-06,000009.SZ,电气设备,10.95,-0.0018231540565178,0.0178731009830206,1.2606,-0.1090317331163547,-0.0026526529036268,0.0024954781935133,0.3568497305784534,-14.853749609026709,400.7248,2.8023,2824239.2917
2025-11-06,000017.SZ,服饰,6.67,-0.0191176470588234,0.0510510510510511,6.2533,-0.0319303338171262,-0.4335167414586924,0.0087799781378544,0.0814219529869643,-13.03829968872786,113.8955,12.2817,459686.3503
2025-11-06,600601.SH,元器件,12.09,0.0228426395939085,-0.0539629005059021,5.8846,0.1010928961748633,-0.1999488922631768,0.0070457515879362,0.0861972365165972,-15.457794127223908,141.9295,11.6013,5166955.1504
2025-11-06,600602.SH,软件服务,19.4,0.0010319917440659,0.0103896103896103,1.0324,-0.0739856801909307,-0.2400540409920696,0.0071486322164548,0.1816959499972745,-14.791309619260517,139.8869,5.5037,2653286.5027
2025-11-06,600603.SH,区域地产,7.46,-0.0209973753280839,0.0783532536520583,1.9688,-0.1692650334075723,0.4298269860154708,0.0455261456654556,0.8207485226526593,-13.69922788612398,21.9654,1.2184,890223.5466
2025-11-06,600605.SH,房产服务,30.53,-0.0094094743672938,-0.0508922670191672,0.6705,-0.0669315403422982,-0.3840749829149713,0.0036480320326396,0.2257285388591679,-13.353126237046489,274.1204,4.4301,629780.2557
2025-11-06,600651.SH,电器仪表,8.01,-0.0086633663366336,0.0343949044585987,0.994,-0.0372596153846154,-0.4846864636539894,0.0024721597727195,0.1241387871640494,-14.512714219867556,404.5046,8.0555,2008129.44
2025-11-06,600653.SH,汽车服务,2.12,-0.0093457943925233,0.0285714285714286,2.0012,0.0143540669856461,0.0360855382384923,0.0014014839472627,0.1771510567060532,-12.930312953565084,713.5294,5.6449,412632.6272
2025-11-07,000001.SZ,银行,11.55,0.0034752389226759,0.0103181427343077,0.3787,0.010498687664042,-0.1025958199327452,0.1923705826904949,1.9782393669634029,-16.92518898323846,5.1983,0.5055,22413835.5187
2025-11-07,000007.SZ,其他商业,9.67,0.0792410714285714,0.0,7.3244,0.3192360163710777,0.6395970519173557,0.0169137197328985,0.0545265189725022,-12.72193135753113,59.1236,18.3397,335015.2585
2025-11-07,000009.SZ,电气设备,11.19,0.0219178082191779,-0.007111111111111,2.2302,-0.0790123456790123,-0.0775581512202288,0.0024419559285561,0.3491863956980236,-14.87543067506705,409.5078,2.8638,2886140.4268
2025-11-07,000017.SZ,服饰,6.66,-0.0014992503748125,0.0279823269513992,2.2243,-0.0632911392405063,-0.4423307472757382,0.0087931645456088,0.0815441194458261,-13.036799313424485,113.7247,12.2633,458997.1654
2025-11-07,600601.SH,元器件,11.86,-0.0190239867659223,-0.0915966386554621,3.4505,0.14811229428848,-0.2969063830124522,0.0071823910754481,0.0878688294114545,-15.438586856167047,139.2294,11.3806,5068659.064
2025-11-07,600602.SH,软件服务,19.25,-0.0077319587628865,-0.0171250648676698,1.0596,-0.0475012370113805,-0.2744268939448382,0.0072043358574924,0.1831099392075001,-14.783547613934523,138.8053,5.4612,2632771.4009
2025-11-07,600603.SH,区域地产,7.53,0.0093833780160859,-0.0166666666666666,1.5081,-0.1481900452488687,0.3089532036085096,0.0451029474776176,0.8130742336775347,-13.708567513768443,22.1715,1.2299,898576.8507
2025-11-07,600605.SH,房产服务,30.26,-0.0088437602358335,-0.0225058784010748,0.5947,-0.0751833740831294,-0.4090938059865313,0.0036805828276519,0.2277437427406682,-13.344243138792356,271.6961,4.3909,624210.6302
2025-11-07,600651.SH,电器仪表,7.85,-0.0199750312109863,0.0420271940667491,1.3509,-0.0807962529274004,-0.4538230377124337,0.0025225477934517,0.1266688622602791,-14.492536990601778,396.4246,7.8946,1968016.9918
2025-11-07,600653.SH,汽车服务,2.1,-0.0094339622641509,0.0328638497652582,1.8859,-0.0094339622641509,0.0977242970259992,0.0014148313945427,0.1788396881035839,-12.920834209693632,706.798,5.5916,408739.8666
2025-11-10,000001.SZ,银行,11.63,0.006926406926407,0.0,0.4263,0.0201754385964911,-0.1118768451344329,0.1910475135166115,1.9646365422396856,-16.932091512801936,5.2343,0.509,22569082.8643
2025-11-10,000007.SZ,其他商业,9.79,0.0124095139607032,0.0807860262008735,9.1533,0.3522099447513811,0.6970947107391439,0.0167064000547969,0.0538584169934077,-12.734264504822384,59.8573,18.5672,339172.6351
2025-11-10,000009.SZ,电气设备,11.25,0.0053619302949061,0.0097173144876323,2.0714,-0.0538267451640034,-0.0637622642398724,0.0024289318820627,0.3473307630856865,-14.880778281397156,411.7036,2.8791,2901615.7106
2025-11-10,000017.SZ,服饰,6.79,0.0195195195195194,0.021551724137931,3.4229,-0.0761904761904761,-0.4248925978625226,0.008624816183605,0.0799833634604002,-13.056130770379902,115.9445,12.5026,467956.5695
2025-11-10,600601.SH,元器件,11.9,0.003372681281619,-0.0532751091703056,3.9806,0.1701081612586037,-0.3299002196801348,0.0071582473747127,0.0875733426744898,-15.441953862705502,139.699,11.419,5085754.0355
2025-11-10,600602.SH,软件服务,19.27,0.0010389610389609,-0.0052110474205315,0.9621,-0.0422465208747515,-0.308387873849778,0.0071968592906055,0.1829223677471281,-14.7845860356232,138.9495,5.4668,2635506.7478
2025-11-10,600603.SH,区域地产,7.8,0.0358565737051792,-0.0335051546391752,2.4184,-0.1136363636363637,0.3718931492291628,0.0435416802734417,0.784990972603815,-13.743796205677016,22.9665,1.2739,930796.7378
2025-11-10,600605.SH,房产服务,29.77,-0.0161929940515532,-0.0255798090040927,1.2159,-0.0705588510771152,-0.3587361187368271,0.0037411624390284,0.2314921987129033,-13.327917605332402,267.2966,4.3198,614102.7911
2025-11-10,600651.SH,电器仪表,8.09,0.0305732484076433,-0.001233045622688,1.4397,-0.0889639639639641,-0.4038753238529029,0.0024477131750119,0.1229120318587986,-14.522652189847902,408.5446,8.1359,2028185.6641
2025-11-10,600653.SH,汽车服务,2.13,0.0142857142857142,0.0279069767441859,1.9325,0.0240384615384614,0.0727655310621242,0.0013949042195992,0.1763201974786211,-12.935018844561538,716.8951,5.6715,414579.0075
2025-11-11,000001.SZ,银行,11.67,0.0034393809114359,-0.0077054794520547,0.4568,0.0086430423509074,-0.1931749409444975,0.1903927803057708,1.9577133907595927,-16.93552499257018,5.2523,0.5108,22646706.5371
2025-11-11,000007.SZ,其他商业,9.16,-0.0643513789581204,0.0072916666666666,9.2118,0.2582417582417582,0.8038735889563471,0.0178554210843954,0.0575625705141488,-12.667749226882638,56.0054,17.3724,317346.4083
2025-11-11,000009.SZ,电气设备,11.32,0.0062222222222223,0.0063578564940962,1.6913,-0.0087565674255691,-0.0130388038467029,0.0024139120510455,0.3451846738004833,-14.886981225537232,414.2653,2.897,2919670.2084
2025-11-11,000017.SZ,服饰,6.96,0.0250368188512517,0.0043415340086832,5.0837,-0.0360110803324099,-0.3636001291486211,0.0084141512561486,0.0780292921962904,-13.080859303237297,118.8474,12.8157,479672.7134
2025-11-11,600601.SH,元器件,11.45,-0.0378151260504202,-0.0268096514745307,4.0397,0.1816305469556243,-0.3364392301443979,0.0074395794554525,0.09101499927188,-15.4034051925911,134.4162,10.9872,4893435.6056
2025-11-11,600602.SH,软件服务,19.19,-0.0041515308770108,0.0142706131078222,1.0251,-0.0234096692111958,-0.3357913323513536,0.0072268590552905,0.1836850902812218,-14.780425863193695,138.3727,5.4441,2624565.3601
2025-11-11,600603.SH,区域地产,7.76,-0.0051282051282051,-0.0761421319796954,1.7194,-0.1028901734104047,0.3225096292773266,0.0437661661276133,0.7890168849613381,-13.738654806181026,22.8487,1.2674,926023.4212
2025-11-11,600605.SH,房产服务,29.32,-0.0151158884783338,0.0045343564701778,1.281,-0.0620601407549584,-0.3529851460069928,0.0037985824450031,0.2350452462098954,-13.31268630733061,263.2561,4.2545,604820.0818
2025-11-11,600651.SH,电器仪表,8.11,0.0024721878862792,-0.0259259259259259,1.3749,-0.0624277456647399,-0.4247665976836866,0.0024416768850844,0.1226091221186856,-14.525121326939294,409.5546,8.156,2033199.7202
2025-11-11,600653.SH,汽车服务,2.15,0.0093896713615022,-0.004694835680751,1.7599,0.0238095238095237,0.134112985191761,0.0013819283843253,0.174678591391839,-12.944364707137964,723.6265,5.7248,418471.7682
2025-11-12,000001.SZ,银行,11.68,0.0008568980291345,0.0085470085470087,0.5881,0.0245614035087717,-0.1177181485011349,0.1902297975954953,1.9561815336463224,-16.93638152367188,5.2568,0.5112,22666112.4553
2025-11-12,000007.SZ,其他商业,9.6,0.0480349344978165,0.0145985401459853,7.2451,0.3259668508287292,0.8380281522383868,0.0170370521810834,0.0549242320219257,-12.714666146562726,58.6956,18.2069,332590.1222
2025-11-12,000009.SZ,电气设备,11.01,-0.0273851590106007,-0.0316066725197542,1.8864,-0.0508620689655172,-0.0099681269074434,0.0024818785636673,0.3548993860240622,-14.85921410350226,402.9206,2.8177,2839714.5755
2025-11-12,000017.SZ,服饰,6.91,-0.007183908045977,0.09,3.1284,-0.0402777777777777,-0.3694244900358593,0.0084750359341523,0.0785941085856204,-13.073649466597535,117.9936,12.7236,476226.7887
2025-11-12,600601.SH,元器件,11.19,-0.022707423580786,0.0303030303030302,3.2659,0.1101190476190476,-0.3365351590871982,0.0076124356749185,0.0931298136472428,-15.380435984927578,131.364,10.7377,4782318.2906
2025-11-12,600602.SH,软件服务,18.92,-0.0140698280354351,-0.0251928020565551,1.0043,-0.0454086781029262,-0.3719460591422093,0.007329991834389,0.1863064741499767,-14.766256116830425,136.4258,5.3675,2587638.1769
2025-11-12,600603.SH,区域地产,7.88,0.0154639175257731,-0.1391625615763545,2.0021,-0.0815850815850816,0.3287644734296846,0.0430995470237607,0.7770007770007771,-13.754000375842532,23.2021,1.287,940343.371
2025-11-12,600605.SH,房产服务,28.67,-0.022169167803547,-0.0215877437325904,1.463,-0.084610472541507,-0.2789708454508759,0.0038847020433532,0.2403730589875486,-13.290267710181023,257.42,4.1602,591411.7239
2025-11-12,600651.SH,电器仪表,8.1,-0.001233045622688,-0.0332512315270935,1.5969,-0.0949720670391061,-0.3732511137445704,0.0024446913039396,0.1227596366314755,-14.523887520497771,409.0496,8.146,2030692.6922
2025-11-12,600653.SH,汽车服务,2.13,-0.0093023255813953,-0.0462962962962962,1.7153,0.009478672985782,-0.0432600880590214,0.0013949042195992,0.1763201974786211,-12.935018844561538,716.8951,5.6715,414579.0075
2025-11-13,000001.SZ,银行,11.7,0.0017123287671232,0.0085106382978723,0.5045,0.0138648180242635,-0.0612346614300381,0.1899046678567359,1.9527436047646944,-16.938092388075685,5.2658,0.5121,22704924.2917
2025-11-13,000007.SZ,其他商业,9.59,-0.0010416666666666,0.0214504596527069,3.3921,0.3337969401947147,0.6900128751321533,0.0170548056178529,0.0549816086519059,-12.713623937116587,58.6345,18.1879,332243.6742
2025-11-13,000009.SZ,电气设备,11.39,0.0345140781108084,-0.0214861235452104,2.9365,-0.006108202443281,0.1243707394152977,0.0023990768352338,0.3430649421935572,-14.893145930202522,416.827,2.9149,2937724.7061
2025-11-13,000017.SZ,服饰,7.0,0.0130246020260491,0.2020057306590257,3.1752,-0.0331491712707182,-0.4209802665234513,0.0083660655648558,0.0775837322430232,-13.08658997787957,119.5305,12.8893,482429.4531
2025-11-13,600601.SH,元器件,11.22,0.002680965147453,0.1378353376503238,2.7651,0.1276381909547739,-0.4381210130759871,0.0075920805489377,0.0928806947475967,-15.383113362685547,131.7162,10.7665,4795139.5192
2025-11-13,600602.SH,软件服务,19.45,0.0280126849894291,-0.0010559662090813,1.7194,-0.0176767676767677,-0.2915481156137491,0.0071302569602003,0.181228365863825,-14.793883623265089,140.2474,5.5179,2660124.87
2025-11-13,600603.SH,区域地产,8.12,0.030456852791878,-0.0782268578878747,2.737,-0.0601851851851853,0.3384844901418073,0.0418257789005675,0.7540340823405217,-13.784002626121184,23.9087,1.3262,968983.2706
2025-11-13,600605.SH,房产服务,28.72,0.0017439832577605,-0.0426116838487973,1.2328,-0.1227855833842395,-0.1694227478051213,0.0038779395266354,0.2399577674329318,-13.292010174558731,257.8689,4.1674,592443.1361
2025-11-13,600651.SH,电器仪表,8.12,0.0024691358024691,-0.0545670225385528,0.998,-0.116430903155604,-0.3272932618873481,0.0024386698909134,0.1224574766412363,-14.526353612978168,410.0596,8.1661,2035706.7482
2025-11-13,600653.SH,汽车服务,2.16,0.0140845070422537,-0.0727272727272727,2.5319,0.0536585365853661,0.0011539431485583,0.0013755305765316,0.1738707097402371,-12.949005086653532,726.9922,5.7514,420418.1485
2025-11-14,000001.SZ,银行,11.75,0.0042735042735042,0.0017137960582689,0.6787,0.0307017543859648,0.043519282934308,0.1890966851351096,1.9443904335990667,-16.94235678686257,5.2883,0.5143,22801953.8827
2025-11-14,000007.SZ,其他商业,9.79,0.0208550573514076,-0.0404040404040404,3.7879,0.3906249999999998,0.4852584805069508,0.0167064000547969,0.0538584169934077,-12.734264504822384,59.8573,18.5672,339172.6351
2025-11-14,000009.SZ,电气设备,11.17,-0.019315188762072,-0.1233595800524934,1.8234,0.0342592592592592,0.0894257463047807,0.0024463281714993,0.3498215909885958,-14.87364176583472,408.7759,2.8586,2880981.9989
2025-11-14,000017.SZ,服饰,6.98,-0.0028571428571427,0.2981715893108299,2.8172,-0.0332409972299168,-0.3539308186185533,0.0083900430325307,0.0778058743435129,-13.08372874552786,119.1889,12.8525,481051.0832
2025-11-14,600601.SH,元器件,10.81,-0.0365418894830659,0.0839483394833948,2.7172,0.12957157784744,-0.461484422356658,0.0078800343569497,0.0964031967300035,-15.34588709423486,126.903,10.3731,4619916.0608
2025-11-14,600602.SH,软件服务,18.94,-0.0262210796915166,-0.0403352540597171,1.3832,-0.0109660574412531,-0.2424960922812066,0.0073222523248151,0.1861088364475545,-14.767312640960748,136.57,5.3732,2590373.5238
2025-11-14,600603.SH,区域地产,7.67,-0.0554187192118226,-0.0719999999999999,2.4527,-0.0976470588235294,0.3822021465759397,0.0442797238716419,0.79827572443522,-13.726989087320574,22.5837,1.2527,915283.4588
2025-11-14,600605.SH,房产服务,29.1,0.0132311977715877,-0.0360518025901295,1.2107,-0.1274362818590704,-0.0631627073389294,0.0038272999776485,0.2368209160233031,-13.30515460455256,261.2808,4.2226,600281.8684
2025-11-14,600651.SH,电器仪表,8.43,0.0381773399014779,-0.0641975308641974,2.7943,-0.0231749710312862,-0.1826177494040608,0.0023489915544357,0.1179551298685979,-14.563820230787227,425.7146,8.4778,2113424.6166
2025-11-14,600653.SH,汽车服务,2.2,0.0185185185185186,-0.1176470588235294,2.7046,0.0891089108910891,0.0539177100196546,0.0013505207810709,0.1707096399733693,-12.967354225161715,740.4551,5.8579,428203.6697
2025-11-17,000001.SZ,银行,11.67,-0.0068085106382979,0.000862812769629,0.5129,0.0218914185639229,0.0752392907578847,0.1903927803057708,1.9577133907595927,-16.93552499257018,5.2523,0.5108,22646706.5371
2025-11-17,000007.SZ,其他商业,9.9,0.0112359550561798,-0.028955532574974,3.6047,0.3769123783031989,0.2047195344147458,0.016520760814077,0.0532597638462071,-12.745437805466372,60.5299,18.7759,342983.5636
2025-11-17,000009.SZ,电气设备,11.43,0.0232766338406444,-0.105595667870036,3.6869,0.0524861878453037,0.184554345229446,0.0023906807439511,0.3418569670449884,-14.89665163056376,418.2909,2.9252,2948041.562
2025-11-17,000017.SZ,服饰,7.11,0.0186246418338109,0.1974063400576369,4.7681,-0.0111265646731572,-0.2647874879871036,0.0082366352356666,0.0763831071120311,-13.102182072714914,121.4088,13.0919,490010.4874
2025-11-17,600601.SH,元器件,10.84,0.0027752081406104,0.042240587695133,2.3952,0.1117948717948718,-0.5088640351941257,0.0078582250469921,0.0961362827944894,-15.34865845860369,127.2552,10.4019,4632737.2895
2025-11-17,600602.SH,软件服务,19.09,0.0079197465681097,-0.00990099009901,1.0609,0.0020997375328084,-0.2239911283198316,0.0072647175913683,0.1846449278038332,-14.775201190930805,137.6516,5.4158,2610888.6256
2025-11-17,600603.SH,区域地产,7.5,-0.0221642764015644,-0.0645604395604396,1.6097,-0.0974729241877256,0.2530997272478232,0.0452832922764816,0.8163265306122448,-13.704575492558114,22.0832,1.225,894996.8633
2025-11-17,600605.SH,房产服务,28.57,-0.018213058419244,0.0065972222222221,1.112,-0.1160272277227723,-0.0775437286298972,0.0038982996006971,0.2412137877801095,-13.286773646680883,256.5221,4.1457,589348.8997
2025-11-17,600651.SH,电器仪表,8.1,-0.0391459074733095,-0.0101394169835234,1.9727,-0.0816326530612245,-0.0798549766851589,0.0024446913039396,0.1227596366314755,-14.523887520497771,409.0496,8.146,2030692.6922
2025-11-17,600653.SH,汽车服务,2.21,0.0045454545454544,-0.0707547169811321,1.8956,0.0833333333333332,0.0312792430175268,0.0013444098363476,0.1699379726399864,-12.971889380520484,743.8208,5.8845,430150.0501
2025-11-18,000001.SZ,银行,11.59,-0.0068551842330762,0.0,0.3453,0.0139982502187225,0.0362663671563265,0.1917067653317485,1.9712201852946976,-16.928646203622673,5.2163,0.5073,22491459.1915
2025-11-18,000007.SZ,其他商业,9.67,-0.0232323232323232,-0.0267214799588899,3.2304,0.3102981029810299,-0.0767433579127474,0.0169137197328985,0.0545265189725022,-12.72193135753113,59.1236,18.3397,335015.2585
2025-11-18,000009.SZ,电气设备,11.08,-0.0306211723534557,-0.0861287398005439,3.1091,0.0127970749542962,0.278331986115734,0.0024661988945016,0.3526590492312033,-14.865551834067483,405.4823,2.8356,2857769.0732
2025-11-18,000017.SZ,服饰,6.94,-0.0239099859353023,0.0511140235910878,3.5888,-0.0374479889042995,-0.3021091216917696,0.0084383984257323,0.0782546091964816,-13.077981603338788,118.5059,12.7788,478294.3435
2025-11-18,600601.SH,元器件,10.89,0.0046125461254613,0.023356401384083,3.2196,0.064516129032258,-0.5278454641458574,0.007822143235958,0.0956956113992612,-15.353260399529546,127.8422,10.4498,4654106.0039
2025-11-18,600602.SH,软件服务,19.19,0.0052383446830801,0.0042194092827003,0.9718,0.0,-0.2158550642268039,0.0072268590552905,0.1836850902812218,-14.780425863193695,138.3727,5.4441,2624565.3601
2025-11-18,600603.SH,区域地产,7.28,-0.0293333333333333,-0.0143061516452075,1.4405,-0.1515151515151515,0.1985290460740916,0.0466518002929733,0.8410428931875525,-13.674803334136346,21.4354,1.189,868743.6219
2025-11-18,600605.SH,房产服务,28.8,0.008050402520126,0.0327402135231316,0.9817,-0.1127541589648798,-0.1213132999443515,0.0038671674390689,0.2392916965781287,-13.29479181746669,258.5872,4.179,594093.3955
2025-11-18,600651.SH,电器仪表,7.89,-0.0259259259259259,0.0496815286624203,1.2392,-0.1377049180327869,-0.0103582677731597,0.0025097591986439,0.126027121036447,-14.497619593634846,398.4446,7.9348,1978045.1038
2025-11-18,600653.SH,汽车服务,2.12,-0.0407239819004524,-0.0388349514563106,3.7768,0.0,0.2028632341206035,0.0014014839472627,0.1771510567060532,-12.930312953565084,713.5294,5.6449,412632.6272
2025-11-18,600654.SH,仓储物流,4.5,0.0465116279069768,-0.0364963503649635,10.7818,0.2228260869565217,0.4482280447571003,0.0159844503267221,0.1334400854016546,-14.073537628852504,62.5608,7.494,1294373.858
2025-11-19,000001.SZ,银行,11.8,0.0181190681622089,-0.0135021097046413,0.6879,0.0243055555555555,0.0489037489671606,0.1882955486932288,1.9364833462432225,-16.946603077740086,5.3108,0.5164,22898983.4736
2025-11-19,000007.SZ,其他商业,9.73,0.0062047569803516,-0.032,2.7998,0.3202170963364994,-0.2822250940977978,0.0168094065439019,0.0541905556699578,-12.728116944371518,59.4905,18.4534,337093.9468
2025-11-19,000009.SZ,电气设备,11.03,-0.0045126353790614,-0.0951509606587373,2.194,0.0279589934762347,0.2718523160599115,0.0024773784381367,0.3542581833640357,-14.861028986022513,403.6525,2.8228,2844873.0034
2025-11-19,000017.SZ,服饰,7.63,0.0994236311239191,-0.0786650774731824,13.3654,0.0853485064011378,0.0407449583969761,0.007675292159996,0.0711779234552611,-13.172767674160555,130.2882,14.0493,525848.1039
2025-11-19,600601.SH,元器件,11.56,0.0615243342516069,-0.0552845528455285,6.7978,0.0783582089552239,-0.4115392551876993,0.0073687840622043,0.0901485648348478,-15.412966325843817,135.7076,11.0928,4940446.7774
2025-11-19,600602.SH,软件服务,18.96,-0.0119854090672225,0.0031712473572937,0.8601,-0.0021052631578947,-0.2279863635046695,0.0073145291418155,0.1859116176169848,-14.768368050025822,136.7142,5.3789,2593108.8707
2025-11-19,600603.SH,区域地产,6.99,-0.0398351648351648,-0.0198019801980199,1.6225,-0.1872093023255813,0.1177740628453232,0.0485873235672813,0.8758868354208637,-13.634153028146958,20.5815,1.1417,834137.0765
2025-11-19,600605.SH,房产服务,28.1,-0.0243055555555555,0.0355348169418521,0.8479,-0.1718243442381373,-0.175468144722941,0.0039635024837288,0.2452483139178418,-13.270186006715406,252.3021,4.0775,579653.6255
2025-11-19,600651.SH,电器仪表,7.85,-0.0050697084917616,0.0263488080301128,0.8358,-0.1316371681415928,-0.0258086161263464,0.0025225477934517,0.1266688622602791,-14.492536990601778,396.4246,7.8946,1968016.9918
2025-11-19,600653.SH,汽车服务,2.06,-0.0283018867924528,-0.0196078431372549,2.7509,-0.0328638497652581,0.2839847348335307,0.001442303809182,0.1823120818216623,-12.90160284768736,693.3352,5.4851,400954.3453
2025-11-19,600654.SH,仓储物流,4.11,-0.0866666666666665,-0.03,9.5396,0.1291208791208791,0.4611379304777434,0.0175012119589281,0.1461027102052743,-13.982883260578731,57.1389,6.8445,1182194.7903
2025-11-20,000001.SZ,银行,11.85,0.0042372881355932,0.0017108639863132,0.8436,0.0189165950128975,0.1640143396369568,0.1875011718823242,1.928268414963363,-16.950831413850047,5.3333,0.5186,22996013.0646
2025-11-20,000007.SZ,其他商业,10.0,0.027749229188078,0.0305263157894735,5.2016,0.3531799729364007,-0.2332987534785686,0.0163555567186173,0.0527273206612006,-12.75548814120325,61.1413,18.9655,346448.044
2025-11-20,000009.SZ,电气设备,10.93,-0.0090661831368993,0.0099800399201597,2.0494,-0.0072661217075385,0.2117997574101771,0.0025000443757876,0.3575003575003574,-14.85192145492783,399.9929,2.7972,2819080.8637
2025-11-20,000017.SZ,服饰,8.39,0.0996068152031455,-0.2101841820151679,11.5782,0.1717877094972066,0.3435969547660367,0.0069800329178352,0.0647299466625239,-13.267720349325852,143.2658,15.4488,578226.1588
2025-11-20,600601.SH,元器件,12.3,0.0640138408304498,-0.0144680851063829,11.6244,0.1549295774647887,-0.1653455979671947,0.0069254619456254,0.0847249404807293,-15.475014724970386,144.3947,11.8029,5256703.751
2025-11-20,600602.SH,软件服务,18.92,-0.0021097046413501,0.0229257641921396,0.8639,-0.0125260960334028,-0.325952323968828,0.007329991834389,0.1863064741499767,-14.766256116830425,136.4258,5.3675,2587638.1769
2025-11-20,600603.SH,区域地产,7.07,0.011444921316166,-0.0129310344827585,0.9555,-0.1873563218390803,-0.0913522220316922,0.0480374307660529,0.8660258075690656,-13.64553295191943,20.8171,1.1547,843683.7098
2025-11-20,600605.SH,房产服务,27.86,-0.0085409252669039,0.0624546114742194,0.8201,-0.1688544152744631,-0.2321833223312138,0.0039976461859257,0.2473655568198683,-13.261608398720554,250.1472,4.0426,574702.8472
2025-11-20,600651.SH,电器仪表,7.97,0.0152866242038216,0.092348284960422,0.6551,-0.0786127167630058,-0.0068487706655361,0.0024845671113876,0.1247629503942509,-14.507707951619402,402.4846,8.0152,1998101.328
2025-11-20,600653.SH,汽车服务,2.04,-0.0097087378640776,0.0205128205128204,2.0659,-0.0511627906976743,0.2436158154813381,0.0014564440220109,0.1840976453911154,-12.891846672827576,686.6038,5.4319,397061.5847
2025-11-20,600654.SH,仓储物流,4.0,-0.0267639902676399,0.1178010471204187,9.3184,0.0723860589812332,0.3042562041487395,0.0179825066175624,0.1501185936890143,-13.955754593157492,55.6096,6.6614,1150554.5404
2025-11-21,000001.SZ,银行,11.69,-0.0135021097046413,0.0008620689655172,0.7551,0.0112456747404843,0.1653881786177504,0.1900670936840704,1.954652071931196,-16.937237321755866,5.2613,0.5116,22685518.3735
2025-11-21,000007.SZ,其他商业,9.5,-0.05,0.0521831735889244,5.0829,0.2872628726287263,-0.2090038091664209,0.0172163858674131,0.0555025198143995,-12.704194846815698,58.0842,18.0172,329125.6418
2025-11-21,000009.SZ,电气设备,10.02,-0.0832570905763953,0.0211907164480322,2.6466,-0.0865998176845944,0.262709205986013,0.0027270939786583,0.389969972312132,-14.764993248400454,366.6907,2.5643,2584372.3929
2025-11-21,000017.SZ,服饰,9.23,0.1001191895113229,-0.0722021660649819,2.3036,0.3435225618631732,0.4077538137926193,0.0063447992315179,0.0588391044688299,-13.36313887740347,157.6094,16.9955,636117.6932
2025-11-21,600601.SH,元器件,11.75,-0.0447154471544716,0.056387665198238,7.2243,0.0025597269624573,0.0037236728144594,0.007249628637773,0.0886910093923779,-15.429268703179106,137.9381,11.2751,5021647.8922
2025-11-21,600602.SH,软件服务,18.32,-0.0317124735729387,-0.0057894736842104,1.37,-0.0453361125586243,-0.3299723255973522,0.0075700570933705,0.1924075962519,-14.734029912453185,132.0994,5.1973,2505577.7696
2025-11-21,600603.SH,区域地产,6.96,-0.0155586987270156,0.0176211453744492,1.2847,-0.2036613272311213,-0.2359009077469361,0.0487966740186988,0.8796622097114708,-13.629851946311126,20.4932,1.1368,830557.0891
2025-11-21,600605.SH,房产服务,27.54,-0.0114860014357501,0.0379441186616074,1.0865,-0.1791356184798807,-0.2551429581035197,0.0040440968318545,0.2502377258395475,-13.250055923718811,247.274,3.9962,568101.8095
2025-11-21,600651.SH,电器仪表,7.58,-0.0489335006273525,0.0729833546734957,1.2717,-0.1155192532088681,-0.1966410735655988,0.0026124011728636,0.1311819493637675,-14.457536658464823,382.7896,7.623,1900327.2354
2025-11-21,600653.SH,汽车服务,1.95,-0.0441176470588235,0.0253807106598984,2.6536,-0.0714285714285715,0.2309507865073827,0.0015236646450684,0.192596587188475,-12.846726237426994,656.3124,5.1922,379544.1618
2025-11-21,600654.SH,仓储物流,3.82,-0.045,0.08355091383812,5.8974,0.0159574468085106,0.1854037083111188,0.0188298385153048,0.1571931589537223,-13.909710654672466,53.1072,6.3616,1098779.5861
2025-11-24,000001.SZ,银行,11.6,-0.0076988879384088,-0.0093220338983052,0.5757,0.0069444444444444,0.1956388034665921,0.1915415262028807,1.9696671262556624,-16.92950864438342,5.2208,0.5077,22510865.1097
2025-11-24,000007.SZ,其他商业,9.39,-0.011578947368421,0.1478352692713831,3.4714,0.2845417236662109,-0.2291920699045162,0.0174180524178869,0.0561526453511224,-12.692548341380192,57.4117,17.8086,325314.7133
2025-11-24,000009.SZ,电气设备,9.91,-0.0109780439121756,0.0158730158730158,1.4576,-0.0899908172635445,0.0627194345371988,0.0027573648525871,0.3942906710827222,-14.753954501091371,362.6651,2.5362,2556001.0393
2025-11-24,000017.SZ,服饰,8.31,-0.0996749729144095,-0.0311720698254364,7.4847,0.2311111111111112,0.5051719702191926,0.0070472312485509,0.0653534970656279,-13.258139437651453,141.8997,15.3014,572712.6793
2025-11-24,600601.SH,元器件,11.35,-0.0340425531914894,0.043956043956044,6.9746,-0.0533778148457048,0.2161778353882513,0.0075051241234953,0.0918164039187241,-15.39463320651205,133.2423,10.8913,4850698.1767
2025-11-24,600602.SH,软件服务,19.0,0.037117903930131,-0.0021008403361344,1.7964,-0.0160538581046089,-0.2443792797873197,0.0072991315493282,0.1855218730288301,-14.770475532357674,137.0026,5.3902,2598579.5645
2025-11-24,600603.SH,区域地产,6.81,-0.021551724137931,0.0,1.2332,-0.227891156462585,-0.2887718572843105,0.0498715806797496,0.8990380293086397,-13.608064592083256,20.0515,1.1123,812657.1518
2025-11-24,600605.SH,房产服务,28.99,0.0526506899055918,0.02170916609235,1.7791,-0.1618965018791559,-0.1257143310057306,0.003841821453653,0.2377216754623686,-13.301367373340511,260.2932,4.2066,598012.7617
2025-11-24,600651.SH,电器仪表,7.81,0.0303430079155673,-0.0182038834951456,1.3081,-0.093967517401392,-0.2744948011313176,0.0025354673855223,0.1273187935271125,-14.487428422638692,394.4046,7.8543,1957988.8797
2025-11-24,600653.SH,汽车服务,1.97,0.0102564102564102,0.025252525252525,1.3183,-0.0574162679425837,0.1949389478489105,0.001508195762,0.1906395958440568,-12.856930407512964,663.0439,5.2455,383436.9224
2025-11-25,000001.SZ,银行,11.8,0.0172413793103449,-0.0042771599657825,0.5298,0.028770706190061,0.2519977116282501,0.1882955486932288,1.9364833462432225,-16.946603077740086,5.3108,0.5164,22898983.4736
2025-11-25,000007.SZ,其他商业,9.47,0.0085197018104365,0.1146694214876031,2.4609,0.2797297297297296,-0.2665308361867055,0.0172709185365314,0.0556783572657472,-12.701031955504726,57.9008,17.9603,328086.2977
2025-11-25,000009.SZ,电气设备,10.08,0.0171543895055499,0.0222446916076843,1.2907,-0.0666666666666667,-0.1036015717640495,0.0027108616636449,0.387641973872931,-14.770963415390876,368.8864,2.5797,2599847.6767
2025-11-25,000017.SZ,服饰,8.02,-0.0348977135980747,0.019404915912031,21.683,0.1794117647058823,0.897126561920703,0.0073020523148236,0.0677162688335872,-13.222618250764192,136.9478,14.7675,552726.3163
2025-11-25,600601.SH,元器件,11.83,0.0422907488986783,0.0292598967297763,7.5875,-0.1031084154662622,0.4226309150832079,0.0072006060030012,0.0880909803645204,-15.436054140580058,138.8772,11.3519,5055837.8353
2025-11-25,600602.SH,软件服务,19.04,0.0021052631578946,-0.0115911485774499,1.3238,-0.0611439842209073,-0.0858311328179591,0.0072837933413018,0.1851303317535545,-14.772578582546773,137.2911,5.4016,2604050.2583
2025-11-25,600603.SH,区域地产,6.89,0.0117474302496329,-0.0331890331890331,0.7375,-0.209862385321101,-0.3533497026366402,0.0492924074904742,0.888651915044877,-13.619743556938117,20.2871,1.1253,822203.785
2025-11-25,600605.SH,房产服务,29.02,0.001034839599862,0.0131715771230502,0.8609,-0.0854081311062087,0.0094262390943327,0.00383785080355,0.2374732842555212,-13.302401677884657,260.5625,4.211,598631.609
2025-11-25,600651.SH,电器仪表,8.24,0.0550576184379001,-0.02200488997555,2.0804,0.006105006105006,-0.1521892691869018,0.0024031552467127,0.1206738427378481,-14.5410238027355,416.1196,8.2868,2065791.0844
2025-11-25,600653.SH,汽车服务,1.98,0.0050761421319796,0.02,1.1045,-0.0480769230769231,-0.0555372579344054,0.001500578623117,0.1896777375239468,-12.861993709685526,666.4096,5.2721,385383.3028
2025-11-26,000001.SZ,银行,11.69,-0.0093220338983052,-0.013663535439795,0.4232,0.0263388937664617,0.162310572625828,0.1900670936840704,1.954652071931196,-16.937237321755866,5.2613,0.5116,22685518.3735
2025-11-26,000007.SZ,其他商业,9.68,0.0221752903907073,0.0725229826353421,2.9371,0.2115143929912391,-0.2376155160421394,0.0168962301131371,0.0544703844519734,-12.722964949521543,59.1848,18.3586,335361.7066
2025-11-26,000009.SZ,电气设备,9.89,-0.0188492063492062,-0.0069169960474306,1.2266,-0.1185383244206773,-0.1791679880343256,0.0027629407857582,0.3950851408478527,-14.751934298395843,361.9332,2.5311,2550842.6114
2025-11-26,000017.SZ,服饰,7.73,-0.0361596009975061,0.0617283950617284,19.2156,0.153731343283582,0.8691716999483663,0.0075759986302594,0.0702567885621948,-13.185788691406692,131.9958,14.2335,532739.9532
2025-11-26,600601.SH,元器件,11.62,-0.0177514792899409,-0.0025906735751294,6.7128,-0.1405325443786982,0.4867613410036218,0.0073307387405351,0.0896836856407451,-15.41814321401889,136.4119,11.1503,4966089.2347
2025-11-26,600602.SH,软件服务,18.98,-0.0031512605042015,-0.0282817502668087,1.3264,-0.0566600397614314,0.0511740247274901,0.0073068222337832,0.1857148163280466,-14.769422346376867,136.8584,5.3846,2595844.2176
2025-11-26,600603.SH,区域地产,6.93,0.0058055152394775,-0.0422125181950508,0.6883,-0.1528117359413202,-0.4158004096027092,0.0490078363530328,0.8834702712253734,-13.625532285109797,20.4049,1.1319,826977.1016
2025-11-26,600605.SH,房产服务,28.85,-0.0058580289455547,0.0047846889952152,0.4782,-0.0776854219948849,-0.016860775096728,0.0038604657806382,0.2388744237154527,-13.296526423371374,259.0361,4.1863,595124.8077
2025-11-26,600651.SH,电器仪表,8.18,-0.0072815533980583,-0.0362318840579708,1.5466,-0.0036540803897686,-0.0561283089979985,0.0024207823193805,0.1215598560731304,-14.533715609424045,413.0896,8.2264,2050748.9163
2025-11-26,600653.SH,汽车服务,2.0,0.0101010101010101,0.0100502512562812,1.2967,-0.0384615384615385,-0.1907073758406157,0.001485572859178,0.1877793217410898,-12.872044045450805,673.141,5.3254,389276.0634
2025-11-27,000001.SZ,银行,11.71,0.0017108639863132,-0.0103359173126614,0.5214,0.0289982425307557,0.0391746466872882,0.1897425194011726,1.951219512195122,-16.938946723881685,5.2703,0.5125,22724330.2099
2025-11-27,000007.SZ,其他商业,9.79,0.0113636363636362,0.027327935222672,2.3219,0.1924482338611446,-0.3145547914554158,0.0167064000547969,0.0538584169934077,-12.734264504822384,59.8573,18.5672,339172.6351
2025-11-27,000009.SZ,电气设备,10.12,0.0232558139534881,-0.0118577075098813,1.6886,-0.0940017905102954,-0.2073049168443295,0.0027001463209291,0.3861152940267964,-14.774923816622326,370.3503,2.5899,2610164.5326
2025-11-27,000017.SZ,服饰,7.29,-0.0569210866752911,-0.0116731517509727,13.2282,0.0913173652694612,0.8086816015077274,0.0080332641401515,0.0744973292707456,-13.127183374930407,124.4824,13.4233,502415.8162
2025-11-27,600601.SH,元器件,11.58,-0.0034423407917383,-0.0333611342785654,5.9745,-0.1030209140201394,0.3207985241746853,0.0073560566828303,0.0899928005759539,-15.414694934729471,135.9424,11.112,4948994.2631
2025-11-27,600602.SH,软件服务,18.74,-0.0126448893572181,-0.046585494970884,0.9509,-0.0516194331983806,0.1005586137921503,0.0074003962172134,0.1880936706479827,-14.756696830013215,135.1279,5.3165,2563020.0547
2025-11-27,600603.SH,区域地产,6.87,-0.0086580086580085,-0.0562770562770562,0.5771,-0.1259541984732824,-0.4333061736132872,0.0494359359705757,0.8911861687906603,-13.616836578149108,20.2282,1.1221,819817.1267
2025-11-27,600605.SH,房产服务,29.26,0.0142114384748699,-0.0432037221668328,0.8309,-0.0678560050971647,-7.942811755368151e-05,0.003806371408974,0.2355268736162796,-13.310637826026644,262.7174,4.2458,603582.3873
2025-11-27,600651.SH,电器仪表,8.28,0.0122249388753055,-0.0465393794749403,1.6601,0.017199017199017,0.1004080947535168,0.0023915457899706,0.1200912693647171,-14.545866427182292,418.1396,8.327,2075819.1964
2025-11-27,600653.SH,汽车服务,1.99,-0.005,-0.0198019801980198,1.2365,-0.0245098039215686,-0.2638572136836886,0.0014930380382794,0.1887255364523373,-12.86703150367115,669.7753,5.2987,387329.6831
2025-11-28,000001.SZ,银行,11.61,-0.008539709649872,-0.0136869118905047,0.4557,0.0256183745583038,-0.0679127725856699,0.1913765716800949,1.96811651249754,-16.93037034198099,5.2253,0.5081,22530271.0279
2025-11-28,000007.SZ,其他商业,9.88,0.0091930541368745,-0.0846366145354186,4.9514,0.1903614457831326,-0.3221923870667049,0.0165542084108622,0.053367773336393,-12.74341556005078,60.4076,18.7379,342290.6675
2025-11-28,000009.SZ,电气设备,10.12,0.0,0.0009765625,0.9448,-0.1169284467713788,-0.3333854522620035,0.0027001463209291,0.3861152940267964,-14.774923816622326,370.3503,2.5899,2610164.5326
2025-11-28,000017.SZ,服饰,7.71,0.0576131687242797,0.0283140283140284,15.6911,0.1405325443786982,1.026042816733817,0.0075956501230875,0.070439400983334,-13.18319801631857,131.6543,14.1966,531361.5833
2025-11-28,600601.SH,元器件,11.99,0.0354058721934369,-0.0663967611336032,7.1696,-0.0275750202757502,0.3159008993079084,0.0071045181182973,0.0869157091452709,-15.449488431630805,140.7555,11.5054,5124217.7215
2025-11-28,600602.SH,软件服务,18.89,0.0080042689434365,-0.0447368421052631,0.6968,-0.0550275137568783,0.0318173160356396,0.0073416318245056,0.1866019779809666,-14.764669234706588,136.2095,5.359,2583535.1565
2025-11-28,600603.SH,区域地产,6.93,0.0087336244541484,-0.0203193033381712,0.482,-0.1261034047919293,-0.5095728333344325,0.0490078363530328,0.8834702712253734,-13.625532285109797,20.4049,1.1319,826977.1016
2025-11-28,600605.SH,房产服务,30.09,0.0283663704716334,-0.0451939291736931,1.8759,-0.0346487006737248,0.0965273496510408,0.0037013759494954,0.2290321103018643,-13.33860932106324,270.1698,4.3662,620703.8289
2025-11-28,600651.SH,电器仪表,8.38,0.0120772946859906,-0.0037082818294189,1.3703,0.0244498777506114,0.1063040791100125,0.0023630070304185,0.1186577436043476,-14.557871373303028,423.1896,8.4276,2100889.4766
2025-11-28,600653.SH,汽车服务,2.02,0.015075376884422,-0.0049261083743841,1.5932,-0.0146341463414633,-0.3663117256326772,0.0014708642386424,0.1859219871341985,-12.881994376217497,679.8724,5.3786,393168.824
2025-11-28,600654.SH,仓储物流,4.15,-0.0281030444964869,-0.0655339805825242,11.5184,0.1657303370786518,-0.2398806640103616,0.0173325244821908,0.1446926727630512,-13.992568566309528,57.695,6.9112,1193700.3357
2025-12-01,000001.SZ,银行,11.69,0.0068906115417743,-0.0103092783505155,0.5345,0.0227471566054242,-0.0869569244162893,0.1900670936840704,1.954652071931196,-16.937237321755866,5.2613,0.5116,22685518.3735
2025-12-01,000007.SZ,其他商业,10.87,0.1002024291497973,-0.083410565338276,4.8328,0.2639534883720931,-0.2602145720498456,0.0150465087585727,0.048507191191094,-12.83890974926797,66.4606,20.6155,376589.0238
2025-12-01,000009.SZ,电气设备,10.24,0.0118577075098815,0.0276953511374877,1.8215,-0.0848972296693475,-0.292022278522144,0.002668504020635,0.3815920018316416,-14.786711772381851,374.7418,2.6206,2641115.1002
2025-12-01,000017.SZ,服饰,7.77,0.0077821011673151,0.0469543147208122,12.3387,0.1426470588235293,1.048704887383273,0.0075369991287229,0.0698953666361456,-13.190949993127248,132.6788,14.3071,535496.6929
2025-12-01,600601.SH,元器件,12.35,0.0300250208507089,-0.0050167224080267,7.5885,0.0139573070607552,0.3075307424372062,0.0068974222263913,0.0843824889458939,-15.479071525659377,144.9817,11.8508,5278072.4654
2025-12-01,600602.SH,软件服务,19.0,0.0058231868713605,-0.0261194029850747,0.9028,-0.049049049049049,-0.0999407252289865,0.0072991315493282,0.1855218730288301,-14.770475532357674,137.0026,5.3902,2598579.5645
2025-12-01,600603.SH,区域地产,6.89,-0.0057720057720057,0.0238805970149253,0.5791,-0.123409669211196,-0.5824404204214436,0.0492924074904742,0.888651915044877,-13.619743556938117,20.2871,1.1253,822203.785
2025-12-01,600605.SH,房产服务,29.65,-0.0146227982718512,-0.040369483407458,1.0362,-0.0466237942122187,-0.0510813296176484,0.0037563044875442,0.2324284120490889,-13.323878555826711,266.2191,4.3024,611627.402
2025-12-01,600651.SH,电器仪表,8.09,-0.0346062052505967,-0.0024999999999999,1.5013,-0.0073619631901841,0.1187258753436586,0.0024477131750119,0.1229120318587986,-14.522652189847902,408.5446,8.1359,2028185.6641
2025-12-01,600653.SH,汽车服务,2.03,0.0049504950495049,-0.0147058823529413,1.3481,-0.0333333333333334,-0.3495476790745959,0.0014636186126037,0.1850070302671501,-12.88693265806857,683.2381,5.4052,395115.2044
2025-12-01,600654.SH,仓储物流,4.12,-0.0072289156626507,-0.0301507537688442,6.3862,0.0813648293963253,-0.1423441158214011,0.0174587406312033,0.1457470996327173,-13.98531339538891,57.2779,6.8612,1185071.1766
2025-12-02,000001.SZ,银行,11.64,-0.0042771599657825,-0.0103896103896105,0.3958,0.0043140638481449,-0.1052156719712822,0.1908834084141406,1.963093835885356,-16.932950988574742,5.2388,0.5094,22588488.7825
2025-12-02,000007.SZ,其他商业,10.79,-0.0073597056117755,-0.0323809523809524,6.689,0.2575757575757575,-0.105421367480028,0.015158083654432,0.0488667793860377,-12.831522827543449,65.9714,20.4638,373817.4395
2025-12-02,000009.SZ,电气设备,10.11,-0.0126953125000001,0.0208955223880595,0.9857,-0.0724770642201835,-0.3145130818997094,0.0027028173898189,0.3864883667001623,-14.773935185781973,369.9843,2.5874,2607585.3186
2025-12-02,000017.SZ,服饰,7.88,0.0141570141570142,0.0374677002583978,8.756,0.1674074074074074,0.6828063139024352,0.0074317891809499,0.0689194125309275,-13.205007732686678,134.5571,14.5097,543077.7272
2025-12-02,600601.SH,元器件,11.96,-0.0315789473684209,0.0640692640692639,4.4896,0.0050420168067226,0.1907547319310381,0.0071223397170864,0.0871338201209417,-15.446983211125794,140.4033,11.4766,5111396.4929
2025-12-02,600602.SH,软件服务,18.76,-0.0126315789473683,-0.0049423393739703,0.7651,-0.0462633451957295,-0.1725785176999036,0.0073925073980517,0.1878957554348847,-14.757763496777107,135.2721,5.3221,2565755.4016
2025-12-02,600603.SH,区域地产,6.7,-0.027576197387518,0.0121580547112463,0.8245,-0.1207349081364829,-0.5562378092146494,0.0506904032928486,0.9138261902586128,-13.591779998394424,19.7276,1.0943,799530.5312
2025-12-02,600605.SH,房产服务,29.23,-0.0141652613827992,-0.036734693877551,0.59,-0.0400656814449917,-0.0735175886654565,0.00381027715575,0.2357712076201254,-13.309612009536336,262.4481,4.2414,602963.54
2025-12-02,600651.SH,电器仪表,8.0,-0.011124845488257,0.0313283208020049,1.0561,-0.0373044524669073,0.006894313073791,0.002475249975495,0.1242946279861784,-14.511465000474594,403.9996,8.0454,2005622.412
2025-12-02,600653.SH,汽车服务,2.04,0.0049261083743843,-0.0099502487562188,1.4652,-0.0239234449760764,-0.314191125605297,0.0014564440220109,0.1840976453911154,-12.891846672827576,686.6038,5.4319,397061.5847
2025-12-02,600654.SH,仓储物流,3.98,-0.0339805825242718,0.0309278350515465,4.8783,0.0446194225721785,-0.1339086717479263,0.0180728552942622,0.1508727991430425,-13.950742051335697,55.3316,6.6281,1144801.7677
2025-12-03,000001.SZ,银行,11.55,-0.0077319587628865,-0.0139251523063533,0.4868,0.0026041666666667,-0.0875588330570323,0.1923705826904949,1.9782393669634029,-16.92518898323846,5.1983,0.5055,22413835.5187
2025-12-03,000007.SZ,其他商业,10.5,-0.0268767377201111,0.0098522167487684,4.9004,0.1837655016910937,-0.0352338831576644,0.0155767364556382,0.0502164328254778,-12.804278305372682,64.1983,19.9138,363770.4462
2025-12-03,000009.SZ,电气设备,10.05,-0.00593471810089,0.0289999999999999,0.8864,-0.0838650865998177,-0.3320259609319118,0.0027189539640309,0.3888024883359253,-14.767982787250784,367.7885,2.572,2592110.0348
2025-12-03,000017.SZ,服饰,7.74,-0.0177664974619289,0.094488188976378,7.0788,0.138235294117647,0.3659773712027141,0.007566213828769,0.070166083118742,-13.187081516347156,132.1665,14.2519,533429.1381
2025-12-03,600601.SH,元器件,11.55,-0.0342809364548495,0.0388265746333045,3.5519,-0.0228426395939086,0.0715224007321213,0.0073751642817843,0.09022664934315,-15.412100899564756,135.5902,11.0832,4936173.0345
2025-12-03,600602.SH,软件服务,18.21,-0.029317697228145,0.01388117712382,1.3869,-0.0603715170278637,-0.1625819721394894,0.0076157866117517,0.1935696173128665,-14.72800744694882,131.3062,5.1661,2490533.3616
2025-12-03,600603.SH,区域地产,6.58,-0.0179104477611939,0.0259938837920488,0.8854,-0.1364829396325459,-0.5169819486772582,0.0516147680174251,0.9304922303898764,-13.573707217350696,19.3743,1.0747,785210.5814
2025-12-03,600605.SH,房产服务,29.4,0.0058159425248032,-0.0281347690170197,0.9833,-0.046073977936405,0.014982363862863,0.0037882461329583,0.2344061320644148,-13.315411104769044,263.9744,4.2661,606470.3413
2025-12-03,600651.SH,电器仪表,7.98,-0.0024999999999999,0.0362953692115142,0.9074,-0.0123762376237623,-0.0705707693133237,0.0024814536156764,0.1246059337345644,-14.50896187027147,402.9896,8.0253,2000608.356
2025-12-03,600653.SH,汽车服务,2.01,-0.0147058823529413,0.0,1.4251,-0.060747663551402,-0.2649206873331131,0.001478181960356,0.186846038863976,-12.87703158691839,676.5067,5.352,391222.4437
2025-12-03,600654.SH,仓储物流,3.88,-0.0251256281407035,0.029023746701847,4.081,0.0104166666666667,-0.0975557033473462,0.0185386707402305,0.1547628259692021,-13.925295385683537,53.9413,6.4615,1116037.9042
2025-12-04,000001.SZ,银行,11.49,-0.0051948051948051,-0.0138768430182133,0.4566,-0.0017376194613378,-0.1174342167579137,0.1933749734109411,1.988466892026248,-16.919980638130788,5.1713,0.5029,22297400.0095
2025-12-04,000007.SZ,其他商业,10.15,-0.0333333333333333,0.0140703517587941,3.2416,0.1328125,0.0273402162968681,0.0161138540471555,0.0519480519480519,-12.770376753810751,62.0584,19.25,351644.7647
2025-12-04,000009.SZ,电气设备,10.0,-0.0049751243781095,-0.0029268292682925,0.6314,-0.0867579908675798,-0.4342445348041387,0.0027325487821439,0.3907471084713972,-14.76299524574939,365.9587,2.5592,2579213.965
2025-12-04,000017.SZ,服饰,7.62,-0.0155038759689922,-0.0087609511889862,4.7296,0.1424287856071964,0.1733371966328929,0.0076853672145308,0.0712712655638626,-13.171456198435218,130.1174,14.0309,525158.9189
2025-12-04,600601.SH,元器件,11.59,0.0034632034632033,0.085862966175195,3.0385,-0.0413564929693961,-0.0116230809101844,0.0073497094659848,0.0899151201266004,-15.415558119938916,136.0598,11.1216,4953268.006
2025-12-04,600602.SH,软件服务,18.01,-0.0109829763866007,-0.0159779614325068,1.2577,-0.0716494845360823,-0.1168059522550158,0.0077003575276,0.1957176967941441,-14.716963712397368,129.8641,5.1094,2463179.8925
2025-12-04,600603.SH,区域地产,6.54,-0.0060790273556231,-0.0266666666666666,0.6058,-0.1233243967828418,-0.4876552809755913,0.0519305169682964,0.9361542782250516,-13.567609637488031,19.2565,1.0682,780437.2648
2025-12-04,600605.SH,房产服务,28.79,-0.0207482993197278,0.0021193924408338,0.8421,-0.0569931215198166,0.00885768526102,0.0038685108631653,0.2393718881654538,-13.294444534997693,258.4974,4.1776,593887.1131
2025-12-04,600651.SH,电器仪表,7.99,0.0012531328320801,-0.0024813895781639,0.9559,-0.0024968789013731,-0.1702071258158578,0.0024783479134541,0.1244493117953057,-14.51021421858043,403.4946,8.0354,2003115.384
2025-12-04,600653.SH,汽车服务,1.98,-0.0149253731343282,-0.0445544554455445,1.3595,-0.0660377358490567,-0.2394394500264409,0.001500578623117,0.1896777375239468,-12.861993709685526,666.4096,5.2721,385383.3028
2025-12-04,600654.SH,仓储物流,3.79,-0.0231958762886597,-0.0259740259740259,3.081,-0.005249343832021,-0.1613799399843449,0.0189788973640209,0.1584384308257811,-13.901826251105334,52.6901,6.3116,1090150.427
2025-12-05,000001.SZ,银行,11.53,0.0034812880765882,-0.0147569444444444,0.459,-0.0017316017316018,-0.1228555044793516,0.1927042182953385,1.9817677368212443,-16.923455880551447,5.1893,0.5046,22375023.6823
2025-12-05,000007.SZ,其他商业,9.95,-0.019704433497537,0.0667340748230536,2.6081,0.0289555325749741,-0.0223497161017601,0.0164377436895502,0.052992204846667,-12.750475599437724,60.8356,18.8707,344715.8038
2025-12-05,000009.SZ,电气设备,10.25,0.0249999999999999,-0.0096246390760348,1.2264,-0.0840035746201965,-0.3875111364871313,0.0026659010198937,0.3812137846904543,-14.787687858330306,375.1077,2.6232,2643694.3141
2025-12-05,000017.SZ,服饰,7.99,0.0485564304461942,-0.0703030303030303,7.1513,0.1996996996996998,-0.0607948366976671,0.0073294707022732,0.0679707997444298,-13.218870588662368,136.4355,14.7122,550658.7615
2025-12-05,600601.SH,元器件,11.53,-0.0051768766177739,0.0462184873949578,2.5612,-0.0278246205733557,-0.1809410822880347,0.007387957924102,0.0903832248734634,-15.410367796872652,135.3554,11.064,4927625.5487
2025-12-05,600602.SH,软件服务,18.15,0.007773459189339,0.0087575259989052,0.8605,-0.0571428571428571,-0.079868908444911,0.0076409604381632,0.1942086966654367,-14.724707113892022,130.8736,5.1491,2482327.3208
2025-12-05,600603.SH,区域地产,6.75,0.0321100917431191,-0.042274052478134,0.9764,-0.1035856573705179,-0.4005528070053189,0.0503147185646217,0.9070294784580498,-13.599214976813384,19.8749,1.1025,805497.1769
2025-12-05,600605.SH,房产服务,28.31,-0.0166724557137895,-0.0042780748663101,0.7322,-0.0644415069398547,-0.2128464186939098,0.00393410221427,0.243433384454344,-13.277631529483974,254.1876,4.1079,583985.5565
2025-12-05,600651.SH,电器仪表,8.06,0.0087609511889863,0.0213032581453633,0.8671,0.0267515923566881,-0.2289476370317443,0.0024568237789094,0.1233699742156753,-14.518937015318244,407.0296,8.1057,2020664.5801
2025-12-05,600653.SH,汽车服务,2.02,0.0202020202020201,-0.0398009950248755,1.1505,-0.0380952380952381,-0.2721075594721259,0.0014708642386424,0.1859219871341985,-12.881994376217497,679.8724,5.3786,393168.824
2025-12-05,600654.SH,仓储物流,3.85,0.0158311345646438,-0.0103626943005181,2.7276,0.023936170212766,-0.4014458717673024,0.0186831028149831,0.1559673092519808,-13.917533380305688,53.5243,6.4116,1107408.7451
2025-12-08,000001.SZ,银行,11.52,-0.0008673026886383,0.0069991251093612,0.4411,-0.0094582975064488,-0.1591457404365172,0.1928714704520907,1.9833399444664817,-16.922588201538137,5.1848,0.5042,22355617.7641
2025-12-08,000007.SZ,其他商业,9.89,-0.0060301507537686,0.1427165354330708,5.3981,0.0102145045965271,0.0455516258627202,0.0165374813746616,0.053313713886623,-12.744427193797128,60.4687,18.7569,342637.1155
2025-12-08,000009.SZ,电气设备,10.39,0.0136585365853658,-0.0214424951267057,1.1944,-0.0764444444444444,-0.4432311880082652,0.0026299795045697,0.376081233546446,-14.80125395785342,380.2311,2.659,2679803.3096
2025-12-08,000017.SZ,服饰,8.25,0.0325406758448059,-0.0448318804483187,8.326,0.215022091310751,-0.1784974323557367,0.007098481492839,0.0658284510565466,-13.250893029126876,140.8752,15.191,568577.5697
2025-12-08,600601.SH,元器件,11.9,0.0320901994796185,-0.0317331163547598,4.4091,0.0,-0.3064712267186645,0.0071582473747127,0.0875733426744898,-15.441953862705502,139.699,11.419,5085754.0355
2025-12-08,600602.SH,软件服务,18.27,0.0066115702479339,-0.0204194260485651,0.969,-0.0518941359626362,-0.0683796399199822,0.0075907723534961,0.1929347301807798,-14.731296923587152,131.7389,5.1831,2498739.4023
2025-12-08,600603.SH,区域地产,6.86,0.0162962962962962,-0.024024024024024,1.1502,-0.1205128205128204,-0.276604406520217,0.0495081366622604,0.8925383791503034,-13.61537991371488,20.1987,1.1204,818623.7976
2025-12-08,600605.SH,房产服务,28.05,-0.009184033910279,-0.0183615819209039,1.2451,-0.0577762848505206,-0.1746768375169098,0.0039705669810826,0.2456881725713724,-13.268405062249387,251.8532,4.0702,578622.2133
2025-12-08,600651.SH,电器仪表,7.98,-0.009925558312655,-0.0449574726609963,1.3474,-0.0135970333745364,-0.2488615290076922,0.0024814536156764,0.1246059337345644,-14.50896187027147,402.9896,8.0253,2000608.356
2025-12-08,600653.SH,汽车服务,2.01,-0.004950495049505,-0.0251256281407035,1.1428,-0.0563380281690141,-0.278895933037424,0.001478181960356,0.186846038863976,-12.87703158691839,676.5067,5.352,391222.4437
2025-12-08,600654.SH,仓储物流,3.86,0.0025974025974024,-0.0574999999999999,2.7173,-0.0051546391752577,-0.4933918598839609,0.0186347093823898,0.1555645437291932,-13.92012741552695,53.6633,6.4282,1110285.1315
2025-12-09,000001.SZ,银行,11.43,-0.0078125,0.0132391879964695,0.3782,-0.0205655526992287,-0.1595532395804764,0.1943936860930757,1.998800719568259,-16.9147450240763,5.1442,0.5003,22180964.5003
2025-12-09,000007.SZ,其他商业,10.16,0.0273003033367036,0.1707317073170731,3.7333,0.1091703056768558,-0.0288739231046332,0.0160980046523233,0.0518968291037417,-12.771361490348175,62.1195,19.269,351991.2127
2025-12-09,000009.SZ,电气设备,10.26,-0.0125120307988451,-0.0476190476190474,0.8755,-0.0936395759717314,-0.44284313073066,0.0026633023830963,0.3808508207335186,-14.788662992501749,375.4737,2.6257,2646273.5281
2025-12-09,000017.SZ,服饰,8.03,-0.0266666666666667,-0.1043165467625899,5.8633,0.153735632183908,-0.2477727501713268,0.0072929619270922,0.0676320007574784,-13.223864356784734,137.1185,14.7859,553415.5012
2025-12-09,600601.SH,元器件,12.29,0.0327731092436973,-0.0265780730897008,7.6772,0.0733624454148471,-0.2115458329659516,0.0069310972689397,0.0847939084056201,-15.47420138616748,144.2773,11.7933,5252430.0081
2025-12-09,600602.SH,软件服务,18.12,-0.0082101806239736,-0.0564074479737131,1.1423,-0.0557582073996874,-0.0064832258692211,0.0076536098633601,0.1945298214216239,-14.723052853822209,130.6573,5.1406,2478224.3005
2025-12-09,600603.SH,区域地产,6.66,-0.0291545189504373,-0.0581222056631892,0.7668,-0.1417525773195875,-0.2571936809114397,0.0509946506611456,0.9192866335723476,-13.58579195655506,19.6099,1.0878,794757.2146
2025-12-09,600605.SH,房产服务,28.32,0.0096256684491977,-0.0057183702644746,0.9296,-0.034106412005457,-0.0959490309577708,0.0039327128561169,0.2433445271815837,-13.277984699136043,254.2774,4.1094,584191.8389
2025-12-09,600651.SH,电器仪表,8.23,0.0313283208020049,-0.0978260869565217,3.5916,0.0147965474722566,0.0379483015293005,0.0024060752437474,0.1208211001969384,-14.539809473461926,415.6146,8.2767,2063284.0563
2025-12-09,600653.SH,汽车服务,1.99,-0.0099502487562188,-0.0404040404040404,1.2567,-0.0744186046511627,-0.2920593321915415,0.0014930380382794,0.1887255364523373,-12.86703150367115,669.7753,5.2987,387329.6831
2025-12-09,600654.SH,仓储物流,4.0,0.0362694300518136,-0.0615384615384614,7.966,0.0256410256410257,-0.4088162186238308,0.0179825066175624,0.1501185936890143,-13.955754593157492,55.6096,6.6614,1150554.5404
2025-12-10,000001.SZ,银行,11.33,-0.0087489063867016,0.0140721196130166,0.538,-0.0299657534246574,-0.1360915258746839,0.1961091935989959,2.016535591853196,-16.90595762130858,5.0992,0.4959,21986905.3183
2025-12-10,000007.SZ,其他商业,10.25,0.0088582677165354,0.1417244796828543,3.0984,0.0677083333333334,-0.0697907743125495,0.0159566489760618,0.0514411230625987,-12.78018075379362,62.6698,19.4397,355109.2451
2025-12-10,000009.SZ,电气设备,10.29,0.0029239766081869,-0.0273972602739727,0.8566,-0.0653950953678474,-0.4292871606609785,0.0026555374860982,0.379737221842485,-14.791582702606956,376.5716,2.6334,2654011.17
2025-12-10,000017.SZ,服饰,8.34,0.0386052303860524,-0.0454545454545455,10.7459,0.2069464544138928,-0.1991655822244651,0.0070218801786366,0.0651181568956872,-13.261743045156637,142.412,15.3567,574780.2341
2025-12-10,600601.SH,元器件,12.04,-0.0203417412530512,-0.0343450479233227,4.7785,0.0759606791778373,-0.1775545937060381,0.0070750128234607,0.0865546073017466,-15.453649902465264,141.3425,11.5534,5145586.4359
2025-12-10,600602.SH,软件服务,18.26,0.0077262693156732,-0.0257558790593505,1.0906,-0.0348837209302325,-0.0624754939753727,0.0075949347860924,0.1930390131845646,-14.730749428346044,131.6667,5.1803,2497371.7288
2025-12-10,600603.SH,区域地产,6.71,0.0075075075075075,-0.0273972602739727,0.4695,-0.1484771573604061,-0.2809805058337562,0.0506147157224491,0.9124920156948626,-13.593271422917349,19.7571,1.0959,800723.8603
2025-12-10,600605.SH,房产服务,27.98,-0.0120056497175141,-0.0207966161438138,0.5457,-0.024066968957098,-0.1419566552952162,0.0039805019094467,0.2463054187192118,-13.26590639952302,251.2246,4.06,577178.2363
2025-12-10,600651.SH,电器仪表,8.28,0.0060753341433776,-0.0771144278606964,1.9059,0.0222222222222221,0.1609442491210446,0.0023915457899706,0.1200912693647171,-14.545866427182292,418.1396,8.327,2075819.1964
2025-12-10,600653.SH,汽车服务,1.98,-0.0050251256281407,-0.0207253886010363,0.78,-0.0704225352112676,-0.3470926429579646,0.001500578623117,0.1896777375239468,-12.861993709685526,666.4096,5.2721,385383.3028
2025-12-10,600654.SH,仓储物流,3.9,-0.025,-0.016,4.3622,-0.0909090909090909,-0.3887421702567949,0.0184435829241931,0.1539693293096015,-13.930436785182115,54.2194,6.4948,1121790.6769
2025-12-11,000001.SZ,银行,11.37,0.0035304501323918,0.0255506607929516,0.4768,-0.0282051282051282,-0.1261135088270881,0.1954193699679512,2.009646302250804,-16.90948185403148,5.1172,0.4976,22064528.9911
2025-12-11,000007.SZ,其他商业,10.09,-0.0156097560975609,0.0900473933649288,2.6342,0.0521376433785192,-0.0921922066248496,0.0162096622554772,0.0522569789195347,-12.764447882586165,61.6916,19.1362,349566.0764
2025-12-11,000009.SZ,电气设备,10.22,-0.0068027210884352,-0.0485908649173955,0.6959,-0.102721685689201,-0.3801767253087901,0.0026737267312246,0.3823360734085261,-14.784756737519524,374.0098,2.6155,2635956.6722
2025-12-11,000017.SZ,服饰,7.92,-0.0503597122302158,0.0847457627118644,7.7718,0.1314285714285714,-0.1541345664622122,0.007394251117641,0.0685715853064807,-13.210071034584637,135.2402,14.5833,545834.4669
2025-12-11,600601.SH,元器件,12.52,0.0398671096345515,-0.0578313253012047,9.4985,0.1158645276292333,-0.0025217582474426,0.0068037671097733,0.083236224404861,-15.492742828261385,146.9774,12.014,5350726.0945
2025-12-11,600602.SH,软件服务,17.86,-0.0219058050383352,-0.0520889853499729,1.012,-0.0817480719794344,-0.0770084261360277,0.0077650301865548,0.1973632272834925,-14.708600128627303,128.7825,5.0668,2442664.7906
2025-12-11,600603.SH,区域地产,6.57,-0.0208643815201191,-0.0334855403348555,0.4543,-0.190886699507389,-0.228680976171593,0.0516932111305822,0.9318796011555308,-13.572186304447571,19.3449,1.0731,784017.2522
2025-12-11,600605.SH,房产服务,28.37,0.0139385275196568,0.0032223415682062,1.5187,-0.0121866295264623,-0.020761518309138,0.0039257823004534,0.242918913666618,-13.27974867922535,254.7263,4.1166,585223.2511
2025-12-11,600651.SH,电器仪表,8.04,-0.0289855072463768,-0.0957055214723926,1.6909,-0.0098522167487684,0.2308306526299255,0.0024629352868679,0.1236766597407737,-14.516452542005478,406.0196,8.0856,2015650.5241
2025-12-11,600653.SH,汽车服务,1.93,-0.0252525252525253,-0.0155440414507772,1.6248,-0.1064814814814816,-0.2983890684049449,0.0015394538941255,0.1945903872348706,-12.836416867858231,649.581,5.139,375651.4012
2025-12-11,600654.SH,仓储物流,3.75,-0.0384615384615384,-0.0445026178010471,3.2025,-0.1071428571428572,-0.332790462436939,0.0191813403920665,0.1601281024819855,-13.891216071996745,52.134,6.245,1078644.8816
2025-12-12,000001.SZ,银行,11.35,-0.001759014951627,0.0095569070373586,0.6142,-0.0340425531914894,-0.0611986655930059,0.1957636740926353,2.01328769881216,-16.90772129019626,5.1082,0.4967,22025717.1547
2025-12-12,000007.SZ,其他商业,10.55,0.045589692765114,0.012058570198105,5.6483,0.0776302349336059,0.0406220710420146,0.0155028905139363,0.0499785092410263,-12.80902890807656,64.5041,20.0086,365502.6864
2025-12-12,000009.SZ,电气设备,10.29,0.0068493150684929,-0.0099601593625497,1.2063,-0.0787824529991048,-0.3703283519808048,0.0026555374860982,0.379737221842485,-14.791582702606956,376.5716,2.6334,2654011.17
2025-12-12,000017.SZ,服饰,7.67,-0.0315656565656565,0.0977835723598434,6.4841,0.0988538681948423,-0.1841654688314783,0.0076352663791734,0.070806485874106,-13.177996444182613,130.9712,14.123,528604.8436
2025-12-12,600601.SH,元器件,12.45,-0.005591054313099,-0.0084033613445377,7.8227,0.1517113783533763,0.1292197925612737,0.0068420231588799,0.0837044229417082,-15.487136085501817,146.1556,11.9468,5320809.8943
2025-12-12,600602.SH,软件服务,18.43,0.0319148936170212,-0.0095774647887324,2.5159,-0.0269271383315734,0.1641339226251741,0.0075248734692526,0.1912594434350195,-14.74001632488685,132.8926,5.2285,2520622.1776
2025-12-12,600603.SH,区域地产,6.57,0.0,0.0,0.3385,-0.1434159061277704,-0.2807623787574583,0.0516932111305822,0.9318796011555308,-13.572186304447571,19.3449,1.0731,784017.2522
2025-12-12,600605.SH,房产服务,27.93,-0.0155093408530138,0.083453237410072,0.6243,-0.0402061855670103,-0.0135291373400131,0.0039876271903537,0.246742992499013,-13.264117810320746,250.7757,4.0528,576146.8242
2025-12-12,600651.SH,电器仪表,8.15,0.0136815920398012,-0.0483460559796437,1.5923,-0.0332147093712928,0.3800428533957396,0.0024296931832042,0.1220062711223356,-14.530041386035291,411.5746,8.1963,2043227.8322
2025-12-12,600653.SH,汽车服务,1.93,0.0,0.0154639175257731,0.789,-0.1227272727272728,-0.3015730309018317,0.0015394538941255,0.1945903872348706,-12.836416867858231,649.581,5.139,375651.4012
2025-12-12,600654.SH,仓储物流,3.82,0.0186666666666666,-0.0238726790450928,2.8869,-0.0969267139479906,-0.2839607811250696,0.0188298385153048,0.1571931589537223,-13.909710654672466,53.1072,6.3616,1098779.5861
2025-12-15,000001.SZ,银行,11.51,0.0140969162995594,0.0034843205574912,0.4848,-0.0137103684661525,-0.041860912193012,0.1930390131845646,1.984914648670107,-16.921719769004092,5.1803,0.5038,22336211.8459
2025-12-15,000007.SZ,其他商业,11.61,0.100473933649289,-0.0191666666666666,9.9613,0.1727272727272726,0.1772134516548145,0.0140874832711136,0.045415323130024,-12.904769843958782,70.985,22.019,402226.1791
2025-12-15,000009.SZ,电气设备,10.04,-0.0242954324586978,0.0234693877551019,1.4756,-0.1216097987751532,-0.2818912908291788,0.0027216616506442,0.3891959212267455,-14.766987267034375,367.4226,2.5694,2589530.8209
2025-12-15,000017.SZ,服饰,7.67,0.0,0.1311914323962515,3.939,0.0787623066104077,-0.272349235403357,0.0076352663791734,0.070806485874106,-13.177996444182613,130.9712,14.123,528604.8436
2025-12-15,600601.SH,元器件,11.9,-0.0441767068273091,0.0264505119453923,4.0221,0.0977859778597787,0.1016362879299626,0.0071582473747127,0.0875733426744898,-15.441953862705502,139.699,11.419,5085754.0355
2025-12-15,600602.SH,软件服务,17.75,-0.0368963646228974,0.0266976204294835,1.5996,-0.0701938187532739,0.244230322239831,0.0078131531307695,0.1985860672015251,-14.70242206910236,127.9893,5.0356,2427620.3826
2025-12-15,600603.SH,区域地产,6.5,-0.0106544901065449,0.0253164556962024,0.4681,-0.1333333333333333,-0.3960785736310376,0.0522498798252764,0.9419743782969102,-13.561474648926035,19.1388,1.0616,775663.9482
2025-12-15,600605.SH,房产服务,27.8,-0.0046544933762978,0.0557153127246585,0.5959,-0.0269513475673783,-0.1222382487255459,0.0040062738248096,0.2478990555045985,-13.25945245102017,249.6085,4.0339,573465.1526
2025-12-15,600651.SH,电器仪表,7.86,-0.0355828220858895,-0.0133868808567603,1.4397,-0.0296296296296295,0.4183721971071612,0.0025193384418798,0.1265086152366976,-14.493810065240949,396.9296,7.9046,1970524.0198
2025-12-15,600653.SH,汽车服务,1.94,0.005181347150259,0.0421052631578948,0.5957,-0.1221719457013574,-0.3432377382556012,0.0015315185757122,0.1935883537246399,-12.841584837971393,652.9467,5.1656,377597.7815
2025-12-15,600654.SH,仓储物流,3.77,-0.013089005235602,0.0081967213114753,2.1654,-0.1232558139534882,-0.2565549885817638,0.0190795636885375,0.1592787856585381,-13.896535233472624,52.4121,6.2783,1084397.6543
2025-12-16,000001.SZ,银行,11.48,-0.0026064291920069,0.0026019080659152,0.3336,-0.0094909404659188,-0.0579495371350486,0.1935433924285824,1.990445859872612,-16.91910993716145,5.1668,0.5024,22277994.0913
2025-12-16,000007.SZ,其他商业,12.0,0.03359173126615,0.0260416666666667,11.2712,0.2409513960703206,0.3990607408328928,0.0136296417448667,0.0439394338843338,-12.937809697997205,73.3695,22.7586,415737.6528
2025-12-16,000009.SZ,电气设备,9.8,-0.0239043824701193,0.0090543259557343,1.3375,-0.1155234657039711,-0.1649926006406533,0.0027883145084926,0.3987240829346092,-14.742792538431871,358.6396,2.508,2527629.6857
2025-12-16,000017.SZ,服饰,7.47,-0.0260756192959582,0.0925925925925925,3.8165,0.0763688760806915,-0.3159558717583012,0.0078396877922733,0.0727024217176674,-13.15157482806416,127.5561,13.7547,514821.145
2025-12-16,600601.SH,元器件,11.72,-0.015126050420168,0.0082712985938793,3.2274,0.076216712580349,-0.0434601937412563,0.007268186638311,0.0889181330748779,-15.42671224674997,137.5859,11.2463,5008826.6636
2025-12-16,600602.SH,软件服务,17.23,-0.0292957746478873,0.0086206896551725,1.2249,-0.1021365294424179,0.244877820334844,0.0080489504973446,0.2045784660706614,-14.672688603745923,124.2398,4.8881,2356501.363
2025-12-16,600603.SH,区域地产,6.32,-0.0276923076923076,-0.0015649452269169,0.7148,-0.1318681318681318,-0.3815178763389865,0.0537380164223378,0.968804495252858,-13.53339168007632,18.6088,1.0322,754184.0234
2025-12-16,600605.SH,房产服务,27.82,0.0007194244604316,0.0583153347732181,0.6823,-0.0340277777777777,-0.1606620505794795,0.0040033932761408,0.2477209671026555,-13.260171616892086,249.7881,4.0368,573877.7175
2025-12-16,600651.SH,电器仪表,7.47,-0.049618320610687,-0.0336927223719676,1.5137,-0.0532319391634981,0.1193439963708096,0.0026508703072305,0.1331132527554443,-14.442918457936813,377.2346,7.5124,1872749.9272
2025-12-16,600653.SH,汽车服务,1.9,-0.0206185567010309,0.0264550264550265,1.3513,-0.1037735849056604,-0.2735982026472802,0.0015637610266654,0.1976636160581921,-12.820750750982132,639.4839,5.0591,369812.2602
2025-12-16,600654.SH,仓储物流,3.66,-0.0291777188328912,-0.0135501355013549,2.7444,-0.1866666666666666,-0.4017360147605068,0.0196530065169369,0.1640662171252317,-13.866923379483172,50.8828,6.0951,1052757.4045
2025-12-17,000001.SZ,银行,11.53,0.004355400696864,-0.0085910652920963,0.3615,-0.0228813559322035,-0.0975420748306077,0.1927042182953385,1.9817677368212443,-16.923455880551447,5.1893,0.5046,22375023.6823
2025-12-17,000007.SZ,其他商业,11.52,-0.04,0.0260869565217392,6.7514,0.1839671120246659,0.4925166134576466,0.0141975273586352,0.0457701514534311,-12.896987703507016,70.4348,21.8483,399108.1467
2025-12-17,000009.SZ,电气设备,9.94,0.0142857142857142,0.0357507660878448,0.9472,-0.098821396192203,-0.1098342680401027,0.0027490426458985,0.3930972129407603,-14.756977173419926,363.763,2.5439,2563738.6812
2025-12-17,000017.SZ,服饰,7.56,0.0120481927710842,-0.0036057692307693,3.6524,-0.0091743119266055,-0.4354573141558026,0.0077463594047387,0.0718365001257138,-13.16355101892357,129.0929,13.9205,521023.8093
2025-12-17,600601.SH,元器件,12.09,0.031569965870307,0.0630861040068202,4.6395,0.0458477508650518,-0.0309490397470731,0.0070457515879362,0.0861972365165972,-15.457794127223908,141.9295,11.6013,5166955.1504
2025-12-17,600602.SH,软件服务,17.4,0.0098665118978524,0.0228963938179738,1.1166,-0.0822784810126583,0.2359703956213981,0.0079703121811875,0.2025808804165063,-14.682506759411718,125.4656,4.9363,2379751.8117
2025-12-17,600603.SH,区域地产,6.39,0.0110759493670884,0.0440944881889764,0.8462,-0.0858369098712447,-0.2493898749160454,0.0531493656623208,0.9581297307655456,-13.54440674036385,18.8149,1.0437,762537.3275
2025-12-17,600605.SH,房产服务,27.78,-0.0014378145219265,0.0731620271234831,0.8712,-0.0113879003558718,-0.0929089929311821,0.004009158521727,0.2480774001488464,-13.258732767750963,249.4289,4.031,573052.5878
2025-12-17,600651.SH,电器仪表,7.42,-0.0066934404283801,0.0067842605156038,1.3951,-0.0547770700636942,0.0293390700920872,0.0026687333337603,0.1340105332279117,-14.43620251595792,374.7096,7.4621,1860214.7871
2025-12-17,600653.SH,汽车服务,1.89,-0.0052631578947368,0.0157894736842105,1.1038,-0.0825242718446602,-0.1801419290954647,0.0015720348828252,0.1987083954297069,-12.815473693927071,636.1182,5.0325,367865.8799
2025-12-17,600654.SH,仓储物流,3.69,0.0081967213114753,0.0164383561643834,2.7461,-0.1021897810218979,-0.4267596676154431,0.0194932153863847,0.162731281834307,-13.875086690072136,51.2999,6.1451,1061386.5635
2025-12-18,000001.SZ,银行,11.64,0.0095403295750218,-0.0051635111876074,0.4073,-0.0177215189873416,-0.0855220114029348,0.1908834084141406,1.963093835885356,-16.932950988574742,5.2388,0.5094,22588488.7825
2025-12-18,000007.SZ,其他商业,11.5,-0.001736111111111,-0.0161702127659574,3.2338,0.1499999999999999,0.5485442755506549,0.0142222222222222,0.0458498966084831,-12.895250083578407,70.3125,21.8103,398415.2506
2025-12-18,000009.SZ,电气设备,9.79,-0.0150905432595573,0.0181086519114688,0.7436,-0.1043000914913083,-0.0537762698383106,0.002791162954792,0.3991219317501496,-14.741771609283903,358.2736,2.5055,2525050.4717
2025-12-18,000017.SZ,服饰,8.32,0.1005291005291006,-0.0285035629453681,5.2239,-0.0083432657926102,-0.4730923420150611,0.0070387589260261,0.065274577510297,-13.259342083734108,142.0705,15.3199,573401.8643
2025-12-18,600601.SH,元器件,11.73,-0.0297766749379652,0.0406779661016947,3.0674,-0.0463414634146341,-0.1865725605586374,0.0072619900902883,0.0888422960402988,-15.427565125269076,137.7033,11.2559,5013100.4065
2025-12-18,600602.SH,软件服务,17.47,0.0040229885057472,0.0176336746302618,1.011,-0.0766384778012686,0.2283298792723442,0.0079383791258733,0.2017674831524151,-14.686521677343476,125.9703,4.9562,2389325.5259
2025-12-18,600603.SH,区域地产,6.35,-0.0062597809076682,0.0338461538461538,0.5312,-0.1018387553041019,-0.2065473257787266,0.0534842301747329,0.9642271719217048,-13.538127284884377,18.6971,1.0371,757764.0109
2025-12-18,600605.SH,房产服务,28.02,0.0086393088552916,0.0046480743691899,0.7567,0.0057430007178751,-0.2514312370128493,0.0039748187283918,0.2459540557823798,-13.26733497133998,251.5838,4.0658,578003.3661
2025-12-18,600651.SH,电器仪表,7.37,-0.0067385444743934,-0.0294117647058824,0.8336,-0.0752823086574654,-0.0917573872472783,0.0026868387354017,0.1349199924444804,-14.429441165020355,372.1846,7.4118,1847679.6471
2025-12-18,600653.SH,汽车服务,1.9,0.0052910052910053,-0.0152284263959391,1.1575,-0.0686274509803922,-0.2238047901587401,0.0015637610266654,0.1976636160581921,-12.820750750982132,639.4839,5.0591,369812.2602
2025-12-18,600654.SH,仓储物流,3.65,-0.010840108401084,0.0190217391304348,1.6279,-0.0875,-0.4481815863300178,0.0197068410327961,0.1645142716130624,-13.864187399617714,50.7438,6.0785,1049881.0181
2025-12-19,000001.SZ,银行,11.62,-0.0017182130584193,0.0017361111111111,0.3349,-0.0059880239520958,-0.1651120112065501,0.19121190102872,1.966181675186787,-16.931231297695042,5.2298,0.5086,22549676.9461
2025-12-19,000007.SZ,其他商业,11.75,0.0217391304347827,-0.0322854715378079,3.8625,0.2368421052631579,0.4926617244867672,0.013919628067538,0.0448742399425609,-12.916756288799371,71.841,22.2845,407076.4517
2025-12-19,000009.SZ,电气设备,9.94,0.0153217568947905,0.0129611166500498,0.7151,-0.0079840319361277,-0.0599529886434251,0.0027490426458985,0.3930972129407603,-14.756977173419926,363.763,2.5439,2563738.6812
2025-12-19,000017.SZ,服饰,8.42,0.0120192307692306,-0.029585798816568,16.5711,-0.0877573131094258,-0.3000743079087856,0.006955162156128,0.0644994840041279,-13.271289657102615,143.7781,15.504,580293.7136
2025-12-19,600601.SH,元器件,11.8,0.0059676044330776,0.0157938487115545,2.2649,0.0042553191489362,-0.3565498430727843,0.0072189135535101,0.0883150374014183,-15.433514994073468,138.525,11.3231,5043016.6067
2025-12-19,600602.SH,软件服务,17.58,0.0062965082999426,0.0163934426229508,0.9517,-0.0403930131004367,-0.0119535247626657,0.0078887061338634,0.2005052732886875,-14.692798445452423,126.7635,4.9874,2404369.9339
2025-12-19,600603.SH,区域地产,6.5,0.0236220472440944,0.0200617283950617,0.6049,-0.0660919540229885,-0.0913605764400237,0.0522498798252764,0.9419743782969102,-13.561474648926035,19.1388,1.0616,775663.9482
2025-12-19,600605.SH,房产服务,30.12,0.0749464668094219,0.0463057541709226,3.2561,0.093681917211329,0.1718328072110446,0.0036976901638853,0.2288015375463323,-13.339605833212891,270.4391,4.3706,621322.6761
2025-12-19,600651.SH,电器仪表,7.48,0.0149253731343284,-0.0217096336499321,1.0226,-0.0131926121372031,-0.1611330996650452,0.0026473263592167,0.132934529744101,-14.444256250770476,377.7396,7.5225,1875256.9552
2025-12-19,600653.SH,汽车服务,1.97,0.036842105263158,-0.0252525252525253,1.8687,0.0102564102564102,-0.0264299360378725,0.001508195762,0.1906395958440568,-12.856930407512964,663.0439,5.2455,383436.9224
2025-12-19,600654.SH,仓储物流,3.68,0.0082191780821918,0.0135501355013549,2.0265,-0.0366492146596857,-0.4636592548333403,0.0195462150709136,0.1631720649424818,-13.872372984248672,51.1608,6.1285,1058510.1772
2025-12-22,000001.SZ,银行,11.52,-0.0086058519793459,0.0,0.3826,-0.0068965517241379,-0.1925730384436211,0.1928714704520907,1.9833399444664817,-16.922588201538137,5.1848,0.5042,22355617.7641
2025-12-22,000007.SZ,其他商业,11.77,0.0017021276595743,-0.038917089678511,3.293,0.2534611288604897,0.211224284254178,0.0138959719746037,0.044798050388847,-12.918456969510816,71.9633,22.3224,407769.3478
2025-12-22,000009.SZ,电气设备,10.03,0.0090543259557343,-0.0059820538384843,0.792,0.012108980827447,-0.157841963067153,0.0027243754777873,0.3895749737036892,-14.765990754731122,367.0566,2.5669,2586951.6069
2025-12-22,000017.SZ,服饰,8.45,0.0035629453681709,-0.0121065375302662,8.946,0.016847172081829,-0.2006811277307998,0.0069304728037851,0.0642706565890277,-13.274846270219095,144.2903,15.5592,582361.2684
2025-12-22,600601.SH,元器件,12.03,0.0194915254237286,-0.0147662018047579,4.1733,0.0599118942731278,-0.3334593068705775,0.0070808942602979,0.0866265874322147,-15.45281899258809,141.2251,11.5438,5141312.6931
2025-12-22,600602.SH,软件服务,17.69,0.0062571103526736,0.0706552706552705,0.8877,-0.0689473684210525,-0.0967545515435667,0.007839650916024,0.1992587574223887,-14.699036061364994,127.5567,5.0186,2419414.3419
2025-12-22,600603.SH,区域地产,6.48,-0.0030769230769229,0.0125391849529781,0.4921,-0.0484581497797356,-0.0330409999469403,0.0524111761592041,0.944822373393802,-13.558392982262092,19.0799,1.0584,773277.2898
2025-12-22,600605.SH,房产服务,29.37,-0.0249003984063744,0.0646258503401362,1.242,0.0131079682649191,0.3286237699599461,0.0037921147524261,0.2346481451064129,-13.314390175613548,263.7051,4.2617,605851.494
2025-12-22,600651.SH,电器仪表,7.37,-0.0147058823529412,0.0027894002789401,0.8718,-0.056338028169014,-0.2265058422356244,0.0026868387354017,0.1349199924444804,-14.429441165020355,372.1846,7.4118,1847679.6471
2025-12-22,600653.SH,汽车服务,1.98,0.0050761421319796,0.0,1.3908,0.0050761421319796,0.0977620165812045,0.001500578623117,0.1896777375239468,-12.861993709685526,666.4096,5.2721,385383.3028
2025-12-22,600654.SH,仓储物流,3.69,0.0027173913043476,0.0247252747252746,1.9731,-0.0365535248041776,-0.4578978548494444,0.0194932153863847,0.162731281834307,-13.875086690072136,51.2999,6.1451,1061386.5635
2025-12-23,000001.SZ,银行,11.56,0.0034722222222223,-0.0051993067590986,0.3433,-0.0203389830508474,-0.1711234186175575,0.1922041977396786,1.97667523225934,-16.92605440951498,5.2028,0.5059,22433241.4369
2025-12-23,000007.SZ,其他商业,11.82,0.004248088360238,-0.0152542372881356,2.6319,0.2481520591341077,-0.1586100806704702,0.0138371916035921,0.0446086041075602,-12.92269606016762,72.269,22.4172,409501.588
2025-12-23,000009.SZ,电气设备,10.03,0.0,-0.0187376725838265,0.8836,-0.0049603174603175,-0.2275262956181066,0.0027243754777873,0.3895749737036892,-14.765990754731122,367.0566,2.5669,2586951.6069
2025-12-23,000017.SZ,服饰,8.26,-0.0224852071005916,-0.0494571773220746,5.9088,0.029925187032419,-0.0811072395334879,0.0070898905958982,0.0657488132339211,-13.25210441643092,141.0459,15.2094,569266.7547
2025-12-23,600601.SH,元器件,12.19,0.0133000831255194,-0.0336808340016038,4.8712,0.0304311073541843,-0.2508725762864097,0.006987954164611,0.0854898138886751,-15.46603140609612,143.1034,11.6973,5209692.5793
2025-12-23,600602.SH,软件服务,17.55,-0.0079140757490108,0.0408505875769447,0.736,-0.0782563025210083,-0.1603435039545803,0.0079021898548525,0.2008475767739862,-14.691090503092694,126.5472,4.9789,2400266.9135
2025-12-23,600603.SH,区域地产,6.38,-0.0154320987654321,-0.0271493212669682,0.4239,-0.0740203193033381,-0.0998439331940895,0.0532328297507638,0.9596928982725528,-13.542840569266769,18.7854,1.042,761343.9983
2025-12-23,600605.SH,房产服务,29.4,0.0010214504596526,0.0049883604921847,1.0391,0.0130944176430047,0.3862010592246865,0.0037882461329583,0.2344061320644148,-13.315411104769044,263.9744,4.2661,606470.3413
2025-12-23,600651.SH,电器仪表,7.17,-0.0271370420624151,-0.0309973045822101,1.2154,-0.1298543689320388,-0.2450362031904062,0.0027617847426306,0.1386827908524831,-14.40192911343132,362.0847,7.2107,1797539.0868
2025-12-23,600653.SH,汽车服务,1.94,-0.0202020202020202,-0.0103626943005181,1.2529,-0.0202020202020202,0.0756685511020771,0.0015315185757122,0.1935883537246399,-12.841584837971393,652.9467,5.1656,377597.7815
2025-12-23,600654.SH,仓储物流,3.64,-0.0135501355013549,0.0080862533692722,2.1892,-0.0808080808080807,-0.4632164427696992,0.0197610103409367,0.1649675014022237,-13.861443913720636,50.6047,6.0618,1047004.6318
2025-12-24,000001.SZ,银行,11.54,-0.0017301038062285,-0.0129757785467128,0.2604,-0.0128314798973482,-0.2022154272197541,0.192537255959028,1.9798059790140567,-16.924322807350524,5.1938,0.5051,22394429.6005
2025-12-24,000007.SZ,其他商业,11.8,-0.0016920473773265,-0.0103806228373702,2.7676,0.2190082644628099,-0.3269203305545549,0.0138606478189577,0.0446841500851233,-12.9210025796319,72.1467,22.3793,408808.6919
2025-12-24,000009.SZ,电气设备,10.14,0.0109670987038885,-0.0266798418972331,1.0273,0.025278058645096,-0.204868309179667,0.0026948207162725,0.3853564547206165,-14.776898150914558,371.0822,2.595,2615322.9605
2025-12-24,000017.SZ,服饰,8.29,0.0036319612590798,-0.0378973105134473,4.3238,0.0724450194049157,0.020854420189067,0.0070642322380476,0.0655110517144242,-13.255729798046724,141.5582,15.2646,571334.3095
2025-12-24,600601.SH,元器件,12.47,0.0229696472518459,-0.045602605863192,6.1562,0.0731497418244406,-0.1866653198893264,0.0068310490305375,0.0835701153267591,-15.488741222287926,146.3904,11.966,5329357.3801
2025-12-24,600602.SH,软件服务,17.87,0.0182336182336182,0.0447177193963108,1.0279,-0.0584826132771337,-0.1650554829253729,0.0077606852995546,0.1972503303943034,-14.709159882368708,128.8546,5.0697,2444032.4641
2025-12-24,600603.SH,区域地产,6.63,0.0391849529780563,-0.0744047619047618,1.2434,-0.0432900432900432,-0.0187729823882329,0.0512255718054452,0.923446301597562,-13.58127727614132,19.5215,1.0829,791177.2271
2025-12-24,600605.SH,房产服务,30.07,0.0227891156462585,-0.0085922009253139,1.4256,0.0422876949740034,0.4280230681360968,0.0037038381393102,0.2291843329589989,-13.337944427354056,269.9902,4.3633,620291.264
2025-12-24,600651.SH,电器仪表,7.42,0.0348675034867502,0.0041322314049587,1.1682,-0.0929095354523227,-0.2673221913252872,0.0026687333337603,0.1340105332279117,-14.43620251595792,374.7096,7.4621,1860214.7871
2025-12-24,600653.SH,汽车服务,1.93,-0.0051546391752577,-0.0206185567010309,0.7939,-0.035,0.0473628777444707,0.0015394538941255,0.1945903872348706,-12.836416867858231,649.581,5.139,375651.4012
2025-12-24,600654.SH,仓储物流,3.71,0.0192307692307691,0.0053333333333334,2.5141,-0.0438144329896906,-0.4674728698953457,0.0193881488001644,0.161854201735077,-13.880492108637268,51.5779,6.1784,1067139.3362
2025-12-25,000001.SZ,银行,11.56,0.0017331022530331,-0.0034662045060658,0.2821,-0.0128095644748078,-0.2389880387317258,0.1922041977396786,1.97667523225934,-16.92605440951498,5.2028,0.5059,22433241.4369
2025-12-25,000007.SZ,其他商业,11.56,-0.0203389830508474,0.0114135206321333,3.1392,0.1807967313585292,-0.3367305000132069,0.0141484140335289,0.0456119065320811,-12.900453911543323,70.6793,21.9241,400493.9389
2025-12-25,000009.SZ,电气设备,10.12,-0.0019723865877713,-0.0078740157480314,0.6845,0.0,-0.17667186786612,0.0027001463209291,0.3861152940267964,-14.774923816622326,370.3503,2.5899,2610164.5326
2025-12-25,000017.SZ,服饰,8.18,-0.0132689987937273,-0.0353658536585365,4.0593,0.1220850480109738,0.0519139580941407,0.0071592262021951,0.0663918045956407,-13.242371979449556,139.6799,15.0621,563753.2752
2025-12-25,600601.SH,元器件,12.28,-0.0152365677626303,0.0057283142389523,3.3883,0.0604490500863557,-0.152242579952762,0.0069367417707698,0.0848629887047362,-15.473387385306054,144.1599,11.7837,5248156.2652
2025-12-25,600602.SH,软件服务,17.89,0.0011191941801902,0.0461624026696327,0.7203,-0.0453575240128066,-0.2094096995241208,0.0077520100962179,0.1970326877228932,-14.710278450713906,128.9988,5.0753,2446767.811
2025-12-25,600603.SH,区域地产,6.72,0.0135746606334841,-0.0468986384266264,1.1115,-0.0218340611353712,0.1098606875420586,0.050539509261365,0.9110787172011664,-13.594760626529956,19.7865,1.0976,801917.1895
2025-12-25,600605.SH,房产服务,30.26,0.0063185899567674,-0.0325414904002603,0.7254,0.0341763499658236,0.4292061308522408,0.0036805828276519,0.2277437427406682,-13.344243138792356,271.6961,4.3909,624210.6302
2025-12-25,600651.SH,电器仪表,7.26,-0.0215633423180593,0.0124826629680998,0.9525,-0.1231884057971014,-0.2307748871273731,0.002727547713674,0.1369637867747767,-14.414403287636956,366.6297,7.3012,1820102.3389
2025-12-25,600653.SH,汽车服务,1.94,0.005181347150259,-0.0103626943005181,0.8288,-0.0251256281407035,0.0107956487892479,0.0015315185757122,0.1935883537246399,-12.841584837971393,652.9467,5.1656,377597.7815
2025-12-25,600654.SH,仓储物流,3.75,0.0107816711590296,0.0347593582887699,1.8658,-0.1217798594847774,-0.4260812192251143,0.0191813403920665,0.1601281024819855,-13.891216071996745,52.134,6.245,1078644.8816
2025-12-26,000001.SZ,银行,11.54,-0.0017301038062285,0.009515570934256,0.2249,-0.0060292850990525,-0.2712410326484797,0.192537255959028,1.9798059790140567,-16.924322807350524,5.1938,0.5051,22394429.6005
2025-12-26,000007.SZ,其他商业,11.39,-0.0147058823529411,0.0220070422535212,2.8276,0.1528340080971659,-0.3662467021963022,0.0143595840890064,0.0462926528930593,-12.885638825627748,69.6399,21.6017,394604.3221
2025-12-26,000009.SZ,电气设备,10.16,0.0039525691699606,0.0200601805416247,1.1159,0.0039525691699606,-0.1039278892072589,0.0026895160780615,0.3845858010922237,-14.778868594890415,371.8141,2.6002,2620481.3884
2025-12-26,000017.SZ,服饰,8.2,0.0024449877750609,-0.0220588235294116,5.0726,0.0635538261997405,-0.1954895924875799,0.0071417654729919,0.0662299902641914,-13.244813983165242,140.0214,15.0989,565131.6451
2025-12-26,600601.SH,元器件,12.22,-0.0048859934853419,0.0491257285595336,3.314,0.0191826522101752,-0.0732811508356253,0.0069707979332978,0.0852798458140387,-15.468489416334686,143.4556,11.7261,5222513.8079
2025-12-26,600602.SH,软件服务,17.98,0.0050307434320848,0.0143693453964874,0.9528,-0.0481736368448915,-0.2183559031778521,0.007713204543386,0.1960438354015957,-14.715296582238777,129.6478,5.1009,2459076.8721
2025-12-26,600603.SH,区域地产,6.61,-0.0163690476190475,0.0061919504643963,0.6935,-0.046176046176046,0.1182995888604452,0.051380596631488,0.9262689885142646,-13.578256125809633,19.4626,1.0796,788790.5688
2025-12-26,600605.SH,房产服务,30.73,0.0155320555188367,-0.0380191693290735,1.4117,0.0212695247590561,0.1102920221154029,0.0036242901374729,0.2242605009979592,-13.359655806474027,275.9161,4.4591,633905.9043
2025-12-26,600651.SH,电器仪表,7.21,-0.0068870523415978,0.0319888734353268,0.8882,-0.139618138424821,-0.2370165477023731,0.0027464627619473,0.137913914134797,-14.407492410083316,364.1047,7.2509,1807567.1988
2025-12-26,600653.SH,汽车服务,1.93,-0.0051546391752577,0.0,0.8817,-0.0445544554455445,-0.1262114500059405,0.0015394538941255,0.1945903872348706,-12.836416867858231,649.581,5.139,375651.4012
2025-12-26,600654.SH,仓储物流,3.74,-0.0026666666666665,0.0563002680965147,2.5122,-0.0987951807228916,-0.3160855449881444,0.0192326185210116,0.1605548776571832,-13.88854584348821,51.995,6.2284,1075768.4953
2025-12-29,000001.SZ,银行,11.56,0.0017331022530331,0.0139372822299652,0.3341,-0.0111206159110349,-0.2772386193096547,0.1922041977396786,1.97667523225934,-16.92605440951498,5.2028,0.5059,22433241.4369
2025-12-29,000007.SZ,其他商业,11.36,-0.0026338893766463,-0.0103270223752151,2.1346,0.0450781968721252,-0.3987943290045699,0.0143975005938968,0.0464149121829861,-12.883001461542865,69.4565,21.5448,393564.978
2025-12-29,000009.SZ,电气设备,9.97,-0.0187007874015747,0.0160804020100502,0.9568,-0.0263671875,-0.0293850096425247,0.0027407705237804,0.3919263178522438,-14.759990736727149,364.8609,2.5515,2571476.3231
2025-12-29,000017.SZ,服饰,8.16,-0.0048780487804876,-0.0038071065989847,5.1636,0.0501930501930503,-0.2655366893290954,0.0071767725192768,0.066554854511088,-13.239923997750482,139.3384,15.0252,562374.9053
2025-12-29,600601.SH,元器件,12.01,-0.0171849427168576,0.1062240663900413,4.4669,-0.0275303643724695,-0.0287907029657048,0.0070926865181505,0.0867709074501501,-15.45115509868834,140.9903,11.5246,5132765.2073
2025-12-29,600602.SH,软件服务,18.79,0.0450500556173525,0.0279569892473117,3.9056,-0.0110526315789474,0.1685479090160382,0.0073807056545062,0.1875926238580298,-14.759361366599098,135.4884,5.3307,2569858.4219
2025-12-29,600603.SH,区域地产,6.46,-0.0226928895612708,0.0186046511627906,0.8555,-0.0624092888243831,0.1974682668695742,0.0525734714263182,0.9477774618519572,-13.555301789694822,19.021,1.0551,770890.6315
2025-12-29,600605.SH,房产服务,31.3,0.0185486495281483,-0.0039708802117801,2.2214,0.0556492411467117,0.2272825383121088,0.003558288320986,0.22017702232595,-13.378034527951025,281.034,4.5418,645664.0028
2025-12-29,600651.SH,电器仪表,7.19,-0.002773925104022,0.0333796940194714,0.7831,-0.1112484548825709,-0.2295863222878242,0.0027541024421452,0.1382972838413453,-14.404714630536034,363.0947,7.2308,1802553.1428
2025-12-29,600653.SH,汽车服务,1.94,0.005181347150259,0.0052356020942407,0.7987,-0.044334975369458,-0.2082511491306575,0.0015315185757122,0.1935883537246399,-12.841584837971393,652.9467,5.1656,377597.7815
2025-12-29,600654.SH,仓储物流,3.73,-0.0026737967914438,0.0294117647058822,1.8855,-0.0946601941747573,-0.2707396139843399,0.0192841715519901,0.1609865254278217,-13.885868465671887,51.856,6.2117,1072892.1089
2025-12-30,000001.SZ,银行,11.48,-0.0069204152249134,0.0087642418930762,0.3002,-0.013745704467354,-0.2903144144600273,0.1935433924285824,1.990445859872612,-16.91910993716145,5.1668,0.5024,22277994.0913
2025-12-30,000007.SZ,其他商业,11.62,0.0228873239436619,0.0629370629370629,2.9794,0.0769230769230768,-0.356755256578634,0.0140753481537365,0.0453763743369377,-12.905630799563417,71.0462,22.0379,402572.6271
2025-12-30,000009.SZ,电气设备,9.95,-0.0020060180541626,0.03248730964467,0.8604,-0.0158259149357072,-0.0278771896779054,0.0027462794778773,0.3927112786679233,-14.757982703935587,364.129,2.5464,2566317.8952
2025-12-30,000017.SZ,服饰,7.88,-0.034313725490196,0.0038119440914867,4.8838,0.0,-0.2752197952997267,0.0074317891809499,0.0689194125309275,-13.205007732686678,134.5571,14.5097,543077.7272
2025-12-30,600601.SH,元器件,12.05,0.003330557868443,0.1083617747440273,4.3712,0.0075250836120401,-0.0494370208105147,0.0070691411488344,0.0864827466920349,-15.454480122523783,141.4599,11.563,5149860.1788
2025-12-30,600602.SH,软件服务,18.6,-0.0101117615753059,0.0342429106474049,2.0684,-0.0085287846481876,0.3125345154969854,0.0074560984920786,0.1895087932080048,-14.74919813391039,134.1184,5.2768,2543872.6263
2025-12-30,600603.SH,区域地产,6.45,-0.001547987616099,0.0594855305466237,0.7297,-0.0373134328358208,0.2905435985990512,0.0526551351920596,0.9492168960607498,-13.55375260277416,18.9915,1.0535,769697.3024
2025-12-30,600605.SH,房产服务,30.22,-0.0345047923322684,0.006,1.3244,0.0338693123503248,0.2377246134559132,0.0036854538820728,0.2280449704681763,-13.34292038714209,271.337,4.3851,623385.5004
2025-12-30,600651.SH,电器仪表,7.19,0.0,0.0260631001371742,0.7405,-0.1012499999999999,-0.2940828333248971,0.0027541024421452,0.1382972838413453,-14.404714630536034,363.0947,7.2308,1802553.1428
2025-12-30,600653.SH,汽车服务,1.91,-0.0154639175257732,0.0210526315789474,0.9207,-0.0637254901960785,-0.2481967169346188,0.0015555738076215,0.1966297658139489,-12.82600010682297,642.8496,5.0857,371758.6405
2025-12-30,600654.SH,仓储物流,3.74,0.002680965147453,0.039787798408488,2.4103,-0.0603015075376883,-0.2242073329288377,0.0192326185210116,0.1605548776571832,-13.88854584348821,51.995,6.2284,1075768.4953
2025-12-31,000001.SZ,银行,11.41,-0.0060975609756097,-0.0034782608695651,0.3044,-0.0121212121212122,-0.2507385332987819,0.1947343823025393,2.002402883460152,-16.912993710143382,5.1352,0.4994,22142152.6639
2025-12-31,000007.SZ,其他商业,11.44,-0.0154905335628227,0.0572916666666667,2.3252,0.0895238095238095,-0.3581092808654944,0.0142968249611126,0.046090170810173,-12.890019034070024,69.9456,21.6966,396336.5623
2025-12-31,000009.SZ,电气设备,9.85,-0.0100502512562813,0.0168650793650793,0.6891,-0.0199004975124379,-0.0892567313944944,0.0027741605806207,0.3966994604887337,-14.747881607929502,360.4694,2.5208,2540525.7555
2025-12-31,000017.SZ,服饰,7.87,-0.0012690355329948,0.0101137800252844,3.2284,0.0167958656330748,-0.28785996001945,0.0074412291719995,0.0690069213942158,-13.203737891307036,134.3864,14.4913,542388.5423
2025-12-31,600601.SH,元器件,11.72,-0.0273858921161825,0.0593978844589098,4.2857,0.0147186147186146,-0.1383122287681264,0.007268186638311,0.0889181330748779,-15.42671224674997,137.5859,11.2463,5008826.6636
2025-12-31,600602.SH,软件服务,18.69,0.0048387096774193,0.0606060606060605,1.2353,0.0263591433278418,0.3516651576136163,0.0074201976295436,0.1885974011278124,-14.75402517466066,134.7673,5.3023,2556181.6874
2025-12-31,600603.SH,区域地产,6.22,-0.0356589147286822,0.0555555555555555,1.3011,-0.0547112462006079,0.2698580264457888,0.0546021414959894,0.984348853233586,-13.51744237868143,18.3143,1.0159,742250.7319
2025-12-31,600605.SH,房产服务,30.0,-0.0072799470549305,0.0302724520686175,0.7145,0.0204081632653061,0.1270965468639886,0.0037124802820891,0.2297160709363227,-13.33561381202061,269.3617,4.3532,618847.287
2025-12-31,600651.SH,电器仪表,7.29,0.0139082058414463,0.0465753424657533,1.2919,-0.0864661654135339,-0.2855137067755126,0.0027163232283392,0.136399596257195,-14.418527004796172,368.1447,7.3314,1827623.4229
2025-12-31,600653.SH,汽车服务,1.9,-0.0052356020942407,0.0209424083769633,0.8143,-0.0547263681592039,-0.2234597774230288,0.0015637610266654,0.1976636160581921,-12.820750750982132,639.4839,5.0591,369812.2602
2025-12-31,600654.SH,仓储物流,3.77,0.0080213903743315,0.0103359173126615,2.6369,-0.0283505154639175,-0.1955534139745275,0.0190795636885375,0.1592787856585381,-13.896535233472624,52.4121,6.2783,1084397.6543
2026-01-05,000001.SZ,银行,11.5,0.007887817703768674,-0.016281062553556103,0.4512,0.0008703220191470518,-0.16251328994113523,0.19320684725066659,1.986886548778065,-16.920850581639417,5.1758,0.5033,22316805.9277
2026-01-05,000007.SZ,其他商业,11.52,0.006993006993007089,0.02239448751076667,2.3882,0.13497536945812794,-0.38781408995093547,0.01419752735863522,0.04577015145343116,-12.896987703507016,70.4348,21.8483,399108.1467
2026-01-05,000009.SZ,电气设备,10.08,0.023350253807106647,0.008849557522123908,1.1882,0.008000000000000007,-0.01182729985260833,0.0027108616636449595,0.387641973872931,-14.770963415390876,368.8864,2.5797,2599847.6767
2026-01-05,000017.SZ,服饰,7.91,0.0050825921219821435,0.015037593984962294,3.4927,0.03805774278215224,-0.29897780769881954,0.007403601407868844,0.06865821255209442,-13.208807610598315,135.0694,14.5649,545145.282
2026-01-05,600601.SH,元器件,12.29,0.04863481228668931,0.013492063492063444,6.3955,0.060396893874029356,-0.04253659682065769,0.0069310972689397435,0.08479390840562014,-15.474201386167481,144.2773,11.7933,5252430.0081
2026-01-05,600602.SH,软件服务,18.81,0.006420545746388395,0.10440713536201485,1.5036,0.04441976679622406,0.45723040739945064,0.007372858737501161,0.18739576110788375,-14.760425196521664,135.6326,5.3363,2572593.7689
2026-01-05,600603.SH,区域地产,6.3,0.012861736334405238,0.006153846153846176,1.2656,-0.03669724770642202,0.25551265773585885,0.05390864640779734,0.9718172983479106,-13.530222105317565,18.5499,1.029,751797.3651
2026-01-05,600605.SH,房产服务,29.73,-0.009000000000000008,-0.0026569246097641885,1.1772,0.032650225772837826,0.18914367314695446,0.003746196673826897,0.23180343069077422,-13.32657306734074,266.9374,4.314,613277.6614
2026-01-05,600651.SH,电器仪表,7.3,0.00137174211248281,0.13207547169811318,1.2659,-0.08635794743429293,-0.2463851630562528,0.002712602234587469,0.13621380118233578,-14.419897806976424,368.6497,7.3414,1830130.451
2026-01-05,600653.SH,汽车服务,1.91,0.0052631578947368585,0.020618556701030855,0.6669,-0.03535353535353536,-0.22864498452963,0.0015555738076215649,0.19662976581394892,-12.82600010682297,642.8496,5.0857,371758.6405
2026-01-05,600654.SH,仓储物流,3.87,0.02652519893899208,0.043147208121827596,3.3695,0.02110817941952514,-0.09325766769150201,0.0185865660018252,0.15516144548402613,-13.922714739046052,53.8023,6.4449,1113161.5178
2026-01-06,000001.SZ,银行,11.67,0.014782608695652177,-0.014604810996563522,0.6723,0.012142237640936804,0.040739852887369254,0.1903927803057708,1.9577133907595927,-16.93552499257018,5.2523,0.5108,22646706.5371
2026-01-06,000007.SZ,其他商业,11.61,0.0078125,0.01565217391304352,3.3516,0.16683417085427132,-0.3681470152509624,0.014087483271113616,0.045415323130024075,-12.904769843958782,70.985,22.019,402226.1791
2026-01-06,000009.SZ,电气设备,10.17,0.008928571428571397,-0.004945598417408381,1.1716,-0.007804878048780495,0.002435997136544854,0.002686871943683164,0.38421639067122604,-14.779852362813907,372.18,2.6027,2623060.6024
2026-01-06,000017.SZ,服饰,7.98,0.008849557522123908,0.025477707006369643,4.5463,-0.0012515644555693983,-0.3012646360043041,0.00733865777417042,0.06805591473955001,-13.217618240224152,136.2647,14.6938,549969.5765
2026-01-06,600601.SH,元器件,12.6,0.02522375915378361,-0.08852213053263314,6.9694,0.0928013876843019,0.06168198078137044,0.006760566427297545,0.08270819720942543,-15.499112276547635,147.9166,12.0907,5384916.0376
2026-01-06,600602.SH,软件服务,19.06,0.013290802764486909,0.06694560669456062,1.9834,0.050137741046831996,0.5471277834428994,0.007276151032522211,0.1849351802193331,-14.77362845140578,137.4353,5.4073,2606785.6052
2026-01-06,600603.SH,区域地产,6.5,0.031746031746031855,-0.009132420091324311,1.7245,-0.03703703703703709,0.4522807732942855,0.0522498798252764,0.9419743782969102,-13.561474648926035,19.1388,1.0616,775663.9482
2026-01-06,600605.SH,房产服务,30.11,0.012781701984527327,0.0023255813953488857,1.0236,0.0635817732250088,0.10775165555817479,0.003698918399270869,0.22888008972099516,-13.339273772821507,270.3493,4.3691,621116.3937
2026-01-06,600651.SH,电器仪表,7.42,0.016438356164383494,0.15343203230148061,1.5376,-0.07940446650124078,-0.16902975831765132,0.0026687333337603305,0.1340105332279117,-14.43620251595792,374.7096,7.4621,1860214.7871
2026-01-06,600653.SH,汽车服务,1.94,0.015706806282722585,0.02083333333333326,1.195,-0.03960396039603964,-0.17118883756010184,0.001531518575712229,0.19358835372463992,-12.841584837971393,652.9467,5.1656,377597.7815
2026-01-06,600654.SH,仓储物流,3.94,0.018087855297157507,0.033766233766233666,3.573,0.023376623376623273,-0.032662423224133263,0.018248907802867996,0.15255064681474248,-13.941047799816912,54.7978,6.5552,1133757.3914
2026-01-07,000001.SZ,银行,11.64,-0.0025706940874035134,-0.013032145960034769,0.4979,0.01041666666666674,0.1154120786200159,0.19088340841414064,1.9630938358853554,-16.932950988574742,5.2388,0.5094,22588488.7825
2026-01-07,000007.SZ,其他商业,11.5,-0.009474590869939625,-0.052631578947368474,2.4634,0.16279069767441845,-0.32877244984539633,0.014222222222222223,0.04584989660848315,-12.895250083578407,70.3125,21.8103,398415.2506
2026-01-07,000009.SZ,电气设备,10.11,-0.005899705014749346,-0.008849557522123908,1.2172,-0.02694898941289714,0.05484081708239241,0.0027028173898189733,0.3864883667001623,-14.773935185781973,369.9843,2.5874,2607585.3186
2026-01-07,000017.SZ,服饰,7.85,-0.01629072681704269,0.0,3.5725,-0.048484848484848575,-0.3272139020925111,0.00746018684783979,0.0691830861191056,-13.20119336060933,134.0449,14.4544,541010.1724
2026-01-07,600601.SH,元器件,13.33,0.05793650793650795,-0.05773672055427248,11.2715,0.12016806722689077,0.24856039766963467,0.006390335767412227,0.07817874788917381,-15.555432596789625,156.4863,12.7912,5696899.2684
2026-01-07,600602.SH,软件服务,19.12,0.0031479538300105414,0.08173823072943631,2.1294,0.046524356869184436,0.23825785181329207,0.00725332002590886,0.18435558505244917,-14.776771460829785,137.8679,5.4243,2614991.646
2026-01-07,600603.SH,区域地产,6.57,0.010769230769230864,-0.03338391502276172,1.4238,-0.042274052478134094,0.5662529087606094,0.05169321113058222,0.9318796011555307,-13.572186304447573,19.3449,1.0731,784017.2522
2026-01-07,600605.SH,房产服务,30.1,-0.00033211557622048193,-0.020212060967528145,1.0289,0.07308377896613183,-0.08825272666704154,0.0037001474508759173,0.22895345376285,-13.338941602129388,270.2595,4.3677,620910.1113
2026-01-07,600651.SH,电器仪表,7.43,0.0013477088948787852,0.17914438502673802,1.2963,-0.06892230576441116,-0.09141824216203398,0.0026651414950271124,0.13382939428816146,-14.437549317500267,375.2146,7.4722,1862721.8151
2026-01-07,600653.SH,汽车服务,1.92,-0.010309278350515427,0.010309278350515427,0.9766,-0.04477611940298498,-0.13083552675338994,0.0015474718719906508,0.19560667409972027,-12.83122205102688,646.2153,5.1123,373705.0209
2026-01-07,600654.SH,仓储物流,3.85,-0.022842639593908642,0.03571428571428559,3.0521,-0.002590673575129432,0.04258563566546969,0.018675531318866023,0.1561158379517602,-13.91794022478752,53.546,6.4055,1107859.3799
2026-01-08,000001.SZ,银行,11.51,-0.011168384879725157,-0.01308900523560208,0.5669,0.006999125109361293,0.2202070636610618,0.1930390131845646,1.984914648670107,-16.921719769004092,5.1803,0.5038,22336211.8459
2026-01-08,000007.SZ,其他商业,12.16,0.05739130434782602,-0.07471264367816088,4.8208,0.1968503937007875,-0.24743698488421695,0.013450297117063316,0.04336118566826091,-12.95105492473773,74.3478,23.0621,421280.8215
2026-01-08,000009.SZ,电气设备,10.17,0.005934718100890191,-0.014634146341463428,1.4564,-0.00877192982456143,0.1433109566051307,0.002686871943683164,0.38421639067122604,-14.779852362813907,372.18,2.6027,2623060.6024
2026-01-08,000017.SZ,服饰,7.9,0.006369426751592355,-0.03379224030037553,2.9715,-0.016189290161892744,-0.377082203997412,0.007412969880362079,0.06874505894888805,-13.207542588352332,134.8987,14.5465,544456.0971
2026-01-08,600601.SH,元器件,12.99,-0.02550637659414856,-0.03533026113671267,6.3877,0.05695687550854367,0.3403877124736294,0.006557596352402605,0.08022462896109106,-15.529595293274083,152.4949,12.465,5551592.0102
2026-01-08,600602.SH,软件服务,19.33,0.010983263598326243,0.026065162907268125,2.0739,0.06677704194260481,0.2002178400220529,0.007174517262605985,0.1823519757836576,-14.787694846405799,139.3822,5.4839,2643712.7885
2026-01-08,600603.SH,区域地产,6.59,0.003044140030441289,-0.0586466165413535,0.9298,-0.010510510510510551,0.5990470403503809,0.05153629701398695,0.9291089844838799,-13.575225820462954,19.4038,1.0763,786403.9105
2026-01-08,600605.SH,房产服务,30.18,0.0026578073089700283,-0.035912504080966356,0.8776,0.06567796610169485,-0.16369139244567976,0.003690339208599376,0.22834699609526637,-13.34159588366282,270.9778,4.3793,622560.3707
2026-01-08,600651.SH,电器仪表,7.48,0.006729475100942128,0.19371727748691092,1.4244,-0.0911300121506683,0.09806037954699254,0.002647326359216773,0.13293452974410103,-14.444256250770477,377.7396,7.5225,1875256.9552
2026-01-08,600653.SH,汽车服务,1.94,0.01041666666666674,-0.01025641025641022,1.0305,-0.025125628140703515,-0.1002996887847235,0.001531518575712229,0.19358835372463992,-12.841584837971393,652.9467,5.1656,377597.7815
2026-01-08,600654.SH,仓储物流,3.92,0.018181818181818077,0.020460358056265893,2.9203,-0.020000000000000018,0.18121141806816454,0.018342027454346696,0.15332955120440364,-13.935958730364343,54.5196,6.5219,1128002.2778
2026-01-09,000001.SZ,银行,11.46,-0.004344048653344812,-0.025261324041811917,0.5068,0.011473962930273585,0.3243409252843912,0.19388487116350311,1.993620414673046,-16.917366257556445,5.1577,0.5016,22239182.2549
2026-01-09,000007.SZ,其他商业,12.18,0.00164473684210531,-0.048020219039595524,4.4144,0.1882926829268292,-0.15857736346134343,0.013428208099626561,0.04329004329004329,-12.952698310509913,74.4701,23.1,421973.7176
2026-01-09,000009.SZ,电气设备,10.25,0.007866273352999054,-0.007797270955165692,1.52,-0.0038872691933915515,0.26732481797700647,0.002665901019893753,0.38121378469045436,-14.787687858330306,375.1077,2.6232,2643694.3141
2026-01-09,000017.SZ,服饰,7.99,0.0113924050632912,-0.05679012345679013,3.7547,-0.04196642685851315,-0.31692226315573824,0.0073294707022732355,0.0679707997444298,-13.218870588662368,136.4355,14.7122,550658.7615
2026-01-09,600601.SH,元器件,13.02,0.002309468822170757,-0.022709475332811202,4.7033,0.08139534883720945,0.35720872543963855,0.0065424859222059165,0.08003969969104675,-15.531902099379012,152.8471,12.4938,5564413.2389
2026-01-09,600602.SH,软件服务,19.95,0.032074495602690156,-0.04845605700712585,2.9506,0.0925520262869659,0.3466681009662538,0.00695155047381768,0.17668781030796685,-14.819265696517943,143.8528,5.6597,2728508.5427
2026-01-09,600603.SH,区域地产,6.65,0.009104704097116834,-0.050458715596330306,1.0148,-0.00894187779433675,0.4815462043897665,0.05107147964290821,0.9207255317189945,-13.584289326608843,19.5804,1.0861,793563.8854
2026-01-09,600605.SH,房产服务,30.63,0.01491053677932408,-0.05261405261405272,1.1877,0.09471050750536092,-0.10649122733006244,0.0036361216689943902,0.22499212527561532,-13.356396351160406,275.0183,4.4446,631843.08
2026-01-09,600651.SH,电器仪表,7.64,0.021390374331550666,0.03809523809523818,1.6069,-0.07729468599033817,0.16280889990460912,0.0025918849120158747,0.13015071452742277,-14.46542106199407,385.8196,7.6834,1915369.4035
2026-01-09,600653.SH,汽车服务,1.95,0.005154639175257714,-0.025252525252525304,1.0661,-0.015151515151515138,-0.06477730875462506,0.0015236646450684154,0.19259658718847503,-12.846726237426994,656.3124,5.1922,379544.1618
2026-01-09,600654.SH,仓储物流,3.91,-0.0025510204081632404,-0.048661800486618056,2.6958,0.002564102564102555,0.22442864846316013,0.018388944566526604,0.15372081226077197,-13.93340445049803,54.3805,6.5053,1125124.7209
2026-01-12,000001.SZ,银行,11.48,0.0017452006980802626,-0.03051438535309514,0.4407,0.009674582233949014,0.32505768684986625,0.19354339242858248,1.9904458598726116,-16.91910993716145,5.1668,0.5024,22277994.0913
2026-01-12,000007.SZ,其他商业,11.87,-0.02545155993431858,-0.02825342465753422,4.7877,0.17641228939544096,-0.06703459368324016,0.013778906423312805,0.04442055605652071,-12.926917256762692,72.5747,22.5121,411233.8282
2026-01-12,000009.SZ,电气设备,10.26,0.0009756097560975618,0.008946322067594492,1.9021,0.003913894324853118,0.32794284252457695,0.002663302383096339,0.38085082073351867,-14.788662992501747,375.4737,2.6257,2646273.5281
2026-01-12,000017.SZ,服饰,8.1,0.013767209011263937,-0.03354037267080756,4.3717,0.022727272727272707,-0.26077318630887636,0.0072299365645365835,0.0670474964464827,-13.232543890448909,138.3138,14.9148,558239.7957
2026-01-12,600601.SH,元器件,12.77,-0.01920122887864828,0.03292181069958855,5.4007,0.01996805111821076,0.37284496175353654,0.006670566724678363,0.08160667216151593,-15.512514132638549,149.9123,12.2539,5457569.6667
2026-01-12,600602.SH,软件服务,21.05,0.05513784461152893,-0.04019607843137252,5.5619,0.1786114221724524,0.6261750999128786,0.00658828800042165,0.16745369905221205,-14.872937113328307,151.7845,5.9718,2878952.6228
2026-01-12,600603.SH,区域地产,6.54,-0.016541353383458746,-0.03533026113671267,1.6999,-0.004566210045662156,0.475669099756691,0.051930516968296425,0.9361542782250515,-13.567609637488031,19.2565,1.0682,780437.2648
2026-01-12,600605.SH,房产服务,30.03,-0.0195886385896179,-0.050381173351011,1.6077,0.05851251321818829,-0.03746012532939946,0.0037087723592613615,0.22948938611589215,-13.336613312374679,269.631,4.3575,619466.1343
2026-01-12,600651.SH,电器仪表,8.4,0.09947643979057608,-0.0175029171528589,4.3161,0.044776119402985204,0.4996869913609614,0.00235738081789799,0.11837541579364798,-14.560255164644026,424.1996,8.4477,2105903.5326
2026-01-12,600653.SH,汽车服务,1.98,0.01538461538461533,-0.010204081632653073,1.7789,0.02590673575129543,0.13764591897205292,0.001500578623117074,0.18967773752394682,-12.861993709685526,666.4096,5.2721,385383.3028
2026-01-12,600654.SH,仓储物流,4.11,0.051150895140664954,-0.012562814070351758,5.1976,0.09600000000000009,0.3163196370814041,0.017494108858841784,0.1462394524794899,-13.983290104992895,57.1621,6.8381,1182675.8575
2026-01-13,000001.SZ,银行,11.47,-0.0008710801393727596,-0.017605633802816878,0.547,0.010572687224669641,0.27377471413107046,0.19371585758010149,1.9920318725099602,-16.918238477411222,5.1622,0.502,22258588.1731
2026-01-13,000007.SZ,其他商业,11.68,-0.01600673967986521,-0.04687499999999989,3.2764,0.10710900473933638,-0.04390840965056142,0.014003052665481075,0.04514326214240893,-12.910781025629054,71.413,22.1517,404651.3154
2026-01-13,000009.SZ,电气设备,10.06,-0.019493177387914118,-0.007936507936507908,1.7492,-0.02235179786200181,0.3987955405580097,0.0027162509218276567,0.38840985007379786,-14.768977317430792,368.1545,2.5746,2594689.2488
2026-01-13,000017.SZ,服饰,8.05,-0.006172839506172756,-0.016455696202531733,5.5658,0.049543676662320735,-0.21461920896061093,0.007274843590862796,0.06746409223690691,-13.226351920317814,137.46,14.8227,554793.8711
2026-01-13,600601.SH,元器件,12.15,-0.04855129209083786,0.004084967320261423,4.8231,-0.02409638554216864,0.3273536573071296,0.007010960936327855,0.08577138495055281,-15.462744632379511,142.6338,11.6589,5192597.6077
2026-01-13,600602.SH,软件服务,20.4,-0.030878859857482288,-0.07651841224294598,4.7819,0.10689093868692345,0.821609733879888,0.006798207448659937,0.17278916266371774,-14.841571454041404,147.0976,5.7874,2790053.8482
2026-01-13,600603.SH,区域地产,6.51,-0.004587155963302836,-0.01883830455259028,1.2384,-0.009132420091324311,0.3062285439115193,0.052169739464321116,0.9404683532399135,-13.563011928179172,19.1682,1.0633,776857.2773
2026-01-13,600605.SH,房产服务,30.17,0.004662004662004726,0.017247210010145286,1.6109,0.08020050125313283,0.019019447213265428,0.003691562564602345,0.22842523642011972,-13.341264483540671,270.888,4.3778,622354.0883
2026-01-13,600651.SH,电器仪表,8.57,0.020238095238095166,-0.052154195011338,4.6244,0.05153374233128827,0.7580686301465156,0.002310618261370668,0.11602812521755272,-14.58029119142539,432.7846,8.6186,2148523.0089
2026-01-13,600653.SH,汽车服务,1.96,-0.010101010101010055,0.0,1.23,0.015544041450777257,0.12097978141069365,0.001515890856464691,0.19161493063539511,-12.851841338049404,659.6781,5.2188,381490.5421
2026-01-13,600654.SH,仓储物流,3.98,-0.031630170316301776,-0.03694581280788167,4.4495,0.041884816753926746,0.3428820717365164,0.01806550914927711,0.15101633996798453,-13.951148895782586,55.3541,6.6218,1145267.6187
2026-01-14,000001.SZ,银行,11.36,-0.00959023539668713,-0.021220159151193685,0.6569,-0.013032145960034769,0.32454622974783764,0.19559137050873315,2.011263073209976,-16.90860195956195,5.1127,0.4972,22045123.0729
2026-01-14,000007.SZ,其他商业,11.52,-0.013698630136986356,0.0008873114463177068,2.5828,-0.007751937984496138,0.05611618175709521,0.01419752735863522,0.04577015145343116,-12.896987703507016,70.4348,21.8483,399108.1467
2026-01-14,000009.SZ,电气设备,10.08,0.001988071570576455,0.007920792079207928,2.1445,0.003984063745019917,0.5188510185177169,0.0027108616636449595,0.387641973872931,-14.770963415390876,368.8864,2.5797,2599847.6767
2026-01-14,000017.SZ,服饰,7.9,-0.018633540372670843,0.03886010362694292,5.338,0.02998696219035213,-0.15753460063524616,0.007412969880362079,0.06874505894888805,-13.207542588352332,134.8987,14.5465,544456.0971
2026-01-14,600601.SH,元器件,12.24,0.007407407407407307,-0.017515923566879033,3.942,0.02857142857142847,0.02963742060677199,0.006959407169859642,0.08514043915438516,-15.47012473968039,143.6904,11.7453,5231061.2937
2026-01-14,600602.SH,软件服务,20.91,0.025000000000000133,-0.05813385442110397,5.3587,0.17802816901408458,0.9655015456976503,0.00663239927043608,0.16857436658181757,-14.866264066630027,150.775,5.9321,2859805.1944
2026-01-14,600603.SH,区域地产,6.37,-0.021505376344086002,-0.009584664536741117,1.6926,-0.020000000000000018,0.2807003875893499,0.05331627212625293,0.9611687812379854,-13.541271941561156,18.756,1.0404,760150.6692
2026-01-14,600605.SH,房产服务,29.57,-0.019887305270135935,0.016593294954283744,2.4129,0.06366906474820144,0.15754843609593583,0.0037664669936964407,0.23305677262981261,-13.321176764299892,265.5008,4.2908,609977.1426
2026-01-14,600651.SH,电器仪表,8.82,0.029171528588098017,-0.0910087719298246,4.9491,0.12213740458015265,1.008576354782134,0.002245124487662592,0.112738300582857,-14.60904532879989,445.4096,8.8701,2211198.7092
2026-01-14,600653.SH,汽车服务,1.96,0.0,0.005181347150259086,1.5439,0.010309278350515427,0.17423513310670602,0.001515890856464691,0.19161493063539511,-12.851841338049404,659.6781,5.2188,381490.5421
2026-01-14,600654.SH,仓储物流,4.06,0.02010050251256268,-0.007518796992481258,5.654,0.07692307692307687,0.4414769536108938,0.017709552709827207,0.14804068157929798,-13.971050050145044,56.4667,6.7549,1168288.0734
2026-01-15,000001.SZ,银行,11.31,-0.004401408450704136,-0.010723860589812229,0.456,-0.014808362369338024,0.25184242744316676,0.19645593493379435,2.0202020202020203,-16.90419083639651,5.0902,0.495,21948093.4819
2026-01-15,000007.SZ,其他商业,11.27,-0.02170138888888884,0.003539823008849474,2.4841,-0.060833333333333406,0.055114890341513956,0.014512482185928117,0.04678559565081103,-12.875047376291622,68.9062,21.3741,390446.9456
2026-01-15,000009.SZ,电气设备,10.1,0.001984126984126977,-0.0029469548133594925,1.5035,0.030612244897959107,0.5161121186855879,0.00270549374855087,0.386877127824203,-14.772945576621753,369.6183,2.5848,2605006.1047
2026-01-15,000017.SZ,服饰,7.72,-0.0227848101265824,0.03141361256544495,3.5391,0.03346720214190091,-0.13349970245522436,0.0075858145268348194,0.07034772882357493,-13.18449419290605,131.825,14.2151,532050.7683
2026-01-15,600601.SH,元器件,12.56,0.026143790849673332,0.0032051282051281937,4.2586,0.07167235494880542,-0.0669649340799432,0.006782097974187335,0.08297171494237614,-15.495932623639186,147.447,12.0523,5367821.0661
2026-01-15,600602.SH,软件服务,20.47,-0.021042563366810207,-0.02246630054917642,2.9016,0.18804410911201375,0.9658491095186088,0.006774962178773636,0.17219706231811685,-14.84499695286979,147.6023,5.8073,2799627.5624
2026-01-15,600603.SH,区域地产,6.26,-0.017268445839874413,0.06602254428341392,0.9818,-0.009493670886076,0.2742619278799474,0.05425317787989432,0.9780907668231612,-13.523852657037185,18.4321,1.0224,747024.0485
2026-01-15,600605.SH,房产服务,29.53,-0.001352722353736846,0.043233743409490266,1.2875,0.06146657081236517,0.19206972991055848,0.0037715681841068377,0.23337222870478413,-13.319823126053544,265.1417,4.285,609152.0128
2026-01-15,600651.SH,电器仪表,9.12,0.034013605442176686,-0.04816513761467889,3.2788,0.22088353413654604,1.1177698068940622,0.0021712716443213864,0.1090298523735799,-14.642493262889746,460.5596,9.1718,2286409.5497
2026-01-15,600653.SH,汽车服务,1.93,-0.015306122448979553,0.02590673575129543,0.8811,0.015789473684210575,0.1721849527519297,0.0015394538941255979,0.1945903872348706,-12.836416867858231,649.581,5.139,375651.4012
2026-01-15,600654.SH,仓储物流,3.99,-0.01724137931034464,0.03324808184143224,3.5078,0.0901639344262295,0.46272565264117316,0.0180202259015519,0.15063870812243915,-13.95365830744819,55.4932,6.6384,1148145.1756
2026-01-16,000001.SZ,银行,11.19,-0.010610079575596898,-0.011690647482014316,0.5769,-0.02948829141370335,0.2531005756540463,0.1985624081648862,2.0420665713702264,-16.893524068595795,5.0362,0.4897,21715222.4636
2026-01-16,000007.SZ,其他商业,11.3,0.0026619343389531203,0.016740088105726914,2.3042,-0.0190972222222221,-0.005278048088882548,0.014473958453949652,0.04666137837711726,-12.87770577387641,69.0896,21.431,391486.2897
2026-01-16,000009.SZ,电气设备,10.18,0.007920792079207928,0.025615763546797954,1.5494,0.024144869215291687,0.48279040150144126,0.002684232282724818,0.38383295589759336,-14.780835163889147,372.546,2.6053,2625639.8164
2026-01-16,000017.SZ,服饰,7.64,-0.010362694300518172,0.0424164524421593,2.8113,0.010582010582010692,-0.16296208134121748,0.007665243486459347,0.07108432022064573,-13.174077431979894,130.459,14.0678,526537.2888
2026-01-16,600601.SH,元器件,12.48,-0.006369426751592355,-0.003984063745020028,3.8717,0.032258064516129004,-0.0934941747829392,0.006825575157090612,0.08350312301680082,-15.489542825539697,146.5078,11.9756,5333631.123
2026-01-16,600602.SH,软件服务,20.03,-0.02149487054225685,0.0005107252298264253,2.8627,0.15114942528735642,0.882870951048583,0.006923788475492559,0.1759819794453048,-14.823267702881736,144.4296,5.6824,2739449.9304
2026-01-16,600603.SH,区域地产,6.21,-0.007987220447284282,0.07484076433121012,0.8197,-0.028169014084507005,0.23832763010342828,0.05468993541118628,0.9859016070196195,-13.515833367944502,18.2849,1.0143,741057.4028
2026-01-16,600605.SH,房产服务,28.45,-0.036572976633931664,0.017452006980802848,1.9543,0.024118070554355553,0.25483291615403103,0.003914743157616172,0.2422363257594109,-13.282564590922274,255.4446,4.1282,586873.5105
2026-01-16,600651.SH,电器仪表,8.72,-0.04385964912280682,0.05581947743467941,3.1596,0.17520215633423186,1.1842269971445378,0.002270871351504543,0.11403158674952961,-14.597642696724794,440.3596,8.7695,2186128.4291
2026-01-16,600653.SH,汽车服务,1.93,0.0,0.030927835051546504,0.8356,0.021164021164021163,0.14445570128601792,0.0015394538941255979,0.1945903872348706,-12.836416867858231,649.581,5.139,375651.4012
2026-01-16,600654.SH,仓储物流,3.91,-0.020050125313283207,0.040712468193384144,3.2365,0.05962059620596216,0.4871023447829257,0.018388944566526604,0.15372081226077197,-13.93340445049803,54.3805,6.5053,1125124.7209
2026-01-19,000001.SZ,银行,11.12,-0.006255585344057235,-0.017921146953404965,0.4147,-0.04467353951890041,0.23985878282013529,0.1998121765540392,2.054653790836244,-16.88724883509376,5.0047,0.4867,21579381.0362
2026-01-19,000007.SZ,其他商业,11.35,0.004424778761061843,0.06739526411657559,1.9729,-0.013043478260869601,-0.16981293425975397,0.014410177043435156,0.046455665036072825,-12.88212079203489,69.3954,21.5259,393218.5299
2026-01-19,000009.SZ,电气设备,10.15,-0.0029469548133594925,0.02499999999999991,1.1573,0.036772216547497516,0.3348487281801673,0.002692166146495298,0.384970742223591,-14.777883858252691,371.4481,2.5976,2617902.1745
2026-01-19,000017.SZ,服饰,7.78,0.01832460732984309,0.05791505791505802,2.3389,-0.06490384615384615,-0.21986384617145716,0.007527309077332562,0.06980559142787338,-13.192236167063047,132.8496,14.3255,536185.8779
2026-01-19,600601.SH,元器件,12.55,0.00560897435897445,-0.008136696501220508,3.9904,0.06990622335890873,-0.15872619469596871,0.006787502307750785,0.08303716743614442,-15.495136128174506,147.3296,12.0428,5363547.3232
2026-01-19,600602.SH,软件服务,19.58,-0.02246630054917642,0.04350077679958564,1.953,0.12077847738981107,0.534632109035285,0.007082915441322296,0.18002448332973284,-14.800545190297333,141.1848,5.5548,2677904.6249
2026-01-19,600603.SH,区域地产,6.28,0.011272141706924366,0.08479999999999999,0.8497,-0.011023622047244053,0.058427584114674636,0.05408036342004218,0.9749439407234084,-13.527042452402727,18.491,1.0257,749410.7068
2026-01-19,600605.SH,房产服务,28.65,0.007029876977152849,-0.025265957446808485,0.8858,0.0224839400428265,0.1475067131690735,0.0038874142630784276,0.24054073557356936,-13.289569873544583,257.2404,4.1573,590999.1591
2026-01-19,600651.SH,电器仪表,8.42,-0.034403669724770714,0.004784688995215447,2.4964,0.1424694708276797,0.9036711520016862,0.002351781333253059,0.11809442830487257,-14.562633287034782,425.2096,8.4678,2110917.5886
2026-01-19,600653.SH,汽车服务,1.94,0.005181347150259086,-0.005102040816326481,0.7126,0.021052631578947434,-0.030506295504408754,0.001531518575712229,0.19358835372463992,-12.841584837971393,652.9467,5.1656,377597.7815
2026-01-19,600654.SH,仓储物流,3.93,0.005115089514066584,0.03069053708439906,2.1793,0.07671232876712342,0.27167371217564207,0.0182953491392953,0.1529379377848469,-13.93850650241562,54.6587,6.5386,1130879.8346
2026-01-20,000001.SZ,银行,11.16,0.003597122302158251,-0.011743450767841113,0.398,-0.03958691910499135,0.16161674770519752,0.1990961036892508,2.0475020475020473,-16.890839503224854,5.0227,0.4884,21657004.709
2026-01-20,000007.SZ,其他商业,10.98,-0.032599118942731264,0.01684397163120588,1.9986,-0.06553191489361698,-0.23027436396826795,0.014895781663590688,0.04802128303264006,-12.848978484259042,67.1331,20.8241,380399.9523
2026-01-20,000009.SZ,电气设备,10.0,-0.014778325123152691,-0.025540275049115935,1.7285,0.006036217303823088,0.2781025793062555,0.002732548782143996,0.39074710847139726,-14.76299524574939,365.9587,2.5592,2579213.965
2026-01-20,000017.SZ,服饰,7.77,-0.0012853470437018677,0.02244389027431426,2.0909,-0.0771971496437055,-0.25013927706191097,0.007536999128722901,0.06989536663614569,-13.190949993127248,132.6788,14.3071,535496.6929
2026-01-20,600601.SH,元器件,12.29,-0.0207171314741037,-0.038087520259319385,3.3765,0.041525423728813404,-0.22566253590022411,0.0069310972689397435,0.08479390840562014,-15.474201386167481,144.2773,11.7933,5252430.0081
2026-01-20,600602.SH,软件服务,19.31,-0.013789581205311485,0.1498962655601659,1.8224,0.0984072810011376,0.2567955442234977,0.007181952614913037,0.18254171078091344,-14.786659649629764,139.2379,5.4782,2640977.4416
2026-01-20,600603.SH,区域地产,6.25,-0.004777070063694322,0.0903225806451613,0.6994,-0.038461538461538436,-0.04803522299876806,0.05434014758784085,0.9796238244514107,-13.522253935741812,18.4026,1.0208,745830.7194
2026-01-20,600605.SH,房产服务,30.08,0.04991273996509604,-0.04497001998667549,3.8812,-0.0013280212483400833,0.4355255273869296,0.00370260663507109,0.22910557184750735,-13.33827692938852,270.08,4.3648,620497.5464
2026-01-20,600651.SH,电器仪表,8.36,-0.0071258907363420665,0.02050663449939716,2.1561,0.11764705882352922,0.6030702192728219,0.0023686601626416812,0.11894142134998513,-14.555481885872283,422.1796,8.4075,2095875.4205
2026-01-20,600653.SH,汽车服务,1.96,0.010309278350515427,-0.005154639175257714,1.2597,-0.005076142131979711,0.0034949445555090275,0.001515890856464691,0.19161493063539511,-12.851841338049404,659.6781,5.2188,381490.5421
2026-01-20,600654.SH,仓储物流,3.91,-0.0050890585241730735,0.02020202020202011,2.2511,0.0625,0.12053880573163567,0.018388944566526604,0.15372081226077197,-13.93340445049803,54.3805,6.5053,1125124.7209
2026-01-21,000001.SZ,银行,11.07,-0.008064516129032251,-0.020776874435411097,0.4638,-0.03906249999999989,0.06197620279358529,0.200714543775842,2.063983488132095,-16.88274229299141,4.9822,0.4845,21482351.4452
2026-01-21,000007.SZ,其他商业,11.28,0.027322404371584508,-0.014991181657848296,2.0627,-0.041631265930331396,-0.24991293168125883,0.01449960416080641,0.04674404364023914,-12.875934294197231,68.9674,21.3931,390793.3936
2026-01-21,000009.SZ,电气设备,10.18,0.018000000000000016,-0.002955665024630627,1.6367,0.014955134596211339,0.15910673164462064,0.002684232282724818,0.38383295589759336,-14.780835163889147,372.546,2.6053,2625639.8164
2026-01-21,000017.SZ,服饰,8.02,0.03217503217503226,0.08502538071066001,9.4513,-0.05088757396449706,-0.06427704226166375,0.0073020523148236045,0.06771626883358726,-13.222618250764192,136.9478,14.7675,552726.3163
2026-01-21,600601.SH,元器件,12.34,0.00406834825061031,-0.0678913738019169,2.6277,0.025768911055694232,-0.26672977882425286,0.006903011991222131,0.08445090024659663,-15.478261481079123,144.8643,11.8412,5273798.7226
2026-01-21,600602.SH,软件服务,19.28,-0.0015535991714136221,0.17466802860061303,1.4287,0.08988128886376479,-0.08516809464928765,0.0071931268234576495,0.18282538347624186,-14.785104842358464,139.0216,5.4697,2636874.4212
2026-01-21,600603.SH,区域地产,6.2,-0.008000000000000007,-0.0015105740181268201,0.8997,-0.04320987654320996,-0.21284545542936262,0.054778312170645396,0.9875567845151096,-13.514221763983995,18.2554,1.0126,739864.0736
2026-01-21,600605.SH,房产服务,30.02,-0.0019946808510638014,-0.0475067385444744,1.3325,0.02213142662580858,0.28270951839862146,0.0037100079690971176,0.22956314134202616,-13.336280256631593,269.5412,4.3561,619259.8519
2026-01-21,600651.SH,电器仪表,8.29,-0.00837320574162681,0.013253012048192625,1.0992,0.12483039348710978,0.21142045087526662,0.0023886609310140388,0.11994578450540357,-14.54707342792512,418.6446,8.3371,2078326.2244
2026-01-21,600653.SH,汽车服务,1.94,-0.010204081632653073,-0.030303030303030276,0.748,-0.02020202020202022,-0.12207717687562747,0.001531518575712229,0.19358835372463992,-12.841584837971393,652.9467,5.1656,377597.7815
2026-01-21,600654.SH,仓储物流,3.96,0.012787723785166127,-0.022277227722772297,2.9326,0.07317073170731714,-0.07543283890216956,0.018156761850464543,0.15177961599757153,-13.946111101806869,55.0759,6.5885,1139512.5051
2026-01-22,000001.SZ,银行,11.07,0.0,-0.0027297543221109777,0.4064,-0.042387543252595195,0.03168371073776477,0.200714543775842,2.063983488132095,-16.88274229299141,4.9822,0.4845,21482351.4452
2026-01-22,000007.SZ,其他商业,11.34,0.005319148936170359,-0.07105719237434993,1.4924,-0.040609137055837574,-0.30492206639822683,0.014422896636868963,0.04649670570840055,-12.88123934651899,69.3342,21.5069,392872.0819
2026-01-22,000009.SZ,电气设备,10.15,-0.0029469548133594925,-0.03554274735830942,1.0661,0.011964107676969205,0.08460875147674995,0.002692166146495298,0.384970742223591,-14.777883858252691,371.4481,2.5976,2617902.1745
2026-01-22,000017.SZ,服饰,7.88,-0.0174563591022443,-0.024660912453760675,5.611,-0.04600484261501214,0.035114262906789095,0.007431789180949946,0.06891941253092758,-13.205007732686678,134.5571,14.5097,543077.7272
2026-01-22,600601.SH,元器件,12.52,0.014586709886547755,-0.10719999999999996,3.4158,0.027071369975389725,-0.29038086067820346,0.00680376710977334,0.083236224404861,-15.492742828261385,146.9774,12.014,5350726.0945
2026-01-22,600602.SH,软件服务,19.58,0.01556016597510368,0.10872894333843797,1.8007,0.11566951566951555,-0.1948644304282905,0.007082915441322296,0.18002448332973284,-14.800545190297333,141.1848,5.5548,2677904.6249
2026-01-22,600603.SH,区域地产,6.62,0.06774193548387086,-0.022222222222222254,2.7881,0.037617554858934144,0.011013041210224284,0.05130283550771851,0.924898261191269,-13.579767841957,19.4921,1.0812,789983.898
2026-01-22,600605.SH,房产服务,29.68,-0.011325782811459018,-0.039451114922812947,0.9018,0.00952380952380949,0.23557045590943892,0.003752507143835475,0.23219634522952606,-13.324889848703366,266.4885,4.3067,612246.2493
2026-01-22,600651.SH,电器仪表,8.3,0.0012062726176118588,-0.08098987626546683,1.1879,0.1576011157601116,0.004318414045660246,0.002385783023531455,0.11980208695235472,-14.548278973621338,419.1496,8.3471,2080833.2525
2026-01-22,600653.SH,汽车服务,1.98,0.020618556701030855,-0.040000000000000036,2.0604,0.020618556701030855,0.06858072433574014,0.001500578623117074,0.18967773752394682,-12.861993709685526,666.4096,5.2721,385383.3028
2026-01-22,600654.SH,仓储物流,4.04,0.02020202020202011,-0.03667481662591687,3.2485,0.10989010989010994,-0.10791014681345867,0.017797204415130472,0.14877410140442754,-13.966111768471833,56.1886,6.7216,1162532.9597
2026-01-23,000001.SZ,银行,10.99,-0.0072267389340560095,-0.011861313868613221,0.572,-0.04766031195840548,-0.005907507825243519,0.20217540738344586,2.079002079002079,-16.875489314685648,4.9462,0.481,21327104.0996
2026-01-23,000007.SZ,其他商业,11.54,0.017636684303350858,-0.07167235494880542,3.1348,-0.022033898305084842,-0.25105635657961756,0.014172938191816545,0.04569089197759319,-12.898722309349187,70.557,21.8862,399801.0428
2026-01-23,000009.SZ,电气设备,10.41,0.025615763546797954,-0.06243902439024396,2.2622,0.026627218934911268,0.13946501400600875,0.002624926141140704,0.37536128523704065,-14.803177035395258,380.9631,2.6641,2684961.7376
2026-01-23,000017.SZ,服饰,8.11,0.029187817258883086,-0.08272506082725073,9.067,-0.021712907117008462,0.25630592189190904,0.007221019521304174,0.06696488361503228,-13.233777697017775,138.4846,14.9332,558928.9807
2026-01-23,600601.SH,元器件,12.5,-0.0015974440894568342,-0.07383100902379003,4.1209,0.002405773857257376,-0.264787813912429,0.006814653686114325,0.0833694600993764,-15.491144106911532,146.7426,11.9948,5342178.6088
2026-01-23,600602.SH,软件服务,19.59,0.0005107252298264253,0.052605459057072146,1.6877,0.09625069949636256,-0.30015739916993067,0.007079300197016925,0.17993378436735283,-14.801055785130888,141.2569,5.5576,2679272.2983
2026-01-23,600603.SH,区域地产,6.75,0.01963746223564944,-0.03539823008849563,2.3594,0.018099547511312153,0.21160356480650733,0.050314718564621705,0.9070294784580498,-13.599214976813384,19.8749,1.1025,805497.1769
2026-01-23,600605.SH,房产服务,29.15,-0.017857142857142905,-0.05252387448840379,1.2476,-0.030595277685400823,0.14510005344512855,0.003820734207568263,0.2364177975317982,-13.306871343096748,261.7298,4.2298,601313.2805
2026-01-23,600651.SH,电器仪表,8.89,0.07108433734939767,-0.02619047619047632,2.8679,0.19811320754716988,-0.06423235089259316,0.0022274463263395974,0.11185056764163077,-14.616950508304868,448.9446,8.9405,2228747.9053
2026-01-23,600653.SH,汽车服务,2.0,0.010101010101010166,-0.02051282051282055,1.6989,0.0362694300518136,0.18195581985005727,0.001485572859178092,0.18777932174108986,-12.872044045450805,673.141,5.3254,389276.0634
2026-01-23,600654.SH,仓储物流,4.09,0.012376237623762387,-0.037220843672456705,3.623,0.10242587601078168,-0.09910080963524492,0.01757963574994726,0.14695509052433575,-13.978412046591972,56.884,6.8048,1176920.7439
2026-01-26,000001.SZ,银行,10.96,-0.0027297543221109777,-0.007312614259597838,0.5701,-0.05190311418685123,0.02991069521001566,0.2027287286881424,2.0846362309776945,-16.872755827789707,4.9327,0.4797,21268886.345
2026-01-26,000007.SZ,其他商业,11.72,0.015597920277296451,-0.04184829991281602,2.4231,0.01384083044982698,-0.2094890342179354,0.013955253873978475,0.044989112634742395,-12.91419983243688,71.6576,22.2276,406037.1076
2026-01-26,000009.SZ,电气设备,10.25,-0.015369836695485084,-0.06451612903225812,1.5492,0.012845849802371578,0.1599511685424091,0.002665901019893753,0.38121378469045436,-14.787687858330306,375.1077,2.6232,2643694.3141
2026-01-26,000017.SZ,服饰,8.22,0.01356350184956856,-0.13170731707317063,10.2639,0.004889975550122383,0.5024079888814539,0.007124389706966727,0.06606896278335327,-13.247250037846449,140.3629,15.1357,566510.0149
2026-01-26,600601.SH,元器件,12.19,-0.024800000000000044,-0.07160909856781805,2.8872,-0.007328990228013033,-0.30741422304853083,0.006987954164611044,0.08548981388867516,-15.46603140609612,143.1034,11.6973,5209692.5793
2026-01-26,600602.SH,软件服务,20.15,0.028586013272077437,-0.05457825890843482,4.576,0.1263275572945779,-0.1545865296432647,0.006882554033211075,0.17493221376716522,-14.829240841574855,145.2949,5.7165,2755862.0118
2026-01-26,600603.SH,区域地产,6.78,0.004444444444444473,-0.053254437869822424,1.5075,0.008928571428571397,0.29605684115488007,0.05009216959204937,0.9030160736861117,-13.603649573939478,19.9632,1.1074,809077.1644
2026-01-26,600605.SH,房产服务,29.32,0.005831903945111572,-0.031391698639693155,1.3437,-0.031064111037673592,0.18327449894505787,0.0037985824450031736,0.2350452462098954,-13.31268630733061,263.2561,4.2545,604820.0818
2026-01-26,600651.SH,电器仪表,8.4,-0.055118110236220486,-0.06737588652482285,2.2977,0.1570247933884299,-0.1116945548673387,0.00235738081789799,0.11837541579364798,-14.560255164644026,424.1996,8.4477,2105903.5326
2026-01-26,600653.SH,汽车服务,1.95,-0.025000000000000022,-0.020725388601036343,1.9893,0.005154639175257714,0.34372793853323436,0.0015236646450684154,0.19259658718847503,-12.846726237426994,656.3124,5.1922,379544.1618
2026-01-26,600654.SH,仓储物流,4.03,-0.014669926650366705,-0.06435643564356441,3.4592,0.07466666666666666,-0.0422426525626326,0.017841372358361803,0.14914243102162564,-13.963633452484046,56.0495,6.705,1159655.4029
2026-01-27,000001.SZ,银行,10.94,-0.0018248175182482562,0.0,0.4607,-0.051993067590987874,0.030738772533083214,0.20309929524544548,2.0885547201336676,-16.870929343263484,4.9237,0.4788,21230074.5086
2026-01-27,000007.SZ,其他商业,11.47,-0.021331058020477855,0.0026857654431511335,2.8133,0.0070237050043897575,-0.1513130975296474,0.01425941584877034,0.045969825406603104,-12.892637979431012,70.1291,21.7534,397375.9065
2026-01-27,000009.SZ,电气设备,9.92,-0.03219512195121954,-0.0662055335968379,2.7745,-0.023622047244094557,0.23508039450983786,0.0027545849377642855,0.3939023909875133,-14.754963074059942,363.0311,2.5387,2558580.2533
2026-01-27,000017.SZ,服饰,8.2,-0.0024330900243311193,-0.13333333333333341,7.5398,0.0,0.6840190276921598,0.007141765472991985,0.06622999026419144,-13.244813983165242,140.0214,15.0989,565131.6451
2026-01-27,600601.SH,元器件,11.87,-0.02625102543068092,-0.04027420736932308,4.131,-0.02864157119476285,-0.2817899867080196,0.007176339894421687,0.08779477094344261,-15.439429671221605,139.3468,11.3902,5072932.8069
2026-01-27,600602.SH,软件服务,22.17,0.10024813895781648,-0.05913043478260871,11.6468,0.2330367074527253,0.3164653920223941,0.0062554578870064135,0.15899515064790523,-14.924776576807911,159.8604,6.2895,3032132.0497
2026-01-27,600603.SH,区域地产,6.76,-0.002949852507374673,-0.01966717095310133,1.4121,0.0226928895612708,0.3693377263477784,0.05024040031550971,0.9057150620414817,-13.600695362044606,19.9043,1.1041,806690.5061
2026-01-27,600605.SH,房产服务,28.67,-0.022169167803547052,0.018747789175804774,0.9344,-0.06703547022453626,-0.20429899570376708,0.0038847020433532744,0.24037305898754868,-13.290267710181025,257.42,4.1602,591411.7239
2026-01-27,600651.SH,电器仪表,8.46,0.0071428571428571175,-0.030915576694411362,1.9058,0.1733703190013871,-0.154713947648897,0.0023406617893516743,0.11753643629525154,-14.567372632417603,427.2296,8.508,2120945.7007
2026-01-27,600653.SH,汽车服务,1.93,-0.01025641025641022,0.0,1.4579,0.0,0.3445115380877324,0.0015394538941255979,0.1945903872348706,-12.836416867858231,649.581,5.139,375651.4012
2026-01-27,600654.SH,仓储物流,4.04,0.002481389578163684,-0.03544303797468362,2.6911,0.08021390374331538,-0.017791841609515302,0.017797204415130472,0.14877410140442754,-13.966111768471833,56.1886,6.7216,1162532.9597
2026-01-28,000001.SZ,银行,10.84,-0.009140767824497242,0.0009124087591241281,0.7414,-0.06228373702422152,0.09976710014693646,0.20497263615307357,2.1079258010118043,-16.86174654228019,4.8787,0.4744,21036015.3266
2026-01-28,000007.SZ,其他商业,11.17,-0.026155187445510042,0.04477611940298498,2.374,-0.016725352112676006,-0.13285385296722763,0.014642403228357064,0.04720432391607071,-12.866134661166276,68.2948,21.1845,386982.4651
2026-01-28,000009.SZ,电气设备,10.12,0.020161290322580516,-0.05179282868525892,2.2203,0.015045135406218435,0.25976826685041976,0.002700146320929131,0.3861152940267964,-14.774923816622326,370.3503,2.5899,2610164.5326
2026-01-28,000017.SZ,服饰,8.55,0.04268292682926855,-0.04804045512010113,14.6744,0.047794117647058876,0.7287069368452888,0.00684941358745571,0.06351868084403624,-13.286611111747469,145.9979,15.7434,589253.1177
2026-01-28,600601.SH,元器件,11.67,-0.0168491996630159,-0.015232974910394215,2.8951,-0.02830974188176516,-0.25843293492695885,0.007299328680741232,0.08929926863898985,-15.422436908886567,136.9989,11.1983,4987457.9491
2026-01-28,600602.SH,软件服务,23.0,0.03743797925124026,-0.06998158379373842,17.0692,0.22405534858967546,0.9008965591200568,0.006029715644639914,0.1532567049808429,-14.961530769120383,165.8453,6.525,3145648.9465
2026-01-28,600603.SH,区域地产,6.61,-0.022189349112425982,-0.0015151515151514694,0.9888,0.023219814241486114,0.37594202017746436,0.05138059663148809,0.9262689885142646,-13.578256125809633,19.4626,1.0796,788790.5688
2026-01-28,600605.SH,房产服务,28.27,-0.013951866062085871,0.031785714285714306,0.8659,-0.09680511182108631,-0.2328433592631911,0.003939667925390569,0.2437775773384364,-13.276217602093103,253.8285,4.1021,583160.4268
2026-01-28,600651.SH,电器仪表,8.41,-0.005910165484633634,-0.014687882496939975,1.5179,0.16968011126564675,-0.1313093619781256,0.0023545777465089853,0.11823545408326139,-14.561444932772499,424.7046,8.4577,2108410.5606
2026-01-28,600653.SH,汽车服务,1.92,-0.005181347150259086,0.005208333333333259,1.2211,-0.010309278350515427,0.3994976647638815,0.0015474718719906508,0.19560667409972027,-12.83122205102688,646.2153,5.1123,373705.0209
2026-01-28,600654.SH,仓储物流,3.95,-0.022277227722772297,-0.025380710659898553,2.734,0.05898123324396787,-0.04252219239434796,0.01820273477887318,0.15216299700238894,-13.94358265539286,54.9368,6.5719,1136634.9482
2026-01-29,000001.SZ,银行,10.96,0.011070110701107083,0.024007386888273308,0.9549,-0.04529616724738672,0.2380523501266536,0.2027287286881424,2.0846362309776945,-16.872755827789707,4.9327,0.4797,21268886.345
2026-01-29,000007.SZ,其他商业,10.72,-0.040286481647269445,0.028492647058823373,2.4747,-0.07745266781411353,-0.05479816892571843,0.015257043032489875,0.049185972160739756,-12.825014203938021,65.5435,20.331,371392.3032
2026-01-29,000009.SZ,电气设备,10.04,-0.007905138339920903,-0.023933402705514917,1.9039,0.009045226130653283,0.32264687448865215,0.0027216616506442444,0.38919592122674557,-14.766987267034375,367.4226,2.5694,2589530.8209
2026-01-29,000017.SZ,服饰,7.91,-0.07485380116959073,-0.0013262599469495706,13.9595,0.0038071065989848663,0.8785078438124798,0.007403601407868844,0.06865821255209442,-13.208807610598315,135.0694,14.5649,545145.282
2026-01-29,600601.SH,元器件,11.16,-0.04370179948586117,-0.051372896368467535,3.6601,-0.0738589211618258,-0.24232689139410724,0.00763290024257357,0.0933802724836351,-15.377751419548758,131.0118,10.7089,4769497.0619
2026-01-29,600602.SH,软件服务,21.72,-0.05565217391304356,-0.06647807637906644,12.2867,0.16774193548387073,1.1579333030490497,0.006385059981253464,0.16228760609552248,-14.904270048270433,156.6156,6.1619,2970586.7443
2026-01-29,600603.SH,区域地产,6.6,-0.001512859304084846,0.012232415902140747,0.851,0.02325581395348819,0.07666073042268318,0.05145832904513925,0.9276437847866419,-13.57674212104315,19.4332,1.078,787597.2397
2026-01-29,600605.SH,房产服务,28.0,-0.009550760523523105,0.025197984161267062,1.0925,-0.07346128391793516,-0.1984712184213797,0.003977658288922778,0.2461296118536021,-13.266620940533658,251.4042,4.0629,577590.8012
2026-01-29,600651.SH,电器仪表,8.17,-0.028537455410225898,-0.020782396088019572,1.6366,0.13630041724617525,-0.10917426197554236,0.002423745336108037,0.12170780390438635,-14.532492367688638,412.5846,8.2164,2048241.8883
2026-01-29,600653.SH,汽车服务,1.92,0.0,0.005235602094240788,1.1286,0.005235602094240788,0.23411016077117464,0.0015474718719906508,0.19560667409972027,-12.83122205102688,646.2153,5.1123,373705.0209
2026-01-29,600654.SH,仓储物流,3.94,-0.0025316455696202667,-0.02577319587628868,3.6916,0.053475935828877,-0.03439169997347369,0.018248907802867996,0.15255064681474248,-13.941047799816912,54.7978,6.5552,1133757.3914
2026-01-30,000001.SZ,银行,10.83,-0.011861313868613221,0.017495395948434744,0.5626,-0.05083260297984227,0.20532737331916606,0.20516187271757416,2.109704641350211,-16.860823607281493,4.8742,0.474,21016609.4084
2026-01-30,000007.SZ,其他商业,10.88,0.014925373134328401,0.07552320291173786,2.1003,-0.04895104895104885,-0.1252467677906116,0.015032688581320081,0.048462526351498704,-12.839829289711282,66.5217,20.6345,376935.4719
2026-01-30,000009.SZ,电气设备,9.61,-0.042828685258964105,0.018318965517241326,2.4182,-0.024365482233502544,0.2739060347606903,0.002843442339538862,0.406603236561763,-14.723214375751667,351.6864,2.4594,2478624.6204
2026-01-30,000017.SZ,服饰,7.54,-0.04677623261694064,0.0828651685393258,9.3878,-0.041931385006353294,0.7957781421670294,0.007766905835587031,0.07202742804459938,-13.16090201087876,128.7514,13.8836,519645.4395
2026-01-30,600601.SH,元器件,11.29,0.011648745519713177,0.00453720508166966,2.7757,-0.036689419795222,-0.2884262800599322,0.007545011653270498,0.09230456815307789,-15.38933284075072,132.5379,10.8337,4825055.7194
2026-01-30,600602.SH,软件服务,21.21,-0.023480662983425327,-0.03673664122137399,7.3207,0.1348314606741572,1.2582551046109054,0.006538588789458749,0.16619025460347006,-14.880509321783338,152.9382,6.0172,2900835.3981
2026-01-30,600603.SH,区域地产,6.54,-0.009090909090909038,0.04531250000000009,0.8948,0.05144694533762073,-0.13150598662130297,0.051930516968296425,0.9361542782250515,-13.567609637488031,19.2565,1.0682,780437.2648
2026-01-30,600605.SH,房产服务,27.78,-0.007857142857142785,0.028447965430320465,0.7347,-0.07399999999999995,-0.2739700018986141,0.004009158521727034,0.24807740014884647,-13.258732767750963,249.4289,4.031,573052.5878
2026-01-30,600651.SH,电器仪表,8.18,0.001223990208078396,0.006337135614702172,1.2661,0.12208504801097386,-0.24829213762265545,0.0024207823193805895,0.12155985607313041,-14.533715609424043,413.0896,8.2264,2050748.9163
2026-01-30,600653.SH,汽车服务,1.91,-0.00520833333333337,0.015873015873015817,1.2723,0.0052631578947368585,0.14234004217602414,0.0015555738076215649,0.19662976581394892,-12.82600010682297,642.8496,5.0857,371758.6405
2026-01-30,600654.SH,仓储物流,3.88,-0.015228426395939132,-0.007936507936507908,2.7156,0.02917771883289122,-0.08954915074104575,0.018531112811855467,0.15490906837686277,-13.925702230129522,53.9633,6.4554,1116492.0504
2026-02-02,000001.SZ,银行,10.86,0.0027700831024930483,0.02121771217712176,0.6303,-0.05565217391304356,0.20757369573641649,0.20459520838021975,2.103934357248054,-16.863589860774674,4.8877,0.4753,21074827.163
2026-02-02,000007.SZ,其他商业,10.99,0.010110294117646967,0.09821428571428581,2.2055,-0.04600694444444442,-0.13804136649519128,0.01488221471166453,0.04797750814418201,-12.849888816740297,67.1943,20.8431,380746.4004
2026-02-02,000009.SZ,电气设备,9.28,-0.03433922996878258,0.022222222222222365,1.3724,-0.07936507936507942,0.24644931085146604,0.002944556648411397,0.4210703608572993,-14.688271699545098,339.6097,2.3749,2393510.5595
2026-02-02,000017.SZ,服饰,7.12,-0.0557029177718833,0.05263157894736836,5.4566,-0.09987357774968397,0.6156216353157262,0.008225064073249131,0.07627590520430501,-13.103587554256292,121.5796,13.1103,490699.6723
2026-02-02,600601.SH,元器件,11.02,-0.023914968999114272,-0.008928571428571397,2.2464,-0.10333604556550036,-0.2839913030398338,0.007729868909153169,0.09456622472717643,-15.365127266324206,129.3683,10.5746,4709664.6615
2026-02-02,600602.SH,软件服务,20.96,-0.011786892975011787,-0.032809611829944574,5.8615,0.11430090377458813,1.2103316931392296,0.006616579162407243,0.1681718043152885,-14.868652412651052,151.1355,5.9463,2866643.5617
2026-02-02,600603.SH,区域地产,6.4,-0.021406727828746086,0.04938271604938271,1.0663,0.01587301587301604,-0.19309963199585178,0.05306644449515238,0.9566631589017508,-13.545970462273234,18.8443,1.0453,763730.6566
2026-02-02,600605.SH,房产服务,27.77,-0.00035997120230391033,-0.002777777777777879,1.0269,-0.06592667339387825,-0.3164868327820223,0.004010602428580194,0.2481635894381576,-13.258372731619556,249.3391,4.0296,572846.3053
2026-02-02,600651.SH,电器仪表,7.89,-0.03545232273838628,0.0,1.1239,0.08082191780821923,-0.3485891402378646,0.002509759198643927,0.12602712103644703,-14.497619593634846,398.4446,7.9348,1978045.1038
2026-02-02,600653.SH,汽车服务,1.89,-0.010471204188481686,0.015625,1.1116,-0.010471204188481686,-0.017148118310507665,0.001572034882825236,0.19870839542970692,-12.815473693927071,636.1182,5.0325,367865.8799
2026-02-02,600654.SH,仓储物流,3.78,-0.02577319587628868,0.02887139107611536,3.3096,-0.023255813953488413,-0.09765174562216383,0.019021351467021733,0.1590077913817777,-13.899591086134366,52.5725,6.289,1087716.4821
2026-02-03,000001.SZ,银行,10.84,-0.0018416206261510082,0.008204193254329972,0.4157,-0.07112253641816624,0.2195540466987096,0.20497263615307357,2.1079258010118043,-16.86174654228019,4.8787,0.4744,21036015.3266
2026-02-03,000007.SZ,其他商业,11.2,0.019108280254777066,0.0848214285714286,1.8243,-0.03531438415159349,-0.18691215025254382,0.014603187583785789,0.047077876222847835,-12.868816826561796,68.4782,21.2414,388021.8093
2026-02-03,000009.SZ,电气设备,9.45,0.018318965517241326,0.005252100840336116,0.7205,-0.07079646017699126,0.02035619651365783,0.0028915857745546235,0.41347942939838744,-14.70642489425074,345.831,2.4185,2437357.1969
2026-02-03,000017.SZ,服饰,7.41,0.04073033707865159,0.02921646746347939,5.4675,-0.07142857142857151,0.5387744708142215,0.007903170356788626,0.07329067815864501,-13.143510268224285,126.5315,13.6443,510686.0354
2026-02-03,600601.SH,元器件,11.2,0.016333938294010864,0.01273885350318471,2.0962,-0.11111111111111116,-0.34009478581494557,0.007605638516170347,0.0930466256641203,-15.38132924088661,131.4814,10.7473,4786592.0334
2026-02-03,600602.SH,软件服务,21.64,0.03244274809160297,0.054455445544554504,6.5385,0.13536201469045128,0.9130827987985881,0.006408662460875116,0.16288767266093301,-14.900580007162757,156.0388,6.1392,2959645.3566
2026-02-03,600603.SH,区域地产,6.48,0.012499999999999956,0.02427921092564489,0.4724,-0.003076923076922977,-0.30487189914599433,0.052411176159204195,0.9448223733938019,-13.558392982262092,19.0799,1.0584,773277.2898
2026-02-03,600605.SH,房产服务,28.8,0.03709038530788633,0.00692281066112832,1.1903,-0.043507140484888684,-0.2832934376459598,0.00386716743906891,0.2392916965781287,-13.29479181746669,258.5872,4.179,594093.3955
2026-02-03,600651.SH,电器仪表,8.15,0.03295310519645134,0.027329192546583725,1.057,0.09838274932614555,-0.416675318822747,0.0024296931832042115,0.12200627112233568,-14.530041386035293,411.5746,8.1963,2043227.8322
2026-02-03,600653.SH,汽车服务,1.92,0.015873015873015817,0.020725388601036343,0.854,-0.010309278350515427,-0.10084442674326466,0.0015474718719906508,0.19560667409972027,-12.83122205102688,646.2153,5.1123,373705.0209
2026-02-03,600654.SH,仓储物流,3.81,0.007936507936507908,0.015625,2.4845,-0.03299492385786795,-0.09529225228936133,0.018871592026374936,0.15775607755288773,-13.907496265647994,52.9897,6.3389,1096349.1526
2026-02-04,000001.SZ,银行,10.97,0.011992619926199266,-0.0018034265103696878,0.3584,-0.05756013745704469,0.09227864899721516,0.20254395203759218,2.082899395959175,-16.87366782055707,4.9372,0.4801,21288292.2632
2026-02-04,000007.SZ,其他商业,11.2,0.0,0.0813226094727435,1.1395,-0.026086956521739202,-0.2602051758989493,0.014603187583785789,0.047077876222847835,-12.868816826561796,68.4782,21.2414,388021.8093
2026-02-04,000009.SZ,电气设备,9.52,0.007407407407407529,0.01705756929637503,0.845,-0.05835806132542032,-0.1326138966962268,0.002870324205989391,0.41044163519947463,-14.713805001566763,348.3927,2.4364,2455411.6947
2026-02-04,000017.SZ,服饰,7.53,0.0161943319838056,0.021248339973439556,4.0442,-0.04076433121019096,0.20012936073713727,0.00777722300253693,0.07212301301099155,-13.159574870541638,128.5806,13.8652,518956.2545
2026-02-04,600601.SH,元器件,10.99,-0.018749999999999933,0.02894491129785237,2.3335,-0.17554388597149284,-0.2907080531648444,0.007750970615295301,0.09482447988772781,-15.362401231006679,129.0161,10.5458,4696843.4328
2026-02-04,600602.SH,软件服务,20.2,-0.06654343807763408,0.11262626262626263,6.8683,0.05648535564853541,0.4485386790124033,0.006865519575655967,0.17449875233392081,-14.831719157598393,145.6554,5.7307,2762700.3791
2026-02-04,600603.SH,区域地产,6.59,0.016975308641975273,0.04682779456193353,0.8318,0.003044140030441289,-0.3138928244020335,0.05153629701398695,0.9291089844838799,-13.575225820462954,19.4038,1.0763,786403.9105
2026-02-04,600605.SH,房产服务,28.89,0.0031250000000000444,0.001404494382022392,0.8234,-0.04019933554817279,-0.28412863566341784,0.003855119965550648,0.23854392786431622,-13.29791194486848,259.3953,4.1921,595949.9374
2026-02-04,600651.SH,电器仪表,8.05,-0.012269938650306678,0.056179775280899014,0.9365,0.08344549125168244,-0.46378731771187076,0.0024598757369172736,0.12352236372395221,-14.517695550237617,406.5246,8.0957,2018157.5521
2026-02-04,600653.SH,汽车服务,1.93,0.005208333333333259,0.02604166666666674,1.3433,0.005208333333333259,-0.09453769852282368,0.0015394538941255979,0.1945903872348706,-12.836416867858231,649.581,5.139,375651.4012
2026-02-04,600654.SH,仓储物流,3.84,0.007874015748031482,0.023809523809523947,2.0627,-0.0025974025974027093,-0.12281322114312854,0.018724137285374576,0.15652391685449538,-13.915339443115434,53.407,6.3888,1104981.8231
2026-02-05,000001.SZ,银行,11.09,0.010938924339106482,-0.008144796380090469,0.6068,-0.036490008688097264,-0.041424195305444056,0.2003526206122776,2.0601565718994643,-16.884547347633323,4.9912,0.4854,21521163.2816
2026-02-05,000007.SZ,其他商业,11.19,-0.0008928571428571397,0.03384094754653133,1.3892,-0.07976973684210531,-0.29681716945928216,0.01461622898368975,0.04712002412545235,-12.867923570440176,68.4171,21.2224,387675.3612
2026-02-05,000009.SZ,电气设备,9.38,-0.014705882352941013,0.005291005291005346,0.7971,-0.07767944936086524,-0.2500807419730292,0.002913164678577432,0.41657987919183503,-14.698989915785878,343.2693,2.4005,2419302.6992
2026-02-05,000017.SZ,服饰,7.53,0.0,-0.012970168612191912,3.5507,-0.04683544303797471,-0.12984383879218064,0.00777722300253693,0.07212301301099155,-13.159574870541638,128.5806,13.8652,518956.2545
2026-02-05,600601.SH,元器件,10.71,-0.02547770700636942,0.009033423667569984,2.7338,-0.17551963048498842,-0.30654989280079425,0.007953608194125305,0.09730371408276653,-15.3365933470586,125.7291,10.2771,4577178.632
2026-02-05,600602.SH,软件服务,19.8,-0.01980198019801971,0.11144130757800896,3.3077,0.024314536989136215,0.10131666072663603,0.0070042137349829664,0.1780246386099836,-14.811718490891723,142.7712,5.6172,2707993.4409
2026-02-05,600603.SH,区域地产,6.62,0.004552352048558417,0.022421524663676973,0.7598,0.004552352048558417,-0.3243075373510156,0.05130283550771851,0.924898261191269,-13.579767841957,19.4921,1.0812,789983.898
2026-02-05,600605.SH,房产服务,28.48,-0.014191761855313234,-0.021358543417366982,0.8039,-0.0563286944996686,-0.32474120388120453,0.003910618894546251,0.24197841552533514,-13.283618516915846,255.714,4.1326,587492.3578
2026-02-05,600651.SH,电器仪表,8.01,-0.00496894409937898,0.021410579345088054,0.7206,0.07085561497326198,-0.5381375199357531,0.0024721597727195193,0.1241387871640494,-14.512714219867556,404.5046,8.0555,2008129.44
2026-02-05,600653.SH,汽车服务,1.92,-0.005181347150259086,0.005208333333333259,0.8348,-0.010309278350515427,-0.1344129198780568,0.0015474718719906508,0.19560667409972027,-12.83122205102688,646.2153,5.1123,373705.0209
2026-02-05,600654.SH,仓储物流,3.78,-0.015625,0.013333333333333197,1.869,-0.0357142857142857,-0.2223274420639758,0.019021351467021733,0.1590077913817777,-13.899591086134366,52.5725,6.289,1087716.4821
2026-02-06,000001.SZ,银行,11.05,-0.0036068530207393756,-0.014453477868112019,0.375,-0.035776614310645716,-0.10025168971465737,0.20107777688409875,2.0678246484698097,-16.88093397423444,4.9732,0.4836,21443539.6088
2026-02-06,000007.SZ,其他商业,11.82,0.05630026809651478,0.008943089430894169,4.8125,-0.029556650246305383,-0.08396270114595272,0.013837191603592133,0.04460860410756026,-12.92269606016762,72.269,22.4172,409501.588
2026-02-06,000009.SZ,电气设备,9.45,0.00746268656716409,-0.03416149068322982,0.9586,-0.07804878048780495,-0.4180140859041761,0.0028915857745546235,0.41347942939838744,-14.70642489425074,345.831,2.4185,2437357.1969
2026-02-06,000017.SZ,服饰,7.71,0.0239043824701195,-0.02564102564102566,4.2636,-0.03504380475594493,-0.29242738347581,0.00759565012308751,0.07043940098333404,-13.18319801631857,131.6543,14.1966,531361.5833
2026-02-06,600601.SH,元器件,11.07,0.03361344537815114,-0.0018018018018017834,4.0147,-0.14976958525345618,-0.22848345787638413,0.0076949535724976205,0.09413891137762882,-15.36965420931256,129.9553,10.6226,4731033.3759
2026-02-06,600602.SH,软件服务,20.19,0.01969696969696977,0.06641184902054476,4.645,0.012030075187970057,-0.01265600105912501,0.00686891971812701,0.1745871015049408,-14.831223985499683,145.5833,5.7278,2761332.7056
2026-02-06,600603.SH,区域地产,6.69,0.010574018126888296,-0.002941176470588225,1.4053,0.006015037593984918,-0.25088671883064584,0.05076605984303134,0.9151642719868216,-13.59028634607632,19.6982,1.0927,798337.202
2026-02-06,600605.SH,房产服务,28.56,0.002808988764044784,-0.034470752089136414,0.4612,-0.06758080313418213,-0.34759897117704763,0.0038996647458218016,0.24130109550697362,-13.2864235677891,256.4323,4.1442,589142.6172
2026-02-06,600651.SH,电器仪表,7.94,-0.008739076154806402,-0.008588957055214785,0.78,0.03926701570680646,-0.5741580908118475,0.0024939546539189004,0.12523324692239296,-14.503936734048779,400.9696,7.9851,1990580.2439
2026-02-06,600653.SH,汽车服务,1.92,0.0,-0.02051282051282055,1.0029,-0.015384615384615441,-0.17538624228416722,0.0015474718719906508,0.19560667409972027,-12.83122205102688,646.2153,5.1123,373705.0209
2026-02-06,600654.SH,仓储物流,3.75,-0.007936507936507908,-0.04081632653061229,1.8022,-0.04092071611253201,-0.2692165060206595,0.019173543577629844,0.16027952749595295,-13.891622916478571,52.1552,6.2391,1079083.8116
2026-02-09,000001.SZ,银行,11.07,0.0018099547511312153,-0.013562386980108476,0.3193,-0.0357142857142857,-0.20846007876493522,0.200714543775842,2.063983488132095,-16.88274229299141,4.9822,0.4845,21482351.4452
2026-02-09,000007.SZ,其他商业,12.3,0.040609137055837685,0.04526748971193406,3.6242,0.03622577927548454,0.05504903123356608,0.01329720040742622,0.042867676057545566,-12.962502310540641,75.2038,23.3276,426131.0941
2026-02-09,000009.SZ,电气设备,9.66,0.022222222222222365,-0.0031347962382446415,1.2546,-0.05847953216374269,-0.42099918700987293,0.0028287246807925633,0.404498017959712,-14.728403800983784,353.5162,2.4722,2491520.6902
2026-02-09,000017.SZ,服饰,7.8,0.011673151750972721,0.012903225806451646,2.8073,-0.03703703703703698,-0.3670196795374623,0.007508009168780797,0.06962624630980895,-13.194803562445392,133.1911,14.3624,537564.2477
2026-02-09,600601.SH,元器件,11.1,0.0027100271002709064,0.035938903863432126,2.2985,-0.13077525450274075,-0.18935801945596076,0.007674161252545903,0.09388437200743564,-15.372360570918529,130.3074,10.6514,4743854.6046
2026-02-09,600602.SH,软件服务,20.93,0.036651807825656135,-0.023474178403755874,4.13,-0.005700712589073675,-0.06329755860936093,0.00662606215776389,0.1684125433662299,-14.867220089643903,150.9192,5.9378,2862540.5413
2026-02-09,600603.SH,区域地产,6.8,0.01644245142002987,0.004444444444444473,1.1313,0.039755351681957096,-0.2218825449579067,0.04994481098386284,0.9004141905276427,-13.60659508416669,20.0221,1.1106,811463.8227
2026-02-09,600605.SH,房产服务,28.72,0.0056022408963585235,-0.04743898246820211,0.6397,-0.0436230436230437,-0.3836680285162656,0.003877939526635434,0.23995776743293182,-13.292010174558731,257.8689,4.1674,592443.1361
2026-02-09,600651.SH,电器仪表,8.15,0.026448362720403074,-0.044740024183796745,0.9723,-0.029761904761904767,-0.5537370921571272,0.0024296931832042115,0.12200627112233568,-14.530041386035293,411.5746,8.1963,2043227.8322
2026-02-09,600653.SH,汽车服务,1.95,0.015625,-0.015228426395939132,1.2077,-0.015151515151515138,-0.14031901679532,0.0015236646450684154,0.19259658718847503,-12.846726237426994,656.3124,5.1922,379544.1618
2026-02-09,600654.SH,仓储物流,3.92,0.045333333333333226,-0.033333333333333326,3.0283,-0.04622871046228716,-0.2616654166003338,0.018342027454346696,0.15332955120440364,-13.935958730364343,54.5196,6.5219,1128002.2778
2026-02-10,000001.SZ,银行,11.06,-0.0009033423667569318,-0.018970189701897122,0.3094,-0.03574542284219706,-0.2315963041378435,0.20089599614279688,2.065688907250568,-16.88183854236496,4.9777,0.4841,21462945.527
2026-02-10,000007.SZ,其他商业,12.15,-0.012195121951219523,0.04214876033057857,2.789,0.04023972602739723,0.1461498559438026,0.013461359839648282,0.043396938779938464,-12.950232218090788,74.2867,23.0431,420934.3735
2026-02-10,000009.SZ,电气设备,9.57,-0.009316770186335366,0.00524109014675056,0.6423,-0.04870775347912526,-0.4102436337887808,0.002855327684543397,0.4082965866405357,-14.719043358218181,350.2225,2.4492,2468307.7645
2026-02-10,000017.SZ,服饰,7.75,-0.0064102564102563875,0.011703511053315907,2.2549,-0.037267080745341685,-0.45380845512787904,0.007556448559854251,0.07007561158490011,-13.188372672236317,132.3373,14.2703,534118.3231
2026-02-10,600601.SH,元器件,11.13,0.002702702702702897,0.05807622504537213,1.5896,-0.08395061728395059,-0.17995618458114537,0.007653475136920669,0.09363208209660959,-15.375059627874853,130.6596,10.6801,4756675.8332
2026-02-10,600602.SH,软件服务,21.3,0.017677974199713287,-0.079891057648661,4.4603,0.044117647058823595,-0.137118962978525,0.006510959246603884,0.16548893706455722,-14.884743625923777,153.5872,6.0427,2913144.4592
2026-02-10,600603.SH,区域地产,6.75,-0.007352941176470562,0.024531024531024626,0.6282,0.03686635944700467,-0.17422535883713774,0.050314718564621705,0.9070294784580498,-13.599214976813384,19.8749,1.1025,805497.1769
2026-02-10,600605.SH,房产服务,29.09,0.0128830083565461,-0.016479663394109334,0.908,-0.035797149486244684,-0.41181323347433285,0.0038286158405151788,0.23690507213759449,-13.304810902930555,261.191,4.2211,600075.586
2026-02-10,600651.SH,电器仪表,8.27,0.014723926380368013,-0.0520094562647756,1.0611,-0.03500583430571769,-0.5096859105304288,0.002394437625618184,0.12023710757614015,-14.544657967827947,417.6346,8.3169,2073312.1684
2026-02-10,600653.SH,汽车服务,1.97,0.01025641025641022,-0.005076142131979711,2.1572,0.005102040816326481,0.03407066889407573,0.0015081957620000728,0.19063959584405682,-12.856930407512964,663.0439,5.2455,383436.9224
2026-02-10,600654.SH,仓储物流,3.9,-0.005102040816326481,-0.01808785529715773,1.5886,-0.02010050251256279,-0.28700240402829713,0.018436102312993398,0.15411407523849155,-13.930843629663931,54.2414,6.4887,1122247.1641
2026-02-11,000001.SZ,银行,11.07,0.0009041591320071429,-0.008211678832116931,0.2221,-0.02552816901408439,-0.25310509959753424,0.200714543775842,2.063983488132095,-16.88274229299141,4.9822,0.4845,21482351.4452
2026-02-11,000007.SZ,其他商业,12.1,-0.004115226337448652,0.07692307692307687,1.5798,0.05034722222222232,0.20808270796674844,0.013516984090509726,0.0435762126170566,-12.946108500716479,73.981,22.9483,419202.1332
2026-02-11,000009.SZ,电气设备,9.54,-0.0031347962382446415,0.0,0.5311,-0.053571428571428714,-0.42076881009573786,0.002864306897881158,0.4095842719639566,-14.715903638211476,349.1246,2.4415,2460570.1226
2026-02-11,000017.SZ,服饰,7.69,-0.007741935483870921,0.005256241787122251,1.7071,-0.02658227848101269,-0.5150390566545954,0.0076154096290762426,0.07062246641901722,-13.180600612385206,131.3127,14.1598,529983.2135
2026-02-11,600601.SH,元器件,11.02,-0.009883198562443907,0.0680393912264996,1.4414,-0.09967320261437917,-0.2049344357259466,0.007729868909153169,0.09456622472717643,-15.365127266324206,129.3683,10.5746,4709664.6615
2026-02-11,600602.SH,软件服务,22.03,0.034272300469483596,-0.06951871657754016,7.8852,0.053562888570062306,-0.12012224826591356,0.006295207458561797,0.16000512016384524,-14.918441714017103,158.851,6.2498,3012984.6214
2026-02-11,600603.SH,区域地产,6.93,0.026666666666666616,0.032163742690058506,1.5873,0.08791208791208782,-0.03866680619506058,0.049007836353032845,0.8834702712253734,-13.625532285109797,20.4049,1.1319,826977.1016
2026-02-11,600605.SH,房产服务,28.52,-0.01959436232382261,0.006797853309481239,0.6876,-0.035508961785593485,-0.39131153028531185,0.0039051333759253216,0.2416392808815001,-13.285022025890951,256.0732,4.1384,588317.4875
2026-02-11,600651.SH,电器仪表,8.46,0.02297460701330123,-0.013563501849568338,2.5481,-0.04081632653061218,-0.2859184901451445,0.0023406617893516743,0.11753643629525154,-14.567372632417603,427.2296,8.508,2120945.7007
2026-02-11,600653.SH,汽车服务,1.97,0.0,0.020725388601036343,1.6713,0.005102040816326481,0.0804493816875782,0.0015081957620000728,0.19063959584405682,-12.856930407512964,663.0439,5.2455,383436.9224
2026-02-11,600654.SH,仓储物流,3.87,-0.007692307692307665,-0.010526315789473717,1.4441,-0.046798029556650134,-0.27721303470338465,0.01857900349656846,0.15530844256693796,-13.923121583563804,53.8242,6.4388,1113614.4936
2026-02-12,000001.SZ,银行,10.96,-0.009936766034326916,-0.0009165902841429263,0.3511,-0.030946065428824054,-0.35037488671006023,0.2027287286881424,2.0846362309776945,-16.872755827789707,4.9327,0.4797,21268886.345
2026-02-12,000007.SZ,其他商业,12.22,0.009917355371900971,0.09750201450443186,1.8297,0.08429458740017748,0.2631606203082555,0.013384264922786175,0.04314827040158096,-12.955977002028238,74.7146,23.1759,423359.5098
2026-02-12,000009.SZ,电气设备,9.5,-0.004192872117400381,0.023579849946409492,0.4967,-0.05940594059405935,-0.44294700300524303,0.0028763668495268954,0.4113195129976966,-14.711701951382246,347.6608,2.4312,2450253.2668
2026-02-12,000017.SZ,服饰,7.61,-0.01040312093628093,0.013157894736842257,1.5377,-0.014248704663212375,-0.5749061169003105,0.007695462832068841,0.07136485280999108,-13.170143000673063,129.9467,14.0125,524469.734
2026-02-12,600601.SH,元器件,11.17,0.013611615245009201,0.02436823104693131,1.691,-0.11066878980891726,-0.2415305203686775,0.00762606650540078,0.09329663665624854,-15.378647075679424,131.1292,10.7185,4773770.8048
2026-02-12,600602.SH,软件服务,22.44,0.018610985020426796,-0.01120071684587809,7.8035,0.09623839765510511,-0.002230183192387325,0.006180190881375562,0.1570820439515559,-14.936881633839212,161.8073,6.3661,3069059.233
2026-02-12,600603.SH,区域地产,6.84,-0.012987012987012991,0.05604719764011801,1.0046,0.09265175718849838,0.003031728608018369,0.04965267950684959,0.8950948800572861,-13.612460203614043,20.1399,1.1172,816237.1393
2026-02-12,600605.SH,房产服务,27.95,-0.01998597475455821,-0.0039668229354489215,0.6302,-0.05350491026075188,-0.4045002148073894,0.003984773383945268,0.2465665606430456,-13.26483363003761,250.9553,4.0557,576559.3891
2026-02-12,600651.SH,电器仪表,8.11,-0.0413711583924351,-0.006188118811881305,1.4493,-0.11074561403508776,-0.15498759305210907,0.002441676885084431,0.12260912211868562,-14.525121326939294,409.5546,8.156,2033199.7202
2026-02-12,600653.SH,汽车服务,1.93,-0.020304568527918843,0.03664921465968596,1.4413,0.0,0.15045465905377076,0.0015394538941255979,0.1945903872348706,-12.836416867858231,649.581,5.139,375651.4012
2026-02-12,600654.SH,仓储物流,3.8,-0.01808785529715773,0.005319148936170137,1.7124,-0.04761904761904767,-0.26431942286305865,0.01892126106420741,0.1581702861300476,-13.904868143270049,52.8506,6.3223,1093471.5958
2026-02-13,000001.SZ,银行,10.91,-0.0045620437956205295,-0.005499541704858002,0.286,-0.02502234137622872,-0.368108125325151,0.20365769215103255,2.094240837696335,-16.868183346114343,4.9102,0.4775,21171856.754
2026-02-13,000007.SZ,其他商业,12.41,0.015548281505728179,0.06299212598425208,2.2503,0.09823008849557513,0.043231052390539926,0.013179345856347766,0.04248774228635038,-12.971405647416416,75.8763,23.5362,429942.0226
2026-02-13,000009.SZ,电气设备,9.33,-0.017894736842105297,-0.01991614255765195,0.7549,-0.08349705304518662,-0.4566871292464776,0.0029287765475289177,0.4188130837207354,-14.693645167595898,341.4395,2.3877,2406406.6293
2026-02-13,000017.SZ,服饰,7.6,-0.0013140604467806183,-0.026751592356687892,1.3526,-0.005235602094240788,-0.6692673849385455,0.007705590945622415,0.07145868616059625,-13.168828076154725,129.7759,13.9941,523780.5491
2026-02-13,600601.SH,元器件,11.08,-0.008057296329453845,-0.03902862098872506,1.7953,-0.11217948717948723,-0.3716554290031505,0.007688008321500207,0.0940539117021877,-15.3705571439139,130.0727,10.6322,4735307.1188
2026-02-13,600602.SH,软件服务,22.32,-0.005347593582887722,0.024038461538461453,5.6855,0.11432850723914134,0.009097690301353545,0.006213418498589553,0.15792549075346252,-14.931519690717447,160.942,6.3321,3052647.1516
2026-02-13,600603.SH,区域地产,6.78,-0.00877192982456132,0.05752212389380529,0.7334,0.09178743961352653,-0.11069525029622806,0.05009216959204937,0.9030160736861117,-13.603649573939478,19.9632,1.1074,809077.1644
2026-02-13,600605.SH,房产服务,27.73,-0.007871198568872972,-0.025983399494767356,0.4585,-0.025307557117750346,-0.3622960412090285,0.0040163868583822,0.2485212982752622,-13.256931289956421,248.98,4.0238,572021.1756
2026-02-13,600651.SH,电器仪表,8.08,-0.0036991368680640013,-0.032911392405063356,1.0576,-0.07339449541284415,-0.05920764483376484,0.0024507425259705186,0.12306329145079314,-14.521415331317888,408.0396,8.1259,2025678.6361
2026-02-13,600653.SH,汽车服务,1.91,-0.010362694300518172,-0.015463917525773252,1.0961,-0.010362694300518172,0.15323765655335198,0.0015555738076215649,0.19662976581394892,-12.82600010682297,642.8496,5.0857,371758.6405
2026-02-13,600654.SH,仓储物流,3.76,-0.010526315789473717,-0.039787798408488007,2.3529,-0.038363171355498826,-0.20857830063520522,0.019122542992257283,0.1598542129577825,-13.894286033961889,52.2943,6.2557,1081961.3685
2026-02-24,000001.SZ,银行,10.91,0.0,0.0018416206261511192,0.3105,-0.018884892086330818,-0.3648182940576521,0.20365769215103255,2.094240837696335,-16.868183346114343,4.9102,0.4775,21171856.754
2026-02-24,000007.SZ,其他商业,12.7,0.023368251410152974,-0.0007930214115781098,2.3761,0.11894273127753308,-0.07269456461215529,0.01287839957552795,0.04151754946816019,-12.994505041719204,77.6494,24.0862,439989.0159
2026-02-24,000009.SZ,电气设备,9.54,0.022508038585209,-0.06673618352450472,0.7505,-0.06009852216748779,-0.5239719225133324,0.002864306897881158,0.4095842719639566,-14.715903638211476,349.1246,2.4415,2460570.1226
2026-02-24,000017.SZ,服饰,7.85,0.03289473684210531,-0.04884318766066842,2.076,0.008997429305912519,-0.6936167146232363,0.00746018684783979,0.0691830861191056,-13.20119336060933,134.0449,14.4544,541010.1724
2026-02-24,600601.SH,元器件,11.53,0.04061371841155226,-0.09862778730703259,3.3483,-0.08127490039840646,-0.28869277758851597,0.007387957924102031,0.09038322487346348,-15.410367796872652,135.3554,11.064,4927625.5487
2026-02-24,600602.SH,软件服务,20.8,-0.06810035842293904,-0.04588061174148983,6.4349,0.06230847803881523,0.04720374040741748,0.006667475653712651,0.16946567472758392,-14.860989539898506,149.9818,5.9009,2844760.7864
2026-02-24,600603.SH,区域地产,6.78,0.0,-0.005633802816901401,0.6818,0.07961783439490455,-0.18331498039906613,0.05009216959204937,0.9030160736861117,-13.603649573939478,19.9632,1.1074,809077.1644
2026-02-24,600605.SH,房产服务,27.71,-0.0007212405337180261,-0.06916221033868097,0.6238,-0.0328097731239092,-0.357269839419462,0.0040192861426267806,0.24870053968017108,-13.256209789305068,248.8004,4.0209,571608.6108
2026-02-24,600651.SH,电器仪表,7.9,-0.022277227722772297,-0.07356608478802995,1.0949,-0.061757719714964354,0.003740887025211803,0.0025065822850806217,0.12586849259893262,-14.498886218292979,398.9496,7.9448,1980552.1319
2026-02-24,600653.SH,汽车服务,1.94,0.015706806282722585,-0.04591836734693866,1.2799,0.0,0.13962058853120585,0.001531518575712229,0.19358835372463992,-12.841584837971393,652.9467,5.1656,377597.7815
2026-02-24,600654.SH,仓储物流,3.77,0.0026595744680850686,-0.09210526315789469,2.0313,-0.040712468193384255,-0.28442966513365064,0.01907181300468785,0.15942860786939608,-13.896942077991321,52.4334,6.2724,1084838.9253
2026-02-25,000001.SZ,银行,10.86,-0.004582951420714965,-0.014719411223550916,0.5478,-0.026881720430107614,-0.27411430322369335,0.20459520838021975,2.103934357248054,-16.863589860774674,4.8877,0.4753,21074827.163
2026-02-25,000007.SZ,其他商业,12.61,-0.007086614173228312,0.0007598784194529085,2.4284,0.14845173041894344,-0.11176093608749715,0.012970303193807459,0.04181388639167067,-12.987393198222655,77.0992,23.9155,436870.9835
2026-02-25,000009.SZ,电气设备,9.59,0.00524109014675056,-0.06947368421052635,1.5086,-0.041000000000000036,-0.3890732105473974,0.0028493730239598078,0.4074481522226297,-14.721131041636541,350.9544,2.4543,2473466.1924
2026-02-25,000017.SZ,服饰,7.78,-0.008917197452229186,-0.033986928104575265,1.7507,0.0012870012870014325,-0.7100726530584149,0.007527309077332562,0.06980559142787338,-13.192236167063047,132.8496,14.3255,536185.8779
2026-02-25,600601.SH,元器件,11.66,0.011274934952298477,-0.11735121542330262,2.6154,-0.05126118795768908,-0.20381010863049553,0.007305589140972302,0.08937588817288872,-15.421579643507835,136.8815,11.1887,4983184.2062
2026-02-25,600602.SH,软件服务,20.27,-0.02548076923076925,-0.0780651340996168,4.2301,0.04971517348524079,0.019812679541964195,0.0068418078245651,0.17389792191983305,-14.835178513660553,146.1602,5.7505,2772274.0933
2026-02-25,600603.SH,区域地产,7.1,0.0471976401179941,-0.004249291784702458,1.7807,0.1359999999999999,-0.026618399532464476,0.047834530791087466,0.8623663332183512,-13.64976725599545,20.9054,1.1596,847263.6972
2026-02-25,600605.SH,房产服务,28.05,0.012269938650306678,-0.061833688699360456,0.7026,-0.0674867021276595,-0.28711256117455153,0.003970566981082631,0.24568817257137243,-13.268405062249387,251.8532,4.0702,578622.2133
2026-02-25,600651.SH,电器仪表,8.02,0.015189873417721378,-0.08125000000000004,0.9117,-0.04066985645933008,0.027436972803096094,0.0024690772761929596,0.12398487384539086,-14.51396188065826,405.0096,8.0655,2010636.468
2026-02-25,600653.SH,汽车服务,1.96,0.010309278350515427,-0.060913705583756306,1.9817,0.0,0.08429039527111604,0.001515890856464691,0.19161493063539511,-12.851841338049404,659.6781,5.2188,381490.5421
2026-02-25,600654.SH,仓储物流,3.8,0.007957559681697646,-0.08776595744680837,2.0926,-0.02813299232736577,-0.2425727977858938,0.01892126106420741,0.1581702861300476,-13.904868143270049,52.8506,6.3223,1093471.5958
2026-02-26,000001.SZ,银行,10.87,0.0009208103130755596,-0.008256880733944927,0.3673,-0.01806684733514008,-0.20463716133990917,0.20440701524876334,2.102165230187093,-16.864510247402098,4.8922,0.4757,21094233.0812
2026-02-26,000007.SZ,其他商业,13.16,0.04361617763679626,-0.027900146842878004,3.1697,0.16666666666666674,-0.0002902709471954701,0.012428242435239536,0.04006634987539365,-13.030084974097601,80.4619,24.9586,455925.6259
2026-02-26,000009.SZ,电气设备,9.5,-0.009384775808133461,-0.06282722513089023,1.0526,-0.06679764243614927,-0.2946795315174676,0.0028763668495268954,0.4113195129976966,-14.711701951382246,347.6608,2.4312,2450253.2668
2026-02-26,000017.SZ,服饰,7.65,-0.016709511568123392,-0.042857142857142816,1.519,-0.04613466334164584,-0.695783502460493,0.0076552269506857925,0.07099146682568755,-13.175385476577349,130.6297,14.0862,527226.4737
2026-02-26,600601.SH,元器件,11.93,0.023156089193824947,-0.04052863436123344,4.1103,-0.03322528363047006,-0.034857527197411975,0.007140245852945209,0.08735302852949911,-15.444471698705506,140.0512,11.4478,5098575.2642
2026-02-26,600602.SH,软件服务,20.88,0.030093734583127807,-0.10285455369279561,6.0338,0.08298755186721984,-0.07308472036606439,0.006641927699960215,0.1688162603822,-14.864828316191664,150.5587,5.9236,2855702.174
2026-02-26,600603.SH,区域地产,7.06,-0.005633802816901401,0.0,0.9303,0.1387096774193548,-0.13822018988112483,0.0481056014162289,0.8672274737663689,-13.64411752345801,20.7876,1.1531,842490.3806
2026-02-26,600605.SH,房产服务,28.14,0.0032085561497325887,-0.02353367125271555,0.7352,-0.06262491672218518,-0.250459495952272,0.003957869273161055,0.24489995836700706,-13.27160848203436,252.6612,4.0833,580478.7552
2026-02-26,600651.SH,电器仪表,8.0,-0.0024937655860348684,-0.06102117061021162,0.9165,-0.03498190591073569,-0.20466945447355134,0.002475249975495025,0.12429462798617842,-14.511465000474594,403.9996,8.0454,2005622.412
2026-02-26,600653.SH,汽车服务,1.97,0.005102040816326481,-0.0505050505050505,1.85,0.015463917525773141,0.06753941863832535,0.0015081957620000728,0.19063959584405682,-12.856930407512964,663.0439,5.2455,383436.9224
2026-02-26,600654.SH,仓储物流,3.76,-0.010526315789473717,-0.0714285714285714,1.8077,-0.0505050505050505,-0.1962113735178065,0.019122542992257283,0.1598542129577825,-13.894286033961889,52.2943,6.2557,1081961.3685
2026-02-27,000001.SZ,银行,10.9,0.002759889604415866,-0.0027649769585252892,0.3155,-0.015356820234869062,-0.21219372850844564,0.20384450740974783,2.0959966464053656,-16.867266335504365,4.9057,0.4771,21152450.8358
2026-02-27,000007.SZ,其他商业,13.62,0.03495440729483268,-0.017037037037037073,2.4314,0.20105820105820094,0.029566929293997513,0.012008492405829402,0.0387131740931439,-13.06444234887123,83.2744,25.831,471862.2359
2026-02-27,000009.SZ,电气设备,9.55,0.0052631578947368585,-0.0235294117647058,0.7852,-0.059113300492610765,-0.24185886617913632,0.002861307285517837,0.40916530278232405,-14.716951307258133,349.4906,2.444,2463149.3366
2026-02-27,000017.SZ,服饰,7.7,0.006535947712418277,-0.014397905759162222,1.1738,-0.022842639593908642,-0.6968015706650001,0.007605517042062313,0.0705308149130355,-13.18190015766505,131.4835,14.1782,530672.3984
2026-02-27,600601.SH,元器件,11.35,-0.04861693210393969,-0.03429602888086647,5.843,-0.0934504792332268,0.20846566622432494,0.007505124123495317,0.09181640391872413,-15.39463320651205,133.2423,10.8913,4850698.1767
2026-02-27,600602.SH,软件服务,22.07,0.05699233716475094,-0.04976525821596256,10.578,0.12717058222676214,-0.05178159704392826,0.006283798983784028,0.1597137928831534,-14.920255773464849,159.1394,6.2612,3018455.3152
2026-02-27,600603.SH,区域地产,7.16,0.014164305949008638,0.023709902370990132,1.2756,0.08157099697885206,-0.031171533108544036,0.04743360481166487,0.8551393877201984,-13.65818245291381,21.0821,1.1694,854423.6721
2026-02-27,600605.SH,房产服务,27.62,-0.018479033404406486,0.01593182660244552,0.9522,-0.06940700808625333,-0.17631639811888056,0.004032383263512617,0.24951344877488899,-13.25295657834311,247.9923,4.0078,569752.0689
2026-02-27,600651.SH,电器仪表,8.03,0.00374999999999992,-0.01308900523560208,0.8501,-0.03253012048192783,-0.28357235017574034,0.0024660024571248485,0.12382980831145673,-14.515207986731074,405.5146,8.0756,2013143.496
2026-02-27,600653.SH,汽车服务,1.98,0.0050761421319796,0.0,1.6181,0.0,0.10933446736125885,0.001500578623117074,0.18967773752394682,-12.861993709685526,666.4096,5.2721,385383.3028
2026-02-27,600654.SH,仓储物流,3.78,0.005319148936170137,-0.02209944751381221,1.8351,-0.06435643564356441,-0.16255340277849628,0.019021351467021733,0.1590077913817777,-13.899591086134366,52.5725,6.289,1087716.4821
2026-03-02,000001.SZ,银行,10.85,-0.004587155963302836,-0.011029411764705954,0.4323,-0.01273885350318471,-0.13610296370879482,0.20478374836173,2.105706464518846,-16.862668626255257,4.8832,0.4749,21055421.2448
2026-03-02,000007.SZ,其他商业,13.5,-0.008810572687224627,0.050000000000000044,2.569,0.16984402079722716,0.06778042959427233,0.01211523527181136,0.039057312700656946,-13.055592733653587,82.5407,25.6034,467704.8594
2026-03-02,000009.SZ,电气设备,9.35,-0.020942408376963484,0.01452513966480451,1.2643,-0.1018251681075889,-0.1282778805308834,0.002922511934077483,0.4179029629320072,-14.695786496066308,342.1714,2.3929,2411565.0573
2026-03-02,000017.SZ,服饰,7.64,-0.007792207792207906,0.009459459459459474,2.7226,-0.0579531442663378,-0.620874641189543,0.007665243486459347,0.07108432022064573,-13.174077431979894,130.459,14.0678,526537.2888
2026-03-02,600601.SH,元器件,11.08,-0.023788546255506526,0.0,2.7767,-0.11360000000000003,0.3053530529020725,0.007688008321500207,0.0940539117021877,-15.3705571439139,130.0727,10.6322,4735307.1188
2026-03-02,600602.SH,软件服务,21.3,-0.03488898957861353,0.15098241985522232,6.2063,0.08728943338437989,-0.06711523459266677,0.006510959246603884,0.16548893706455722,-14.884743625923777,153.5872,6.0427,2913144.4592
2026-03-02,600603.SH,区域地产,7.17,0.0013966480446927498,0.08073654390934859,1.4487,0.06222222222222218,0.14382681133336783,0.04736754849252777,0.853898044573478,-13.65957812661008,21.1115,1.1711,855617.0013
2026-03-02,600605.SH,房产服务,26.99,-0.022809558291093546,0.049023362696285044,1.6829,-0.07409948542024014,0.08609286837480346,0.004126507155157081,0.2553365335512205,-13.229882857440455,242.3357,3.9164,556756.2759
2026-03-02,600651.SH,电器仪表,7.64,-0.04856787048567868,0.0013458950201885589,1.4595,-0.14060742407199112,-0.18121361957814353,0.0025918849120158747,0.13015071452742277,-14.46542106199407,385.8196,7.6834,1915369.4035
2026-03-02,600653.SH,汽车服务,1.91,-0.03535353535353536,0.010695187165775222,2.2629,-0.04500000000000004,0.24975331804600076,0.0015555738076215649,0.19662976581394892,-12.82600010682297,642.8496,5.0857,371758.6405
2026-03-02,600654.SH,仓储物流,3.62,-0.042328042328042215,0.02318840579710124,3.3306,-0.11491442542787278,-0.07605462595044843,0.019862077732227413,0.16603573088928736,-13.856341102335978,50.3472,6.0228,1041675.5728
2026-03-03,000001.SZ,银行,10.88,0.0027649769585254003,0.00933706816059754,0.5301,-0.007299270072992692,-0.03574726289407726,0.2042191680111095,2.099958000839983,-16.865429787696872,4.8967,0.4762,21113638.9994
2026-03-03,000007.SZ,其他商业,12.6,-0.06666666666666665,0.06985573272589218,3.7762,0.07508532423208192,0.15096352670591373,0.012980606973182067,0.041846957307734155,-12.986599862075003,77.038,23.8966,436524.5354
2026-03-03,000009.SZ,电气设备,8.95,-0.042780748663101664,0.03846153846153855,1.7151,-0.12682926829268304,0.021674526778215464,0.003053126538966596,0.43658589827548566,-14.652063685052939,327.5331,2.2905,2308396.4987
2026-03-03,000017.SZ,服饰,7.4,-0.03141361256544495,0.023004059539918797,2.3977,-0.0997566909975669,-0.5732518252857148,0.007913846699292819,0.07339018626429274,-13.142159828995164,126.3608,13.6258,509996.8504
2026-03-03,600601.SH,元器件,10.51,-0.051444043321299704,0.031339031339031376,2.7922,-0.1378178835110746,0.2686253457881169,0.008104962506443445,0.09915519771546424,-15.317742647474539,123.3812,10.0852,4491703.7742
2026-03-03,600602.SH,软件服务,19.34,-0.09201877934272307,0.21506493506493518,6.9284,-0.04019851116625306,-0.0686264566160728,0.007170807927758413,0.1822589170175151,-14.788212043227723,139.4543,5.4867,2645080.462
2026-03-03,600603.SH,区域地产,7.06,-0.015341701534170249,0.049786628733997196,2.2749,0.041297935103244754,0.39178937772743483,0.0481056014162289,0.8672274737663689,-13.64411752345801,20.7876,1.1531,842490.3806
2026-03-03,600605.SH,房产服务,26.11,-0.032604668395702086,0.07537878787878793,1.0828,-0.10948158253751705,0.21049264235444687,0.0042655855966530504,0.26394277720590176,-13.196734813034215,234.4344,3.7887,538603.4221
2026-03-03,600651.SH,电器仪表,7.43,-0.027486910994764413,0.03265306122448974,1.1593,-0.11547619047619051,-0.13250466738724576,0.0026651414950271124,0.13382939428816146,-14.437549317500267,375.2146,7.4722,1862721.8151
2026-03-03,600653.SH,汽车服务,1.87,-0.020942408376963262,0.027027027027026973,2.4818,-0.04102564102564099,0.3929529112367416,0.001588848066085911,0.2008354755784062,-12.804835295815051,629.3868,4.9792,363973.1193
2026-03-03,600654.SH,仓储物流,3.45,-0.046961325966850764,0.04956268221574334,2.9693,-0.14392059553349879,0.012365098458147816,0.02084080128712789,0.17421602787456444,-13.808241307567723,47.9828,5.74,992757.1067
2026-03-04,000001.SZ,银行,10.71,-0.015625,0.007400555041628065,0.5615,-0.02102376599634359,-0.04035659926070889,0.20746027135803494,2.1335609131640707,-16.84968143073189,4.8202,0.4687,20783738.3901
2026-03-04,000007.SZ,其他商业,13.17,0.0452380952380953,0.06873111782477337,2.6711,0.14821272885789005,0.1737371750219312,0.01241879659377247,0.04003587214143873,-13.030844563859192,80.5231,24.9776,456272.0739
2026-03-04,000009.SZ,电气设备,8.84,-0.012290502793296021,0.03798882681564253,0.9582,-0.1088709677419355,0.0066012784258020485,0.0030911184439309752,0.4420280245767581,-14.639697029422441,323.5075,2.2623,2280025.1451
2026-03-04,000017.SZ,服饰,7.39,-0.0013513513513514486,0.004070556309362372,1.7525,-0.09878048780487803,-0.5437141201246894,0.007924558205880023,0.07348942487176095,-13.140807563809892,126.19,13.6074,509307.6655
2026-03-04,600601.SH,元器件,10.53,0.0019029495718363432,-0.015610651974288348,1.718,-0.11288963774220728,0.25897851582467957,0.00808956769350246,0.09896678674636791,-15.319643788737357,123.616,10.1044,4500251.26
2026-03-04,600602.SH,软件服务,19.25,-0.004653567735263708,0.148989898989899,3.0751,-0.13170951736580971,-0.044138022420306844,0.007204335857492474,0.18310993920750018,-14.783547613934523,138.8053,5.4612,2632771.4009
2026-03-04,600603.SH,区域地产,7.03,-0.004249291784702458,0.04469273743016755,1.4379,0.03994082840236701,0.32836298563437305,0.04831081244293285,0.8709284096847238,-13.63985917783858,20.6993,1.1482,838910.3932
2026-03-04,600605.SH,房产服务,26.4,0.011106855610877098,0.04449388209121263,0.887,-0.07917683990233704,0.25728546791215634,0.004218727522092422,0.2610420799832933,-13.207780440584175,237.0383,3.8308,544585.6126
2026-03-04,600651.SH,电器仪表,7.35,-0.010767160161507361,-0.003978779840848823,0.7868,-0.13120567375886538,-0.11228964463781554,0.002694149869091258,0.13528687582017668,-14.426723772005936,371.1746,7.3917,1842665.591
2026-03-04,600653.SH,汽车服务,1.85,-0.010695187165775444,0.005319148936170137,1.543,-0.041450777202072464,0.3291461736535919,0.0016060247771078513,0.20300446609825415,-12.79408250385612,622.6554,4.926,360080.3586
2026-03-04,600654.SH,仓储物流,3.43,-0.005797101449275366,0.028490028490028463,1.933,-0.150990099009901,0.015123378302428936,0.020962339061641855,0.17523262130478212,-13.802427337663833,47.7046,5.7067,987001.993
2026-03-05,000001.SZ,银行,10.81,0.00933706816059754,0.01109057301293892,0.3672,-0.0027675276752766598,0.00029465763049918436,0.2055413960371619,2.113718030014796,-16.85897517791952,4.8652,0.4731,20977797.572
2026-03-05,000007.SZ,其他商业,13.24,0.005315110098709219,0.05350414468726461,1.5522,0.18531781557743954,0.06136578416144345,0.012353136646691645,0.03982429520953553,-13.03614559881399,80.9511,25.1103,458697.2103
2026-03-05,000009.SZ,电气设备,8.95,0.012443438914027105,0.006571741511500306,1.0528,-0.11561264822134387,0.06058964494596619,0.003053126538966596,0.43658589827548566,-14.652063685052939,327.5331,2.2905,2308396.4987
2026-03-05,000017.SZ,服饰,7.37,-0.0027063599458727605,-0.04116865869853925,1.6596,-0.1380116959064328,-0.45194758996857753,0.007946062130259796,0.07368870941594328,-13.138097534984157,125.8485,13.5706,507929.2956
2026-03-05,600601.SH,元器件,10.89,0.03418803418803429,-0.016822429906542036,2.7079,-0.06683804627249357,0.16053345057521806,0.00782214323595808,0.09569561139926124,-15.353260399529546,127.8422,10.4498,4654106.0039
2026-03-05,600602.SH,软件服务,19.8,0.028571428571428692,0.09832015810276684,6.0343,-0.13913043478260867,0.03938287028020704,0.0070042137349829664,0.1780246386099836,-14.811718490891723,142.7712,5.6172,2707993.4409
2026-03-05,600603.SH,区域地产,7.16,0.01849217638691325,0.08446866485013627,1.875,0.08320726172465953,0.44112764454230646,0.04743360481166487,0.8551393877201984,-13.65818245291381,21.0821,1.1694,854423.6721
2026-03-05,600605.SH,房产服务,26.97,0.021590909090908994,0.025893508388037834,0.7643,-0.0459851432614079,0.2717421555333175,0.004129567663172639,0.25552574421873003,-13.229141567486725,242.1561,3.9135,556343.711
2026-03-05,600651.SH,电器仪表,7.54,0.025850340136054584,-0.023872679045092826,0.9595,-0.10344827586206895,-0.08293695103616239,0.0026262600795861854,0.13187740676267343,-14.452245640809332,380.7696,7.5828,1890299.1233
2026-03-05,600653.SH,汽车服务,1.88,0.01621621621621605,-0.005235602094240788,1.052,-0.02083333333333337,0.22749524674123434,0.0015803967586062479,0.19976826880818252,-12.810168641743648,632.7525,5.0058,365919.4996
2026-03-05,600654.SH,仓储物流,3.51,0.023323615160349753,0.011299435028248705,2.0748,-0.11139240506329118,0.052785358040051245,0.020484541340877106,0.17123874105277578,-13.825483114016004,48.8173,5.8398,1010022.4477
2026-03-06,000001.SZ,银行,10.82,0.0009250693802034249,0.01579925650557623,0.2456,-0.012773722627737238,0.05327500154045217,0.20535145902211635,2.1114864864864864,-16.859899819686834,4.8697,0.4736,20997203.4902
2026-03-06,000007.SZ,其他商业,13.27,0.0022658610271901747,0.034769463340891926,1.6275,0.237873134328358,0.013253464988711494,0.012325213072120984,0.039734257287262785,-13.038408896579421,81.1345,25.1672,459736.5544
2026-03-06,000009.SZ,电气设备,9.13,0.02011173184357551,0.04295154185022043,1.3401,-0.090637450199203,0.19337568571267005,0.002992933982161515,0.4279722673970727,-14.671975847343113,334.1203,2.3366,2354822.35
2026-03-06,000017.SZ,服饰,7.53,0.02170963364993228,-0.04417670682730923,1.5143,-0.04804045512010113,-0.3118250845089233,0.00777722300253693,0.07212301301099155,-13.159574870541638,128.5806,13.8652,518956.2545
2026-03-06,600601.SH,元器件,10.7,-0.017447199265381186,0.0009514747859180606,1.6749,-0.04121863799283165,-0.11261757929235694,0.007961041845624253,0.09739469198928659,-15.335659204063964,125.6117,10.2675,4572904.8891
2026-03-06,600602.SH,软件服务,20.24,0.022222222222222143,-0.07681940700808632,6.8127,-0.06813996316758753,-0.0381711985620633,0.00685194790601046,0.17415534656913967,-14.833697397603274,145.9439,5.742,2768171.0729
2026-03-06,600603.SH,区域地产,7.34,0.025139664804469275,0.05504587155963314,2.6448,0.11212121212121207,0.5574243210308509,0.046270376316970584,0.8341675008341675,-13.68301131454759,21.6121,1.1988,875903.5968
2026-03-06,600605.SH,房产服务,27.42,0.01668520578420485,0.06717780211756108,1.1028,-0.020714285714285685,0.3066161675937982,0.004061794517064818,0.2513320599175631,-13.2456891044608,246.1966,3.9788,565626.4203
2026-03-06,600651.SH,电器仪表,7.54,0.0,-0.02284946236559149,0.6303,-0.07711138310893506,-0.08092966777209976,0.0026262600795861854,0.13187740676267343,-14.452245640809332,380.7696,7.5828,1890299.1233
2026-03-06,600653.SH,汽车服务,1.91,0.015957446808510634,0.015873015873015817,1.0417,-0.00520833333333337,0.1519399661897496,0.0015555738076215649,0.19662976581394892,-12.82600010682297,642.8496,5.0857,371758.6405
2026-03-06,600654.SH,仓储物流,3.54,0.008547008547008517,-0.011331444759206666,1.6156,-0.10152284263959388,0.08246273822682282,0.020310960810001118,0.16978793486934818,-13.833993803690626,49.2345,5.8897,1018655.1182
2026-03-09,000001.SZ,银行,10.76,-0.005545286506469571,0.010175763182238562,0.4307,-0.006463527239150557,0.06987698243680018,0.2064963759886014,2.1235931195582927,-16.854339101001553,4.8427,0.4709,20880767.981
2026-03-09,000007.SZ,其他商业,13.23,-0.0030143180105500766,-0.0014194464158977516,2.1333,0.21599264705882337,-0.02361407172019281,0.012362482831601969,0.03985429270586735,-13.035390026309887,80.8899,25.0914,458350.7622
2026-03-09,000009.SZ,电气设备,9.08,-0.005476451259583848,0.02178649237472774,1.1581,-0.055150884495317354,0.24743595524758621,0.0030094149546857343,0.4303296324984939,-14.666484345360006,332.2905,2.3238,2341926.2802
2026-03-09,000017.SZ,服饰,7.47,-0.007968127490039945,-0.051587301587301515,1.6079,-0.009283819628647216,-0.29414042511997096,0.007839687792273361,0.07270242171766741,-13.15157482806416,127.5561,13.7547,514821.145
2026-03-09,600601.SH,元器件,10.51,-0.017757009345794383,-0.011970534069981498,2.2771,-0.06908768821966338,-0.14247987686213393,0.008104962506443445,0.09915519771546424,-15.317742647474539,123.3812,10.0852,4491703.7742
2026-03-09,600602.SH,软件服务,22.26,0.09980237154150218,-0.08892689183411717,11.316,0.04950495049504955,0.09477222351726389,0.006230164713094685,0.15835061994267707,-14.928827899028779,160.5094,6.3151,3044441.1108
2026-03-09,600603.SH,区域地产,7.63,0.03950953678474112,0.0907859078590787,5.7461,0.16666666666666674,0.881626856731345,0.04451170657883023,0.8024394158241053,-13.72176031724207,22.466,1.2462,910510.1422
2026-03-09,600605.SH,房产服务,27.39,-0.001094091903720007,0.10109193377949977,0.8725,-0.01403887688984884,0.10576550558236186,0.004066243994157621,0.25161030595813205,-13.244594413578573,245.9272,3.9744,565007.573
2026-03-09,600651.SH,电器仪表,7.44,-0.013262599469495928,-0.031620553359683834,0.8172,-0.09046454767726153,-0.1822169620800106,0.0026615593117846393,0.13365053059260645,-14.438894307661203,375.7196,7.4822,1865228.8432
2026-03-09,600653.SH,汽车服务,1.89,-0.010471204188481686,0.010526315789473717,1.1102,-0.010471204188481686,-0.00092255066254332,0.001572034882825236,0.19870839542970692,-12.815473693927071,636.1182,5.0325,367865.8799
2026-03-09,600654.SH,仓储物流,3.53,-0.0028248587570621764,-0.01666666666666672,1.9977,-0.09020618556701032,-0.022620091366342132,0.02036846554164842,0.17026783129863274,-13.831164947422293,49.0955,5.8731,1015777.5613
2026-03-10,000001.SZ,银行,10.81,0.004646840148698983,0.012855831037649201,0.4072,-0.004604051565377465,0.03728333011147633,0.2055413960371619,2.113718030014796,-16.85897517791952,4.8652,0.4731,20977797.572
2026-03-10,000007.SZ,其他商业,14.09,0.06500377928949352,0.030388692579505383,3.4501,0.28207461328480443,-0.07459406962275006,0.011607917063754162,0.03742178846211418,-13.098368374127986,86.1481,26.7224,488145.294
2026-03-10,000009.SZ,电气设备,9.18,0.011013215859030812,-0.008611410118406715,0.7475,-0.010775862068965525,0.08756685183461088,0.0029766325415589994,0.42564058908657526,-14.677437357400414,335.9501,2.3494,2367718.4199
2026-03-10,000017.SZ,服饰,7.56,0.012048192771084265,-0.04189189189189191,1.1831,0.061797752808988804,-0.33388573845343805,0.0077463594047387585,0.07183650012571387,-13.16355101892357,129.0929,13.9205,521023.8093
2026-03-10,600601.SH,元器件,10.86,0.033301617507136116,-0.02985074626865669,2.0397,-0.014519056261342977,-0.19706344236234885,0.007843752451172642,0.09595915978159696,-15.350501777103585,127.49,10.4211,4641284.7753
2026-03-10,600602.SH,软件服务,23.39,0.050763701707097875,-0.09670329670329669,22.1014,0.11593511450381677,0.3989580010632645,0.005929175992766406,0.15070000150700003,-14.978345133773255,168.6575,6.6357,3198988.2112
2026-03-10,600603.SH,区域地产,7.38,-0.032765399737876844,0.026737967914438387,2.2673,0.15312499999999996,0.8075504896950565,0.046019751677419944,0.8296001327360212,-13.688446110529215,21.7298,1.2054,880676.9134
2026-03-10,600605.SH,房产服务,28.39,0.03650967506389202,0.029463968761093362,1.712,0.022326251350378135,0.20504037605313497,0.003923016297386605,0.24274790629930815,-13.2804534007904,254.9059,4.1195,585635.8159
2026-03-10,600651.SH,电器仪表,7.59,0.020161290322580516,-0.03462050599201061,0.7087,-0.03802281368821292,-0.25228720601619004,0.0026089592704932447,0.13100837143493468,-14.458855050210179,383.2946,7.6331,1902834.2634
2026-03-10,600653.SH,汽车服务,1.9,0.005291005291005346,0.021164021164021163,0.7263,0.005291005291005346,-0.23334337201728517,0.0015637610266654096,0.19766361605819216,-12.820750750982132,639.4839,5.0591,369812.2602
2026-03-10,600654.SH,仓储物流,3.6,0.019830028328611915,-0.02216066481994461,2.2825,-0.04761904761904756,-0.06381912754136232,0.019972438035510992,0.16695884464479507,-13.850800922020095,50.069,5.9895,1035920.4592
2026-03-11,000001.SZ,银行,10.89,0.007400555041628065,0.001828153564899626,0.3713,0.004612546125461359,-0.055358971367837184,0.2040316657145189,2.09819555182543,-16.86634848321404,4.9012,0.4766,21133044.9176
2026-03-11,000007.SZ,其他商业,14.15,0.004258339247693366,0.06723891273247484,1.834,0.2633928571428572,-0.14251151048283328,0.011558702604984806,0.03726309984274972,-13.102617672380045,86.5149,26.8362,490223.9823
2026-03-11,000009.SZ,电气设备,9.29,0.011982570806100101,-0.014145810663764857,1.3626,-0.016931216931216908,0.13358597109516968,0.0029413866932254274,0.4206098843322818,-14.689348705587353,339.9757,2.3775,2396089.7735
2026-03-11,000017.SZ,服饰,7.4,-0.021164021164021052,-0.006925207756232621,1.7439,-0.0013495276653171517,-0.27649510079963946,0.007913846699292819,0.07339018626429274,-13.142159828995164,126.3608,13.6258,509996.8504
2026-03-11,600601.SH,元器件,10.72,-0.012891344383056946,0.0,1.5508,-0.042857142857142705,-0.2015594298967326,0.007946188412073438,0.09721290598539863,-15.33752661824443,125.8465,10.2867,4581452.3749
2026-03-11,600602.SH,软件服务,22.75,-0.027362120564343728,0.017094017094017033,13.9376,0.05129390018484292,0.6218855679206006,0.0060959775082813855,0.15494027052571233,-14.950601698580158,164.0426,6.4541,3111457.1101
2026-03-11,600603.SH,区域地产,7.48,0.013550135501354976,-0.002512562814070307,1.5824,0.154320987654321,0.7629514912324524,0.045404394237274284,0.8185315543914218,-13.701905263892593,22.0243,1.2217,892610.2049
2026-03-11,600605.SH,房产服务,28.17,-0.007749207467418029,0.07643085673658034,0.8589,-0.021874999999999978,0.2215417349550015,0.004150319595360441,0.24426585896089306,-13.272674012258781,240.9453,4.0939,581097.6025
2026-03-11,600651.SH,电器仪表,7.51,-0.010540184453227908,-0.009510869565217406,0.6577,-0.07852760736196329,-0.26292503552645075,0.002636751142899783,0.13240473479331621,-14.44825892458939,379.2546,7.5526,1882778.0393
2026-03-11,600653.SH,汽车服务,1.89,-0.0052631578947368585,0.010526315789473717,0.8285,-0.015625,-0.33283095051996614,0.001572034882825236,0.19870839542970692,-12.815473693927071,636.1182,5.0325,367865.8799
2026-03-11,600654.SH,仓储物流,3.61,0.002777777777777768,-0.008379888268156499,1.9073,-0.05249343832021003,-0.053335473684462564,0.01991710500895274,0.16649462222370218,-13.853574848872872,50.2081,6.0062,1038798.016
2026-03-12,000001.SZ,银行,10.94,0.0045913682277318735,-0.0045745654162853144,0.389,-0.0027347310847767314,-0.04783299120802498,0.20309929524544548,2.0885547201336676,-16.870929343263484,4.9237,0.4788,21230074.5086
2026-03-12,000007.SZ,其他商业,13.98,-0.012014134275618371,0.053323593864134544,2.9889,0.24821428571428572,-0.06137364330201622,0.011699258851951728,0.03771620816329609,-13.090530784990092,85.4755,26.5138,484334.3655
2026-03-12,000009.SZ,电气设备,9.19,-0.01076426264800856,-0.0580781414994721,0.9605,-0.034663865546218475,0.10869327174811105,0.0029733931857559006,0.42518814575449637,-14.678526089108175,336.3161,2.3519,2370297.6338
2026-03-12,000017.SZ,服饰,7.22,-0.02432432432432441,-0.022408963585434094,1.8819,-0.04116865869853925,-0.2158469877820589,0.008111148692766721,0.07521964135275003,-13.117534781676738,123.2871,13.2944,497591.5216
2026-03-12,600601.SH,元器件,10.52,-0.018656716417910557,-0.03517110266159684,1.6587,-0.04276615104640591,-0.27374189232654456,0.008097257782679317,0.09906090264294488,-15.318693669898142,123.4986,10.0948,4495977.5171
2026-03-12,600602.SH,软件服务,22.23,-0.022857142857142798,0.10413625304136254,8.9092,0.10049504950495058,0.6762953858419427,0.0062385717164369515,0.1585640440173786,-14.92747928117885,160.2931,6.3066,3040338.0905
2026-03-12,600603.SH,区域地产,7.96,0.06417112299465244,-0.03354037267080756,3.7277,0.2078907435508346,0.8289670733697754,0.04266648462299894,0.7691716021844474,-13.764101471820485,23.4376,1.3001,949890.0042
2026-03-12,600605.SH,房产服务,28.13,-0.001419950301739581,0.01436879917892564,0.9324,-0.026306680512288017,0.2523587736091666,0.004156220698644074,0.24461241163376632,-13.271253052899855,240.6032,4.0881,580272.4728
2026-03-12,600651.SH,电器仪表,7.36,-0.019973368841544548,-0.015130674002750921,0.5816,-0.08571428571428574,-0.32504422843739433,0.0026904893354383723,0.1351022724202221,-14.428083391513864,371.6796,7.4018,1845172.619
2026-03-12,600653.SH,汽车服务,1.9,0.005291005291005346,-0.02604166666666663,1.4421,-0.015544041450777257,-0.2806301192825581,0.0015637610266654096,0.19766361605819216,-12.820750750982132,639.4839,5.0591,369812.2602
2026-03-12,600654.SH,仓储物流,3.58,-0.008310249307479145,0.008595988538681931,1.4635,-0.06770833333333326,-0.09898513557859423,0.02008399125141341,0.1678894615784967,-13.845229876933969,49.7909,5.9563,1030165.3455
